{
    "6": [
        1333.724365234375,
        237.3240203857422,
        0.9346224665641785,
        1337.753173828125,
        231.28082275390625,
        0.9548210501670837,
        1329.695556640625,
        233.29522705078125,
        0.9423412680625916,
        1347.8251953125,
        233.29522705078125,
        0.9331267476081848,
        1325.666748046875,
        233.29522705078125,
        0.9000185132026672,
        1357.897216796875,
        257.468017578125,
        0.8687958121299744,
        1323.65234375,
        255.45361328125,
        0.920710027217865,
        1365.9547119140625,
        289.6983947753906,
        0.8698787093162537,
        1315.5947265625,
        283.65521240234375,
        0.9167867302894592,
        1365.9547119140625,
        319.9143981933594,
        0.8467428684234619,
        1303.5084228515625,
        309.8423767089844,
        0.8885871767997742,
        1349.839599609375,
        317.8999938964844,
        0.7954552173614502,
        1325.666748046875,
        315.8855895996094,
        0.8115095496177673,
        1347.8251953125,
        358.1879577636719,
        0.8840644955635071,
        1321.637939453125,
        356.173583984375,
        0.8668802380561829,
        1347.8251953125,
        402.5047607421875,
        0.8774281144142151,
        1319.62353515625,
        396.4615478515625,
        0.9137805700302124,
        1296.8226344184209,
        211.7411441346876,
        79.84678426698747,
        206.27448195863803
    ],
    "5": [
        758.8583374023438,
        202.01492309570312,
        0.9169636368751526,
        758.8583374023438,
        198.06964111328125,
        0.9467055201530457,
        756.8857421875,
        198.06964111328125,
        0.9271366000175476,
        758.8583374023438,
        202.01492309570312,
        0.7177284359931946,
        745.0498657226562,
        200.04229736328125,
        0.9357916116714478,
        760.8309936523438,
        223.7139892578125,
        0.8989834189414978,
        731.2413940429688,
        223.7139892578125,
        0.8833380937576294,
        762.8036499023438,
        253.3035888671875,
        0.8707596659660339,
        725.323486328125,
        257.2488708496094,
        0.8443615436553955,
        768.7215576171875,
        280.9205627441406,
        0.9038082361221313,
        737.1593017578125,
        280.9205627441406,
        0.8769130706787109,
        754.9130859375,
        284.8658447265625,
        0.8472451567649841,
        733.2140502929688,
        286.8385009765625,
        0.7886088490486145,
        754.9130859375,
        326.29132080078125,
        0.865568995475769,
        731.2413940429688,
        326.29132080078125,
        0.8754153847694397,
        752.9404296875,
        363.771484375,
        0.8782045841217041,
        727.2960815429688,
        363.771484375,
        0.8889364004135132,
        708.0255670595647,
        176.9623941444899,
        76.02120277290885,
        201.99842162134127
    ],
    "3": [
        835.4515991210938,
        201.317626953125,
        0.9363929033279419,
        839.2684936523438,
        199.4091796875,
        0.9527612924575806,
        835.4515991210938,
        199.4091796875,
        0.9478719234466553,
        848.8106689453125,
        201.317626953125,
        0.9347323179244995,
        837.3600463867188,
        199.4091796875,
        0.7229601144790649,
        862.169677734375,
        222.31040954589844,
        0.878264307975769,
        835.4515991210938,
        216.58511352539062,
        0.8840057253837585,
        867.89501953125,
        250.93695068359375,
        0.8730988502502441,
        831.6347045898438,
        243.30320739746094,
        0.8065412044525146,
        865.986572265625,
        277.6550598144531,
        0.9047197699546814,
        829.726318359375,
        266.2044372558594,
        0.8200332522392273,
        854.5359497070312,
        279.5634765625,
        0.8111608028411865,
        837.3600463867188,
        277.6550598144531,
        0.8049545288085938,
        858.3528442382812,
        319.6406555175781,
        0.8987791538238525,
        831.6347045898438,
        315.8237609863281,
        0.8879278302192688,
        860.2612915039062,
        359.7178039550781,
        0.8910909295082092,
        833.5431518554688,
        355.9009094238281,
        0.897678554058075,
        808.3405825848212,
        178.98894050716302,
        75.2147886108213,
        195.4238170395384
    ],
    "1": [
        80.08222198486328,
        144.96217346191406,
        0.9162535667419434,
        81.57673645019531,
        141.97315979003906,
        0.9074642658233643,
        77.09320831298828,
        143.46766662597656,
        0.8918841481208801,
        86.06025695800781,
        143.46766662597656,
        0.8839778900146484,
        71.11517333984375,
        144.96217346191406,
        0.9363149404525757,
        95.02731323242188,
        159.90725708007812,
        0.8868715167045593,
        65.13713836669922,
        162.89627075195312,
        0.8861505389213562,
        99.51083374023438,
        177.8413543701172,
        0.813317596912384,
        62.14812469482422,
        183.81939697265625,
        0.860788106918335,
        101.00534057617188,
        191.29193115234375,
        0.8492853045463562,
        71.11517333984375,
        191.29193115234375,
        0.8274050951004028,
        93.53279876708984,
        204.7425079345703,
        0.7928810715675354,
        77.09320831298828,
        206.2370147705078,
        0.8759652972221375,
        99.51083374023438,
        236.12718200683594,
        0.8911343812942505,
        81.57673645019531,
        237.62168884277344,
        0.8846257328987122,
        103.9943618774414,
        267.5118713378906,
        0.8232596516609192,
        87.55477142333984,
        267.5118713378906,
        0.904113233089447,
        53.15499648167976,
        127.47641434187722,
        61.3270042778327,
        153.0376802243365
    ],
    "10": [
        1220.8460693359375,
        400.5758972167969,
        0.7938587069511414,
        1220.8460693359375,
        395.1647644042969,
        0.807416558265686,
        1220.8460693359375,
        395.1647644042969,
        0.5647704005241394,
        1226.2572021484375,
        400.5758972167969,
        0.8840071558952332,
        1247.9017333984375,
        392.4591979980469,
        0.8656364679336548,
        1226.2572021484375,
        430.337158203125,
        0.8292288184165955,
        1274.9573974609375,
        414.1037292480469,
        0.9165746569633484,
        1185.673583984375,
        441.159423828125,
        0.8272566199302673,
        1299.3074951171875,
        451.981689453125,
        0.8896378874778748,
        1139.678955078125,
        433.042724609375,
        0.887006402015686,
        1304.7186279296875,
        487.1540832519531,
        0.8933641910552979,
        1264.1351318359375,
        508.79864501953125,
        0.8035991191864014,
        1293.8963623046875,
        500.68194580078125,
        0.7650839686393738,
        1256.0184326171875,
        562.9100341796875,
        0.8972070813179016,
        1293.8963623046875,
        554.7933349609375,
        0.8764587640762329,
        1242.4906005859375,
        619.7269897460938,
        0.8716911673545837,
        1304.7186279296875,
        611.6102905273438,
        0.8465861082077026,
        1197.1090343030182,
        366.215217501674,
        120.5243922308025,
        277.05018200878914
    ],