{
    "6": [
        1330.593017578125,
        237.46607971191406,
        0.9147740006446838,
        1334.6234130859375,
        231.42059326171875,
        0.9520020484924316,
        1328.577880859375,
        233.43576049804688,
        0.9340757131576538,
        1346.71435546875,
        233.43576049804688,
        0.9276294708251953,
        1324.547607421875,
        233.43576049804688,
        0.8130621314048767,
        1358.805419921875,
        255.60256958007812,
        0.8691150546073914,
        1322.532470703125,
        253.58740234375,
        0.9195361137390137,
        1364.850830078125,
        287.84521484375,
        0.9126826524734497,
        1314.4718017578125,
        283.81488037109375,
        0.9208902716636658,
        1362.835693359375,
        318.0726623535156,
        0.92342609167099,
        1304.3958740234375,
        310.01202392578125,
        0.8967148065567017,
        1348.7294921875,
        318.0726623535156,
        0.8013310432434082,
        1324.547607421875,
        316.0574951171875,
        0.8173273205757141,
        1346.71435546875,
        358.3759765625,
        0.8737226128578186,
        1320.5172119140625,
        356.3608093261719,
        0.8563762307167053,
        1346.71435546875,
        402.7095947265625,
        0.8999595046043396,
        1320.5172119140625,
        396.6640930175781,
        0.9219435453414917,
        1295.6849481501304,
        211.87349896478824,
        79.89211603027138,
        206.35286350543757
    ],
    "3": [
        838.2434692382812,
        201.1297607421875,
        0.9374108910560608,
        842.0684814453125,
        199.21725463867188,
        0.9447481632232666,
        838.2434692382812,
        199.21725463867188,
        0.9440267086029053,
        851.6309814453125,
        201.1297607421875,
        0.897270679473877,
        842.0684814453125,
        199.21725463867188,
        0.68758624792099,
        865.0184936523438,
        222.16729736328125,
        0.867676854133606,
        838.2434692382812,
        216.42977905273438,
        0.8854884505271912,
        872.6685180664062,
        248.9423370361328,
        0.8839944005012512,
        834.41845703125,
        243.204833984375,
        0.8430096507072449,
        870.7560424804688,
        277.6298828125,
        0.9064833521842957,
        828.6809692382812,
        262.3298645019531,
        0.8682275414466858,
        857.3685302734375,
        279.5423889160156,
        0.8170896768569946,
        838.2434692382812,
        275.7174072265625,
        0.8075994849205017,
        859.281005859375,
        319.7049865722656,
        0.9140245914459229,
        836.3309936523438,
        313.96746826171875,
        0.9078953862190247,
        861.1935424804688,
        359.8675537109375,
        0.888164758682251,
        845.8934936523438,
        352.217529296875,
        0.9232765436172485,
        813.2211477281587,
        178.75345391752245,
        74.90721900997198,
        195.84039478170752
    ],
    "1": [
        83.9776382446289,
        148.67718505859375,
        0.9071435332298279,
        85.47393798828125,
        145.68458557128906,
        0.9307775497436523,
        80.98504638671875,
        145.68458557128906,
        0.9138554930686951,
        88.4665298461914,
        147.18089294433594,
        0.9068819880485535,
        74.9998550415039,
        148.67718505859375,
        0.9105226397514343,
        97.4443130493164,
        163.64015197753906,
        0.9203972816467285,
        69.01466369628906,
        166.63275146484375,
        0.9018205404281616,
        101.9332046508789,
        183.09202575683594,
        0.844232439994812,
        64.52577209472656,
        186.08462524414062,
        0.8373438119888306,
        101.9332046508789,
        193.56610107421875,
        0.8791388869285583,
        72.00725555419922,
        196.55870056152344,
        0.7933932542800903,
        94.45172119140625,
        205.53648376464844,
        0.7982549667358398,
        77.99244689941406,
        208.52908325195312,
        0.8309325575828552,
        100.4369125366211,
        238.4550323486328,
        0.842782735824585,
        82.48133850097656,
        239.95132446289062,
        0.8982565999031067,
        104.9258041381836,
        269.8772888183594,
        0.8414826393127441,
        86.97023010253906,
        266.8846740722656,
        0.8782432079315186,
        55.51523522958021,
        129.67418965542367,
        61.41369379232361,
        153.22085797036357
    ],
    "5": [
        760.5330200195312,
        205.08108520507812,
        0.920369029045105,
        762.5369873046875,
        201.07313537597656,
        0.9786970019340515,
        758.5289916992188,
        201.07313537597656,
        0.9158550500869751,
        760.5330200195312,
        201.07313537597656,
        0.7388511896133423,
        746.505126953125,
        201.07313537597656,
        0.9332049489021301,
        760.5330200195312,
        223.11688232421875,
        0.9095978140830994,
        736.4852905273438,
        223.11688232421875,
        0.9023597836494446,
        764.5409545898438,
        255.18052673339844,
        0.8585728406906128,
        728.4693603515625,
        255.18052673339844,
        0.8648226857185364,
        774.5608520507812,
        281.23223876953125,
        0.8471819162368774,
        740.4932250976562,
        279.228271484375,
        0.888420820236206,
        754.5210571289062,
        285.24017333984375,
        0.8268013000488281,
        734.4812622070312,
        287.2441711425781,
        0.7770820260047913,
        754.5210571289062,
        327.32373046875,
        0.8353728652000427,
        736.4852905273438,
        329.32769775390625,
        0.9013705253601074,
        752.51708984375,
        363.39532470703125,
        0.8734029531478882,
        734.4812622070312,
        371.4112243652344,
        0.8602277040481567,
        708.9943740596099,
        173.6186635192401,
        77.0254755283371,
        205.20727363290092
    ],
    "9": [
        978.9051513671875,
        404.7458190917969,
        0.733023464679718,
        978.9051513671875,
        398.3885498046875,
        0.7909243106842041,
        982.083740234375,
        398.3885498046875,
        0.6294876933097839,
        982.083740234375,
        404.7458190917969,
        0.9546647667884827,
        1010.69140625,
        398.3885498046875,
        0.9163493514060974,
        975.7265014648438,
        446.0679931640625,
        0.9038810729980469,
        1029.76318359375,
        436.5321044921875,
        0.9151265621185303,
        959.8333740234375,
        484.2115173339844,
        0.9248543977737427,
        1058.370849609375,
        452.42523193359375,
        0.8827088475227356,
        982.083740234375,
        468.3183898925781,
        0.49813562631607056,
        1023.4059448242188,
        436.5321044921875,
        0.5109677314758301,
        982.083740234375,
        544.60546875,
        0.786009669303894,
        1020.227294921875,
        538.2482299804688,
        0.8069694638252258,
        972.5479125976562,
        601.82080078125,
        0.9563310742378235,
        1023.4059448242188,
        589.1062622070312,
        0.8943161368370056,
        982.083740234375,
        668.5719604492188,
        0.9372787475585938,
        1042.4776611328125,
        655.8574829101562,
        0.892339825630188,
        935.0876639842272,
        367.5558487036417,
        128.9571435449884,
        325.4915188410762
    ],