{
    "3": [
        842.7264404296875,
        199.26931762695312,
        0.9673818945884705,
        846.5806274414062,
        197.3422088623047,
        0.9767490029335022,
        842.7264404296875,
        195.4151153564453,
        0.9460753202438354,
        856.2161254882812,
        199.26931762695312,
        0.9259398579597473,
        840.7993774414062,
        197.3422088623047,
        0.7212250828742981,
        867.7787475585938,
        220.46739196777344,
        0.904536783695221,
        838.8722534179688,
        214.68609619140625,
        0.9207038879394531,
        873.56005859375,
        247.44677734375,
        0.8587541580200195,
        831.1638793945312,
        239.73837280273438,
        0.8390489220619202,
        873.56005859375,
        274.4261474609375,
        0.9194414019584656,
        827.3096923828125,
        262.8635559082031,
        0.8914396166801453,
        860.0703735351562,
        276.3532409667969,
        0.8162291049957275,
        840.7993774414062,
        274.4261474609375,
        0.820106029510498,
        858.1432495117188,
        318.7494201660156,
        0.8608675003051758,
        848.5077514648438,
        316.82232666015625,
        0.8782052993774414,
        861.9974365234375,
        357.2913818359375,
        0.8936412930488586,
        854.2890625,
        353.43719482421875,
        0.8738957643508911,
        815.9209828288324,
        178.64934129164703,
        74.80900628904692,
        197.3349371530494
    ],
    "1": [
        91.83708953857422,
        148.6989288330078,
        0.9283880591392517,
        94.80453491210938,
        145.73147583007812,
        0.9454641342163086,
        88.86963653564453,
        145.73147583007812,
        0.9325447678565979,
        97.77198791503906,
        148.6989288330078,
        0.8904711604118347,
        82.93473052978516,
        148.6989288330078,
        0.9316281676292419,
        103.70689392089844,
        165.0198974609375,
        0.8977946043014526,
        72.54865264892578,
        165.0198974609375,
        0.8687674403190613,
        106.6743392944336,
        185.7920684814453,
        0.8319769501686096,
        65.1300277709961,
        181.34088134765625,
        0.8745723366737366,
        103.70689392089844,
        199.14559936523438,
        0.707551121711731,
        72.54865264892578,
        194.6944122314453,
        0.8521361947059631,
        96.28826141357422,
        206.56422424316406,
        0.8371542096138,
        78.48355865478516,
        206.56422424316406,
        0.7870633602142334,
        102.2231674194336,
        237.7224578857422,
        0.8790757060050964,
        82.93473052978516,
        237.7224578857422,
        0.8611941337585449,
        105.19061279296875,
        270.3644104003906,
        0.8539268970489502,
        87.38591003417969,
        265.9132385253906,
        0.870101273059845,
        61.97768309224215,
        129.85560665312715,
        61.20252454688799,
        151.93349310906086
    ],
    "5": [
        760.110107421875,
        206.65785217285156,
        0.9403811097145081,
        762.1190795898438,
        202.63992309570312,
        0.9417610168457031,
        758.1011352539062,
        202.63992309570312,
        0.931796669960022,
        760.110107421875,
        204.6488800048828,
        0.7081188559532166,
        748.0563354492188,
        202.63992309570312,
        0.9344442486763,
        760.110107421875,
        222.72955322265625,
        0.8747755289077759,
        738.011474609375,
        224.73851013183594,
        0.8953515291213989,
        764.1279907226562,
        252.86399841308594,
        0.9137032628059387,
        729.9756469726562,
        256.8819274902344,
        0.8796607255935669,
        780.19970703125,
        278.98052978515625,
        0.8471491932868958,
        733.9935913085938,
        287.0163879394531,
        0.8214885592460632,
        754.0831909179688,
        285.0074157714844,
        0.811164140701294,
        738.011474609375,
        285.0074157714844,
        0.7593373656272888,
        756.0921630859375,
        327.1956481933594,
        0.8662150502204895,
        740.0204467773438,
        329.2046203613281,
        0.8433412313461304,
        754.0831909179688,
        363.35699462890625,
        0.8661182522773743,
        742.0294189453125,
        371.392822265625,
        0.881321907043457,
        710.3366752291812,
        175.1171170595868,
        77.44826739456471,
        205.71787439342938
    ],
    "6": [
        1322.95751953125,
        235.59481811523438,
        0.899449348449707,
        1326.9451904296875,
        233.6009979248047,
        0.9219847321510315,
        1322.95751953125,
        233.6009979248047,
        0.8767613768577576,
        1338.9080810546875,
        233.6009979248047,
        0.9343651533126831,
        1332.9266357421875,
        233.6009979248047,
        0.5899729132652283,
        1356.8524169921875,
        255.53298950195312,
        0.8623889684677124,
        1324.951416015625,
        253.5391845703125,
        0.8746696710586548,
        1362.8338623046875,
        289.4278869628906,
        0.8956133723258972,
        1314.9822998046875,
        281.45263671875,
        0.9060413837432861,
        1356.8524169921875,
        321.3289794921875,
        0.873051106929779,
        1303.0194091796875,
        309.3660583496094,
        0.8768365979194641,
        1346.88330078125,
        317.3413391113281,
        0.8040040135383606,
        1324.951416015625,
        315.3475341796875,
        0.7833719849586487,
        1346.88330078125,
        359.2115173339844,
        0.8449368476867676,
        1320.9637451171875,
        357.2176818847656,
        0.8471657633781433,
        1348.877197265625,
        403.07550048828125,
        0.8949605226516724,
        1320.9637451171875,
        395.1002197265625,
        0.894160807132721,
        1296.5237852953842,
        212.2672041350698,
        78.78708969442141,
        204.16682179064748
    ],
    "9": [
        953.2220458984375,
        400.348388671875,
        0.70096755027771,
        953.2220458984375,
        397.1368103027344,
        0.7776612043380737,
        959.6451416015625,
        390.7137145996094,
        0.6018655896186829,
        956.43359375,
        400.348388671875,
        0.9156988859176636,
        985.337646484375,
        397.1368103027344,
        0.9116882085800171,
        956.43359375,
        448.5218200683594,
        0.9006296992301941,
        1007.818603515625,
        435.6755676269531,
        0.9272690415382385,
        950.010498046875,
        496.69525146484375,
        0.9123942255973816,
        1020.6648559570312,
        483.8489990234375,
        0.8942778706550598,
        950.010498046875,
        490.2721252441406,
        0.4115660786628723,
        1027.0880126953125,
        525.5993041992188,
        0.9466490149497986,
        972.4913940429688,
        538.445556640625,
        0.8177087306976318,
        1004.6069946289062,
        535.2340087890625,
        0.8056823015213013,
        966.0682983398438,
        602.6767578125,
        0.8822118043899536,
        994.9723510742188,
        589.8305053710938,
        0.9311537146568298,
        978.91455078125,
        670.1195678710938,
        0.8757048845291138,
        1023.8764038085938,
        644.4270629882812,
        0.8861244916915894,
        917.866030351028,
        362.77310474741046,
        131.731702953796,
        328.8638956967153
    ],