{
    "3": [
        842.7642211914062,
        200.2586669921875,
        0.9673123955726624,
        846.6309814453125,
        196.39195251464844,
        0.9523399472236633,
        842.7642211914062,
        196.39195251464844,
        0.9353727102279663,
        856.2977294921875,
        200.2586669921875,
        0.9322775602340698,
        840.8308715820312,
        198.3253173828125,
        0.724682629108429,
        867.8978881835938,
        219.5922393798828,
        0.887669563293457,
        836.9641723632812,
        215.72552490234375,
        0.9301825165748596,
        873.6979370117188,
        246.65924072265625,
        0.8560758829116821,
        831.1641235351562,
        240.8591766357422,
        0.8393151164054871,
        871.7645874023438,
        273.72625732421875,
        0.9234947562217712,
        827.29736328125,
        262.1260986328125,
        0.8914583325386047,
        860.1644287109375,
        277.59295654296875,
        0.8303218483924866,
        842.7642211914062,
        275.65960693359375,
        0.7937421202659607,
        860.1644287109375,
        318.1934509277344,
        0.8704075217247009,
        848.5643310546875,
        316.2601013183594,
        0.8828766942024231,
        862.0978393554688,
        356.860595703125,
        0.8894293904304504,
        856.2977294921875,
        352.993896484375,
        0.8755444884300232,
        815.944232816426,
        177.63841852317523,
        74.9069988482546,
        197.97571232971177
    ],
    "5": [
        761.5989990234375,
        207.53123474121094,
        0.8109461069107056,
        761.5986938476562,
        203.03585815429688,
        0.8178257942199707,
        757.7984008789062,
        203.0519561767578,
        0.8190598487854004,
        761.65087890625,
        203.62820434570312,
        0.591374933719635,
        746.84619140625,
        203.06405639648438,
        0.8273788690567017,
        760.36376953125,
        223.9994354248047,
        0.7376604080200195,
        736.9168701171875,
        224.59486389160156,
        0.7810951471328735,
        763.5435180664062,
        252.56097412109375,
        0.7714841365814209,
        730.399169921875,
        258.4022521972656,
        0.7332267165184021,
        777.530029296875,
        278.62060546875,
        0.724483847618103,
        732.5059204101562,
        288.7362976074219,
        0.7933634519577026,
        755.9220581054688,
        285.6377868652344,
        0.6975871920585632,
        740.0426635742188,
        287.5458068847656,
        0.6710591316223145,
        755.9073486328125,
        328.33929443359375,
        0.7780671119689941,
        740.050048828125,
        330.6474609375,
        0.757344126701355,
        754.0424194335938,
        361.4728088378906,
        0.8492463827133179,
        741.9782104492188,
        371.5263366699219,
        0.8727216124534607,
        710.248276231483,
        175.08065449889298,
        77.53482797256288,
        205.89597849179094
    ],
    "1": [
        93.5084228515625,
        149.23150634765625,
        0.9244441390037537,
        94.98657989501953,
        146.27520751953125,
        0.9480008482933044,
        90.55211639404297,
        146.27520751953125,
        0.9358810186386108,
        97.94288635253906,
        149.23150634765625,
        0.8844908475875854,
        83.1613540649414,
        147.75335693359375,
        0.9366568326950073,
        102.3773422241211,
        166.96934509277344,
        0.9025012850761414,
        72.81428527832031,
        165.49119567871094,
        0.8744876980781555,
        108.28995513916016,
        186.18533325195312,
        0.8281295299530029,
        63.94536590576172,
        181.75086975097656,
        0.8899402022361755,
        105.33364868164062,
        198.01055908203125,
        0.6700927019119263,
        72.81428527832031,
        195.0542449951172,
        0.8571992516517639,
        96.46472930908203,
        206.8794708251953,
        0.8238948583602905,
        78.72689819335938,
        206.8794708251953,
        0.7993749976158142,
        102.3773422241211,
        239.39883422851562,
        0.8776384592056274,
        83.1613540649414,
        237.92068481445312,
        0.840274453163147,
        105.33364868164062,
        270.4400329589844,
        0.864037036895752,
        87.59580993652344,
        266.0055847167969,
        0.8754599690437317,
        62.240468282434165,
        130.45897435955197,
        61.057759380086736,
        151.36284907311978
    ],
    "6": [
        1323.1334228515625,
        235.8802947998047,
        0.8991680145263672,
        1327.1051025390625,
        233.89447021484375,
        0.9160304665565491,
        1323.1334228515625,
        233.89447021484375,
        0.8703402280807495,
        1339.0201416015625,
        233.89447021484375,
        0.9238081574440002,
        1335.0484619140625,
        231.90863037109375,
        0.6102533340454102,
        1356.8927001953125,
        255.7386474609375,
        0.858816921710968,
        1325.1192626953125,
        253.7528076171875,
        0.8691824078559875,
        1362.85009765625,
        289.4978332519531,
        0.8975048065185547,
        1315.1900634765625,
        281.55450439453125,
        0.9055423140525818,
        1356.8927001953125,
        321.27117919921875,
        0.8841646313667297,
        1303.275146484375,
        309.3561706542969,
        0.8771904110908508,
        1346.9635009765625,
        317.2995300292969,
        0.7954786419868469,
        1325.1192626953125,
        315.3136901855469,
        0.7822564840316772,
        1346.9635009765625,
        359.0020446777344,
        0.8490474224090576,
        1321.1475830078125,
        357.0162048339844,
        0.846950888633728,
        1348.9493408203125,
        402.6904296875,
        0.8898081183433533,
        1321.1475830078125,
        396.73291015625,
        0.8872306942939758,
        1296.8561925019526,
        212.64606898260416,
        78.37038558272639,
        203.3493844276814
    ],
    "9": [
        949.33740234375,
        398.37310791015625,
        0.7137988209724426,
        949.33740234375,
        395.1634521484375,
        0.7910044193267822,
        955.7567138671875,
        391.95379638671875,
        0.6187431216239929,
        952.5469970703125,
        401.582763671875,
        0.9353431463241577,
        981.4339599609375,
        395.1634521484375,
        0.9026615023612976,
        952.5469970703125,
        446.5179443359375,
        0.9295036792755127,
        1003.9014892578125,
        436.88897705078125,
        0.9259137511253357,
        946.127685546875,
        497.8724670410156,
        0.9136002659797668,
        1016.7401123046875,
        485.0338439941406,
        0.8777509331703186,
        936.498779296875,
        494.6628112792969,
        0.6837202310562134,
        1016.7401123046875,
        526.7593383789062,
        0.9631960988044739,
        968.5953369140625,
        539.5980224609375,
        0.7979736924171448,
        1000.69189453125,
        533.1787109375,
        0.8261496424674988,
        968.5953369140625,
        600.5814819335938,
        0.8820777535438538,
        991.0628662109375,
        590.9525146484375,
        0.9192981123924255,
        981.4339599609375,
        667.9842529296875,
        0.9185776114463806,
        1016.7401123046875,
        642.3070068359375,
        0.8961794972419739,
        914.0819077939178,
        364.02976653687523,
        131.49442230090233,
        328.66885954622086
    ],