{
    "3": [
        842.9732055664062,
        199.2850341796875,
        0.9640559554100037,
        846.8195190429688,
        197.36187744140625,
        0.9662327170372009,
        841.050048828125,
        197.36187744140625,
        0.9389278888702393,
        856.4352416992188,
        199.2850341796875,
        0.925204873085022,
        839.1268920898438,
        199.2850341796875,
        0.7382775545120239,
        867.9741821289062,
        218.51657104492188,
        0.9053831100463867,
        837.2037353515625,
        216.59341430664062,
        0.9130013585090637,
        873.74365234375,
        247.36386108398438,
        0.8692189455032349,
        831.4342651367188,
        241.5944061279297,
        0.8570743203163147,
        871.8204956054688,
        272.3648376464844,
        0.9008298516273499,
        827.5879516601562,
        264.6722412109375,
        0.8763515949249268,
        862.2047119140625,
        276.2111511230469,
        0.8011713624000549,
        844.8963623046875,
        274.2879943847656,
        0.7776744961738586,
        860.2815551757812,
        316.59735107421875,
        0.8690053224563599,
        850.6658325195312,
        316.59735107421875,
        0.8901516795158386,
        862.2047119140625,
        356.98358154296875,
        0.8915907740592957,
        854.5120849609375,
        353.13726806640625,
        0.8722172379493713,
        816.42233240159,
        178.70728496050816,
        74.25643896970871,
        196.93088104761551
    ],
    "1": [
        94.22283172607422,
        150.35739135742188,
        0.8998062610626221,
        97.17866516113281,
        147.40155029296875,
        0.9186099767684937,
        91.2669906616211,
        147.40155029296875,
        0.9093475341796875,
        100.13450622558594,
        150.35739135742188,
        0.8766159415245056,
        85.35531616210938,
        148.8794708251953,
        0.9379789233207703,
        104.5682601928711,
        166.61448669433594,
        0.9243866205215454,
        75.0098876953125,
        165.13656616210938,
        0.8700818419456482,
        109.00202178955078,
        187.30535888671875,
        0.8201019763946533,
        66.14237213134766,
        181.3936767578125,
        0.8711647987365723,
        106.04618072509766,
        199.1287078857422,
        0.6973659992218018,
        75.0098876953125,
        196.17286682128906,
        0.8705909252166748,
        98.65658569335938,
        207.9962158203125,
        0.8308773040771484,
        80.92156219482422,
        207.9962158203125,
        0.7758833169937134,
        103.09034729003906,
        240.51043701171875,
        0.869796872138977,
        83.87739562988281,
        239.0325164794922,
        0.8414907455444336,
        104.5682601928711,
        270.0688171386719,
        0.8933039903640747,
        86.83323669433594,
        264.1571350097656,
        0.8618437647819519,
        62.91999845740001,
        131.58781944665787,
        61.12775321637058,
        151.33888200424457
    ],
    "5": [
        759.692138671875,
        208.30882263183594,
        0.9270867109298706,
        761.6926879882812,
        204.30764770507812,
        0.9331470131874084,
        755.6909790039062,
        204.30764770507812,
        0.9283002018928528,
        759.692138671875,
        204.30764770507812,
        0.6477897763252258,
        745.6880493164062,
        204.30764770507812,
        0.9635863900184631,
        757.6915283203125,
        224.31350708007812,
        0.8176330327987671,
        735.6851196289062,
        226.3140869140625,
        0.8853954672813416,
        763.6932983398438,
        254.32228088378906,
        0.8780765533447266,
        729.683349609375,
        260.32403564453125,
        0.8658003211021423,
        777.6973876953125,
        270.32696533203125,
        0.8115454316139221,
        731.6839599609375,
        290.3327941894531,
        0.886982798576355,
        755.6909790039062,
        286.3316345214844,
        0.8184998631477356,
        741.6868286132812,
        288.33221435546875,
        0.8266789317131042,
        757.6915283203125,
        328.34393310546875,
        0.8660391569137573,
        739.686279296875,
        330.3445129394531,
        0.8564562201499939,
        753.6903686523438,
        362.3538513183594,
        0.8484057188034058,
        741.6868286132812,
        372.3567810058594,
        0.8930577039718628,
        710.162439780459,
        176.89961119323902,
        77.05297570413052,
        204.8599421589289
    ],
    "9": [
        942.963623046875,
        400.8657531738281,
        0.6602879762649536,
        942.963623046875,
        394.4505920410156,
        0.7474766373634338,
        949.3787231445312,
        391.2430419921875,
        0.5519846081733704,
        942.963623046875,
        400.8657531738281,
        0.9030914902687073,
        975.039306640625,
        397.6581726074219,
        0.912031888961792,
        946.1712036132812,
        445.7717590332031,
        0.9120402336120605,
        1000.6998901367188,
        436.1490478515625,
        0.9219377040863037,
        946.1712036132812,
        493.8853759765625,
        0.9434794187545776,
        1010.3226318359375,
        484.26263427734375,
        0.8890461921691895,
        926.9257202148438,
        509.9232177734375,
        0.919620156288147,
        1000.6998901367188,
        519.5459594726562,
        0.9072202444076538,
        965.4166259765625,
        541.9989624023438,
        0.8050526976585388,
        994.2847900390625,
        535.5838012695312,
        0.8458504676818848,
        965.4166259765625,
        602.94287109375,
        0.8774074912071228,
        981.4544677734375,
        590.112548828125,
        0.8978920578956604,
        981.4544677734375,
        670.3018798828125,
        0.9511802196502686,
        997.4923706054688,
        644.6412963867188,
        0.8143477439880371,
        907.9792767585377,
        363.3371750955647,
        130.91254414689456,
        328.4554318414531
    ],
    "6": [
        1323.0985107421875,
        238.37454223632812,
        0.906868577003479,
        1327.0662841796875,
        234.40673828125,
        0.9194039702415466,
        1323.0985107421875,
        234.40673828125,
        0.8976783752441406,
        1338.9697265625,
        234.40673828125,
        0.9081376194953918,
        1331.0341796875,
        234.40673828125,
        0.591213583946228,
        1356.8248291015625,
        258.21356201171875,
        0.851237416267395,
        1325.0823974609375,
        254.24575805664062,
        0.8706431984901428,
        1362.776611328125,
        291.93988037109375,
        0.8545462489128113,
        1315.1629638671875,
        282.0203857421875,
        0.8907819986343384,
        1354.8409423828125,
        321.69842529296875,
        0.8642556667327881,
        1303.259521484375,
        309.7950134277344,
        0.8718056678771973,
        1346.9053955078125,
        317.7306213378906,
        0.7786015868186951,
        1325.0823974609375,
        315.7467041015625,
        0.7904666066169739,
        1344.9215087890625,
        359.3925476074219,
        0.8267173767089844,
        1321.1146240234375,
        357.4086608886719,
        0.8428517580032349,
        1346.9053955078125,
        403.03839111328125,
        0.8897643089294434,
        1319.1307373046875,
        397.0867004394531,
        0.8838988542556763,
        1296.9332408668122,
        213.17895363390448,
        78.1212903165449,
        203.15164458201514
    ],