{
    "3": [
        841.0150756835938,
        198.9167938232422,
        0.9524480700492859,
        844.86572265625,
        196.99147033691406,
        0.9519134759902954,
        841.0150756835938,
        196.99147033691406,
        0.9248303771018982,
        854.4923095703125,
        198.9167938232422,
        0.9109647274017334,
        839.0897216796875,
        198.9167938232422,
        0.7436236143112183,
        867.9696044921875,
        218.17002868652344,
        0.8998743295669556,
        837.1644287109375,
        218.17002868652344,
        0.8849401473999023,
        873.7455444335938,
        247.0498809814453,
        0.8717166781425476,
        829.463134765625,
        241.27391052246094,
        0.8556361794471741,
        871.8202514648438,
        272.0791015625,
        0.8936072587966919,
        825.6124877929688,
        264.3778076171875,
        0.8815117478370667,
        862.193603515625,
        275.92974853515625,
        0.7926514148712158,
        844.86572265625,
        274.00439453125,
        0.7841864824295044,
        860.268310546875,
        316.36151123046875,
        0.8915231227874756,
        850.6416625976562,
        316.36151123046875,
        0.8837054371833801,
        862.193603515625,
        356.7933349609375,
        0.8929994702339172,
        856.4176635742188,
        352.94268798828125,
        0.873441755771637,
        816.4000865757085,
        178.31581501876585,
        74.2591028409272,
        197.15313935527118
    ],
    "7": [
        690.9352416992188,
        236.73377990722656,
        0.8850502967834473,
        690.9352416992188,
        232.60650634765625,
        0.9052277207374573,
        686.8079833984375,
        232.60650634765625,
        0.8884681463241577,
        692.9989013671875,
        232.60650634765625,
        0.8422873020172119,
        676.4898071289062,
        232.60650634765625,
        0.9103461503982544,
        692.9989013671875,
        247.0519561767578,
        0.7974147796630859,
        666.1715698242188,
        255.30650329589844,
        0.8824109435081482,
        715.6988525390625,
        253.2428741455078,
        0.830536425113678,
        659.980712890625,
        284.1974182128906,
        0.8897106051445007,
        699.1897583007812,
        234.67013549804688,
        0.8676705956459045,
        676.4898071289062,
        300.7065124511719,
        0.9098072052001953,
        695.0625,
        308.9610595703125,
        0.8190444111824036,
        678.5534057617188,
        313.0883483886719,
        0.8137047290802002,
        709.5079956054688,
        350.2337951660156,
        0.9281562566757202,
        678.5534057617188,
        356.4247131347656,
        0.8061362504959106,
        699.1897583007812,
        389.4429016113281,
        0.8809758424758911,
        678.5534057617188,
        397.69744873046875,
        0.8818551301956177,
        646.6425246349534,
        206.39829182315856,
        82.39447208680599,
        211.31643055774907
    ],
    "1": [
        94.48863220214844,
        150.69482421875,
        0.9044811129570007,
        97.44600677490234,
        147.73745727539062,
        0.9210489392280579,
        91.53126525878906,
        147.73745727539062,
        0.912571370601654,
        100.40338134765625,
        150.69482421875,
        0.8790533542633057,
        85.61651611328125,
        149.2161407470703,
        0.946858823299408,
        104.83943176269531,
        168.43905639648438,
        0.9217210412025452,
        75.26571655273438,
        165.481689453125,
        0.8553882837295532,
        107.79680633544922,
        187.66197204589844,
        0.7809637188911438,
        66.39360046386719,
        181.7472381591797,
        0.8537077307701111,
        103.36074829101562,
        199.49147033691406,
        0.6451786160469055,
        75.26571655273438,
        196.53408813476562,
        0.8532659411430359,
        98.92469024658203,
        208.36358642578125,
        0.8201613426208496,
        81.18045806884766,
        208.36358642578125,
        0.7730057835578918,
        103.36074829101562,
        240.89466857910156,
        0.8675195574760437,
        84.13783264160156,
        239.41598510742188,
        0.8279109597206116,
        104.83943176269531,
        270.4683837890625,
        0.9048798084259033,
        87.09519958496094,
        264.55364990234375,
        0.8690284490585327,
        63.151190078437466,
        131.9155095946743,
        61.19620201407638,
        151.4174628945496
    ],
    "5": [
        759.5594482421875,
        208.79652404785156,
        0.9345605373382568,
        761.5609741210938,
        204.79342651367188,
        0.9346981644630432,
        755.5563354492188,
        206.7949676513672,
        0.9298498630523682,
        759.5594482421875,
        204.79342651367188,
        0.6670465469360352,
        745.548583984375,
        204.79342651367188,
        0.9489617943763733,
        757.557861328125,
        224.8089141845703,
        0.848447322845459,
        735.5408325195312,
        226.81045532226562,
        0.8907256722450256,
        763.5625,
        252.83059692382812,
        0.8662626147270203,
        729.5361938476562,
        260.8367919921875,
        0.8748939037322998,
        775.5718383789062,
        264.8398742675781,
        0.6508898735046387,
        729.5361938476562,
        290.8600158691406,
        0.8817146420478821,
        757.557861328125,
        286.85693359375,
        0.8022076487541199,
        741.5454711914062,
        286.85693359375,
        0.8298227787017822,
        759.5594482421875,
        328.8894348144531,
        0.8580329418182373,
        741.5454711914062,
        330.8909912109375,
        0.8488571047782898,
        755.5563354492188,
        362.915771484375,
        0.8280855417251587,
        741.5454711914062,
        370.9219665527344,
        0.8748357892036438,
        710.0795933854802,
        177.37219927635698,
        76.94259593027982,
        204.95858958250943
    ],
    "9": [
        938.986083984375,
        399.4442443847656,
        0.6585620641708374,
        938.986083984375,
        396.2237548828125,
        0.7585505843162537,
        942.20654296875,
        393.0032653808594,
        0.5446252822875977,
        942.20654296875,
        402.6647644042969,
        0.8989087343215942,
        974.4115600585938,
        396.2237548828125,
        0.8931930065155029,
        942.20654296875,
        444.53125,
        0.9009326100349426,
        996.955078125,
        434.8697509765625,
        0.9139932990074158,
        942.20654296875,
        492.8387451171875,
        0.9269647002220154,
        1009.8370361328125,
        483.17724609375,
        0.9033998847007751,
        926.1040649414062,
        508.9412536621094,
        0.9358320236206055,
        993.7345581054688,
        515.3822631835938,
        0.9294173121452332,
        964.7500610351562,
        544.3667602539062,
        0.7842627763748169,
        990.5140380859375,
        534.7052612304688,
        0.8296614289283752,
        964.7500610351562,
        602.3357543945312,
        0.8696009516716003,
        977.632080078125,
        592.6742553710938,
        0.852038562297821,
        980.8525390625,
        669.9662475585938,
        0.9393001794815063,
        990.5140380859375,
        640.9817504882812,
        0.8521198630332947,
        903.9606816654152,
        361.7643726152828,
        131.24024618996373,
        329.7791809663115
    ],