{
    "7": [
        685.7105102539062,
        232.08795166015625,
        0.9058868885040283,
        687.7888793945312,
        227.93133544921875,
        0.9337915182113647,
        681.5538940429688,
        227.93133544921875,
        0.9410032629966736,
        689.8671875,
        227.93133544921875,
        0.9206024408340454,
        673.2406616210938,
        230.0096435546875,
        0.9382184743881226,
        694.0238037109375,
        246.63613891601562,
        0.9010778069496155,
        664.9274291992188,
        250.7927703857422,
        0.8636666536331177,
        714.806884765625,
        238.32289123535156,
        0.8919659852981567,
        658.6925048828125,
        269.49755859375,
        0.8773872256278992,
        708.5719604492188,
        215.46145629882812,
        0.902122437953949,
        673.2406616210938,
        246.63613891601562,
        0.8165098428726196,
        696.1021118164062,
        306.9071960449219,
        0.8073809742927551,
        677.3972778320312,
        308.9855041503906,
        0.8299062252044678,
        706.49365234375,
        350.5517272949219,
        0.872628390789032,
        677.3972778320312,
        354.7083740234375,
        0.8506899476051331,
        706.49365234375,
        396.27459716796875,
        0.8814920783042908,
        679.4755859375,
        398.3529052734375,
        0.8651131391525269,
        644.0672691014873,
        205.6933850383351,
        85.36490662161509,
        212.81918431825378
    ],
    "9": [
        917.186767578125,
        398.04229736328125,
        0.8085798025131226,
        917.186767578125,
        394.813720703125,
        0.8652103543281555,
        920.4153442382812,
        391.5851135253906,
        0.7218406200408936,
        920.4153442382812,
        401.2709045410156,
        0.9381377696990967,
        949.4727172851562,
        398.04229736328125,
        0.9384167194366455,
        917.186767578125,
        446.47119140625,
        0.9132077097892761,
        968.84423828125,
        440.0140075683594,
        0.8998404741287231,
        904.2723999023438,
        501.35723876953125,
        0.8914399743080139,
        984.9871826171875,
        485.21429443359375,
        0.9127342700958252,
        907.5009765625,
        494.9000549316406,
        0.7578871250152588,
        997.9015502929688,
        527.1859741210938,
        0.9944524168968201,
        939.7869262695312,
        540.100341796875,
        0.8434780836105347,
        972.0728149414062,
        533.6431884765625,
        0.8595800399780273,
        952.7012939453125,
        604.6721801757812,
        0.9026910066604614,
        943.0155029296875,
        598.2150268554688,
        0.8734187483787537,
        978.530029296875,
        669.2440185546875,
        0.9012988805770874,
        920.4153442382812,
        653.10107421875,
        0.9104009866714478,
        881.6173071270957,
        366.72498900081143,
        132.48221719033904,
        330.6077971206354
    ],
    "3": [
        841.1429443359375,
        199.8564453125,
        0.9439629316329956,
        844.9638061523438,
        196.0355682373047,
        0.9503896236419678,
        839.2324829101562,
        196.0355682373047,
        0.9651045799255371,
        856.4264526367188,
        197.9459991455078,
        0.9405626058578491,
        839.2324829101562,
        197.9459991455078,
        0.6370736360549927,
        869.7994995117188,
        218.96083068847656,
        0.838651180267334,
        841.1429443359375,
        217.05038452148438,
        0.9136278033256531,
        881.2621459960938,
        245.70697021484375,
        0.8599642515182495,
        837.3220825195312,
        243.79652404785156,
        0.8712459802627563,
        877.4412841796875,
        272.4530944824219,
        0.9246622920036316,
        833.501220703125,
        266.7218017578125,
        0.872356116771698,
        867.8890991210938,
        276.27398681640625,
        0.8082900643348694,
        850.6951293945312,
        276.27398681640625,
        0.7749707698822021,
        869.7994995117188,
        316.3931884765625,
        0.8968330025672913,
        854.5159912109375,
        316.3931884765625,
        0.9162366390228271,
        879.3517456054688,
        356.51239013671875,
        0.89814692735672,
        860.247314453125,
        354.6019592285156,
        0.9124926328659058,
        822.4091997295991,
        175.59386402280887,
        73.76587041051607,
        195.62890021126321
    ],
    "1": [
        93.24259185791016,
        154.66793823242188,
        0.9301982522010803,
        94.72638702392578,
        151.7003631591797,
        0.9217462539672852,
        90.27500915527344,
        151.7003631591797,
        0.9124489426612854,
        99.1777572631836,
        153.18414306640625,
        0.9174267053604126,
        84.33983612060547,
        154.66793823242188,
        0.9437429308891296,
        105.11293029785156,
        169.505859375,
        0.9244503974914551,
        78.40467071533203,
        170.98965454101562,
        0.8719359040260315,
        112.53189086914062,
        188.795166015625,
        0.8404172658920288,
        75.43708038330078,
        190.27896118164062,
        0.8406410813331604,
        106.59672546386719,
        205.11688232421875,
        0.8423954248428345,
        82.85604858398438,
        205.11688232421875,
        0.8618450164794922,
        100.66155242919922,
        211.0520477294922,
        0.7669453620910645,
        82.85604858398438,
        211.0520477294922,
        0.7333455681800842,
        103.62913513183594,
        242.21168518066406,
        0.8501414060592651,
        87.30741882324219,
        243.6954803466797,
        0.8416499495506287,
        106.59672546386719,
        271.8875427246094,
        0.8404626846313477,
        91.75879669189453,
        274.8551330566406,
        0.8545105457305908,
        66.00270783102054,
        135.82377346087225,
        61.89871125510477,
        151.94034096135692
    ],
    "6": [
        1322.0399169921875,
        239.68284606933594,
        0.919530987739563,
        1323.9974365234375,
        235.76783752441406,
        0.9347490072250366,
        1322.0399169921875,
        235.76783752441406,
        0.905573844909668,
        1333.784912109375,
        235.76783752441406,
        0.9027585387229919,
        1329.8699951171875,
        235.76783752441406,
        0.6178043484687805,
        1357.27490234375,
        259.25787353515625,
        0.8638445734977722,
        1323.9974365234375,
        255.34286499023438,
        0.8895296454429626,
        1363.1474609375,
        292.535400390625,
        0.8702654838562012,
        1316.16748046875,
        284.70538330078125,
        0.9057860970497131,
        1357.27490234375,
        323.85540771484375,
        0.8703705072402954,
        1306.3798828125,
        308.1954040527344,
        0.8896158337593079,
        1347.4874267578125,
        319.9404296875,
        0.7897010445594788,
        1325.9549560546875,
        317.98291015625,
        0.7877087593078613,
        1347.4874267578125,
        359.0904541015625,
        0.8372886180877686,
        1322.0399169921875,
        357.1329345703125,
        0.85124272108078,
        1349.4449462890625,
        402.1554870605469,
        0.855055034160614,
        1322.0399169921875,
        396.2829895019531,
        0.882173478603363,
        1298.6882817303367,
        214.82260198133417,
        76.06576818449935,
        200.44811978513212
    ],