{
    "7": [
        697.6596069335938,
        229.59597778320312,
        0.9066458940505981,
        695.5899047851562,
        225.45664978027344,
        0.9004159569740295,
        691.4505615234375,
        225.45664978027344,
        0.8805742263793945,
        695.5899047851562,
        229.59597778320312,
        0.760116696357727,
        679.0325927734375,
        229.59597778320312,
        0.9225194454193115,
        699.729248046875,
        250.29263305664062,
        0.9459462761878967,
        670.7539672851562,
        250.29263305664062,
        0.8936029672622681,
        726.6348876953125,
        254.4319610595703,
        0.8678938150405884,
        652.126953125,
        252.36228942871094,
        0.9082629680633545,
        712.147216796875,
        239.94430541992188,
        0.8252800107002258,
        666.6146240234375,
        233.7353057861328,
        0.9161047339439392,
        697.6596069335938,
        312.3825988769531,
        0.8460186719894409,
        676.9629516601562,
        312.3825988769531,
        0.8585174083709717,
        703.8685913085938,
        355.8455505371094,
        0.8703000545501709,
        676.9629516601562,
        359.9848937988281,
        0.8659611940383911,
        705.938232421875,
        397.2388610839844,
        0.8801273703575134,
        674.8932495117188,
        401.3782043457031,
        0.8681221008300781,
        643.3588284462742,
        207.45057529369421,
        85.83525250893604,
        211.9337094354289
    ],
    "1": [
        87.80014038085938,
        164.68199157714844,
        0.9129652380943298,
        90.73686218261719,
        161.74526977539062,
        0.9090800881385803,
        84.86341857910156,
        161.74526977539062,
        0.9077237248420715,
        95.14195251464844,
        164.68199157714844,
        0.9237726330757141,
        80.45832824707031,
        164.68199157714844,
        0.9309419989585876,
        105.42047882080078,
        183.77069091796875,
        0.878273069858551,
        73.11652374267578,
        183.77069091796875,
        0.8851271271705627,
        112.76229095458984,
        202.85939025878906,
        0.8253816366195679,
        70.17979431152344,
        202.85939025878906,
        0.8953153491020203,
        105.42047882080078,
        213.13792419433594,
        0.7579056620597839,
        80.45832824707031,
        213.13792419433594,
        0.9153344035148621,
        102.48375701904297,
        223.4164581298828,
        0.8017555475234985,
        86.33177947998047,
        224.88482666015625,
        0.8438172936439514,
        106.88884735107422,
        252.78370666503906,
        0.8690006136894226,
        89.26850128173828,
        257.18878173828125,
        0.8264820575714111,
        106.88884735107422,
        270.404052734375,
        0.7878542542457581,
        95.14195251464844,
        286.5560302734375,
        0.8861868381500244,
        63.595293356620815,
        147.50214839580045,
        61.62494992666069,
        150.3602701785879
    ],
    "3": [
        837.69580078125,
        202.07711791992188,
        0.9202874898910522,
        841.533935546875,
        200.15805053710938,
        0.9057061672210693,
        837.69580078125,
        198.23898315429688,
        0.8911092281341553,
        851.1292724609375,
        202.07711791992188,
        0.9243811964988708,
        845.3720703125,
        202.07711791992188,
        0.6211842894554138,
        866.4818115234375,
        221.26779174804688,
        0.8569623231887817,
        845.3720703125,
        219.34872436523438,
        0.8907626271247864,
        874.1580810546875,
        250.05380249023438,
        0.8443452715873718,
        845.3720703125,
        244.29660034179688,
        0.8080999255180359,
        860.724609375,
        269.2444763183594,
        0.9301121234893799,
        841.533935546875,
        265.4063415527344,
        0.9282100200653076,
        866.4818115234375,
        273.0826110839844,
        0.7698311805725098,
        849.210205078125,
        273.0826110839844,
        0.7734175324440002,
        872.239013671875,
        317.2211608886719,
        0.8640757203102112,
        847.2911376953125,
        315.3020935058594,
        0.9029303193092346,
        879.915283203125,
        359.4406433105469,
        0.9325920343399048,
        854.9674072265625,
        353.6834411621094,
        0.9161498546600342,
        822.9668619992199,
        175.78587929420416,
        73.59647332769384,
        196.5125582846382
    ],
    "9": [
        896.167236328125,
        399.4681396484375,
        0.8228158950805664,
        896.167236328125,
        393.2575378417969,
        0.8506245613098145,
        896.167236328125,
        393.2575378417969,
        0.6975455284118652,
        899.2725830078125,
        399.4681396484375,
        0.9212900996208191,
        927.22021484375,
        396.3628234863281,
        0.8801507353782654,
        889.9566650390625,
        436.731689453125,
        0.914577841758728,
        945.8519897460938,
        436.731689453125,
        0.8945322632789612,
        883.74609375,
        483.3111572265625,
        0.9022248983383179,
        955.1679077148438,
        483.3111572265625,
        0.7357336282730103,
        874.43017578125,
        526.7853393554688,
        0.9009236097335815,
        952.0626220703125,
        511.2588195800781,
        0.858989417552948,
        905.483154296875,
        532.9959106445312,
        0.8279851078987122,
        942.7467041015625,
        529.890625,
        0.7957566976547241,
        880.6408081054688,
        595.1018676757812,
        0.8951765298843384,
        927.22021484375,
        595.1018676757812,
        0.9336352944374084,
        924.1149291992188,
        647.8919067382812,
        0.8354948163032532,
        921.0096435546875,
        657.207763671875,
        0.7096458077430725,
        849.3781660015072,
        366.24147418801806,
        127.73641619693785,
        317.9823396823664
    ],
    "2": [
        501.817626953125,
        175.16482543945312,
        0.7550795078277588,
        504.5999450683594,
        172.38247680664062,
        0.8181050419807434,
        499.0352783203125,
        173.77365112304688,
        0.7466970086097717,
        510.1646423339844,
        172.38247680664062,
        0.8679154515266418,
        494.86175537109375,
        175.16482543945312,
        0.8888673782348633,
        519.90283203125,
        186.29420471191406,
        0.879487156867981,
        492.07940673828125,
        191.85888671875,
        0.9155662059783936,
        529.6410522460938,
        205.77061462402344,
        0.9037815928459167,
        486.5147399902344,
        211.33529663085938,
        0.9086601734161377,
        515.7293090820312,
        214.11764526367188,
        0.8347057104110718,
        501.817626953125,
        216.8999786376953,
        0.7968375086784363,
        521.2940063476562,
        229.4205322265625,
        0.7756848931312561,
        503.20880126953125,
        232.202880859375,
        0.7954108715057373,
        529.6410522460938,
        260.02630615234375,
        0.8077771663665771,
        508.7734680175781,
        261.41748046875,
        0.8176722526550293,
        536.596923828125,
        286.4585876464844,
        0.8291079998016357,
        512.9469604492188,
        286.4585876464844,
        0.8089976906776428,
        480.6188047906288,
        158.888095638217,
        63.265253614884614,
        142.45603465192505
    ],