{
    "1": [
        88.41506958007812,
        168.82235717773438,
        0.9124103784561157,
        91.33447265625,
        165.90293884277344,
        0.9310054183006287,
        85.49565887451172,
        165.90293884277344,
        0.9362757205963135,
        97.17328643798828,
        168.82235717773438,
        0.9485578536987305,
        81.1165542602539,
        168.82235717773438,
        0.9146305918693542,
        105.93150329589844,
        186.3387908935547,
        0.8757333159446716,
        75.27774047851562,
        186.3387908935547,
        0.8950329422950745,
        114.68972778320312,
        208.2343292236328,
        0.8502957820892334,
        75.27774047851562,
        208.2343292236328,
        0.8726738691329956,
        103.01210021972656,
        219.91195678710938,
        0.8320946097373962,
        84.03595733642578,
        222.83135986328125,
        0.8961566686630249,
        105.93150329589844,
        225.7507781982422,
        0.81117844581604,
        86.95536804199219,
        225.7507781982422,
        0.7876628637313843,
        108.85091400146484,
        256.404541015625,
        0.8634697794914246,
        89.87477111816406,
        259.3239440917969,
        0.8614447712898254,
        113.23001861572266,
        285.5986022949219,
        0.8391967415809631,
        94.2538833618164,
        288.51800537109375,
        0.8723663091659546,
        65.89439447089455,
        148.8244260944087,
        61.09809576954761,
        149.4735938298947
    ],
    "7": [
        694.7955932617188,
        230.1885223388672,
        0.9639332294464111,
        694.7955932617188,
        228.09693908691406,
        0.9525313973426819,
        690.6124877929688,
        228.09693908691406,
        0.9248873591423035,
        694.7955932617188,
        230.1885223388672,
        0.659559428691864,
        678.06298828125,
        230.1885223388672,
        0.922612190246582,
        698.978759765625,
        251.1043243408203,
        0.9194269180297852,
        667.6051025390625,
        253.19589233398438,
        0.8778077960014343,
        721.9861450195312,
        263.65380859375,
        0.9077439308166504,
        646.6892700195312,
        257.3790588378906,
        0.8822505474090576,
        703.1619262695312,
        244.82957458496094,
        0.8457150459289551,
        663.4219360351562,
        242.73800659179688,
        0.8531622886657715,
        696.88720703125,
        313.8517150878906,
        0.8153625130653381,
        675.9713745117188,
        315.9432678222656,
        0.8332071900367737,
        703.1619262695312,
        359.866455078125,
        0.8478631973266602,
        671.7882690429688,
        364.04962158203125,
        0.854476273059845,
        707.3450927734375,
        399.6064453125,
        0.8760973215103149,
        665.5134887695312,
        407.9727783203125,
        0.8655427694320679,
        639.8503201933355,
        207.80860836024152,
        86.88322497694242,
        214.17777244739386
    ],
    "9": [
        890.1726684570312,
        396.81610107421875,
        0.7687126398086548,
        887.0009765625,
        393.6443786621094,
        0.7919148206710815,
        890.1726684570312,
        390.47265625,
        0.6388946175575256,
        890.1726684570312,
        396.81610107421875,
        0.9178122878074646,
        918.7182006835938,
        396.81610107421875,
        0.8931419849395752,
        883.8292846679688,
        434.8767395019531,
        0.9268680214881897,
        937.7484741210938,
        434.8767395019531,
        0.9059512615203857,
        877.48583984375,
        485.6242370605469,
        0.91597580909729,
        950.4353637695312,
        485.6242370605469,
        0.8971008658409119,
        867.9706420898438,
        530.0283203125,
        0.9220107197761536,
        937.7484741210938,
        520.5131225585938,
        0.8359549045562744,
        899.6878662109375,
        530.0283203125,
        0.8062381744384766,
        934.5767822265625,
        530.0283203125,
        0.8395693302154541,
        871.1423950195312,
        590.2909545898438,
        0.8843812346458435,
        921.889892578125,
        590.2909545898438,
        0.8891172409057617,
        893.3444213867188,
        660.0687866210938,
        0.8952649235725403,
        921.889892578125,
        656.8970947265625,
        0.9086427092552185,
        839.3942614299933,
        366.0504245093716,
        130.10240723160416,
        324.78399386059596
    ],
    "3": [
        836.0332641601562,
        201.49386596679688,
        0.9016128778457642,
        839.80859375,
        199.606201171875,
        0.9292293190956116,
        836.0332641601562,
        199.606201171875,
        0.8711785674095154,
        849.2469482421875,
        201.49386596679688,
        0.9128046631813049,
        841.6962890625,
        201.49386596679688,
        0.6104834675788879,
        864.3482666015625,
        222.25820922851562,
        0.8349941372871399,
        841.6962890625,
        220.37054443359375,
        0.8810493350028992,
        866.2359619140625,
        254.3485565185547,
        0.811076819896698,
        843.5839233398438,
        246.79788208007812,
        0.8272507190704346,
        847.3593139648438,
        267.5622253417969,
        0.9120534658432007,
        839.80859375,
        265.674560546875,
        0.8203243017196655,
        864.3482666015625,
        277.0005798339844,
        0.7970365285873413,
        849.2469482421875,
        275.1128845214844,
        0.7949233055114746,
        871.8989868164062,
        318.52923583984375,
        0.8712744116783142,
        843.5839233398438,
        314.75390625,
        0.9126569628715515,
        881.3372802734375,
        358.1702575683594,
        0.919626772403717,
        849.2469482421875,
        352.50726318359375,
        0.9288615584373474,
        821.3964878518559,
        179.40820423634506,
        72.6899061204939,
        193.2970685415808
    ],
    "10": [
        1212.3399658203125,
        405.94378662109375,
        0.896693229675293,
        1212.3399658203125,
        400.617431640625,
        0.9432204365730286,
        1212.3399658203125,
        397.9542236328125,
        0.7423266768455505,
        1217.6663818359375,
        403.28057861328125,
        0.928754985332489,
        1241.6348876953125,
        397.9542236328125,
        0.9051828384399414,
        1228.319091796875,
        432.5755615234375,
        0.9024266004562378,
        1265.603515625,
        424.58599853515625,
        0.906606137752533,
        1230.982177734375,
        477.84954833984375,
        0.895434558391571,
        1281.5826416015625,
        467.19683837890625,
        0.813046932220459,
        1228.319091796875,
        515.134033203125,
        0.869500458240509,
        1281.5826416015625,
        504.4813232421875,
        0.6120452880859375,
        1257.614013671875,
        507.14453125,
        0.7561736702919006,
        1286.908935546875,
        501.81817626953125,
        0.7405805587768555,
        1238.9718017578125,
        565.7344360351562,
        0.9252291917800903,
        1281.5826416015625,
        557.744873046875,
        0.881540834903717,
        1244.298095703125,
        624.3243408203125,
        0.8895506262779236,
        1289.5721435546875,
        608.3452758789062,
        0.8381936550140381,
        1192.6435208591067,
        369.458211962369,
        116.6249869198873,
        272.70948416084593
    ],