{
    "9": [
        885.7496948242188,
        397.72723388671875,
        0.8153181076049805,
        885.7496948242188,
        394.5376281738281,
        0.8046793341636658,
        885.7496948242188,
        391.3480224609375,
        0.65883868932724,
        885.7496948242188,
        397.72723388671875,
        0.9252245426177979,
        917.6456909179688,
        397.72723388671875,
        0.901730477809906,
        879.3705444335938,
        436.0024108886719,
        0.9396541714668274,
        933.5936889648438,
        436.0024108886719,
        0.9000749588012695,
        872.9913330078125,
        487.0360107421875,
        0.9336414933204651,
        946.35205078125,
        483.8464050292969,
        0.926196277141571,
        866.6121215820312,
        531.6903686523438,
        0.9159222841262817,
        936.7832641601562,
        518.9320068359375,
        0.8499665260314941,
        895.3184814453125,
        528.5007934570312,
        0.8071779012680054,
        933.5936889648438,
        528.5007934570312,
        0.8448987007141113,
        869.8016967773438,
        592.2927856445312,
        0.8908224701881409,
        920.8352661132812,
        589.1031494140625,
        0.894521176815033,
        879.3705444335938,
        665.6535034179688,
        0.9018518924713135,
        920.8352661132812,
        652.8951416015625,
        0.8649786114692688,
        834.6633806831194,
        366.78814133245464,
        130.87894438595345,
        326.61486324857447
    ],
    "7": [
        694.03173828125,
        230.47430419921875,
        0.9666739106178284,
        694.03173828125,
        228.37802124023438,
        0.9411585330963135,
        689.8391723632812,
        228.37802124023438,
        0.9440721869468689,
        694.03173828125,
        230.47430419921875,
        0.6029853820800781,
        677.261474609375,
        232.57058715820312,
        0.945210337638855,
        696.1280517578125,
        253.533447265625,
        0.8977733254432678,
        664.6837768554688,
        253.533447265625,
        0.8495696783065796,
        721.2835083007812,
        266.1111755371094,
        0.870785653591156,
        645.8171997070312,
        257.72601318359375,
        0.8638738989830017,
        708.7057495117188,
        251.43716430664062,
        0.8713262677192688,
        668.8763427734375,
        243.05201721191406,
        0.841196596622467,
        696.1280517578125,
        316.4220275878906,
        0.8120497465133667,
        675.1652221679688,
        316.4220275878906,
        0.827946126461029,
        702.4169311523438,
        360.4440002441406,
        0.8374813795089722,
        668.8763427734375,
        362.540283203125,
        0.8624148964881897,
        706.6094970703125,
        400.2734375,
        0.8856810927391052,
        664.6837768554688,
        408.6585693359375,
        0.8593271970748901,
        638.9271018204214,
        208.04407491202073,
        87.15022891427168,
        214.65959573892383
    ],
    "1": [
        88.4184799194336,
        170.49041748046875,
        0.9177805781364441,
        92.80293273925781,
        167.56744384765625,
        0.9211220145225525,
        85.4955062866211,
        167.56744384765625,
        0.9447557330131531,
        97.18739318847656,
        170.49041748046875,
        0.9396355152130127,
        82.5725326538086,
        170.49041748046875,
        0.9184695482254028,
        105.95630645751953,
        188.02825927734375,
        0.8971958756446838,
        75.26510620117188,
        188.02825927734375,
        0.8701760172843933,
        116.18670654296875,
        208.4890594482422,
        0.8134356737136841,
        73.80361938476562,
        209.95054626464844,
        0.8803922533988953,
        117.648193359375,
        227.48837280273438,
        0.7101461291313171,
        81.11104583740234,
        218.71945190429688,
        0.8728538751602173,
        105.95630645751953,
        227.48837280273438,
        0.7877986431121826,
        88.4184799194336,
        227.48837280273438,
        0.810236930847168,
        108.87928009033203,
        258.1795654296875,
        0.8415836691856384,
        91.3414535522461,
        259.64105224609375,
        0.840305507183075,
        114.72522735595703,
        288.87078857421875,
        0.8299042582511902,
        94.26441955566406,
        288.87078857421875,
        0.8808001279830933,
        67.34491642938727,
        150.46806627972776,
        61.14642333069074,
        149.65615513163354
    ],
    "6": [
        1307.110595703125,
        258.6318054199219,
        0.9168294668197632,
        1310.764404296875,
        254.97802734375,
        0.9472789764404297,
        1307.110595703125,
        254.97802734375,
        0.8909757137298584,
        1321.7257080078125,
        258.6318054199219,
        0.9561367034912109,
        1319.8988037109375,
        260.45867919921875,
        0.5698808431625366,
        1339.9945068359375,
        280.5544128417969,
        0.8177558183670044,
        1312.59130859375,
        276.900634765625,
        0.8202411532402039,
        1352.78271484375,
        311.6114196777344,
        0.7969603538513184,
        1308.9375,
        302.4770202636719,
        0.8917050957679749,
        1354.609619140625,
        340.8415832519531,
        0.7980901598930359,
        1303.456787109375,
        326.22650146484375,
        0.874226987361908,
        1339.9945068359375,
        335.3609313964844,
        0.7744054198265076,
        1321.7257080078125,
        333.5340270996094,
        0.7967791557312012,
        1336.3406982421875,
        373.7254943847656,
        0.868685245513916,
        1310.764404296875,
        368.2448425292969,
        0.9042443037033081,
        1349.12890625,
        408.436279296875,
        0.8998753428459167,
        1327.206298828125,
        401.1287536621094,
        0.8987313508987427,
        1294.4753693010903,
        235.43038482452656,
        70.94250891238426,
        187.07291319666885
    ],
    "3": [
        835.0772705078125,
        203.7249298095703,
        0.9056599140167236,
        838.836669921875,
        199.9655303955078,
        0.9319549798965454,
        835.0772705078125,
        199.9655303955078,
        0.8902844190597534,
        848.2351684570312,
        201.84523010253906,
        0.9334118962287903,
        840.7163696289062,
        201.84523010253906,
        0.6172213554382324,
        863.272705078125,
        222.52191162109375,
        0.8400742411613464,
        840.7163696289062,
        218.7625274658203,
        0.8705193400382996,
        863.272705078125,
        252.5970916748047,
        0.7305142283439636,
        842.5960693359375,
        245.0782928466797,
        0.8328798413276672,
        842.5960693359375,
        263.8752746582031,
        0.8017306327819824,
        836.9569702148438,
        263.8752746582031,
        0.8149954676628113,
        863.272705078125,
        277.0331726074219,
        0.7862151265144348,
        848.2351684570312,
        275.1534729003906,
        0.8016245365142822,
        870.79150390625,
        318.38653564453125,
        0.8872456550598145,
        842.5960693359375,
        314.62713623046875,
        0.9365121126174927,
        880.1900024414062,
        357.8601989746094,
        0.9085739850997925,
        848.2351684570312,
        352.2210998535156,
        0.9192798733711243,
        820.4651099148506,
        179.85275243750687,
        72.45731529168052,
        192.48111701811956
    ],