{
    "15": [
        1098.688232421875,
        208.78268432617188,
        0.9168038964271545,
        1100.616455078125,
        206.8544921875,
        0.9040725231170654,
        1098.688232421875,
        206.8544921875,
        0.8918142318725586,
        1110.2574462890625,
        208.78268432617188,
        0.9282561540603638,
        1106.4010009765625,
        206.8544921875,
        0.7019919753074646,
        1117.9700927734375,
        233.84909057617188,
        0.8546171188354492,
        1100.616455078125,
        231.92091369628906,
        0.9127262830734253,
        1121.8265380859375,
        262.7718811035156,
        0.9317964315414429,
        1096.7601318359375,
        260.84368896484375,
        0.8945282697677612,
        1121.8265380859375,
        291.69464111328125,
        0.8882339000701904,
        1085.1910400390625,
        283.9819030761719,
        0.8811023831367493,
        1117.9700927734375,
        289.7664489746094,
        0.8068938255310059,
        1104.4727783203125,
        287.8382873535156,
        0.8042524456977844,
        1108.3292236328125,
        330.25836181640625,
        0.8520395159721375,
        1108.3292236328125,
        328.3301696777344,
        0.8811764717102051,
        1104.4727783203125,
        368.8220520019531,
        0.8687213659286499,
        1116.0419921875,
        364.9656677246094,
        0.8772256374359131,
        1073.0200746357523,
        190.0792782655065,
        68.69010038658121,
        197.4461790712308
    ],
    "6": [
        1270.2430419921875,
        276.2705078125,
        0.9119338989257812,
        1273.796630859375,
        274.4937744140625,
        0.9706817865371704,
        1270.2430419921875,
        272.71697998046875,
        0.8931057453155518,
        1284.4571533203125,
        276.2705078125,
        0.9516492486000061,
        1280.9036865234375,
        274.4937744140625,
        0.6193317770957947,
        1304.0015869140625,
        295.81494140625,
        0.852970540523529,
        1280.9036865234375,
        292.26141357421875,
        0.8588732481002808,
        1307.5550537109375,
        331.3502197265625,
        0.9047387838363647,
        1288.0107421875,
        318.912841796875,
        0.8967885971069336,
        1280.9036865234375,
        350.89459228515625,
        0.8705438375473022,
        1279.1268310546875,
        342.01080322265625,
        0.7491298913955688,
        1318.2156982421875,
        342.01080322265625,
        0.8178486227989197,
        1296.89453125,
        340.2340087890625,
        0.8192055225372314,
        1323.5460205078125,
        381.099609375,
        0.903670608997345,
        1280.9036865234375,
        377.54608154296875,
        0.892267644405365,
        1346.6439208984375,
        404.197509765625,
        0.8575693368911743,
        1286.23388671875,
        425.5186767578125,
        0.848827600479126,
        1265.234492155742,
        251.9287964003983,
        72.20393135322456,
        181.94075284375123
    ],
    "1": [
        97.27252197265625,
        142.48410034179688,
        0.9245754480361938,
        100.54202270507812,
        139.214599609375,
        0.903785765171051,
        95.63777160644531,
        140.84934997558594,
        0.9322240352630615,
        107.0810317993164,
        142.48410034179688,
        0.8838173747062683,
        92.36827087402344,
        144.1188507080078,
        0.9627947211265564,
        116.88954162597656,
        157.19686889648438,
        0.8500683307647705,
        89.09876251220703,
        160.46636962890625,
        0.9023468494415283,
        141.4108123779297,
        149.02310180664062,
        0.9466252326965332,
        72.75125122070312,
        155.56211853027344,
        0.7881436944007874,
        138.1413116455078,
        127.77133178710938,
        0.9193220138549805,
        72.75125122070312,
        147.3883514404297,
        0.8344430923461914,
        113.62004089355469,
        207.87416076660156,
        0.8217085599899292,
        95.63777160644531,
        209.5089111328125,
        0.8213690519332886,
        120.15904235839844,
        245.47344970703125,
        0.799321711063385,
        90.73351287841797,
        242.20394897460938,
        0.8353185653686523,
        118.5242919921875,
        286.3422546386719,
        0.8192247748374939,
        98.90727233886719,
        263.4557189941406,
        0.6493061184883118,
        72.18037431798729,
        129.8965130884945,
        68.16657195571253,
        167.39858644076918
    ],
    "7": [
        688.1377563476562,
        233.4800262451172,
        0.924513578414917,
        686.0798950195312,
        229.3643035888672,
        0.9079390168190002,
        681.9641723632812,
        231.4221649169922,
        0.9193246364593506,
        677.8484497070312,
        233.4800262451172,
        0.6386851668357849,
        671.6748657226562,
        235.5378875732422,
        0.8973453640937805,
        690.1956176757812,
        258.1744079589844,
        0.8643044829368591,
        655.2119750976562,
        260.2322692871094,
        0.8413686752319336,
        708.7164306640625,
        276.6951599121094,
        0.908797025680542,
        636.691162109375,
        276.6951599121094,
        0.8682109117507935,
        706.6585693359375,
        266.4058532714844,
        0.7144213914871216,
        651.09619140625,
        270.5215759277344,
        0.6397474408149719,
        686.0798950195312,
        317.8524475097656,
        0.8311766386032104,
        663.4434204101562,
        317.8524475097656,
        0.7779830694198608,
        698.4270629882812,
        359.0097351074219,
        0.8526270985603333,
        661.3855590820312,
        365.1833190917969,
        0.9028723835945129,
        704.6007080078125,
        400.1669921875,
        0.8817389607429504,
        663.4434204101562,
        408.3984680175781,
        0.8426655530929565,
        635.5216472478548,
        211.46087155893764,
        86.71148233253678,
        210.72529883035975
    ],
    "9": [
        853.4735717773438,
        413.8901062011719,
        0.6958361268043518,
        856.5778198242188,
        407.681640625,
        0.7426773905754089,
        859.6820678710938,
        407.681640625,
        0.49091795086860657,
        856.5778198242188,
        413.8901062011719,
        0.949678361415863,
        887.6201171875,
        413.8901062011719,
        0.9174115657806396,
        850.369384765625,
        454.2450866699219,
        0.9113127589225769,
        909.3497314453125,
        451.1408386230469,
        0.9386194944381714,
        844.160888671875,
        507.0169677734375,
        0.8935203552246094,
        918.6624145507812,
        500.8085021972656,
        0.8275747299194336,
        837.9524536132812,
        550.4761962890625,
        0.9314784407615662,
        912.4539184570312,
        541.1635131835938,
        0.6431471109390259,
        878.3074340820312,
        547.3719482421875,
        0.7716662883758545,
        915.5581665039062,
        544.2677001953125,
        0.7971024513244629,
        847.26513671875,
        603.248046875,
        0.9432334303855896,
        909.3497314453125,
        593.9353637695312,
        0.9437436461448669,
        850.369384765625,
        671.5410766601562,
        0.9069290161132812,
        918.6624145507812,
        652.9157104492188,
        0.9061794877052307,
        812.3286954556347,
        377.57064343482307,
        128.85318885302036,
        317.87303923130844
    ],