{
    "15": [
        1113.8624267578125,
        210.47207641601562,
        0.9235650897026062,
        1115.7757568359375,
        206.64553833007812,
        0.9341694712638855,
        1113.8624267578125,
        206.64553833007812,
        0.9243646264076233,
        1125.342041015625,
        210.47207641601562,
        0.9185412526130676,
        1121.5155029296875,
        208.55880737304688,
        0.704657256603241,
        1132.9951171875,
        235.3446502685547,
        0.8790290355682373,
        1115.7757568359375,
        231.51809692382812,
        0.9046676158905029,
        1132.9951171875,
        264.04376220703125,
        0.8936742544174194,
        1111.94921875,
        260.21722412109375,
        0.8760865330696106,
        1127.25537109375,
        290.82958984375,
        0.9397213459014893,
        1102.3828125,
        285.08978271484375,
        0.9419187903404236,
        1131.0819091796875,
        288.91632080078125,
        0.7692362070083618,
        1115.7757568359375,
        288.91632080078125,
        0.8206241726875305,
        1125.342041015625,
        331.00836181640625,
        0.9567067623138428,
        1111.94921875,
        329.0950927734375,
        0.9343441724777222,
        1142.5615234375,
        371.1871032714844,
        0.9247905611991882,
        1115.7757568359375,
        367.3605651855469,
        0.87462317943573,
        1087.9858343274816,
        190.00007576522012,
        68.97274751862392,
        195.91923123622462
    ],
    "12": [
        763.5140380859375,
        166.8959503173828,
        0.9058305025100708,
        765.0216064453125,
        163.8807373046875,
        0.9297934770584106,
        758.9912109375,
        163.8807373046875,
        0.9270161986351013,
        768.036865234375,
        166.8959503173828,
        0.902945876121521,
        754.4683837890625,
        168.40354919433594,
        0.9510924220085144,
        775.5748901367188,
        184.9872283935547,
        0.9411815404891968,
        748.4379272460938,
        186.4948272705078,
        0.913306474685669,
        781.6052856445312,
        207.601318359375,
        0.8559483885765076,
        745.4227294921875,
        210.6165313720703,
        0.8856968283653259,
        787.6357421875,
        225.69259643554688,
        0.78716641664505,
        743.9151611328125,
        233.2306365966797,
        0.8832578659057617,
        774.0672607421875,
        228.7078094482422,
        0.7839304804801941,
        757.4835815429688,
        230.21542358398438,
        0.837875485420227,
        778.590087890625,
        260.3675537109375,
        0.7471762299537659,
        758.9912109375,
        263.38275146484375,
        0.840408444404602,
        778.590087890625,
        290.5196838378906,
        0.6827720403671265,
        763.5140380859375,
        293.5348815917969,
        0.8412196040153503,
        736.051022193478,
        150.76459229139093,
        56.43355242540417,
        154.37886599626793
    ],
    "9": [
        844.2780151367188,
        409.65447998046875,
        0.7184402942657471,
        844.2780151367188,
        403.3590087890625,
        0.7923464179039001,
        847.42578125,
        400.2112731933594,
        0.5767671465873718,
        847.42578125,
        409.65447998046875,
        0.9278823137283325,
        875.75537109375,
        406.5067443847656,
        0.9112398028373718,
        837.9825439453125,
        450.5750427246094,
        0.9021298289299011,
        894.6417846679688,
        441.1318359375,
        0.8861554265022278,
        834.8348388671875,
        497.7910461425781,
        0.898174524307251,
        910.3804321289062,
        488.34783935546875,
        0.9233089685440063,
        825.3916625976562,
        535.5638427734375,
        0.9129433631896973,
        907.2327270507812,
        522.972900390625,
        0.8304975032806396,
        866.3121948242188,
        538.7116088867188,
        0.8163428902626038,
        904.0850219726562,
        535.5638427734375,
        0.8043251633644104,
        841.1303100585938,
        601.666259765625,
        0.9069385528564453,
        900.937255859375,
        585.9276123046875,
        0.938919723033905,
        847.42578125,
        670.9164428710938,
        0.9293099045753479,
        916.6759033203125,
        645.7345581054688,
        0.8831507563591003,
        801.8313228714424,
        372.8259432586488,
        132.10945538618932,
        322.3280580427706
    ],
    "2": [
        514.7603759765625,
        178.89881896972656,
        0.7755423188209534,
        517.540771484375,
        176.11842346191406,
        0.8379401564598083,
        511.97998046875,
        176.11842346191406,
        0.78134685754776,
        521.71142578125,
        177.5086212158203,
        0.8495718240737915,
        507.80938720703125,
        178.89881896972656,
        0.8746298551559448,
        530.0526123046875,
        191.41062927246094,
        0.9166558980941772,
        502.2485656738281,
        195.58123779296875,
        0.9176769852638245,
        537.0036010742188,
        212.26365661621094,
        0.8910915851593018,
        496.6877746582031,
        213.6538543701172,
        0.8807399868965149,
        525.8820190429688,
        220.60487365722656,
        0.8600542545318604,
        510.58978271484375,
        221.9950714111328,
        0.8623539209365845,
        530.0526123046875,
        235.89707946777344,
        0.8116657137870789,
        511.97998046875,
        237.28729248046875,
        0.8193899989128113,
        532.8330078125,
        266.48150634765625,
        0.8511078953742981,
        514.7603759765625,
        266.48150634765625,
        0.8521816730499268,
        534.2232055664062,
        294.2855529785156,
        0.8239454627037048,
        516.1505737304688,
        291.5051574707031,
        0.8542941808700562,
        488.64088087942156,
        162.63344210441312,
        61.9703785998733,
        142.35666830674484
    ],
    "6": [
        1243.3900146484375,
        285.5271911621094,
        0.9202685952186584,
        1245.1429443359375,
        283.7742919921875,
        0.9822782278060913,
        1243.3900146484375,
        282.0213928222656,
        0.8692570924758911,
        1255.6602783203125,
        287.28009033203125,
        0.9603844285011292,
        1253.907470703125,
        285.5271911621094,
        0.6361552476882935,
        1276.6951904296875,
        304.8091125488281,
        0.842473566532135,
        1255.6602783203125,
        304.8091125488281,
        0.8922670483589172,
        1283.706787109375,
        341.62005615234375,
        0.9048340320587158,
        1253.907470703125,
        334.60845947265625,
        0.8142377138137817,
        1252.154541015625,
        352.137451171875,
        0.8496189713478088,
        1243.3900146484375,
        357.39617919921875,
        0.8106642961502075,
        1297.72998046875,
        350.3845520019531,
        0.7633472084999084,
        1278.447998046875,
        350.3845520019531,
        0.7389795780181885,
        1278.447998046875,
        390.7012939453125,
        0.8152672052383423,
        1262.671875,
        388.9483947753906,
        0.9256398677825928,
        1313.506103515625,
        411.7361145019531,
        0.8212413787841797,
        1283.706787109375,
        429.26513671875,
        0.8882878422737122,
        1237.7633759704859,
        263.2653951465138,
        72.604831587837,
        179.4970317040253
    ],