{
    "12": [
        762.3807373046875,
        168.0849151611328,
        0.934903085231781,
        763.9015502929688,
        165.04324340820312,
        0.9365895986557007,
        759.3390502929688,
        165.04324340820312,
        0.9081891179084778,
        768.4640502929688,
        166.5640869140625,
        0.9540040493011475,
        754.7765502929688,
        168.0849151611328,
        0.9326357841491699,
        777.5890502929688,
        184.8141326904297,
        0.9157358407974243,
        750.2139892578125,
        186.3349609375,
        0.9126618504524231,
        782.151611328125,
        207.62669372558594,
        0.8314216136932373,
        747.17236328125,
        210.66836547851562,
        0.8869011998176575,
        785.1932373046875,
        228.9184112548828,
        0.7701233625411987,
        745.6514892578125,
        233.48092651367188,
        0.9077834486961365,
        776.0682373046875,
        230.43923950195312,
        0.8199843168258667,
        759.3390502929688,
        231.9600830078125,
        0.8188498020172119,
        777.5890502929688,
        262.3768310546875,
        0.7491589784622192,
        760.85986328125,
        265.4184875488281,
        0.8828754425048828,
        777.5890502929688,
        291.2727355957031,
        0.836872398853302,
        762.3807373046875,
        294.31439208984375,
        0.880247950553894,
        737.6043085280302,
        150.29114077471752,
        57.15692962963317,
        155.73371259361113
    ],
    "9": [
        830.29150390625,
        402.13507080078125,
        0.7755007147789001,
        833.5272216796875,
        398.8993225097656,
        0.8658354878425598,
        836.762939453125,
        395.66357421875,
        0.5317121148109436,
        836.762939453125,
        402.13507080078125,
        0.9460180997848511,
        869.1203002929688,
        402.13507080078125,
        0.9042007923126221,
        833.5272216796875,
        444.1996154785156,
        0.904396653175354,
        891.7704467773438,
        434.4924011230469,
        0.9292839169502258,
        830.29150390625,
        492.73565673828125,
        0.8921946287155151,
        911.1848754882812,
        479.792724609375,
        0.9187739491462708,
        820.5842895507812,
        525.093017578125,
        0.9375245571136475,
        907.9491577148438,
        512.1500854492188,
        0.8695701360702515,
        869.1203002929688,
        534.8002319335938,
        0.8052783608436584,
        904.71337890625,
        528.3287353515625,
        0.8149884939193726,
        839.9987182617188,
        593.04345703125,
        0.9064903259277344,
        901.4776611328125,
        573.6290283203125,
        0.946552574634552,
        843.2344360351562,
        664.2296142578125,
        0.8978028297424316,
        917.6563720703125,
        638.34375,
        0.8931556344032288,
        799.1843360040483,
        361.0412277665064,
        136.63619923757722,
        331.339260095423
    ],
    "15": [
        1130.43896484375,
        214.76748657226562,
        0.9240619540214539,
        1134.2301025390625,
        210.97630310058594,
        0.9129307866096497,
        1132.3345947265625,
        210.97630310058594,
        0.8961554169654846,
        1141.8125,
        214.76748657226562,
        0.9476480484008789,
        1138.0213623046875,
        212.87188720703125,
        0.7272863388061523,
        1149.3948974609375,
        239.41021728515625,
        0.8721677660942078,
        1134.2301025390625,
        235.6190185546875,
        0.8843386769294739,
        1143.7081298828125,
        267.8441162109375,
        0.8547513484954834,
        1130.43896484375,
        267.8441162109375,
        0.7701752781867981,
        1132.3345947265625,
        294.3824462890625,
        0.8690692186355591,
        1124.752197265625,
        292.4868469238281,
        0.8383713364601135,
        1143.7081298828125,
        292.4868469238281,
        0.7756770849227905,
        1130.43896484375,
        290.59124755859375,
        0.8124417662620544,
        1145.6036376953125,
        334.18994140625,
        0.9124249815940857,
        1120.9609375,
        326.6075439453125,
        0.9033470153808594,
        1166.4552001953125,
        372.101806640625,
        0.8486484289169312,
        1119.0654296875,
        368.3106384277344,
        0.8633532524108887,
        1104.036363432493,
        192.58900698236215,
        69.86551413542838,
        194.10888924942424
    ],
    "2": [
        520.1190795898438,
        177.63088989257812,
        0.8678008317947388,
        522.942138671875,
        174.80783081054688,
        0.9009940028190613,
        517.2960205078125,
        174.80783081054688,
        0.8819248676300049,
        525.7651977539062,
        176.2193603515625,
        0.8871904015541077,
        511.6499328613281,
        177.63088989257812,
        0.8790220618247986,
        534.234375,
        193.15769958496094,
        0.9251168966293335,
        506.0038146972656,
        194.56922912597656,
        0.9051789045333862,
        541.2919921875,
        212.91909790039062,
        0.8991237282752991,
        500.3576965332031,
        214.33062744140625,
        0.86246258020401,
        532.8228759765625,
        221.3882598876953,
        0.8573321104049683,
        517.2960205078125,
        222.79978942871094,
        0.8010995984077454,
        534.234375,
        238.32659912109375,
        0.805625855922699,
        514.4729614257812,
        238.32659912109375,
        0.7913876175880432,
        535.6459350585938,
        267.96868896484375,
        0.8449551463127136,
        517.2960205078125,
        267.96868896484375,
        0.8338574171066284,
        535.6459350585938,
        294.7877197265625,
        0.8351796865463257,
        517.2960205078125,
        291.96466064453125,
        0.8309665322303772,
        491.0519513922796,
        162.52757135565074,
        62.36886986210362,
        144.5404221485371
    ],
    "7": [
        688.8199462890625,
        234.69850158691406,
        0.9321062564849854,
        686.738525390625,
        232.61712646484375,
        0.8819146752357483,
        684.6571655273438,
        232.61712646484375,
        0.9042380452156067,
        682.5758056640625,
        236.77989196777344,
        0.5753012299537659,
        674.250244140625,
        236.77989196777344,
        0.9250796437263489,
        688.8199462890625,
        257.59368896484375,
        0.9235287308692932,
        657.5992431640625,
        261.7564392089844,
        0.8329971432685852,
        707.5523681640625,
        278.4075012207031,
        0.8817771077156067,
        636.785400390625,
        284.6516418457031,
        0.8907839059829712,
        713.7965087890625,
        270.08197021484375,
        0.8384213447570801,
        649.273681640625,
        274.2447204589844,
        0.8168999552726746,
        686.738525390625,
        320.03509521484375,
        0.855591356754303,
        663.8433837890625,
        322.1164855957031,
        0.7988619804382324,
        695.0640869140625,
        363.74407958984375,
        0.8671839237213135,
        663.8433837890625,
        369.98822021484375,
        0.8557380437850952,
        695.0640869140625,
        405.3716735839844,
        0.8905925154685974,
        663.8433837890625,
        411.6158142089844,
        0.8467258810997009,
        631.6185375727956,
        210.34633816268422,
        87.34484272839904,
        213.13334927844176
    ],