{
    "13": [
        1004.9859008789062,
        245.7843475341797,
        0.9520203471183777,
        1006.7203979492188,
        244.04986572265625,
        0.9557812809944153,
        1006.7203979492188,
        244.04986572265625,
        0.9066741466522217,
        1015.3927612304688,
        247.51881408691406,
        0.9390767812728882,
        1011.923828125,
        245.7843475341797,
        0.6421701312065125,
        1025.799560546875,
        266.5980224609375,
        0.9344930052757263,
        1013.6582641601562,
        264.8635559082031,
        0.8601769208908081,
        1036.2064208984375,
        294.349609375,
        0.908348798751831,
        1015.3927612304688,
        289.1462097167969,
        0.8209712505340576,
        1025.799560546875,
        316.8977966308594,
        0.981924831867218,
        1008.4548950195312,
        308.22540283203125,
        0.9012730717658997,
        1039.6754150390625,
        313.4288330078125,
        0.8086473345756531,
        1027.5340576171875,
        313.4288330078125,
        0.7850285768508911,
        1024.065185546875,
        351.5872802734375,
        0.7994836568832397,
        1015.3927612304688,
        348.1183166503906,
        0.89211106300354,
        1027.5340576171875,
        391.48016357421875,
        0.88470858335495,
        1044.8787841796875,
        377.6043701171875,
        0.8044387102127075,
        990.9545461892769,
        227.2254992244254,
        67.95560982061443,
        177.61012340692645
    ],
    "7": [
        688.3577270507812,
        237.04092407226562,
        0.9145215153694153,
        688.3577270507812,
        232.871337890625,
        0.9328858852386475,
        684.1881103515625,
        232.871337890625,
        0.9399418234825134,
        686.2728881835938,
        237.04092407226562,
        0.6264928579330444,
        673.76416015625,
        237.04092407226562,
        0.939252495765686,
        692.5272827148438,
        257.8888244628906,
        0.9323515892028809,
        659.170654296875,
        262.05841064453125,
        0.8595600724220276,
        709.2056274414062,
        280.821533203125,
        0.864522397518158,
        638.32275390625,
        284.9911193847656,
        0.8979597687721252,
        715.4599609375,
        272.48236083984375,
        0.8731066584587097,
        650.8314819335938,
        276.6519470214844,
        0.8324682116508484,
        690.4425048828125,
        320.43255615234375,
        0.8700194358825684,
        667.5098266601562,
        322.517333984375,
        0.8196588158607483,
        694.612060546875,
        364.213134765625,
        0.8605857491493225,
        665.4249877929688,
        368.3827209472656,
        0.8543519377708435,
        696.6968383789062,
        405.9089660644531,
        0.8889697790145874,
        665.4249877929688,
        410.07855224609375,
        0.8522161245346069,
        633.4227709542137,
        210.56410238021442,
        86.93721930311153,
        213.48248474990498
    ],
    "5": [
        832.114990234375,
        210.66217041015625,
        0.9396964311599731,
        834.0747680664062,
        206.74264526367188,
        0.9027078747749329,
        828.1954956054688,
        206.74264526367188,
        0.912108838558197,
        836.0345458984375,
        208.70240783691406,
        0.8811065554618835,
        820.3564453125,
        208.70240783691406,
        0.9147540330886841,
        830.1552734375,
        228.30001831054688,
        0.8090424537658691,
        818.396728515625,
        230.259765625,
        0.8978329300880432,
        826.2357177734375,
        247.89761352539062,
        0.6883719563484192,
        806.6381225585938,
        259.6561584472656,
        0.8726541996002197,
        836.0345458984375,
        253.77688598632812,
        0.891528308391571,
        800.7588500976562,
        291.0123291015625,
        0.9076464176177979,
        822.3162231445312,
        287.0928039550781,
        0.7280675768852234,
        818.396728515625,
        289.0525817871094,
        0.8023893237113953,
        812.5173950195312,
        330.20751953125,
        0.8116762638092041,
        839.9540405273438,
        330.20751953125,
        0.8287842273712158,
        796.83935546875,
        369.4027404785156,
        0.8359628319740295,
        851.712646484375,
        371.36248779296875,
        0.8367660641670227,
        787.5191954869723,
        187.7329867879331,
        75.47334143269097,
        200.67942972591595
    ],
    "15": [
        1155.261962890625,
        213.7511749267578,
        0.9315980076789856,
        1157.1656494140625,
        211.84738159179688,
        0.9799970984458923,
        1155.261962890625,
        211.84738159179688,
        0.9107689261436462,
        1166.6846923828125,
        213.7511749267578,
        0.9546299576759338,
        1162.8770751953125,
        213.7511749267578,
        0.7227587103843689,
        1172.39599609375,
        238.50038146972656,
        0.8844335675239563,
        1159.0694580078125,
        234.69281005859375,
        0.9051306247711182,
        1164.7808837890625,
        268.9609680175781,
        0.8828322887420654,
        1159.0694580078125,
        265.15338134765625,
        0.7515064477920532,
        1153.358154296875,
        293.7101745605469,
        0.9239224791526794,
        1153.358154296875,
        293.7101745605469,
        0.5031076669692993,
        1170.4921875,
        291.806396484375,
        0.8158583045005798,
        1160.9732666015625,
        289.902587890625,
        0.7875458002090454,
        1164.7808837890625,
        333.6896667480469,
        0.8993691205978394,
        1149.550537109375,
        327.9783020019531,
        0.8877575397491455,
        1170.4921875,
        377.47674560546875,
        0.8376653790473938,
        1153.358154296875,
        369.8616027832031,
        0.7957099080085754,
        1125.9112206298207,
        193.38067078376375,
        72.02793752442835,
        194.94766166634125
    ],
    "2": [
        524.3616333007812,
        178.369873046875,
        0.847684383392334,
        527.1834716796875,
        175.5480194091797,
        0.912798285484314,
        521.539794921875,
        175.5480194091797,
        0.8474094271659851,
        530.00537109375,
        176.9589385986328,
        0.8745892643928528,
        515.8960571289062,
        178.369873046875,
        0.8653904795646667,
        538.470947265625,
        193.89012145996094,
        0.9009595513343811,
        511.6632385253906,
        195.30105590820312,
        0.8706844449043274,
        546.9365234375,
        212.23223876953125,
        0.8392913341522217,
        507.4304504394531,
        213.64317321777344,
        0.8278316855430603,
        545.525634765625,
        222.10874938964844,
        0.8153649568557739,
        525.7725830078125,
        219.28689575195312,
        0.7023353576660156,
        535.6491088867188,
        239.03993225097656,
        0.7906190752983093,
        518.7178955078125,
        239.03993225097656,
        0.7979851365089417,
        537.0599975585938,
        268.66949462890625,
        0.8128835558891296,
        518.7178955078125,
        268.66949462890625,
        0.8323333859443665,
        535.6491088867188,
        295.4772033691406,
        0.8608008623123169,
        517.3069458007812,
        291.2444152832031,
        0.8178498148918152,
        495.71701753442886,
        164.68385188753385,
        61.5219929027333,
        144.47938122825414
    ],