{
    "7": [
        690.7438354492188,
        237.39666748046875,
        0.9038969874382019,
        690.7438354492188,
        233.268310546875,
        0.9238724112510681,
        684.5513305664062,
        235.33248901367188,
        0.8983154296875,
        688.6796875,
        235.33248901367188,
        0.6599540114402771,
        674.2304077148438,
        237.39666748046875,
        0.9241471290588379,
        692.8080444335938,
        260.1026611328125,
        0.8982623815536499,
        661.8453369140625,
        260.1026611328125,
        0.8696829676628113,
        709.3214721679688,
        280.7444763183594,
        0.8792451620101929,
        641.2034912109375,
        284.8728332519531,
        0.894061803817749,
        721.7066040039062,
        272.4877624511719,
        0.793551504611969,
        651.5244140625,
        276.6161193847656,
        0.8444945812225342,
        690.7438354492188,
        319.96392822265625,
        0.842789888381958,
        670.10205078125,
        322.0281066894531,
        0.793340265750885,
        694.8722534179688,
        363.31170654296875,
        0.8743777871131897,
        665.9736938476562,
        367.4400634765625,
        0.877490758895874,
        696.9364013671875,
        406.6595153808594,
        0.8980703353881836,
        665.9736938476562,
        410.7878723144531,
        0.8714940547943115,
        636.4292826972395,
        213.24575686074192,
        85.9232180683731,
        211.37213313228736
    ],
    "13": [
        1004.1461791992188,
        246.75656127929688,
        0.9308634996414185,
        1005.8999633789062,
        243.24893188476562,
        0.9077988266944885,
        1004.1461791992188,
        243.24893188476562,
        0.9217203259468079,
        1014.6690673828125,
        246.75656127929688,
        0.9304132461547852,
        1009.4075927734375,
        246.75656127929688,
        0.6474029421806335,
        1026.94580078125,
        266.04852294921875,
        0.9222806692123413,
        1009.4075927734375,
        262.5408935546875,
        0.9001051187515259,
        1037.4686279296875,
        292.355712890625,
        0.9321423768997192,
        1012.9152221679688,
        287.0942687988281,
        0.8672046661376953,
        1026.94580078125,
        315.1553039550781,
        0.938859224319458,
        1007.65380859375,
        306.38623046875,
        0.8132088780403137,
        1037.4686279296875,
        315.1553039550781,
        0.8046042919158936,
        1021.684326171875,
        315.1553039550781,
        0.7978191375732422,
        1023.4381103515625,
        355.4930114746094,
        0.8366707563400269,
        1012.9152221679688,
        353.73919677734375,
        0.8923314213752747,
        1026.94580078125,
        392.3230895996094,
        0.7853707075119019,
        1023.4381103515625,
        387.0616455078125,
        0.7323747277259827,
        988.1891630888508,
        226.23695417383294,
        68.74405279556959,
        179.5905061100566
    ],
    "5": [
        843.9593505859375,
        211.35745239257812,
        0.9262961745262146,
        845.8873901367188,
        207.5013427734375,
        0.9304014444351196,
        840.1032104492188,
        207.5013427734375,
        0.8963193893432617,
        847.8154296875,
        209.4293975830078,
        0.8516310453414917,
        830.462890625,
        211.35745239257812,
        0.8988394737243652,
        843.9593505859375,
        230.63803100585938,
        0.8043575882911682,
        832.3909912109375,
        230.63803100585938,
        0.8619607090950012,
        843.9593505859375,
        253.77471923828125,
        0.5694934725761414,
        820.8226318359375,
        263.4150085449219,
        0.8909422755241394,
        851.6715698242188,
        253.77471923828125,
        0.8041204810142517,
        816.9664916992188,
        294.263916015625,
        0.9198739528656006,
        836.2470703125,
        290.4078063964844,
        0.730063796043396,
        832.3909912109375,
        290.4078063964844,
        0.7940194606781006,
        826.6068115234375,
        330.8970031738281,
        0.8411667346954346,
        847.8154296875,
        332.8250732421875,
        0.8002805113792419,
        803.4700927734375,
        365.60205078125,
        0.8053297996520996,
        863.2398681640625,
        371.3861999511719,
        0.8424248695373535,
        799.3837266956124,
        188.7991735506809,
        75.65481896621395,
        197.43305941361956
    ],
    "2": [
        526.5789794921875,
        178.7674560546875,
        0.8524972200393677,
        527.9824829101562,
        175.9604949951172,
        0.9084813594818115,
        522.3685302734375,
        175.9604949951172,
        0.850302517414093,
        532.1929321289062,
        177.3639678955078,
        0.8763390183448792,
        518.1580810546875,
        178.7674560546875,
        0.8762763142585754,
        539.2103271484375,
        192.80224609375,
        0.8967002630233765,
        512.544189453125,
        195.6092071533203,
        0.8748404383659363,
        547.6311645507812,
        209.6439971923828,
        0.8414226770401001,
        511.1407165527344,
        213.85443115234375,
        0.8132066130638123,
        550.4381103515625,
        220.871826171875,
        0.8151958584785461,
        529.3859252929688,
        218.0648651123047,
        0.7010450959205627,
        537.8068237304688,
        239.1170654296875,
        0.7691051363945007,
        519.5615844726562,
        239.1170654296875,
        0.7664709091186523,
        537.8068237304688,
        269.99359130859375,
        0.8486078977584839,
        519.5615844726562,
        268.5901184082031,
        0.8203132152557373,
        536.4033203125,
        296.6596984863281,
        0.8360683917999268,
        518.1580810546875,
        293.8527526855469,
        0.8173465132713318,
        498.40771143874935,
        165.15368659409506,
        60.552991037809704,
        143.71630580143602
    ],
    "9": [
        833.2454833984375,
        445.7483825683594,
        0.5428665280342102,
        833.2454833984375,
        437.2754821777344,
        0.6175714135169983,
        850.1912841796875,
        437.2754821777344,
        0.36065980792045593,
        833.2454833984375,
        442.924072265625,
        0.922049343585968,
        864.3128051757812,
        440.0997619628906,
        0.9182019233703613,
        830.4212036132812,
        485.28857421875,
        0.906151294708252,
        886.9071655273438,
        473.9913635253906,
        0.8993821144104004,
        830.4212036132812,
        533.3016967773438,
        0.8523724675178528,
        903.8529663085938,
        524.8287963867188,
        0.8694100379943848,
        824.7725830078125,
        572.8418579101562,
        0.8746041655540466,
        901.0286865234375,
        558.7203979492188,
        0.6325189471244812,
        861.4884643554688,
        564.3689575195312,
        0.788080632686615,
        901.0286865234375,
        558.7203979492188,
        0.7814213633537292,
        821.9483032226562,
        603.9091796875,
        0.9414834380149841,
        909.5015869140625,
        592.6119995117188,
        0.8892132639884949,
        836.0697631835938,
        668.8681030273438,
        0.9073405265808105,
        929.2716674804688,
        646.273681640625,
        0.8819331526756287,
        801.3437201880253,
        404.23122086409984,
        123.11379586848989,
        289.2082562658766
    ],