{
    "7": [
        689.0967407226562,
        239.07687377929688,
        0.8996812701225281,
        689.0967407226562,
        234.9151611328125,
        0.9254738688468933,
        684.93505859375,
        234.9151611328125,
        0.9365744590759277,
        689.0967407226562,
        236.9960174560547,
        0.6714546084403992,
        674.53076171875,
        239.07687377929688,
        0.9052724838256836,
        693.2584838867188,
        259.8854064941406,
        0.9141165018081665,
        662.045654296875,
        261.9662780761719,
        0.8600063323974609,
        709.9053344726562,
        282.7748107910156,
        0.9131571650505066,
        641.2371215820312,
        286.9365234375,
        0.9053143262863159,
        716.1478881835938,
        272.37054443359375,
        0.8796051740646362,
        649.5604858398438,
        276.5322570800781,
        0.8526927828788757,
        691.1776123046875,
        318.14935302734375,
        0.8197307586669922,
        668.2882080078125,
        320.230224609375,
        0.7901747822761536,
        695.3392944335938,
        363.92816162109375,
        0.8729034066200256,
        666.2073364257812,
        368.0898742675781,
        0.8596601486206055,
        697.420166015625,
        405.5452880859375,
        0.8987138271331787,
        666.2073364257812,
        411.787841796875,
        0.8726314306259155,
        636.4451697726445,
        212.64998748020562,
        86.5754327516729,
        213.07957988820155
    ],
    "13": [
        1004.1249389648438,
        248.40367126464844,
        0.8867055773735046,
        1007.5953369140625,
        246.66847229003906,
        0.8999605178833008,
        1004.1249389648438,
        246.66847229003906,
        0.8955501914024353,
        1016.2713012695312,
        250.13885498046875,
        0.9322278499603271,
        1007.5953369140625,
        248.40367126464844,
        0.610584557056427,
        1026.6824951171875,
        267.4908142089844,
        0.8715659976005554,
        1005.8601684570312,
        262.28521728515625,
        0.9186545014381409,
        1040.56396484375,
        293.5187072753906,
        0.9326735734939575,
        1011.0657348632812,
        288.3131408691406,
        0.8497353792190552,
        1028.4176025390625,
        314.341064453125,
        0.9377245903015137,
        1005.8601684570312,
        309.1354675292969,
        0.8566983938217163,
        1038.828857421875,
        314.341064453125,
        0.8009734749794006,
        1021.4768676757812,
        314.341064453125,
        0.8276009559631348,
        1024.947265625,
        355.9857177734375,
        0.8308627009391785,
        1014.5361328125,
        354.2505187988281,
        0.8665538430213928,
        1026.6824951171875,
        390.6896057128906,
        0.8040407299995422,
        1023.2120971679688,
        387.21923828125,
        0.7464710474014282,
        988.3882393367463,
        228.1018629688205,
        67.91252850099602,
        177.68394648124251
    ],
    "5": [
        851.0372314453125,
        211.44598388671875,
        0.9347425699234009,
        852.93896484375,
        205.74082946777344,
        0.9347512722015381,
        847.2338256835938,
        207.64254760742188,
        0.9264240860939026,
        854.8406982421875,
        207.64254760742188,
        0.8542306423187256,
        837.7252197265625,
        209.5442657470703,
        0.8830389380455017,
        852.93896484375,
        226.6597137451172,
        0.8462253212928772,
        839.626953125,
        232.3648681640625,
        0.9069375991821289,
        851.0372314453125,
        247.57859802246094,
        0.6380568742752075,
        832.0200805664062,
        264.6940612792969,
        0.8749701976776123,
        858.6441040039062,
        255.1854705810547,
        0.8485985398292542,
        832.0200805664062,
        295.12152099609375,
        0.9197992086410522,
        851.0372314453125,
        287.5146484375,
        0.7322105765342712,
        845.3320922851562,
        289.4163818359375,
        0.808615505695343,
        843.4303588867188,
        329.3524169921875,
        0.7903657555580139,
        854.8406982421875,
        329.3524169921875,
        0.8232551217079163,
        816.8063354492188,
        359.7799072265625,
        0.8066536784172058,
        864.3492431640625,
        369.2884826660156,
        0.8232027292251587,
        806.6707128890183,
        191.09760583988856,
        75.42103932538475,
        194.7358128314272
    ],
    "2": [
        528.9208984375,
        180.92984008789062,
        0.8460159301757812,
        530.35791015625,
        176.61865234375,
        0.8445621132850647,
        524.6096801757812,
        178.0557098388672,
        0.8304064869880676,
        533.2320556640625,
        178.0557098388672,
        0.8778148293495178,
        518.8614501953125,
        179.49278259277344,
        0.8832769989967346,
        540.4173583984375,
        193.86338806152344,
        0.901129424571991,
        514.5502319335938,
        195.30044555664062,
        0.8790106177330017,
        549.0397338867188,
        212.54518127441406,
        0.8493194580078125,
        511.6761474609375,
        213.9822540283203,
        0.8401142954826355,
        554.7879638671875,
        225.47874450683594,
        0.8801525235176086,
        530.35791015625,
        216.8563690185547,
        0.7278586626052856,
        537.543212890625,
        239.84934997558594,
        0.7819104790687561,
        520.2985229492188,
        239.84934997558594,
        0.7743351459503174,
        537.543212890625,
        270.02764892578125,
        0.856021523475647,
        518.8614501953125,
        270.02764892578125,
        0.861258864402771,
        536.106201171875,
        295.8947448730469,
        0.8538389205932617,
        517.4243774414062,
        295.8947448730469,
        0.8625518679618835,
        498.8016082826287,
        162.67918169332307,
        61.675557093633245,
        147.1550387455457
    ],
    "12": [
        760.76123046875,
        169.18104553222656,
        0.9551556706428528,
        763.6736450195312,
        166.26861572265625,
        0.9485514163970947,
        757.8488159179688,
        166.26861572265625,
        0.9379057884216309,
        768.0422973632812,
        169.18104553222656,
        0.9318534731864929,
        753.4801635742188,
        170.6372528076172,
        0.9546941518783569,
        775.3233642578125,
        186.6556396484375,
        0.9217122793197632,
        749.1115112304688,
        189.5680694580078,
        0.9080688953399658,
        779.6920166015625,
        208.49888610839844,
        0.8919410705566406,
        743.28662109375,
        209.95509338378906,
        0.796558678150177,
        781.1482543945312,
        227.4296875,
        0.7650836110115051,
        749.1115112304688,
        230.3421173095703,
        0.6021562218666077,
        775.3233642578125,
        231.79833984375,
        0.8174645900726318,
        756.392578125,
        233.25454711914062,
        0.7917080521583557,
        778.23583984375,
        260.92266845703125,
        0.840993344783783,
        757.8488159179688,
        265.29132080078125,
        0.7857471704483032,
        778.23583984375,
        290.0469970703125,
        0.8599463701248169,
        756.392578125,
        291.5032043457031,
        0.6366827487945557,
        735.1183716956515,
        155.0557674997616,
        55.65440238204701,
        149.11649648244338
    ],