{
    "7": [
        689.2969360351562,
        238.65504455566406,
        0.9094706773757935,
        689.2969360351562,
        234.4805908203125,
        0.9410821795463562,
        685.1224975585938,
        234.4805908203125,
        0.9345522522926331,
        689.2969360351562,
        236.56781005859375,
        0.682957649230957,
        674.6863403320312,
        238.65504455566406,
        0.9144368171691895,
        693.4713745117188,
        259.5273132324219,
        0.9196122288703918,
        662.1629638671875,
        261.6145324707031,
        0.8644031286239624,
        708.0819702148438,
        282.48681640625,
        0.9149027466773987,
        641.2907104492188,
        286.6612548828125,
        0.9055951833724976,
        714.3436889648438,
        274.1379089355469,
        0.8834297060966492,
        651.7268676757812,
        278.3123474121094,
        0.844910204410553,
        691.3841552734375,
        317.96966552734375,
        0.8231059908866882,
        668.4246826171875,
        322.14410400390625,
        0.7986310124397278,
        695.55859375,
        363.8886413574219,
        0.8640936017036438,
        666.3374633789062,
        365.97589111328125,
        0.8591552376747131,
        697.6458740234375,
        405.6331787109375,
        0.8960220217704773,
        666.3374633789062,
        411.8948669433594,
        0.8751965761184692,
        636.5687243415068,
        212.14728109840127,
        86.67140078052773,
        213.73201662347452
    ],
    "5": [
        852.9266967773438,
        210.66632080078125,
        0.9096089005470276,
        854.81689453125,
        206.88601684570312,
        0.9070577025413513,
        849.1464233398438,
        206.88601684570312,
        0.9229194521903992,
        856.70703125,
        206.88601684570312,
        0.8423742055892944,
        841.5858154296875,
        208.7761688232422,
        0.9052376747131348,
        856.70703125,
        223.89735412597656,
        0.8723388314247131,
        841.5858154296875,
        233.3480987548828,
        0.8937292098999023,
        856.70703125,
        246.57913208007812,
        0.834078311920166,
        835.9154052734375,
        263.5904541015625,
        0.8910821676254272,
        862.37744140625,
        261.7003173828125,
        0.8839999437332153,
        835.9154052734375,
        295.7229919433594,
        0.9240573644638062,
        854.81689453125,
        286.2722473144531,
        0.713502049446106,
        847.2562866210938,
        290.05255126953125,
        0.7820678353309631,
        849.1464233398438,
        327.8554992675781,
        0.8149095773696899,
        858.59716796875,
        329.7456359863281,
        0.8322691321372986,
        820.794189453125,
        356.2077331542969,
        0.79151850938797,
        864.2676391601562,
        371.32891845703125,
        0.8113284707069397,
        810.7535389780116,
        190.4417098847997,
        74.89558966281106,
        193.55123335616804
    ],
    "13": [
        1002.6102905273438,
        249.7552947998047,
        0.9125657677650452,
        1006.0399780273438,
        248.0404510498047,
        0.9131189584732056,
        1004.3251342773438,
        246.3256072998047,
        0.8841626048088074,
        1016.3290405273438,
        251.4701385498047,
        0.9457008242607117,
        1006.0399780273438,
        249.7552947998047,
        0.5708059072494507,
        1028.3328857421875,
        268.6185607910156,
        0.8905039429664612,
        1004.3251342773438,
        265.1888732910156,
        0.9274966716766357,
        1042.0516357421875,
        294.3412170410156,
        0.922793447971344,
        1011.1845092773438,
        289.1966857910156,
        0.8200610876083374,
        1028.3328857421875,
        314.9193115234375,
        0.9332627058029175,
        1006.0399780273438,
        309.7747802734375,
        0.8613393306732178,
        1038.6219482421875,
        314.9193115234375,
        0.819499671459198,
        1021.4735717773438,
        314.9193115234375,
        0.8381146788597107,
        1024.9031982421875,
        354.3606872558594,
        0.8198710083961487,
        1014.6141967773438,
        352.6458435058594,
        0.8695030212402344,
        1028.3328857421875,
        390.37237548828125,
        0.8041069507598877,
        1023.1884155273438,
        386.94268798828125,
        0.7514756321907043,
        988.8138239551334,
        229.69161821033538,
        67.03432116687202,
        175.59991534065136
    ],
    "12": [
        759.6387329101562,
        169.95877075195312,
        0.9591208696365356,
        762.671630859375,
        166.9258575439453,
        0.94891357421875,
        756.6058349609375,
        168.44232177734375,
        0.9637170433998108,
        767.2210693359375,
        169.95877075195312,
        0.9264055490493774,
        752.0564575195312,
        171.47523498535156,
        0.9370146989822388,
        776.31982421875,
        186.63983154296875,
        0.9204708933830261,
        749.0235595703125,
        189.67274475097656,
        0.8990077376365662,
        779.3527221679688,
        209.38671875,
        0.8522824645042419,
        745.9906005859375,
        212.4196319580078,
        0.8429484963417053,
        780.869140625,
        229.10067749023438,
        0.7074134349822998,
        747.507080078125,
        233.65005493164062,
        0.7601653933525085,
        774.8033447265625,
        232.13360595703125,
        0.781743049621582,
        758.122314453125,
        233.65005493164062,
        0.7936013340950012,
        779.3527221679688,
        262.4627685546875,
        0.808594822883606,
        759.6387329101562,
        267.01214599609375,
        0.8033345937728882,
        777.8362426757812,
        289.759033203125,
        0.8668173551559448,
        759.6387329101562,
        292.7919616699219,
        0.6625527143478394,
        731.2959578253627,
        159.79847252488867,
        58.202023286453596,
        155.28547652817656
    ],
    "2": [
        527.9053955078125,
        180.69256591796875,
        0.8658992052078247,
        529.3447875976562,
        176.3744354248047,
        0.8674437403678894,
        525.0266723632812,
        177.81381225585938,
        0.8471946716308594,
        533.6629028320312,
        177.81381225585938,
        0.9041537046432495,
        519.2691650390625,
        179.25318908691406,
        0.8931928277015686,
        540.8597412109375,
        195.08627319335938,
        0.9094942808151245,
        513.5116577148438,
        195.08627319335938,
        0.8752490878105164,
        549.4959716796875,
        213.79811096191406,
        0.8582339882850647,
        512.0723266601562,
        213.79811096191406,
        0.8187658786773682,
        556.6928100585938,
        226.75247192382812,
        0.8668874502182007,
        530.7841186523438,
        216.67686462402344,
        0.7471655011177063,
        537.9810180664062,
        239.70681762695312,
        0.7576916217803955,
        520.7085571289062,
        239.70681762695312,
        0.7507092356681824,
        537.9810180664062,
        271.37298583984375,
        0.8545303344726562,
        519.2691650390625,
        271.37298583984375,
        0.8687136769294739,
        536.5416259765625,
        297.2817077636719,
        0.8334651589393616,
        517.8297729492188,
        297.2817077636719,
        0.8596718311309814,
        499.2093542137446,
        162.41252590233287,
        61.710147189461225,
        147.39172463848408
    ],