{
    "13": [
        1020.0855102539062,
        259.6253967285156,
        0.9150964617729187,
        1023.4163208007812,
        256.2945861816406,
        0.8949117064476013,
        1016.7546997070312,
        256.2945861816406,
        0.9099408984184265,
        1030.0780029296875,
        257.9599914550781,
        0.9332699775695801,
        1013.4238891601562,
        256.2945861816406,
        0.9265012741088867,
        1040.0704345703125,
        276.27947998046875,
        0.900330126285553,
        1006.7622680664062,
        274.61407470703125,
        0.9279572367668152,
        1051.728271484375,
        297.9297790527344,
        0.8674277663230896,
        1005.0968017578125,
        297.9297790527344,
        0.9241330027580261,
        1041.73583984375,
        317.9147033691406,
        0.8890901803970337,
        1000.1005859375,
        319.5801086425781,
        0.9145564436912537,
        1045.066650390625,
        321.2455139160156,
        0.7576793432235718,
        1025.0816650390625,
        321.2455139160156,
        0.824940025806427,
        1043.4012451171875,
        356.2190856933594,
        0.85774165391922,
        1013.4238891601562,
        357.8844909667969,
        0.8715667128562927,
        1056.7244873046875,
        391.1926574707031,
        0.8691431879997253,
        1026.7471923828125,
        386.1964416503906,
        0.8738442063331604,
        992.7941812831957,
        238.47469303650365,
        66.24044073961477,
        170.5378540775382
    ],
    "12": [
        762.537353515625,
        172.44808959960938,
        0.9486905932426453,
        765.382568359375,
        169.60287475585938,
        0.9499297142028809,
        759.692138671875,
        169.60287475585938,
        0.9396140575408936,
        769.650390625,
        172.44808959960938,
        0.9410534501075745,
        755.42431640625,
        173.87069702148438,
        0.9454025030136108,
        778.18603515625,
        189.51937866210938,
        0.9017017483711243,
        751.156494140625,
        192.36459350585938,
        0.9099792838096619,
        781.03125,
        212.28109741210938,
        0.9082424640655518,
        746.888671875,
        215.12631225585938,
        0.8694136142730713,
        781.03125,
        232.19760131835938,
        0.8407161831855774,
        745.466064453125,
        237.88803100585938,
        0.8975738286972046,
        775.3408203125,
        233.62020874023438,
        0.8043481707572937,
        758.26953125,
        235.04281616210938,
        0.8259775042533875,
        776.763427734375,
        262.0723571777344,
        0.8075282573699951,
        761.11474609375,
        266.3401794433594,
        0.7945699691772461,
        772.49560546875,
        286.2566833496094,
        0.823937714099884,
        765.382568359375,
        296.2149353027344,
        0.8510684967041016,
        737.0505075294196,
        158.64880744744545,
        55.24156367966259,
        145.6749914356762
    ],
    "5": [
        871.3051147460938,
        211.066650390625,
        0.9627388715744019,
        873.2099609375,
        207.25692749023438,
        0.9519058465957642,
        867.495361328125,
        207.25692749023438,
        0.9641773700714111,
        875.1148071289062,
        209.1617889404297,
        0.8433931469917297,
        859.8759155273438,
        209.1617889404297,
        0.9578671455383301,
        877.0196533203125,
        226.30552673339844,
        0.8281504511833191,
        857.9710693359375,
        232.02011108398438,
        0.898562490940094,
        875.1148071289062,
        249.16384887695312,
        0.8421303033828735,
        848.44677734375,
        262.49786376953125,
        0.9003968834877014,
        884.6390991210938,
        268.21246337890625,
        0.8347930908203125,
        863.6856689453125,
        285.356201171875,
        0.8448677659034729,
        875.1148071289062,
        285.356201171875,
        0.8172438144683838,
        859.8759155273438,
        289.1659240722656,
        0.808505654335022,
        888.4488525390625,
        319.6436767578125,
        0.8972793817520142,
        865.5905151367188,
        329.16796875,
        0.8913677334785461,
        875.1148071289062,
        359.645751953125,
        0.8205393552780151,
        865.5905151367188,
        371.07489013671875,
        0.8749625086784363,
        833.9286587229012,
        188.77978791325455,
        72.84806085891262,
        195.0576816017562
    ],
    "15": [
        1231.8465576171875,
        221.80934143066406,
        0.8987429141998291,
        1235.7371826171875,
        217.91876220703125,
        0.9065819978713989,
        1229.9013671875,
        215.9734649658203,
        0.907260537147522,
        1245.463623046875,
        219.8640594482422,
        0.9331054091453552,
        1227.9560546875,
        217.91876220703125,
        0.8414718508720398,
        1249.354248046875,
        243.2075653076172,
        0.8924863338470459,
        1226.0107421875,
        241.26226806640625,
        0.9049486517906189,
        1255.1900634765625,
        270.441650390625,
        0.8753563761711121,
        1222.1201171875,
        268.4963684082031,
        0.9045748114585876,
        1255.1900634765625,
        299.62103271484375,
        0.8810709118843079,
        1208.5030517578125,
        289.8945617675781,
        0.8195036053657532,
        1245.463623046875,
        299.62103271484375,
        0.7857841849327087,
        1233.7918701171875,
        299.62103271484375,
        0.8223720788955688,
        1237.6824951171875,
        340.47216796875,
        0.8955186009407043,
        1222.1201171875,
        334.63629150390625,
        0.8878520727157593,
        1251.299560546875,
        381.32330322265625,
        0.8680065274238586,
        1227.9560546875,
        375.4874267578125,
        0.8705571889877319,
        1199.413446566765,
        197.10408177039062,
        74.59288938224495,
        199.19800147875628
    ],
    "7": [
        685.4733276367188,
        240.09625244140625,
        0.8934762477874756,
        687.58984375,
        235.86326599121094,
        0.9366397857666016,
        681.2403564453125,
        235.86326599121094,
        0.9103723764419556,
        689.706298828125,
        237.97976684570312,
        0.8490033149719238,
        670.6578979492188,
        240.09625244140625,
        0.9077392220497131,
        698.1723022460938,
        259.1446838378906,
        0.8711774349212646,
        662.19189453125,
        263.377685546875,
        0.9093042612075806,
        710.8712158203125,
        282.4261169433594,
        0.7036254405975342,
        643.1434326171875,
        290.89208984375,
        0.8878263235092163,
        708.7547607421875,
        284.5426025390625,
        0.8431810140609741,
        653.7259521484375,
        280.30963134765625,
        0.8946412801742554,
        693.9392700195312,
        322.6394958496094,
        0.8304126858711243,
        670.6578979492188,
        322.6394958496094,
        0.826816976070404,
        696.0557861328125,
        367.0858459472656,
        0.8417518734931946,
        666.4248657226562,
        369.20233154296875,
        0.8783262968063354,
        698.1723022460938,
        407.2992248535156,
        0.9150996208190918,
        666.4248657226562,
        413.6487121582031,
        0.8625996708869934,
        638.9494050209471,
        211.10030590960992,
        86.69833101873724,
        216.7288849169671
    ],