{
    "15": [
        1238.94775390625,
        221.28543090820312,
        0.9265485405921936,
        1242.833984375,
        217.3992462158203,
        0.9203649759292603,
        1235.0616455078125,
        217.3992462158203,
        0.9013741612434387,
        1250.6063232421875,
        221.28543090820312,
        0.9209412932395935,
        1233.1185302734375,
        219.34234619140625,
        0.8583494424819946,
        1254.4925537109375,
        244.60250854492188,
        0.8894069194793701,
        1231.1754150390625,
        242.659423828125,
        0.905640184879303,
        1260.32177734375,
        271.8057556152344,
        0.8677187561988831,
        1227.289306640625,
        269.8626708984375,
        0.9006341099739075,
        1256.435546875,
        300.9521179199219,
        0.9238291382789612,
        1213.6876220703125,
        291.2366638183594,
        0.8573293089866638,
        1252.5494384765625,
        300.9521179199219,
        0.7797379493713379,
        1238.94775390625,
        300.9521179199219,
        0.842170238494873,
        1242.833984375,
        341.7569885253906,
        0.8874571919441223,
        1225.34619140625,
        335.927734375,
        0.9231342673301697,
        1264.2080078125,
        378.6756896972656,
        0.8762534260749817,
        1229.2322998046875,
        376.73260498046875,
        0.903551459312439,
        1204.4767045343858,
        198.5513390641974,
        74.77148412900578,
        198.97229902245812
    ],
    "5": [
        872.8380737304688,
        209.51214599609375,
        0.9435771703720093,
        874.732421875,
        205.7234649658203,
        0.957869827747345,
        869.0494384765625,
        207.61781311035156,
        0.9528566002845764,
        878.5211181640625,
        207.61781311035156,
        0.8725586533546448,
        861.4720458984375,
        209.51214599609375,
        0.9269965887069702,
        880.4154663085938,
        226.56121826171875,
        0.8865002989768982,
        859.5776977539062,
        232.24423217773438,
        0.9006451964378357,
        878.5211181640625,
        251.18763732910156,
        0.8505016565322876,
        850.1060180664062,
        260.6593322753906,
        0.8984659910202026,
        886.0985107421875,
        272.025390625,
        0.8148614168167114,
        865.2607421875,
        287.18011474609375,
        0.8775272369384766,
        876.6267700195312,
        285.2857666015625,
        0.8166612982749939,
        861.4720458984375,
        289.074462890625,
        0.804966151714325,
        891.781494140625,
        321.2782287597656,
        0.9228910207748413,
        867.1550903320312,
        330.74993896484375,
        0.8607063889503479,
        882.309814453125,
        361.05938720703125,
        0.8936866521835327,
        865.2607421875,
        372.4254455566406,
        0.8845494389533997,
        835.7057969393411,
        189.242680602642,
        72.37028084018982,
        193.98051356404284
    ],
    "13": [
        1021.2330932617188,
        260.4049072265625,
        0.9006316661834717,
        1026.2265625,
        257.0758972167969,
        0.8818137645721436,
        1017.904052734375,
        257.0758972167969,
        0.8988394141197205,
        1032.8846435546875,
        258.74041748046875,
        0.930051326751709,
        1014.5750732421875,
        257.0758972167969,
        0.924966037273407,
        1041.2071533203125,
        277.0499267578125,
        0.9035881757736206,
        1007.9170532226562,
        275.38543701171875,
        0.9263302087783813,
        1052.858642578125,
        298.6884765625,
        0.8727494478225708,
        1004.5880737304688,
        298.6884765625,
        0.9383863806724548,
        1044.5361328125,
        320.3269958496094,
        0.8915774822235107,
        999.5945434570312,
        321.9914855957031,
        0.9151812195777893,
        1046.2005615234375,
        321.9914855957031,
        0.7621046304702759,
        1026.2265625,
        323.656005859375,
        0.82280433177948,
        1046.2005615234375,
        355.28155517578125,
        0.8668392300605774,
        1012.9105834960938,
        358.6105651855469,
        0.8614151477813721,
        1061.18115234375,
        393.5650939941406,
        0.8703354001045227,
        1027.89111328125,
        386.9071044921875,
        0.8739731907844543,
        993.7077899493423,
        239.26575092150983,
        66.70199778186986,
        170.44502485048974
    ],
    "12": [
        763.8198852539062,
        173.45777893066406,
        0.9313638210296631,
        765.2678833007812,
        170.56170654296875,
        0.9255988001823425,
        759.4757690429688,
        170.56170654296875,
        0.9330662488937378,
        771.06005859375,
        173.45777893066406,
        0.9173334836959839,
        755.1316528320312,
        174.90582275390625,
        0.9601748585700989,
        778.3002319335938,
        190.834228515625,
        0.9199646711349487,
        750.7875366210938,
        192.2822723388672,
        0.883709728717804,
        781.1962890625,
        212.55479431152344,
        0.9020140767097473,
        747.8914794921875,
        215.45086669921875,
        0.860162615776062,
        782.6443481445312,
        231.37928771972656,
        0.815758228302002,
        744.995361328125,
        238.61947631835938,
        0.8917006850242615,
        775.4041748046875,
        234.27536010742188,
        0.8140980005264282,
        758.0277099609375,
        234.27536010742188,
        0.8363373875617981,
        775.4041748046875,
        263.2361145019531,
        0.8126436471939087,
        760.9237670898438,
        266.1321716308594,
        0.8279180526733398,
        772.5081176757812,
        286.4046936035156,
        0.8269360065460205,
        765.2678833007812,
        296.54095458984375,
        0.8839829564094543,
        736.4435213217724,
        157.96376313629952,
        56.20078628730687,
        148.27905310463422
    ],
    "2": [
        529.6770629882812,
        181.63067626953125,
        0.8719684481620789,
        531.1103515625,
        178.76402282714844,
        0.8726285696029663,
        525.3770751953125,
        180.19735717773438,
        0.8687845468521118,
        533.9769897460938,
        180.19735717773438,
        0.8788268566131592,
        521.0770874023438,
        181.63067626953125,
        0.8890634179115295,
        541.1436157226562,
        197.3972625732422,
        0.8768776655197144,
        515.3438110351562,
        198.83059692382812,
        0.8743811249732971,
        554.0435791015625,
        211.7305145263672,
        0.8675068616867065,
        512.4771118164062,
        217.4638214111328,
        0.8564589023590088,
        568.3768310546875,
        223.19712829589844,
        0.8582608103752136,
        529.6770629882812,
        216.03050231933594,
        0.8624594211578369,
        539.7103271484375,
        240.39703369140625,
        0.7873179912567139,
        522.5104370117188,
        241.8303680419922,
        0.7879214286804199,
        539.7103271484375,
        271.9302062988281,
        0.8320154547691345,
        521.0770874023438,
        271.9302062988281,
        0.8395479917526245,
        538.2769775390625,
        299.16339111328125,
        0.853446364402771,
        521.0770874023438,
        299.16339111328125,
        0.8793013691902161,
        500.7330157404341,
        166.294095370789,
        62.1880560014622,
        146.77257050959182
    ],