{
    "13": [
        1028.6973876953125,
        262.3524475097656,
        0.9331403374671936,
        1031.9776611328125,
        259.072265625,
        0.9122595191001892,
        1025.417236328125,
        257.43218994140625,
        0.9367398023605347,
        1038.5379638671875,
        260.7123718261719,
        0.9473394751548767,
        1020.4969482421875,
        259.072265625,
        0.9458321928977966,
        1046.7384033203125,
        278.75335693359375,
        0.9232193231582642,
        1012.2965087890625,
        277.11328125,
        0.8956030011177063,
        1056.5789794921875,
        301.7146301269531,
        0.8984541893005371,
        1005.7361450195312,
        301.7146301269531,
        0.8904589414596558,
        1053.298828125,
        321.3957214355469,
        0.8826617002487183,
        1000.8158569335938,
        324.6759033203125,
        0.8888587355613708,
        1050.0185546875,
        324.6759033203125,
        0.7751173377037048,
        1028.6973876953125,
        326.3160095214844,
        0.8600229024887085,
        1061.499267578125,
        360.7579040527344,
        0.8573010563850403,
        1015.5767211914062,
        360.7579040527344,
        0.8866180777549744,
        1074.6199951171875,
        395.1998291015625,
        0.914247989654541,
        1027.057373046875,
        385.3592834472656,
        0.9200828671455383,
        1000.6190568294891,
        239.88319202516385,
        67.63743915663088,
        167.94532288813508
    ],
    "5": [
        879.26611328125,
        209.12042236328125,
        0.9401487708091736,
        881.1580200195312,
        205.3365936279297,
        0.9533038139343262,
        875.4822387695312,
        205.3365936279297,
        0.9503949284553528,
        884.9418334960938,
        207.22850036621094,
        0.8885418176651001,
        867.91455078125,
        209.12042236328125,
        0.9401260614395142,
        888.7257080078125,
        226.147705078125,
        0.911418080329895,
        862.2388305664062,
        229.93153381347656,
        0.9168397188186646,
        886.833740234375,
        250.74266052246094,
        0.8419788479804993,
        854.671142578125,
        258.3103332519531,
        0.882591962814331,
        890.6176147460938,
        273.4456787109375,
        0.8589573502540588,
        864.1307373046875,
        282.9052734375,
        0.864535391330719,
        883.0499267578125,
        286.6891174316406,
        0.8610526919364929,
        866.0226440429688,
        286.6891174316406,
        0.7863656282424927,
        894.4014282226562,
        324.52752685546875,
        0.8895879983901978,
        866.0226440429688,
        330.2032775878906,
        0.8743304014205933,
        896.2933349609375,
        362.36590576171875,
        0.8688223361968994,
        866.0226440429688,
        373.7174072265625,
        0.8730396032333374,
        842.0951531658357,
        188.8768798487521,
        72.44994611447441,
        193.7325863976383
    ],
    "12": [
        767.0192260742188,
        175.11729431152344,
        0.9423081874847412,
        768.4615478515625,
        173.6749725341797,
        0.9466383457183838,
        764.134521484375,
        173.6749725341797,
        0.9425959587097168,
        772.7885131835938,
        175.11729431152344,
        0.9471465945243835,
        759.8075561523438,
        176.5596160888672,
        0.917280375957489,
        780.0001220703125,
        192.4251708984375,
        0.9149787425994873,
        754.0382690429688,
        193.86749267578125,
        0.9158276319503784,
        782.884765625,
        215.50233459472656,
        0.8923189043998718,
        748.2689819335938,
        216.9446563720703,
        0.8731680512428284,
        785.7694091796875,
        235.69485473632812,
        0.844887375831604,
        745.3843383789062,
        238.57949829101562,
        0.8855569958686829,
        775.6731567382812,
        235.69485473632812,
        0.8167974352836609,
        759.8075561523438,
        235.69485473632812,
        0.8308619260787964,
        774.2308349609375,
        264.54132080078125,
        0.8236621618270874,
        761.2498779296875,
        267.42596435546875,
        0.8299773931503296,
        771.34619140625,
        287.6184997558594,
        0.8421174883842468,
        764.134521484375,
        296.2724304199219,
        0.862169623374939,
        736.7653911592989,
        159.68444900417146,
        56.18059681664727,
        147.69384565999806
    ],
    "15": [
        1257.747802734375,
        226.65304565429688,
        0.934651792049408,
        1261.4234619140625,
        222.97732543945312,
        0.9280511140823364,
        1254.072021484375,
        222.97732543945312,
        0.9197775721549988,
        1268.7750244140625,
        224.815185546875,
        0.9557343125343323,
        1250.3963623046875,
        224.815185546875,
        0.874603271484375,
        1270.61279296875,
        248.70742797851562,
        0.869236171245575,
        1248.5584716796875,
        246.86956787109375,
        0.8796945214271545,
        1274.28857421875,
        278.11328125,
        0.8580942749977112,
        1246.7205810546875,
        276.2754211425781,
        0.8640460968017578,
        1265.0992431640625,
        305.6812438964844,
        0.9140925407409668,
        1233.8555908203125,
        298.3298034667969,
        0.8816178441047668,
        1268.7750244140625,
        307.51910400390625,
        0.7731642127037048,
        1252.2342529296875,
        305.6812438964844,
        0.7791407108306885,
        1266.9371337890625,
        347.9521484375,
        0.8353022336959839,
        1237.53125,
        336.9249572753906,
        0.8745789527893066,
        1294.505126953125,
        379.19586181640625,
        0.866936206817627,
        1230.1798095703125,
        377.3580017089844,
        0.9030903577804565,
        1220.8294243173964,
        203.3121841336997,
        71.99895151491523,
        188.19735662590222
    ],
    "9": [
        785.803466796875,
        419.279296875,
        0.7480183243751526,
        782.3724365234375,
        415.8482360839844,
        0.5485396981239319,
        785.803466796875,
        415.8482360839844,
        0.8026275634765625,
        748.0618896484375,
        419.279296875,
        0.9213257431983948,
        782.3724365234375,
        419.279296875,
        0.9234199523925781,
        730.9066162109375,
        467.31402587890625,
        0.9127321243286133,
        799.5277099609375,
        463.8829650878906,
        0.9087995886802673,
        724.0445556640625,
        515.3487548828125,
        0.9606981873512268,
        823.5450439453125,
        508.4866638183594,
        0.9364641308784485,
        720.6134643554688,
        559.9524536132812,
        0.955446183681488,
        840.7003173828125,
        549.6593017578125,
        0.94120854139328,
        748.0618896484375,
        563.383544921875,
        0.8437865972518921,
        785.803466796875,
        566.8145751953125,
        0.869788408279419,
        761.7861328125,
        621.71142578125,
        0.8952078223228455,
        782.3724365234375,
        632.0045776367188,
        0.9607292413711548,
        772.0792846679688,
        683.4703979492188,
        0.8143351674079895,
        765.2171630859375,
        700.6256713867188,
        0.9075237512588501,
        697.6982158752245,
        382.5670015941337,
        152.19316839995452,
        351.339851050978
    ],