{
    "13": [
        1037.735107421875,
        263.6362609863281,
        0.9303151369094849,
        1040.984619140625,
        260.3868103027344,
        0.9218249917030334,
        1034.4857177734375,
        260.3868103027344,
        0.9494464993476868,
        1045.8587646484375,
        262.01153564453125,
        0.9627499580383301,
        1029.6114501953125,
        260.3868103027344,
        0.9225017428398132,
        1053.982421875,
        279.88360595703125,
        0.9331141114234924,
        1019.8630981445312,
        278.25885009765625,
        0.8950726389884949,
        1062.1060791015625,
        302.6298522949219,
        0.9118208289146423,
        1010.1146850585938,
        304.25457763671875,
        0.8817585706710815,
        1058.856689453125,
        323.7513732910156,
        0.9206864833831787,
        1003.61572265625,
        327.0008544921875,
        0.9258822798728943,
        1055.607177734375,
        328.6255798339844,
        0.7754248976707458,
        1032.8609619140625,
        330.25030517578125,
        0.8304176926612854,
        1068.6051025390625,
        362.7449645996094,
        0.8713023066520691,
        1018.2383422851562,
        364.3697204589844,
        0.8985286951065063,
        1081.6029052734375,
        398.4891052246094,
        0.8991893529891968,
        1027.9866943359375,
        387.115966796875,
        0.8961774706840515,
        1005.8277191861366,
        241.37744220345547,
        68.68896698174194,
        166.3725932224653
    ],
    "5": [
        884.5520629882812,
        208.48667907714844,
        0.9678086638450623,
        888.3853149414062,
        206.57005310058594,
        0.951042890548706,
        880.7188110351562,
        206.57005310058594,
        0.9619157910346985,
        890.3019409179688,
        208.48667907714844,
        0.8949335813522339,
        873.0523071289062,
        208.48667907714844,
        0.9645946621894836,
        896.0518798828125,
        225.7363739013672,
        0.9076454043388367,
        865.3857421875,
        231.48626708984375,
        0.8935774564743042,
        894.13525390625,
        252.56922912597656,
        0.8848147988319397,
        855.8026123046875,
        256.4024963378906,
        0.8974683880805969,
        897.968505859375,
        275.5688171386719,
        0.8868371844291687,
        863.4691162109375,
        279.4020690917969,
        0.9033673405647278,
        888.3853149414062,
        287.068603515625,
        0.8560036420822144,
        869.218994140625,
        287.068603515625,
        0.819968581199646,
        896.0518798828125,
        327.31787109375,
        0.8706777095794678,
        867.3023681640625,
        331.1511535644531,
        0.8465532064437866,
        896.0518798828125,
        363.73388671875,
        0.8966888785362244,
        865.3857421875,
        373.3170471191406,
        0.8547222018241882,
        844.6517573932128,
        187.97873683362062,
        74.0507236651697,
        196.26311665072066
    ],
    "12": [
        768.7481689453125,
        176.96774291992188,
        0.9500667452812195,
        771.650146484375,
        174.06578063964844,
        0.9401849508285522,
        765.8462524414062,
        174.06578063964844,
        0.9490629434585571,
        774.5521240234375,
        175.5167694091797,
        0.9441720247268677,
        760.0422973632812,
        176.96774291992188,
        0.9520676136016846,
        780.3560791015625,
        192.92855834960938,
        0.9184208512306213,
        754.2383422851562,
        191.47756958007812,
        0.8900144100189209,
        783.2579956054688,
        213.2423095703125,
        0.8780239224433899,
        748.4344482421875,
        214.69329833984375,
        0.8888245820999146,
        783.2579956054688,
        232.10508728027344,
        0.7280417680740356,
        745.532470703125,
        236.45802307128906,
        0.8509997725486755,
        774.5521240234375,
        233.55606079101562,
        0.8338450789451599,
        758.59130859375,
        233.55606079101562,
        0.8280712962150574,
        774.5521240234375,
        262.5757141113281,
        0.8187509179115295,
        760.0422973632812,
        264.0267028808594,
        0.8544348478317261,
        771.650146484375,
        288.6933898925781,
        0.8881105780601501,
        762.9442749023438,
        293.0463562011719,
        0.8477689623832703,
        738.1543442033269,
        159.9912086073968,
        56.834762218716605,
        148.5806619507345
    ],
    "7": [
        681.9366455078125,
        239.82423400878906,
        0.9525921940803528,
        683.9478759765625,
        235.80178833007812,
        0.9298986196517944,
        677.9142456054688,
        235.80178833007812,
        0.9614911675453186,
        685.9591064453125,
        237.81300354003906,
        0.8377685546875,
        667.858154296875,
        239.82423400878906,
        0.937066376209259,
        694.0040283203125,
        259.9364318847656,
        0.9123711585998535,
        659.813232421875,
        263.9588928222656,
        0.8500659465789795,
        706.0713500976562,
        282.05987548828125,
        0.9330776929855347,
        647.7459106445312,
        296.138427734375,
        0.7945449948310852,
        698.0264282226562,
        288.0935363769531,
        0.8845146298408508,
        651.7683715820312,
        286.08233642578125,
        0.8075577616691589,
        691.9927978515625,
        324.2955322265625,
        0.8078808188438416,
        669.8693237304688,
        324.2955322265625,
        0.826665461063385,
        696.0151977539062,
        368.54241943359375,
        0.8369336724281311,
        665.846923828125,
        368.54241943359375,
        0.8471518158912659,
        698.0264282226562,
        408.766845703125,
        0.8926776051521301,
        665.846923828125,
        414.8005065917969,
        0.863166332244873,
        633.5016506697212,
        222.3265887617053,
        82.79152726083726,
        205.94913986902685
    ],
    "9": [
        771.7688598632812,
        433.4396057128906,
        0.7132948637008667,
        764.9896850585938,
        433.4396057128906,
        0.5660475492477417,
        768.3792724609375,
        430.0500183105469,
        0.7519639730453491,
        734.4834594726562,
        433.4396057128906,
        0.9527088403701782,
        768.3792724609375,
        433.4396057128906,
        0.9490428566932678,
        717.5355224609375,
        477.50421142578125,
        0.9446649551391602,
        781.9376220703125,
        480.893798828125,
        0.9340242743492126,
        703.9771728515625,
        531.7376098632812,
        0.9201594591140747,
        802.275146484375,
        531.7376098632812,
        0.9261960983276367,
        693.8084106445312,
        575.8021850585938,
        0.9170802235603333,
        819.2230834960938,
        572.4126586914062,
        0.9558316469192505,
        724.314697265625,
        575.8021850585938,
        0.8454400300979614,
        761.60009765625,
        579.1917724609375,
        0.8259915709495544,
        734.4834594726562,
        633.4251708984375,
        0.9511381387710571,
        764.9896850585938,
        643.5939331054688,
        0.9308863878250122,
        724.314697265625,
        697.8273315429688,
        0.8539618253707886,
        758.2105102539062,
        714.7752685546875,
        0.9189616441726685,
        677.9600065592108,
        400.56056144922997,
        150.33225840383,
        347.09366783510853
    ],