{
    "13": [
        1048.6890869140625,
        262.9586486816406,
        0.9429510235786438,
        1051.987548828125,
        259.6602478027344,
        0.9429984092712402,
        1045.3907470703125,
        259.6602478027344,
        0.9461559653282166,
        1056.93505859375,
        262.9586486816406,
        0.922365128993988,
        1038.7939453125,
        261.3094482421875,
        0.9181042313575745,
        1065.1810302734375,
        281.0998229980469,
        0.9139284491539001,
        1028.8988037109375,
        279.45062255859375,
        0.8955197930335999,
        1071.77783203125,
        304.18853759765625,
        0.937041163444519,
        1020.6527709960938,
        304.18853759765625,
        0.8748394846916199,
        1070.128662109375,
        323.9789123535156,
        0.8909217119216919,
        1014.0559692382812,
        328.9264831542969,
        0.9018657207489014,
        1061.8826904296875,
        328.9264831542969,
        0.8230405449867249,
        1038.7939453125,
        330.57568359375,
        0.8413617014884949,
        1075.076171875,
        363.5596008300781,
        0.8443700671195984,
        1025.600341796875,
        365.20880126953125,
        0.809924304485321,
        1083.3221435546875,
        399.8419189453125,
        0.8927130699157715,
        1025.600341796875,
        384.9991455078125,
        0.863120973110199,
        1012.3410564112302,
        242.01384542535573,
        71.0469486199487,
        168.8777050788384
    ],
    "5": [
        889.4293212890625,
        208.60446166992188,
        0.9286457896232605,
        893.287353515625,
        204.7464599609375,
        0.948140025138855,
        885.5712890625,
        204.7464599609375,
        0.9232483506202698,
        895.2163696289062,
        206.6754608154297,
        0.9110178351402283,
        877.8552856445312,
        208.60446166992188,
        0.9316438436508179,
        902.932373046875,
        225.96551513671875,
        0.9109231233596802,
        868.2102661132812,
        229.8235321044922,
        0.8885104060173035,
        901.0033569335938,
        252.9716033935547,
        0.875096321105957,
        860.4942626953125,
        254.90060424804688,
        0.8631352186203003,
        902.932373046875,
        278.0486755371094,
        0.8427882790565491,
        864.3522338867188,
        276.11968994140625,
        0.9219787120819092,
        891.3583374023438,
        285.76470947265625,
        0.8483706712722778,
        872.0682983398438,
        285.76470947265625,
        0.8151527643203735,
        895.2163696289062,
        326.2738342285156,
        0.8567224144935608,
        870.1392822265625,
        328.20281982421875,
        0.8527489304542542,
        895.2163696289062,
        362.9249267578125,
        0.8798826336860657,
        868.2102661132812,
        370.6409606933594,
        0.8689685463905334,
        847.1241131160602,
        186.03512292216234,
        74.96539231878808,
        197.53015466596142
    ],
    "15": [
        1287.7821044921875,
        221.9027557373047,
        0.9290550351142883,
        1291.591064453125,
        218.09390258789062,
        0.9216829538345337,
        1283.9732666015625,
        218.09390258789062,
        0.9641137719154358,
        1299.208740234375,
        221.9027557373047,
        0.962634801864624,
        1282.06884765625,
        221.9027557373047,
        0.8927814960479736,
        1303.017578125,
        240.947021484375,
        0.8841589093208313,
        1285.877685546875,
        242.85145568847656,
        0.8891308307647705,
        1304.9219970703125,
        273.322265625,
        0.8886764049530029,
        1285.877685546875,
        273.322265625,
        0.85284423828125,
        1293.4954833984375,
        299.9842529296875,
        0.9146026372909546,
        1270.642333984375,
        296.1753845214844,
        0.7995252013206482,
        1303.017578125,
        298.079833984375,
        0.8143742680549622,
        1287.7821044921875,
        298.079833984375,
        0.8258606791496277,
        1297.3043212890625,
        339.9772033691406,
        0.8480914235115051,
        1278.260009765625,
        334.263916015625,
        0.9007217884063721,
        1301.1131591796875,
        383.7790222167969,
        0.8741353154182434,
        1276.3555908203125,
        376.16131591796875,
        0.8673746585845947,
        1250.7530359347115,
        203.4298505558012,
        75.96279465745374,
        195.013230742054
    ],
    "9": [
        752.3670043945312,
        442.22979736328125,
        0.749165952205658,
        742.3612670898438,
        438.89453125,
        0.6485292315483093,
        752.3670043945312,
        435.559326171875,
        0.7724876999855042,
        715.6793823242188,
        442.22979736328125,
        0.8996105790138245,
        749.03173828125,
        442.22979736328125,
        0.984200119972229,
        695.66796875,
        485.58782958984375,
        0.9539686441421509,
        759.0374755859375,
        488.923095703125,
        0.908623456954956,
        685.6622924804688,
        535.6163940429688,
        0.9558330774307251,
        772.37841796875,
        542.286865234375,
        0.8969494700431824,
        675.6565551757812,
        582.3096923828125,
        0.914058268070221,
        785.7193603515625,
        588.9801635742188,
        0.9391773343086243,
        709.0089111328125,
        588.9801635742188,
        0.8236362934112549,
        745.696533203125,
        588.9801635742188,
        0.8380977511405945,
        705.6737060546875,
        649.014404296875,
        0.874052107334137,
        762.3726806640625,
        645.6791381835938,
        0.8999814987182617,
        678.9918212890625,
        712.3838500976562,
        0.8652154207229614,
        755.7022094726562,
        715.7191162109375,
        0.8846824765205383,
        653.6263112001109,
        406.5427631157569,
        147.45284928523427,
        341.52810906670095
    ],
    "12": [
        769.0564575195312,
        173.12783813476562,
        0.9077671766281128,
        771.885498046875,
        170.2987823486328,
        0.9378736615180969,
        766.2274169921875,
        170.2987823486328,
        0.9036697149276733,
        774.7145385742188,
        173.12783813476562,
        0.9014034271240234,
        760.5692749023438,
        174.5423583984375,
        0.9098238348960876,
        780.3726806640625,
        190.10214233398438,
        0.9043529629707336,
        753.4967041015625,
        190.10214233398438,
        0.9193745255470276,
        781.7871704101562,
        209.90548706054688,
        0.9039416313171387,
        749.2531127929688,
        211.3200225830078,
        0.874586284160614,
        788.8598022460938,
        232.53790283203125,
        0.6996994614601135,
        746.424072265625,
        232.53790283203125,
        0.8515465259552002,
        773.300048828125,
        231.12338256835938,
        0.804758608341217,
        757.740234375,
        231.12338256835938,
        0.8055188655853271,
        774.7145385742188,
        260.8283996582031,
        0.8580463528633118,
        759.15478515625,
        262.242919921875,
        0.8346182107925415,
        771.885498046875,
        287.7043762207031,
        0.8700547218322754,
        760.5692749023438,
        290.533447265625,
        0.8430863618850708,
        737.7180714369439,
        156.57791376436242,
        55.60415280332393,
        144.84735308779986
    ],