{
    "13": [
        1060.7498779296875,
        259.55364990234375,
        0.9537505507469177,
        1064.24462890625,
        256.0588684082031,
        0.9374191164970398,
        1057.255126953125,
        256.0588684082031,
        0.950233519077301,
        1069.48681640625,
        257.8062438964844,
        0.9351352453231812,
        1052.012939453125,
        257.8062438964844,
        0.9316163659095764,
        1078.2237548828125,
        278.77496337890625,
        0.9185100793838501,
        1041.528564453125,
        277.0275573730469,
        0.9154528975486755,
        1085.21337890625,
        303.2384338378906,
        0.9381640553474426,
        1032.7916259765625,
        303.2384338378906,
        0.8895680904388428,
        1086.960693359375,
        324.2071228027344,
        0.9277249574661255,
        1025.802001953125,
        324.2071228027344,
        0.8947880864143372,
        1071.2342529296875,
        329.4493103027344,
        0.8312311172485352,
        1046.770751953125,
        327.701904296875,
        0.8352988362312317,
        1079.97119140625,
        366.14453125,
        0.8844795823097229,
        1036.286376953125,
        362.6497497558594,
        0.8423323631286621,
        1085.21337890625,
        401.09234619140625,
        0.8629139065742493,
        1024.0546875,
        385.3658142089844,
        0.8815242648124695,
        1019.8780540368576,
        237.36177553552272,
        76.50148665361178,
        178.9329009730218
    ],
    "5": [
        895.6109619140625,
        206.48019409179688,
        0.9342605471611023,
        899.4712524414062,
        202.619873046875,
        0.9546594619750977,
        891.7506103515625,
        202.619873046875,
        0.9141793251037598,
        901.4014282226562,
        206.48019409179688,
        0.9511830806732178,
        885.9601440429688,
        206.48019409179688,
        0.9351823329925537,
        907.19189453125,
        227.71192932128906,
        0.9080823659896851,
        872.4490356445312,
        225.78176879882812,
        0.8894826173782349,
        907.19189453125,
        250.8738250732422,
        0.8702715635299683,
        862.7982788085938,
        248.94366455078125,
        0.8477213382720947,
        907.19189453125,
        274.0357360839844,
        0.9181837439537048,
        864.7283935546875,
        272.1055603027344,
        0.8756892681121826,
        895.6109619140625,
        283.6865234375,
        0.8515377640724182,
        874.3792114257812,
        283.6865234375,
        0.8262677788734436,
        895.6109619140625,
        324.2198181152344,
        0.8920512199401855,
        870.5188598632812,
        324.2198181152344,
        0.8983966112136841,
        895.6109619140625,
        362.822998046875,
        0.8960975408554077,
        864.7283935546875,
        368.61346435546875,
        0.8952051997184753,
        848.8545805208659,
        183.89735443231163,
        76.14130660548597,
        197.64816952468416
    ],
    "17": [
        584.7120361328125,
        233.49415588378906,
        0.9193910956382751,
        586.70458984375,
        229.50900268554688,
        0.9574887156486511,
        578.7342529296875,
        231.50157165527344,
        0.9388569593429565,
        588.6971435546875,
        231.50157165527344,
        0.8914227485656738,
        570.7639770507812,
        233.49415588378906,
        0.9223485589027405,
        598.6600341796875,
        253.41989135742188,
        0.9206801652908325,
        564.7862548828125,
        255.41246032714844,
        0.9430376291275024,
        614.6005859375,
        277.3307800292969,
        0.9020622372627258,
        560.8011474609375,
        275.33819580078125,
        0.7990028858184814,
        602.6451416015625,
        303.2342529296875,
        0.9241802096366882,
        562.793701171875,
        289.2862243652344,
        0.8830080628395081,
        594.6748657226562,
        313.1971130371094,
        0.8248593211174011,
        572.756591796875,
        313.1971130371094,
        0.8109846711158752,
        592.6823120117188,
        359.02630615234375,
        0.910615086555481,
        564.7862548828125,
        357.03375244140625,
        0.8760891556739807,
        620.578369140625,
        370.98175048828125,
        0.9183222651481628,
        560.8011474609375,
        400.870361328125,
        0.8766347765922546,
        541.366131495386,
        208.18845045166393,
        80.71404857821301,
        204.03959622788466
    ],
    "12": [
        768.7522583007812,
        171.3387451171875,
        0.9245730638504028,
        771.6119384765625,
        168.47906494140625,
        0.9402927756309509,
        765.892578125,
        168.47906494140625,
        0.9258676767349243,
        774.4716186523438,
        171.3387451171875,
        0.9321151375770569,
        760.1732177734375,
        172.76858520507812,
        0.9262506365776062,
        780.1909790039062,
        189.92662048339844,
        0.9091116786003113,
        751.59423828125,
        188.4967803955078,
        0.907647430896759,
        785.9102783203125,
        209.94432067871094,
        0.9290493726730347,
        747.3047485351562,
        211.37416076660156,
        0.8977115154266357,
        793.0595092773438,
        228.53219604492188,
        0.857739269733429,
        744.445068359375,
        231.39186096191406,
        0.8552257418632507,
        771.6119384765625,
        231.39186096191406,
        0.7942818999290466,
        755.8837280273438,
        231.39186096191406,
        0.8131510019302368,
        773.041748046875,
        261.4184265136719,
        0.8334310054779053,
        754.4539184570312,
        262.8482666015625,
        0.838599443435669,
        771.6119384765625,
        287.1554870605469,
        0.8910554051399231,
        753.0240478515625,
        290.0151672363281,
        0.887421727180481,
        736.8844258408491,
        154.60969364537908,
        56.58651989680652,
        146.4151773034135
    ],
    "15": [
        1314.5836181640625,
        223.9293670654297,
        0.9292133450508118,
        1318.480224609375,
        220.03280639648438,
        0.9419482946395874,
        1310.6871337890625,
        220.03280639648438,
        0.9513704180717468,
        1326.2733154296875,
        221.9810791015625,
        0.9121336340904236,
        1308.73876953125,
        223.9293670654297,
        0.8772947192192078,
        1332.1181640625,
        245.36044311523438,
        0.867085337638855,
        1310.6871337890625,
        245.36044311523438,
        0.896914541721344,
        1336.0147705078125,
        278.481201171875,
        0.8847404718399048,
        1308.73876953125,
        272.6363830566406,
        0.8857419490814209,
        1324.3250732421875,
        305.75714111328125,
        0.9224920272827148,
        1300.9456787109375,
        296.0157470703125,
        0.9263527393341064,
        1330.169921875,
        303.8088684082031,
        0.772240161895752,
        1314.5836181640625,
        301.8605651855469,
        0.822508692741394,
        1320.428466796875,
        342.77447509765625,
        0.7390093207359314,
        1306.79052734375,
        340.826171875,
        0.900131344795227,
        1341.859619140625,
        385.6366271972656,
        0.8430021405220032,
        1318.480224609375,
        381.7400817871094,
        0.9092264771461487,
        1281.1892376217747,
        203.08277253668692,
        76.53032374627969,
        199.5038849327544
    ],