{
    "5": [
        893.4620971679688,
        209.4375,
        0.9576279520988464,
        897.3231811523438,
        205.57635498046875,
        0.9449386596679688,
        889.6009521484375,
        205.57635498046875,
        0.9375967979431152,
        901.184326171875,
        207.50692749023438,
        0.8990417718887329,
        883.8092041015625,
        209.4375,
        0.9447903037071228,
        905.0454711914062,
        230.67376708984375,
        0.9148470759391785,
        872.2257690429688,
        228.74319458007812,
        0.8987882137298584,
        905.0454711914062,
        253.84060668945312,
        0.8916102647781372,
        856.78125,
        249.97946166992188,
        0.8771581649780273,
        905.0454711914062,
        275.0768737792969,
        0.9044501185417175,
        858.7117919921875,
        273.14630126953125,
        0.9138102531433105,
        891.531494140625,
        286.6602783203125,
        0.8408188819885254,
        870.2952270507812,
        286.6602783203125,
        0.8356980085372925,
        901.184326171875,
        323.34112548828125,
        0.9071006178855896,
        860.6423950195312,
        325.2716979980469,
        0.8797476291656494,
        897.3231811523438,
        363.8830871582031,
        0.9193185567855835,
        847.12841796875,
        367.7442321777344,
        0.8917444944381714,
        843.7559577405028,
        186.84981090624387,
        78.17594576127567,
        197.69038342439399
    ],
    "13": [
        1061.0081787109375,
        254.32730102539062,
        0.9414304494857788,
        1066.596923828125,
        250.6014862060547,
        0.9488351345062256,
        1059.145263671875,
        250.6014862060547,
        0.9401212334632874,
        1072.1856689453125,
        252.46438598632812,
        0.9741336703300476,
        1053.556640625,
        250.6014862060547,
        0.910407304763794,
        1079.6373291015625,
        274.8193054199219,
        0.9293500185012817,
        1042.379150390625,
        271.0934753417969,
        0.914592444896698,
        1087.0889892578125,
        300.9000244140625,
        0.8767121434211731,
        1033.0645751953125,
        293.4483947753906,
        0.9213635325431824,
        1083.3631591796875,
        325.11785888671875,
        0.9161967635154724,
        1025.6129150390625,
        313.9403991699219,
        0.8840723633766174,
        1070.32275390625,
        325.11785888671875,
        0.8574724197387695,
        1044.2420654296875,
        323.25494384765625,
        0.8525927066802979,
        1081.500244140625,
        356.7873229980469,
        0.8192523717880249,
        1034.927490234375,
        362.37603759765625,
        0.8728749752044678,
        1090.8148193359375,
        399.63421630859375,
        0.8753750920295715,
        1031.20166015625,
        395.9084167480469,
        0.8629302978515625,
        1017.1373014729504,
        228.80545813069443,
        82.1531999562012,
        190.76187026126252
    ],
    "17": [
        550.2149658203125,
        240.43406677246094,
        0.9723549485206604,
        552.2479248046875,
        236.36813354492188,
        0.9707894921302795,
        546.1489868164062,
        236.36813354492188,
        0.9628567695617676,
        554.2808837890625,
        238.40110778808594,
        0.8831084370613098,
        535.9841918945312,
        238.40110778808594,
        0.9275742173194885,
        564.4457397460938,
        260.76373291015625,
        0.8732197284698486,
        523.786376953125,
        264.8296813964844,
        0.8977444767951965,
        574.6105346679688,
        287.1922912597656,
        0.8798375129699707,
        517.6875,
        289.22528076171875,
        0.80617755651474,
        574.6105346679688,
        309.554931640625,
        0.8861569762229919,
        527.852294921875,
        305.489013671875,
        0.8956571817398071,
        556.3138427734375,
        321.75274658203125,
        0.7767278552055359,
        531.9182739257812,
        321.75274658203125,
        0.8317224979400635,
        540.0501098632812,
        372.576904296875,
        0.9069220423698425,
        529.88525390625,
        372.576904296875,
        0.8722196817398071,
        529.88525390625,
        417.3021545410156,
        0.8388059735298157,
        546.1489868164062,
        394.9395446777344,
        0.9139952659606934,
        497.33844478037406,
        212.58242538226023,
        83.39034689430378,
        208.1758022242792
    ],
    "12": [
        765.1053466796875,
        170.30331420898438,
        0.9309510588645935,
        767.9939575195312,
        167.4147186279297,
        0.9283425807952881,
        762.2167358398438,
        168.85902404785156,
        0.9172011613845825,
        770.8825073242188,
        170.30331420898438,
        0.9207518100738525,
        756.4395751953125,
        171.7476043701172,
        0.9215453267097473,
        778.10400390625,
        187.63487243652344,
        0.920728862285614,
        749.2180786132812,
        187.63487243652344,
        0.9176656007766724,
        782.4368896484375,
        209.29931640625,
        0.9228674173355103,
        744.8851928710938,
        209.29931640625,
        0.883854866027832,
        788.214111328125,
        226.63087463378906,
        0.8942837119102478,
        741.99658203125,
        229.51947021484375,
        0.8111086487770081,
        770.8825073242188,
        229.51947021484375,
        0.7890909910202026,
        752.106689453125,
        229.51947021484375,
        0.8033827543258667,
        772.3268432617188,
        259.8497009277344,
        0.8584118485450745,
        752.106689453125,
        259.8497009277344,
        0.8306218385696411,
        770.8825073242188,
        287.29132080078125,
        0.8857653737068176,
        752.106689453125,
        290.179931640625,
        0.8683086037635803,
        734.2811984912429,
        153.4050285722774,
        57.3153780593467,
        147.89599893733987
    ],
    "7": [
        680.4524536132812,
        239.0374298095703,
        0.9337188005447388,
        682.4744873046875,
        234.99346923828125,
        0.9247509837150574,
        676.4085083007812,
        234.99346923828125,
        0.9341551661491394,
        684.4964599609375,
        237.0154571533203,
        0.766457200050354,
        666.298583984375,
        239.0374298095703,
        0.9472604393959045,
        690.5623779296875,
        259.2572937011719,
        0.9217356443405151,
        658.2106323242188,
        265.3232421875,
        0.8811274170875549,
        702.6943359375,
        281.4991149902344,
        0.8167197704315186,
        644.0567626953125,
        295.65301513671875,
        0.8967583775520325,
        704.71630859375,
        279.4771423339844,
        0.8568512797355652,
        656.1886596679688,
        287.5650939941406,
        0.9169513583183289,
        690.5623779296875,
        321.9388427734375,
        0.8368822336196899,
        668.320556640625,
        325.9828186035156,
        0.8193268179893494,
        696.6283569335938,
        366.4225158691406,
        0.8484081625938416,
        666.298583984375,
        372.48846435546875,
        0.8525112867355347,
        698.6503295898438,
        406.8622131347656,
        0.8793278932571411,
        666.298583984375,
        414.9501647949219,
        0.8494670391082764,
        636.2926479071558,
        219.42416708002787,
        82.25368152563681,
        207.05131919753944
    ],