{
    "5": [
        881.707763671875,
        212.16958618164062,
        0.9401432871818542,
        885.5109252929688,
        210.26797485351562,
        0.9479542374610901,
        877.904541015625,
        210.26797485351562,
        0.9259207248687744,
        889.3141479492188,
        214.07119750976562,
        0.9202043414115906,
        872.19970703125,
        214.07119750976562,
        0.9006922245025635,
        895.0189819335938,
        236.89047241210938,
        0.8934503793716431,
        862.691650390625,
        234.98886108398438,
        0.9005602598190308,
        898.8222045898438,
        257.8081359863281,
        0.8853232860565186,
        843.6755981445312,
        250.2017059326172,
        0.9182899594306946,
        896.9205932617188,
        276.8241882324219,
        0.9181137681007385,
        841.7739868164062,
        276.8241882324219,
        0.9324308633804321,
        883.6093139648438,
        292.03704833984375,
        0.8216358423233032,
        860.7900390625,
        292.03704833984375,
        0.8294777274131775,
        896.9205932617188,
        326.2659606933594,
        0.9097138047218323,
        847.4788208007812,
        330.0691833496094,
        0.9079515933990479,
        895.0189819335938,
        364.298095703125,
        0.8835803270339966,
        830.3643798828125,
        370.0028991699219,
        0.8497070670127869,
        831.2919250026223,
        193.72399086550314,
        79.91393151572595,
        194.7245154508775
    ],
    "13": [
        1052.87744140625,
        252.3418731689453,
        0.9438050389289856,
        1056.641357421875,
        248.57801818847656,
        0.9297077655792236,
        1049.1136474609375,
        248.57801818847656,
        0.956778347492218,
        1064.1690673828125,
        252.3418731689453,
        0.9159963726997375,
        1045.3497314453125,
        250.45994567871094,
        0.9068101644515991,
        1067.932861328125,
        274.92498779296875,
        0.9280702471733093,
        1034.0582275390625,
        269.27923583984375,
        0.9417036175727844,
        1073.57861328125,
        303.1539306640625,
        0.916938841342926,
        1024.6485595703125,
        288.0985107421875,
        0.9001274704933167,
        1071.69677734375,
        329.50091552734375,
        0.9292891621589661,
        1011.4750366210938,
        305.03582763671875,
        0.9004137516021729,
        1058.523193359375,
        333.2647705078125,
        0.8199935555458069,
        1034.0582275390625,
        329.50091552734375,
        0.8130593299865723,
        1073.57861328125,
        369.0213623046875,
        0.8231794238090515,
        1020.8847045898438,
        372.78521728515625,
        0.8840886354446411,
        1090.5159912109375,
        402.89605712890625,
        0.8541842699050903,
        1028.412353515625,
        402.89605712890625,
        0.8791906833648682,
        1008.271620050808,
        230.32331805042492,
        83.56596797670773,
        192.70937115903183
    ],
    "17": [
        527.58837890625,
        252.78598022460938,
        0.9691060185432434,
        529.5983276367188,
        248.76608276367188,
        0.9381012916564941,
        523.5684814453125,
        250.77603149414062,
        0.922577977180481,
        531.6082763671875,
        252.78598022460938,
        0.819753885269165,
        513.518798828125,
        254.79592895507812,
        0.9272913336753845,
        539.6480712890625,
        276.9053039550781,
        0.887383759021759,
        503.46905517578125,
        278.9152526855469,
        0.9080091714859009,
        553.7176513671875,
        301.0246276855469,
        0.8999895453453064,
        487.3894958496094,
        301.0246276855469,
        0.8972816467285156,
        555.7276000976562,
        329.1638488769531,
        0.9155609011650085,
        489.3994445800781,
        323.1340026855469,
        0.8699830174446106,
        533.6182250976562,
        337.20361328125,
        0.7976065278053284,
        507.48895263671875,
        337.20361328125,
        0.8279297351837158,
        515.5287475585938,
        381.42236328125,
        0.8931624293327332,
        495.4292907714844,
        381.42236328125,
        0.9220525026321411,
        515.5287475585938,
        421.6212463378906,
        0.9170560836791992,
        497.4392395019531,
        415.5914001464844,
        0.9050858020782471,
        474.57285966527246,
        233.2895591269131,
        83.92169316618714,
        205.81818965174614
    ],
    "9": [
        602.0037231445312,
        463.5616455078125,
        0.7791025638580322,
        598.3265380859375,
        459.88446044921875,
        0.6472969651222229,
        602.0037231445312,
        459.88446044921875,
        0.8479886651039124,
        561.5547485351562,
        467.23883056640625,
        0.9714956283569336,
        598.3265380859375,
        467.23883056640625,
        0.9170101881027222,
        550.523193359375,
        518.7194213867188,
        0.9228618741035461,
        620.3896484375,
        511.36505126953125,
        0.9044257998466492,
        546.8460083007812,
        573.877197265625,
        0.9202898144721985,
        642.4527587890625,
        562.8456420898438,
        0.9367560148239136,
        543.1688232421875,
        618.0033569335938,
        0.9125980138778687,
        660.8386840820312,
        610.6490478515625,
        0.9907472133636475,
        572.5863037109375,
        625.3577270507812,
        0.8109893202781677,
        616.7124633789062,
        625.3577270507812,
        0.8284882307052612,
        550.523193359375,
        695.2242431640625,
        0.9167692065238953,
        624.0668334960938,
        691.5470581054688,
        0.9011169075965881,
        535.814453125,
        776.122314453125,
        0.8808843493461609,
        638.7755737304688,
        761.41357421875,
        0.918233335018158,
        505.4731087954956,
        427.892942213855,
        159.96660406975434,
        376.5437136678355
    ],
    "7": [
        679.073974609375,
        240.43508911132812,
        0.9338618516921997,
        681.1397094726562,
        236.3035888671875,
        0.9245786666870117,
        674.9424438476562,
        236.3035888671875,
        0.9306820631027222,
        683.2055053710938,
        238.3693389892578,
        0.7732681632041931,
        664.6137084960938,
        240.43508911132812,
        0.9391669631004333,
        689.4027099609375,
        261.0926208496094,
        0.9557151198387146,
        656.3507080078125,
        267.2898864746094,
        0.869708776473999,
        701.7972412109375,
        281.7501525878906,
        0.8699332475662231,
        641.8904418945312,
        296.2104187011719,
        0.9083731174468994,
        699.7315063476562,
        277.6186218261719,
        0.7317290902137756,
        656.3507080078125,
        287.9473876953125,
        0.8805428147315979,
        689.4027099609375,
        325.1309509277344,
        0.8679467439651489,
        666.679443359375,
        327.1966857910156,
        0.832587480545044,
        695.5999755859375,
        366.4460144042969,
        0.8747910857200623,
        666.679443359375,
        372.64324951171875,
        0.8608776926994324,
        697.665771484375,
        407.76104736328125,
        0.8701767325401306,
        666.679443359375,
        413.95831298828125,
        0.8701415061950684,
        633.8308277543435,
        216.2658152279164,
        84.28898266334477,
        211.53303532943528
    ],