{
    "5": [
        865.1150512695312,
        213.0016632080078,
        0.9384804368019104,
        867.060546875,
        211.05613708496094,
        0.9201257824897766,
        861.2239990234375,
        211.05613708496094,
        0.9317833781242371,
        870.9515991210938,
        213.0016632080078,
        0.9202422499656677,
        855.387451171875,
        213.0016632080078,
        0.9592653512954712,
        876.7881469726562,
        236.34791564941406,
        0.911614179611206,
        841.768798828125,
        234.4023895263672,
        0.8961505889892578,
        882.624755859375,
        257.7486572265625,
        0.9262399673461914,
        820.3680419921875,
        246.0755157470703,
        0.8168272376060486,
        882.624755859375,
        279.1493835449219,
        0.946559727191925,
        802.8583984375,
        253.85760498046875,
        0.7399148344993591,
        867.060546875,
        290.822509765625,
        0.8214465975761414,
        843.7142944335938,
        292.7680358886719,
        0.8149617910385132,
        882.624755859375,
        323.8963623046875,
        0.883601725101471,
        837.8777465820312,
        333.62396240234375,
        0.8996084332466125,
        894.2978515625,
        360.86126708984375,
        0.8781030774116516,
        824.2590942382812,
        376.4254150390625,
        0.8807588815689087,
        816.6410982610912,
        194.13013271099027,
        83.32928573428251,
        199.22130422976682
    ],
    "9": [
        544.3901977539062,
        471.9695739746094,
        0.7697799801826477,
        536.9214477539062,
        468.2351989746094,
        0.6789659857749939,
        540.6558227539062,
        468.2351989746094,
        0.8839026093482971,
        503.3121032714844,
        479.4383239746094,
        0.9375832676887512,
        536.9214477539062,
        471.9695739746094,
        0.9251503944396973,
        488.3746337890625,
        527.9851684570312,
        0.8967341780662537,
        563.0620727539062,
        516.7820434570312,
        0.8874795436859131,
        488.3746337890625,
        584.000732421875,
        0.9384800791740417,
        589.20263671875,
        572.797607421875,
        0.9017736315727234,
        488.3746337890625,
        632.5475463867188,
        0.9632910490036011,
        607.87451171875,
        613.8756713867188,
        0.916269838809967,
        518.2495727539062,
        640.0162963867188,
        0.8394657373428345,
        563.0620727539062,
        636.2819213867188,
        0.8488965630531311,
        495.8433532714844,
        710.9693603515625,
        0.9195747971534729,
        592.93701171875,
        692.2974853515625,
        0.8986237049102783,
        495.8433532714844,
        789.39111328125,
        0.8964278697967529,
        630.2807006835938,
        755.7817993164062,
        0.8786812424659729,
        455.34116678695904,
        435.74615407840975,
        166.89492316098512,
        382.39963077940365
    ],
    "7": [
        679.8560791015625,
        240.0098114013672,
        0.9502648711204529,
        681.9063110351562,
        237.95957946777344,
        0.9157042503356934,
        673.7054443359375,
        237.95957946777344,
        0.9456356763839722,
        683.95654296875,
        240.0098114013672,
        0.7864474654197693,
        663.4542846679688,
        242.06004333496094,
        0.9391583204269409,
        688.0570068359375,
        262.56231689453125,
        0.9429053068161011,
        655.2533569335938,
        268.7130126953125,
        0.8944851160049438,
        696.2579345703125,
        283.06463623046875,
        0.8095119595527649,
        640.9017333984375,
        295.3659973144531,
        0.9094071984291077,
        700.3583984375,
        283.06463623046875,
        0.8592930436134338,
        657.3035888671875,
        291.2655334472656,
        0.8984483480453491,
        686.0067749023438,
        322.01898193359375,
        0.8347712755203247,
        665.5045166015625,
        326.11944580078125,
        0.8170014023780823,
        694.2077026367188,
        365.07379150390625,
        0.8693288564682007,
        665.5045166015625,
        371.2244873046875,
        0.8501757979393005,
        700.3583984375,
        404.0281677246094,
        0.8650192022323608,
        667.5547485351562,
        412.22906494140625,
        0.8617497682571411,
        632.7921332515593,
        218.072352866867,
        83.87682458603263,
        209.94347233828836
    ],
    "12": [
        762.6188354492188,
        173.48207092285156,
        0.9538634419441223,
        764.0178833007812,
        170.68406677246094,
        0.953055739402771,
        758.4218139648438,
        170.68406677246094,
        0.9487783908843994,
        768.2149047851562,
        172.08306884765625,
        0.9408321380615234,
        754.2247924804688,
        173.48207092285156,
        0.9109392166137695,
        775.2098999023438,
        190.27015686035156,
        0.8935600519180298,
        745.8307495117188,
        188.87115478515625,
        0.8981069326400757,
        776.6089477539062,
        212.65428161621094,
        0.8785806894302368,
        741.6337280273438,
        211.25526428222656,
        0.8763699531555176,
        779.4069213867188,
        233.63938903808594,
        0.7759787440299988,
        737.4367065429688,
        233.63938903808594,
        0.8149822354316711,
        766.8158569335938,
        228.04335021972656,
        0.8048053979873657,
        748.6287841796875,
        226.64434814453125,
        0.800699770450592,
        771.0128784179688,
        257.4225158691406,
        0.8241487145423889,
        744.4317626953125,
        258.8215026855469,
        0.8537846207618713,
        769.6138916015625,
        288.2006530761719,
        0.8973820805549622,
        740.2347412109375,
        290.9986877441406,
        0.888286828994751,
        730.9083412335507,
        157.11367895900653,
        56.42596019419568,
        143.25838649767363
    ],
    "13": [
        1032.3448486328125,
        258.848388671875,
        0.9355934262275696,
        1037.7313232421875,
        257.05291748046875,
        0.9159315824508667,
        1030.5494384765625,
        255.25746154785156,
        0.9394248723983765,
        1044.9132080078125,
        264.23480224609375,
        0.9283828735351562,
        1025.1629638671875,
        258.848388671875,
        0.8912015557289124,
        1048.504150390625,
        287.5758972167969,
        0.9146806597709656,
        1014.3901977539062,
        282.1894836425781,
        0.8981919288635254,
        1057.4814453125,
        312.7124328613281,
        0.878387987613678,
        1001.8218994140625,
        307.3260498046875,
        0.8896808624267578,
        1052.0950927734375,
        337.8489990234375,
        0.9229140877723694,
        985.6627197265625,
        328.87164306640625,
        0.8861023783683777,
        1041.322265625,
        341.43994140625,
        0.8166625499725342,
        1019.776611328125,
        341.43994140625,
        0.7996386289596558,
        1043.11767578125,
        377.3492736816406,
        0.8844202160835266,
        1017.9811401367188,
        379.1447448730469,
        0.8382909297943115,
        1052.0950927734375,
        395.303955078125,
        0.6859425902366638,
        1034.140380859375,
        404.28131103515625,
        0.8651168942451477,
        991.8046497233616,
        241.43238551432475,
        79.28505950000101,
        183.85585281245463
    ],