{
    "7": [
        683.5486450195312,
        238.93679809570312,
        0.9139512777328491,
        685.5875244140625,
        234.8589630126953,
        0.9374639391899109,
        679.4708251953125,
        234.8589630126953,
        0.9253678917884827,
        689.6653442382812,
        236.89788818359375,
        0.8663875460624695,
        671.315185546875,
        238.93679809570312,
        0.9342448115348816,
        695.7821044921875,
        261.36480712890625,
        0.9395236372947693,
        663.1595458984375,
        263.4037170410156,
        0.9126700758934021,
        699.8599243164062,
        289.9095764160156,
        0.9062929749488831,
        655.00390625,
        291.948486328125,
        0.8918067812919617,
        691.7042846679688,
        285.8317565917969,
        0.8962407112121582,
        673.3540649414062,
        287.87066650390625,
        0.9082761406898499,
        689.6653442382812,
        316.4154052734375,
        0.800780177116394,
        669.2762451171875,
        318.4543151855469,
        0.792280912399292,
        693.7431640625,
        361.2714538574219,
        0.8707370162010193,
        667.2373657226562,
        365.3492736816406,
        0.8623051643371582,
        693.7431640625,
        404.0885925292969,
        0.9104834198951721,
        667.2373657226562,
        410.205322265625,
        0.8807865977287292,
        636.9612533471568,
        217.12045933295883,
        82.98020942513506,
        208.7844671251096
    ],
    "17": [
        517.7842407226562,
        257.64208984375,
        0.9434114694595337,
        517.7842407226562,
        253.40814208984375,
        0.8928201794624329,
        511.4333190917969,
        255.52511596679688,
        0.9571218490600586,
        522.0181884765625,
        257.64208984375,
        0.8006112575531006,
        500.8484802246094,
        261.8760070800781,
        0.9279674887657166,
        530.486083984375,
        278.811767578125,
        0.8527047038078308,
        490.2636413574219,
        280.9287414550781,
        0.8625155687332153,
        538.9539184570312,
        304.2154235839844,
        0.8289195895195007,
        462.7430114746094,
        276.69482421875,
        0.8922004699707031,
        534.719970703125,
        325.3851318359375,
        0.8779857158660889,
        433.1054382324219,
        266.1099548339844,
        0.9252248406410217,
        526.2521362304688,
        344.4378662109375,
        0.8442203402519226,
        500.8484802246094,
        346.5548095703125,
        0.8300464749336243,
        538.9539184570312,
        388.89422607421875,
        0.9081674218177795,
        490.2636413574219,
        391.0111999511719,
        0.9043760299682617,
        549.538818359375,
        433.3505859375,
        0.8957350850105286,
        471.2109069824219,
        431.2336120605469,
        0.8877468109130859,
        462.4302566997552,
        237.10744921209943,
        91.65524123131297,
        216.77775277834013
    ],
    "1": [
        264.99725341796875,
        193.6807098388672,
        0.8872414231300354,
        268.55401611328125,
        188.34556579589844,
        0.9220566153526306,
        261.44049072265625,
        190.1239471435547,
        0.920762836933136,
        273.88916015625,
        188.34556579589844,
        0.9188137650489807,
        256.1053466796875,
        190.1239471435547,
        0.9365193843841553,
        281.002685546875,
        207.90774536132812,
        0.9381974935531616,
        250.7702178955078,
        209.68612670898438,
        0.8848007321357727,
        286.33782958984375,
        232.80506896972656,
        0.8626606464385986,
        250.7702178955078,
        238.1402130126953,
        0.8860833644866943,
        291.6729736328125,
        255.92401123046875,
        0.8844573497772217,
        263.2188720703125,
        254.1456298828125,
        0.8770413398742676,
        282.78106689453125,
        261.2591552734375,
        0.818126916885376,
        263.2188720703125,
        263.03753662109375,
        0.8262959122657776,
        291.6729736328125,
        298.6051330566406,
        0.8660688400268555,
        263.2188720703125,
        300.3835144042969,
        0.8318451642990112,
        293.4513244628906,
        337.7294921875,
        0.8245125412940979,
        259.662109375,
        334.1727294921875,
        0.8658682703971863,
        235.46376639875336,
        165.760169125234,
        71.51565156611537,
        182.10609214952652
    ],
    "5": [
        841.6158447265625,
        214.54051208496094,
        0.9175787568092346,
        843.5874633789062,
        210.59719848632812,
        0.9202888011932373,
        837.6724853515625,
        212.56884765625,
        0.906855046749115,
        847.53076171875,
        214.54051208496094,
        0.9179114103317261,
        829.785888671875,
        214.54051208496094,
        0.9234399199485779,
        855.4174194335938,
        236.2287139892578,
        0.936425507068634,
        821.8992919921875,
        234.25706481933594,
        0.8727940917015076,
        863.3040161132812,
        261.8602294921875,
        0.9307541847229004,
        798.2393798828125,
        240.17202758789062,
        0.8541817665100098,
        861.3323974609375,
        283.5484619140625,
        0.8871831297874451,
        776.5512084960938,
        226.3704376220703,
        0.3759704828262329,
        847.53076171875,
        295.3783874511719,
        0.8429822325706482,
        825.8425903320312,
        295.3783874511719,
        0.8261556029319763,
        861.3323974609375,
        330.8681945800781,
        0.8956742286682129,
        817.9559326171875,
        336.78314208984375,
        0.8869853019714355,
        857.3890380859375,
        368.32965087890625,
        0.8817909955978394,
        806.1260375976562,
        378.18792724609375,
        0.8778766393661499,
        792.6019927381798,
        191.47211407615683,
        84.226088192759,
        201.89754127241278
    ],
    "9": [
        415.57318115234375,
        477.8852233886719,
        0.8392991423606873,
        411.704345703125,
        474.0163879394531,
        0.6850134134292603,
        415.57318115234375,
        474.0163879394531,
        0.8891764879226685,
        376.8849182128906,
        481.7540588378906,
        0.9163365960121155,
        411.704345703125,
        477.8852233886719,
        0.9335696697235107,
        353.6719665527344,
        528.1799926757812,
        0.9152934551239014,
        423.3108215332031,
        524.3111572265625,
        0.9184381365776062,
        353.6719665527344,
        586.2123413085938,
        0.8781232833862305,
        434.9173278808594,
        582.343505859375,
        0.9256349205970764,
        373.0160827636719,
        613.2941284179688,
        0.667280912399292,
        442.65496826171875,
        628.7694702148438,
        0.9421386122703552,
        380.7537536621094,
        636.507080078125,
        0.8110936880111694,
        419.4420166015625,
        632.6383056640625,
        0.7794750332832336,
        411.704345703125,
        713.8836669921875,
        0.8824185132980347,
        400.0978698730469,
        713.8836669921875,
        0.9178222417831421,
        450.3926086425781,
        783.5225219726562,
        0.8818262815475464,
        373.0160827636719,
        783.5225219726562,
        0.8330385684967041,
        318.41262718630765,
        436.4887629422278,
        167.23937781357813,
        396.1678627971073
    ],