{
    "5": [
        837.4229736328125,
        213.47679138183594,
        0.9289064407348633,
        839.3776245117188,
        209.5675048828125,
        0.9051099419593811,
        833.513671875,
        211.52215576171875,
        0.9316505789756775,
        843.2869262695312,
        213.47679138183594,
        0.918366551399231,
        825.6951293945312,
        213.47679138183594,
        0.9278205633163452,
        851.10546875,
        236.9324951171875,
        0.906504213809967,
        815.9219360351562,
        236.9324951171875,
        0.8957684636116028,
        856.9694213867188,
        260.3882141113281,
        0.8962492942810059,
        798.3301391601562,
        256.4789123535156,
        0.9071796536445618,
        855.0147705078125,
        281.8892517089844,
        0.9481687545776367,
        812.0126342773438,
        266.25213623046875,
        0.9246752858161926,
        841.332275390625,
        295.5717468261719,
        0.8418082594871521,
        817.8765258789062,
        295.5717468261719,
        0.8380129337310791,
        856.9694213867188,
        328.8006591796875,
        0.895355224609375,
        813.96728515625,
        336.6192321777344,
        0.8963094353675842,
        858.9240112304688,
        367.89349365234375,
        0.9160332679748535,
        804.1940307617188,
        377.6667175292969,
        0.8634998202323914,
        788.9511575697451,
        190.6075254126651,
        83.26118695718071,
        200.15526400621997
    ],
    "17": [
        523.9954833984375,
        255.79537963867188,
        0.8128465414047241,
        524.6839599609375,
        251.78555297851562,
        0.8022130727767944,
        518.7012329101562,
        253.08145141601562,
        0.7866212129592896,
        526.2408447265625,
        253.73497009277344,
        0.7453450560569763,
        507.25933837890625,
        258.47088623046875,
        0.8200511932373047,
        534.8903198242188,
        279.6833801269531,
        0.8986569046974182,
        495.96771240234375,
        279.6833801269531,
        0.8487443923950195,
        550.0269165039062,
        299.1446838378906,
        0.866288423538208,
        470.019287109375,
        279.6833801269531,
        0.9269461035728455,
        543.539794921875,
        322.93072509765625,
        0.8887584805488586,
        443.99365234375,
        280.71441650390625,
        0.8776711225509644,
        528.4031982421875,
        342.39202880859375,
        0.8489615321159363,
        504.6171569824219,
        342.39202880859375,
        0.8518403172492981,
        543.4134521484375,
        388.30206298828125,
        0.8033186197280884,
        494.80499267578125,
        393.2663269042969,
        0.7661323547363281,
        547.864501953125,
        433.21148681640625,
        0.9055224061012268,
        487.3182373046875,
        433.21148681640625,
        0.9021490216255188,
        469.4018080142024,
        234.92234260070188,
        94.21677529009389,
        221.4264974577203
    ],
    "7": [
        679.4754028320312,
        238.3267822265625,
        0.9640874862670898,
        683.5662841796875,
        234.2358856201172,
        0.9556645154953003,
        675.384521484375,
        236.28134155273438,
        0.9586251378059387,
        687.6571655273438,
        236.28134155273438,
        0.9300020337104797,
        669.2481689453125,
        238.3267822265625,
        0.9395764470100403,
        695.8389282226562,
        260.8266296386719,
        0.8997548222541809,
        661.06640625,
        262.8720703125,
        0.8947775363922119,
        701.9752807617188,
        289.46282958984375,
        0.911149263381958,
        652.8846435546875,
        291.5082702636719,
        0.8982429504394531,
        689.7025756835938,
        287.4173889160156,
        0.8936574459075928,
        671.2936401367188,
        289.46282958984375,
        0.8672775626182556,
        685.6116943359375,
        320.1444396972656,
        0.7945713996887207,
        665.1572875976562,
        322.1899108886719,
        0.7945957779884338,
        691.748046875,
        361.05328369140625,
        0.8964417576789856,
        659.02099609375,
        365.1441650390625,
        0.8887967467308044,
        693.79345703125,
        404.007568359375,
        0.9072585701942444,
        650.8391723632812,
        408.09844970703125,
        0.8484554290771484,
        634.6290414787553,
        216.440576629369,
        83.55631556599621,
        209.45322209841527
    ],
    "12": [
        749.2409057617188,
        182.77191162109375,
        0.9535324573516846,
        750.5979614257812,
        180.05775451660156,
        0.9495466947555542,
        745.169677734375,
        180.05775451660156,
        0.9693130254745483,
        754.6692504882812,
        182.77191162109375,
        0.91780686378479,
        739.7413330078125,
        184.12899780273438,
        0.9387004971504211,
        758.740478515625,
        197.6997833251953,
        0.9085468053817749,
        732.9559326171875,
        199.05686950683594,
        0.859437882900238,
        761.4546508789062,
        219.41307067871094,
        0.8955283761024475,
        728.8847045898438,
        220.7701416015625,
        0.8635699152946472,
        769.5971069335938,
        242.48342895507812,
        0.7985171675682068,
        727.5276489257812,
        241.1263427734375,
        0.8440991640090942,
        750.5979614257812,
        231.6267852783203,
        0.8340197801589966,
        735.6701049804688,
        231.6267852783203,
        0.8309598565101624,
        760.0975341796875,
        260.1254577636719,
        0.8267281651496887,
        735.6701049804688,
        262.8396301269531,
        0.844040036201477,
        761.4546508789062,
        291.3382873535156,
        0.8748801946640015,
        735.6701049804688,
        294.0524597167969,
        0.8645536303520203,
        717.7976784112964,
        165.5370308677284,
        56.10103741289504,
        138.96490551628722
    ],
    "1": [
        275.3157043457031,
        186.8249969482422,
        0.8848511576652527,
        277.1100769042969,
        183.2362823486328,
        0.8746925592422485,
        271.72698974609375,
        183.2362823486328,
        0.8768364191055298,
        280.69879150390625,
        185.0306396484375,
        0.8488820195198059,
        266.3439025878906,
        186.8249969482422,
        0.9110932350158691,
        289.67059326171875,
        206.56297302246094,
        0.910828173160553,
        257.3720703125,
        208.3573455810547,
        0.916704535484314,
        298.64239501953125,
        231.68405151367188,
        0.9144808650016785,
        253.78335571289062,
        237.06712341308594,
        0.8913479447364807,
        307.6142272949219,
        253.2163848876953,
        0.8918979167938232,
        257.3720703125,
        262.1882019042969,
        0.8786643147468567,
        291.4649658203125,
        256.80511474609375,
        0.8089073300361633,
        269.9326171875,
        258.5994567871094,
        0.8142758011817932,
        295.0536804199219,
        298.075439453125,
        0.8225087523460388,
        271.72698974609375,
        298.075439453125,
        0.8547602891921997,
        293.2593078613281,
        335.75701904296875,
        0.866269052028656,
        269.9326171875,
        333.9626770019531,
        0.8549613952636719,
        243.73993639997101,
        164.0366224145584,
        72.12331677646549,
        183.7426109839932
    ],