{
    "5": [
        836.2958984375,
        214.88772583007812,
        0.9642568826675415,
        838.2694091796875,
        210.94073486328125,
        0.946840226650238,
        832.3489379882812,
        210.94073486328125,
        0.9356866478919983,
        842.2164306640625,
        212.9142303466797,
        0.9098688960075378,
        824.4548950195312,
        212.9142303466797,
        0.9556679129600525,
        850.1104125976562,
        236.5962371826172,
        0.9165329337120056,
        814.58740234375,
        236.5962371826172,
        0.9096914529800415,
        852.0839233398438,
        258.30474853515625,
        0.8723913431167603,
        804.7199096679688,
        262.2517395019531,
        0.8606140613555908,
        852.0839233398438,
        280.01324462890625,
        0.9099738001823425,
        808.6669311523438,
        285.9337463378906,
        0.8980361819267273,
        838.2694091796875,
        293.8277587890625,
        0.8272353410720825,
        818.534423828125,
        293.8277587890625,
        0.8194702863693237,
        854.0574340820312,
        325.40374755859375,
        0.8997107148170471,
        812.6138916015625,
        335.2712707519531,
        0.9235348105430603,
        858.0044555664062,
        368.8207702636719,
        0.8925703763961792,
        804.7199096679688,
        376.71478271484375,
        0.9037434458732605,
        787.7051411451502,
        191.79779703453244,
        83.36711233172673,
        202.0864411786614
    ],
    "7": [
        674.5948486328125,
        242.01602172851562,
        0.9202898740768433,
        676.5889282226562,
        238.0279083251953,
        0.9174436330795288,
        670.6067504882812,
        240.02197265625,
        0.905815601348877,
        680.5770874023438,
        242.01602172851562,
        0.9277461171150208,
        662.6304931640625,
        242.01602172851562,
        0.9318676590919495,
        688.5532836914062,
        265.94476318359375,
        0.8758417963981628,
        654.6542358398438,
        267.9388427734375,
        0.8870456218719482,
        698.5236206054688,
        289.8735046386719,
        0.8472980856895447,
        642.6898803710938,
        295.8556823730469,
        0.8940380811691284,
        694.5355224609375,
        293.86163330078125,
        0.894367516040802,
        654.6542358398438,
        295.8556823730469,
        0.8936285376548767,
        680.5770874023438,
        325.7666320800781,
        0.8168468475341797,
        658.6423950195312,
        325.7666320800781,
        0.8114096522331238,
        692.5414428710938,
        365.6478576660156,
        0.915235698223114,
        646.6780395507812,
        367.64190673828125,
        0.8971286416053772,
        694.5355224609375,
        403.5350341796875,
        0.9020653963088989,
        634.713623046875,
        411.51129150390625,
        0.8682300448417664,
        626.1235681835575,
        222.67366208534654,
        82.98416420020794,
        204.19186964680503
    ],
    "17": [
        522.8024291992188,
        255.8917236328125,
        0.9253894090652466,
        522.8024291992188,
        251.41439819335938,
        0.8910057544708252,
        518.3251342773438,
        253.65306091308594,
        0.9483376741409302,
        525.0411376953125,
        255.8917236328125,
        0.7161791920661926,
        504.89312744140625,
        258.1304016113281,
        0.9284607172012329,
        531.7571411132812,
        278.27838134765625,
        0.8936988711357117,
        491.46112060546875,
        280.5170593261719,
        0.8767317533493042,
        545.1891479492188,
        298.4263916015625,
        0.8617711663246155,
        466.8357849121094,
        293.9490661621094,
        0.8764312863349915,
        538.47314453125,
        318.57440185546875,
        0.9467854499816895,
        466.8357849121094,
        311.8583984375,
        0.8613672852516174,
        527.27978515625,
        343.19970703125,
        0.8048315644264221,
        502.6544494628906,
        343.19970703125,
        0.8207716345787048,
        542.950439453125,
        387.9730529785156,
        0.918960690498352,
        491.46112060546875,
        394.6890563964844,
        0.9292801022529602,
        547.4277954101562,
        432.7463684082031,
        0.9256936311721802,
        482.5064697265625,
        441.7010498046875,
        0.8867771625518799,
        464.01151330113015,
        234.1766676691681,
        97.43385981719547,
        229.2394567961438
    ],
    "9": [
        314.4170837402344,
        473.80767822265625,
        0.7711871862411499,
        303.2845764160156,
        473.80767822265625,
        0.6115972399711609,
        314.4170837402344,
        470.09686279296875,
        0.7823858857154846,
        277.3086853027344,
        477.5185241699219,
        0.9194282293319702,
        310.70623779296875,
        473.80767822265625,
        0.9670792818069458,
        258.7544860839844,
        525.7594604492188,
        0.9143794178962708,
        332.9712829589844,
        522.048583984375,
        0.9274958372116089,
        243.9111328125,
        577.711181640625,
        0.9411749243736267,
        351.5254821777344,
        570.2894897460938,
        0.9035531878471375,
        221.64610290527344,
        618.5304565429688,
        0.9474208354949951,
        336.68212890625,
        607.3978881835938,
        0.9431615471839905,
        269.88702392578125,
        629.6629638671875,
        0.8077295422554016,
        314.4170837402344,
        629.6629638671875,
        0.8288263082504272,
        255.0436553955078,
        696.4580688476562,
        0.9409555792808533,
        318.1279296875,
        703.8797607421875,
        0.9257789850234985,
        240.20030212402344,
        766.9639892578125,
        0.8596377372741699,
        329.26043701171875,
        781.807373046875,
        0.8711473941802979,
        213.2425409097575,
        441.5233935135833,
        154.10819580383838,
        379.98997030810744
    ],
    "12": [
        749.7003173828125,
        183.28451538085938,
        0.9253717064857483,
        751.034912109375,
        179.2808074951172,
        0.9197088479995728,
        745.6965942382812,
        180.61538696289062,
        0.9287382960319519,
        755.03857421875,
        181.949951171875,
        0.9062942862510681,
        740.3583374023438,
        183.28451538085938,
        0.9078657627105713,
        759.0422973632812,
        197.96478271484375,
        0.9236817359924316,
        733.6854858398438,
        197.96478271484375,
        0.8869914412498474,
        761.71142578125,
        219.31788635253906,
        0.8833164572715759,
        729.6817626953125,
        220.6524658203125,
        0.8674987554550171,
        767.0497436523438,
        240.67098999023438,
        0.8009700775146484,
        729.6817626953125,
        239.33642578125,
        0.8743622899055481,
        752.3694458007812,
        232.66357421875,
        0.8385334014892578,
        735.0200805664062,
        232.66357421875,
        0.7823335528373718,
        760.3768920898438,
        260.6895446777344,
        0.8159753680229187,
        736.3546142578125,
        263.3586730957031,
        0.8172423839569092,
        761.71142578125,
        291.3846435546875,
        0.8830115795135498,
        735.0200805664062,
        295.3883361816406,
        0.8521328568458557,
        719.0270801064173,
        166.3354646431747,
        54.67359937449817,
        136.6599526530668
    ],