{
    "5": [
        837.345703125,
        214.54296875,
        0.9393929839134216,
        839.298828125,
        210.63677978515625,
        0.9266270995140076,
        833.4395141601562,
        212.58987426757812,
        0.9203025698661804,
        843.2049560546875,
        214.54296875,
        0.9171417355537415,
        825.6271362304688,
        214.54296875,
        0.9280279874801636,
        849.0642700195312,
        236.0269775390625,
        0.9315267205238342,
        815.8616943359375,
        237.98007202148438,
        0.8971575498580933,
        851.017333984375,
        259.4640808105469,
        0.903853178024292,
        806.0962524414062,
        263.3702697753906,
        0.8876112103462219,
        854.9235229492188,
        280.9480895996094,
        0.9500055313110352,
        813.9086303710938,
        288.7604675292969,
        0.8584386706352234,
        841.2518920898438,
        294.6197204589844,
        0.8212551474571228,
        819.7678833007812,
        294.6197204589844,
        0.8261952996253967,
        856.8766479492188,
        325.86920166015625,
        0.9176627397537231,
        811.9555053710938,
        335.6346740722656,
        0.8998718857765198,
        856.8766479492188,
        368.83721923828125,
        0.8611248731613159,
        804.1431274414062,
        376.64959716796875,
        0.8628811836242676,
        789.4068871844222,
        191.69176151288215,
        82.20596153059955,
        199.996690015587
    ],
    "17": [
        518.7098999023438,
        258.7576904296875,
        0.9518250226974487,
        518.7098999023438,
        254.2652130126953,
        0.9320946931838989,
        514.2174682617188,
        256.5114440917969,
        0.9592442512512207,
        518.7098999023438,
        256.5114440917969,
        0.7444897890090942,
        502.9862976074219,
        261.00390625,
        0.9323251843452454,
        525.4486083984375,
        278.9737548828125,
        0.8801988959312439,
        489.5088806152344,
        281.2200012207031,
        0.8704807758331299,
        534.4335327148438,
        301.43609619140625,
        0.7543941140174866,
        467.04656982421875,
        301.43609619140625,
        0.9276039600372314,
        529.9411010742188,
        319.40594482421875,
        0.9504627585411072,
        478.2777404785156,
        321.6521911621094,
        0.914141833782196,
        520.9561157226562,
        339.6220397949219,
        0.8024565577507019,
        496.2475891113281,
        341.8682861328125,
        0.822429358959198,
        536.6797485351562,
        389.0391540527344,
        0.9030201435089111,
        489.5088806152344,
        393.5316162109375,
        0.8864316940307617,
        547.9109497070312,
        433.96380615234375,
        0.9039134383201599,
        482.77020263671875,
        442.94873046875,
        0.9088047742843628,
        459.7530461146839,
        232.47676938197458,
        97.69760188206828,
        230.0141978987707
    ],
    "7": [
        673.031494140625,
        242.76039123535156,
        0.9155685901641846,
        675.0323486328125,
        238.75872802734375,
        0.9450772404670715,
        669.0298461914062,
        238.75872802734375,
        0.9414822459220886,
        677.033203125,
        240.7595672607422,
        0.7821449637413025,
        659.0256958007812,
        242.76039123535156,
        0.948026180267334,
        681.0348510742188,
        266.7703857421875,
        0.9315655827522278,
        649.0215454101562,
        268.7712097167969,
        0.8979535102844238,
        689.0382080078125,
        288.779541015625,
        0.7898340225219727,
        637.0165405273438,
        296.78289794921875,
        0.9111111760139465,
        693.0398559570312,
        292.7812194824219,
        0.8332624435424805,
        647.0206909179688,
        296.78289794921875,
        0.8791019916534424,
        675.0323486328125,
        326.7953796386719,
        0.8554388284683228,
        653.023193359375,
        328.79620361328125,
        0.8080880045890808,
        687.037353515625,
        366.8120422363281,
        0.9042790532112122,
        643.01904296875,
        370.8136901855469,
        0.87420254945755,
        695.0407104492188,
        402.8270263671875,
        0.8900551795959473,
        635.0156860351562,
        412.8311767578125,
        0.8618218898773193,
        622.0189585604451,
        221.3514630304937,
        84.01760833536002,
        204.88531608004521
    ],
    "9": [
        287.7250671386719,
        465.31109619140625,
        0.8086795210838318,
        280.74212646484375,
        465.31109619140625,
        0.6004130840301514,
        284.23358154296875,
        461.8196105957031,
        0.8459200263023376,
        249.31881713867188,
        468.8025817871094,
        0.8979435563087463,
        280.74212646484375,
        465.31109619140625,
        0.945220410823822,
        231.86141967773438,
        517.6832885742188,
        0.9201231002807617,
        305.1824645996094,
        514.1917724609375,
        0.8839572668075562,
        221.38699340820312,
        573.5469360351562,
        0.922269880771637,
        326.1313171386719,
        556.0895385742188,
        0.8953120112419128,
        203.92959594726562,
        618.9361572265625,
        0.9331855177879333,
        322.6398620605469,
        601.478759765625,
        0.9242833852767944,
        249.31881713867188,
        618.9361572265625,
        0.8123993277549744,
        294.7080383300781,
        618.9361572265625,
        0.8378880620002747,
        238.84437561035156,
        688.7656860351562,
        0.8900500535964966,
        291.216552734375,
        685.2742309570312,
        0.9036364555358887,
        235.3529052734375,
        758.5952758789062,
        0.8961000442504883,
        301.69097900390625,
        748.1207885742188,
        0.9238453507423401,
        195.5909478325762,
        434.93520169030444,
        145.8619835318267,
        357.52740956200705
    ],
    "12": [
        748.72607421875,
        183.07037353515625,
        0.9344690442085266,
        751.4154052734375,
        179.036376953125,
        0.9210168719291687,
        746.0366821289062,
        180.38104248046875,
        0.9378418326377869,
        754.104736328125,
        181.7257080078125,
        0.9059883952140808,
        740.6580200195312,
        183.07037353515625,
        0.9096202254295349,
        759.4833984375,
        197.8617401123047,
        0.9268829226493835,
        733.9346923828125,
        199.20640563964844,
        0.8840540647506714,
        762.1727294921875,
        219.37644958496094,
        0.8873335123062134,
        728.5560302734375,
        219.37644958496094,
        0.8637538552284241,
        766.2067260742188,
        240.8911590576172,
        0.8000272512435913,
        731.245361328125,
        239.54649353027344,
        0.8853606581687927,
        751.4154052734375,
        232.82315063476562,
        0.8144917488098145,
        735.2793579101562,
        234.16781616210938,
        0.7838687896728516,
        760.8280639648438,
        261.0611877441406,
        0.8236644864082336,
        736.6240234375,
        262.4058837890625,
        0.8289403319358826,
        762.1727294921875,
        291.98858642578125,
        0.8625419735908508,
        735.2793579101562,
        294.6779479980469,
        0.8436740636825562,
        719.2854181468012,
        165.9930717031126,
        54.84721659296554,
        137.69416480300265
    ],