{
    "5": [
        837.9903564453125,
        215.67308044433594,
        0.939154326915741,
        839.9412231445312,
        211.77133178710938,
        0.9198318123817444,
        834.088623046875,
        213.7222137451172,
        0.9473093152046204,
        843.8429565429688,
        215.67308044433594,
        0.9168025255203247,
        828.2359619140625,
        215.67308044433594,
        0.9346879124641418,
        851.6464233398438,
        237.13267517089844,
        0.9213141798973083,
        816.53076171875,
        239.0835418701172,
        0.8714462518692017,
        853.5972900390625,
        260.5431213378906,
        0.8825125098228455,
        806.7763671875,
        264.44488525390625,
        0.8906720280647278,
        855.5482177734375,
        282.0027160644531,
        0.9152359366416931,
        814.5798950195312,
        285.90447998046875,
        0.8848524689674377,
        843.8429565429688,
        293.70794677734375,
        0.8400717377662659,
        822.3833618164062,
        295.6588134765625,
        0.8257770538330078,
        859.449951171875,
        324.9219055175781,
        0.9360645413398743,
        814.5798950195312,
        334.67626953125,
        0.9141956567764282,
        855.5482177734375,
        367.8410949707031,
        0.8655303716659546,
        804.8255004882812,
        377.5954284667969,
        0.8897532224655151,
        790.1123441773506,
        190.89701893152937,
        82.09994133445934,
        199.7692313778856
    ],
    "8": [
        1358.930419921875,
        320.0506896972656,
        0.9201760292053223,
        1361.3035888671875,
        317.67755126953125,
        0.9257941246032715,
        1358.930419921875,
        315.3044128417969,
        0.8594538569450378,
        1368.4229736328125,
        320.0506896972656,
        0.904548168182373,
        1380.2886962890625,
        320.0506896972656,
        0.8468005657196045,
        1363.6767578125,
        350.90155029296875,
        0.9183843731880188,
        1394.527587890625,
        346.1552734375,
        0.8766863942146301,
        1349.4378662109375,
        388.8718566894531,
        0.9017123579978943,
        1404.0201416015625,
        377.0061340332031,
        0.9098944067955017,
        1332.8258056640625,
        412.603271484375,
        0.9242479205131531,
        1411.1395263671875,
        405.4838562011719,
        0.9573984146118164,
        1377.91552734375,
        417.3495788574219,
        0.8466072082519531,
        1392.1544189453125,
        412.603271484375,
        0.79984450340271,
        1385.0350341796875,
        462.4393005371094,
        0.8326768279075623,
        1366.0498046875,
        450.5735778808594,
        0.9327406287193298,
        1404.0201416015625,
        519.3947143554688,
        0.8496865630149841,
        1370.796142578125,
        500.40960693359375,
        0.8708329200744629,
        1326.7731392855035,
        292.2848876538335,
        99.9117100927358,
        243.00991450174695
    ],
    "7": [
        674.149169921875,
        241.750732421875,
        0.9180790185928345,
        674.149169921875,
        237.72467041015625,
        0.9387331604957581,
        668.110107421875,
        239.73770141601562,
        0.9325901865959167,
        676.1621704101562,
        241.750732421875,
        0.7737130522727966,
        658.044921875,
        241.750732421875,
        0.9280232787132263,
        680.188232421875,
        265.9070739746094,
        0.921863317489624,
        645.966796875,
        267.92010498046875,
        0.8581143021583557,
        684.2142944335938,
        288.0503845214844,
        0.855756402015686,
        631.8755493164062,
        296.1025085449219,
        0.8844916820526123,
        694.2794799804688,
        290.06341552734375,
        0.8841248154640198,
        641.9407348632812,
        296.1025085449219,
        0.8979111313819885,
        674.149169921875,
        322.2718811035156,
        0.860159695148468,
        652.005859375,
        326.29791259765625,
        0.8116092085838318,
        688.2403564453125,
        362.5324401855469,
        0.9256452918052673,
        643.9537353515625,
        368.571533203125,
        0.9047577977180481,
        692.2664184570312,
        400.77996826171875,
        0.8796706795692444,
        635.901611328125,
        410.8451232910156,
        0.8525030612945557,
        620.5860128743336,
        220.21134696880492,
        84.98300994814417,
        206.1340449943988
    ],
    "17": [
        516.2212524414062,
        258.8880615234375,
        0.9296737909317017,
        516.2212524414062,
        254.4364013671875,
        0.9213438034057617,
        511.76959228515625,
        256.6622314453125,
        0.9718778133392334,
        516.2212524414062,
        256.6622314453125,
        0.7115787267684937,
        500.64044189453125,
        261.1138916015625,
        0.9291442632675171,
        522.8987426757812,
        278.9205322265625,
        0.8942099213600159,
        487.28546142578125,
        281.1463623046875,
        0.8609999418258667,
        536.2537231445312,
        301.1788330078125,
        0.7661246657371521,
        467.25299072265625,
        305.6304931640625,
        0.923965334892273,
        527.3504028320312,
        318.9854736328125,
        0.9372541904449463,
        482.83380126953125,
        325.6629638671875,
        0.940537691116333,
        518.4470825195312,
        341.2437744140625,
        0.7967362403869629,
        491.73712158203125,
        343.4696044921875,
        0.8202916383743286,
        534.0278930664062,
        390.2120361328125,
        0.9217507839202881,
        489.51129150390625,
        396.8895263671875,
        0.9048013091087341,
        542.9312133789062,
        432.5028076171875,
        0.9028027057647705,
        482.83380126953125,
        443.6319580078125,
        0.8782490491867065,
        457.7729003128309,
        232.8458776799341,
        96.86421128037358,
        227.92496221021852
    ],
    "9": [
        273.0609436035156,
        470.252685546875,
        0.8650677800178528,
        266.1884460449219,
        466.8164367675781,
        0.6818717122077942,
        269.62469482421875,
        466.8164367675781,
        0.8824102282524109,
        231.825927734375,
        473.6889343261719,
        0.9403439164161682,
        266.1884460449219,
        470.252685546875,
        0.897149384021759,
        218.0809326171875,
        521.7964477539062,
        0.9027064442634583,
        290.2421875,
        514.9239501953125,
        0.8916232585906982,
        211.20843505859375,
        576.7764282226562,
        0.9255338907241821,
        310.85968017578125,
        566.4676513671875,
        0.9155153632164001,
        207.77218627929688,
        624.8839111328125,
        0.9419994950294495,
        314.2959289550781,
        607.7026977539062,
        0.9249807000160217,
        235.26219177246094,
        618.0114135742188,
        0.7960593104362488,
        283.36968994140625,
        618.0114135742188,
        0.8163506388664246,
        231.825927734375,
        686.7364501953125,
        0.8804706335067749,
        273.0609436035156,
        679.8639526367188,
        0.91432124376297,
        235.26219177246094,
        758.897705078125,
        0.9046367406845093,
        279.9334411621094,
        731.4076538085938,
        0.845268189907074,
        182.37575696598282,
        436.9210914061633,
        143.57161532429933,
        351.8719819805266
    ],