{
    "5": [
        845.1844482421875,
        213.6666717529297,
        0.9734545350074768,
        847.1210327148438,
        209.7935333251953,
        0.9465884566307068,
        841.3113403320312,
        209.7935333251953,
        0.9526029229164124,
        849.0575561523438,
        211.7301025390625,
        0.9169538617134094,
        833.5650634765625,
        213.6666717529297,
        0.9556134343147278,
        858.7404174804688,
        234.9688720703125,
        0.8881688714027405,
        821.9456787109375,
        236.9054412841797,
        0.881014883518219,
        858.7404174804688,
        256.2710876464844,
        0.8892496824264526,
        812.2628784179688,
        260.1441955566406,
        0.8582611680030823,
        858.7404174804688,
        275.63671875,
        0.930194616317749,
        820.0090942382812,
        283.3829650878906,
        0.8801392316818237,
        850.994140625,
        291.1292419433594,
        0.8155187368392944,
        829.6919555664062,
        293.0657958984375,
        0.8551551699638367,
        868.4232177734375,
        324.0508117675781,
        0.9513112902641296,
        820.0090942382812,
        329.8605041503906,
        0.9020394682884216,
        858.7404174804688,
        364.7186584472656,
        0.9051238298416138,
        808.3897094726562,
        372.4649353027344,
        0.8841153383255005,
        795.7482096551016,
        191.00889393233706,
        81.44336206427954,
        198.30411741704881
    ],
    "17": [
        509.1743469238281,
        260.27435302734375,
        0.962455153465271,
        509.1743469238281,
        255.95213317871094,
        0.9310973882675171,
        504.8521423339844,
        258.1132507324219,
        0.951063334941864,
        509.1743469238281,
        260.27435302734375,
        0.7062382698059082,
        491.885498046875,
        262.4354553222656,
        0.9649850726127625,
        517.8187255859375,
        281.8853759765625,
        0.9154464602470398,
        481.0799865722656,
        286.20758056640625,
        0.9055890440940857,
        532.9464721679688,
        305.65753173828125,
        0.779220461845398,
        468.1133728027344,
        312.1408386230469,
        0.9391149878501892,
        524.3020629882812,
        318.6241455078125,
        0.9141025543212891,
        483.2410888671875,
        329.4296569824219,
        0.9271591305732727,
        515.6576538085938,
        342.3962707519531,
        0.8125972747802734,
        489.7243957519531,
        344.557373046875,
        0.8183833956718445,
        528.624267578125,
        389.9405517578125,
        0.8995780944824219,
        481.0799865722656,
        396.4238586425781,
        0.9189485311508179,
        535.1076049804688,
        433.1626281738281,
        0.9226692914962769,
        474.5966796875,
        443.9681396484375,
        0.8979718089103699,
        454.2875419944915,
        237.15057765036056,
        94.6458553202279,
        221.29695841888508
    ],
    "7": [
        681.3349609375,
        240.48570251464844,
        0.9557796120643616,
        681.3349609375,
        238.5470428466797,
        0.9286213517189026,
        677.4576416015625,
        238.5470428466797,
        0.9291242361068726,
        681.3349609375,
        240.48570251464844,
        0.6907985210418701,
        665.8256225585938,
        242.4243621826172,
        0.9451742768287659,
        685.2122802734375,
        267.6269836425781,
        0.9162623286247253,
        654.1936645507812,
        269.5656433105469,
        0.8514971137046814,
        698.7828979492188,
        288.9523010253906,
        0.8676458597183228,
        638.684326171875,
        298.6455993652344,
        0.9124971628189087,
        710.4149169921875,
        285.074951171875,
        0.8576169610023499,
        648.377685546875,
        294.7682800292969,
        0.8986418843269348,
        683.2736206054688,
        325.7868957519531,
        0.846847653388977,
        660.0096435546875,
        327.7255554199219,
        0.8041775822639465,
        700.7215576171875,
        362.6214904785156,
        0.8850514888763428,
        650.3163452148438,
        368.4375,
        0.9031767845153809,
        714.292236328125,
        399.45611572265625,
        0.8992936611175537,
        634.8070068359375,
        411.0881042480469,
        0.8884827494621277,
        628.4559815895649,
        225.5579940988006,
        84.43258570405783,
        198.51911370747618
    ],
    "8": [
        1307.2393798828125,
        312.9119567871094,
        0.9681702256202698,
        1309.483642578125,
        308.423583984375,
        0.9351442456245422,
        1309.483642578125,
        308.423583984375,
        0.8176152110099792,
        1316.2161865234375,
        315.1561279296875,
        0.921689510345459,
        1329.6812744140625,
        315.1561279296875,
        0.8291476368904114,
        1311.727783203125,
        344.33056640625,
        0.8875970244407654,
        1340.9022216796875,
        339.8421936035156,
        0.9222908020019531,
        1304.9952392578125,
        382.4817199707031,
        0.9231395721435547,
        1354.3673095703125,
        371.26080322265625,
        0.8429504036903381,
        1291.5301513671875,
        411.6561584472656,
        0.906466007232666,
        1363.3441162109375,
        402.6794128417969,
        0.8874417543411255,
        1325.19287109375,
        409.4119567871094,
        0.7876994609832764,
        1340.9022216796875,
        407.16778564453125,
        0.79632169008255,
        1322.94873046875,
        456.5398864746094,
        0.8660330176353455,
        1313.9720458984375,
        452.051513671875,
        0.7998929619789124,
        1367.83251953125,
        492.4468688964844,
        0.858066976070404,
        1313.9720458984375,
        496.93524169921875,
        0.8911542296409607,
        1280.4645103286339,
        291.14334089648685,
        96.18941317662029,
        229.80467759908527
    ],
    "12": [
        749.5739135742188,
        180.7749481201172,
        0.9529286026954651,
        752.2645874023438,
        178.08425903320312,
        0.9317708611488342,
        746.8832397460938,
        179.42959594726562,
        0.9416597485542297,
        754.955322265625,
        180.7749481201172,
        0.9088857769966125,
        741.5018310546875,
        182.1202850341797,
        0.875700831413269,
        761.6820068359375,
        196.91908264160156,
        0.9107810258865356,
        733.4298095703125,
        198.26441955566406,
        0.8988006711006165,
        764.3727416992188,
        217.0992431640625,
        0.89361172914505,
        726.7030639648438,
        217.0992431640625,
        0.8675522208213806,
        767.0634155273438,
        234.58872985839844,
        0.8288215398788452,
        730.7390747070312,
        237.2794189453125,
        0.8243333697319031,
        756.3006591796875,
        233.24337768554688,
        0.7957334518432617,
        738.8111572265625,
        234.58872985839844,
        0.7945281267166138,
        763.02734375,
        261.49560546875,
        0.8714479804039001,
        737.4658203125,
        264.1863098144531,
        0.8374748229980469,
        761.6820068359375,
        291.09320068359375,
        0.861954391002655,
        736.1204833984375,
        295.1292419433594,
        0.8375833034515381,
        720.0427904032949,
        166.37974016057387,
        55.02622803231259,
        137.76332076095366
    ],