{
    "5": [
        844.7569580078125,
        217.59442138671875,
        0.932712972164154,
        846.7025146484375,
        215.64883422851562,
        0.9469634890556335,
        840.8657836914062,
        215.64883422851562,
        0.9348421692848206,
        850.5936889648438,
        217.59442138671875,
        0.933294951915741,
        833.0834350585938,
        217.59442138671875,
        0.9533295035362244,
        860.3216552734375,
        238.9958953857422,
        0.9130184650421143,
        825.3010864257812,
        238.9958953857422,
        0.8913192749023438,
        862.2672729492188,
        260.3973693847656,
        0.8805400729179382,
        813.6275024414062,
        264.2885437011719,
        0.8986886739730835,
        858.3760375976562,
        277.90765380859375,
        0.7567064762115479,
        819.4642944335938,
        287.6355895996094,
        0.8895038962364197,
        852.539306640625,
        293.4723815917969,
        0.8359799385070801,
        831.1378173828125,
        295.41796875,
        0.8381836414337158,
        871.9951782226562,
        322.65618896484375,
        0.9257916212081909,
        823.35546875,
        332.3841247558594,
        0.9228934645652771,
        864.2128295898438,
        359.62237548828125,
        0.911460816860199,
        809.736328125,
        375.18707275390625,
        0.8475669026374817,
        797.0007403928744,
        192.8854358791803,
        81.89332492207814,
        199.22828534730712
    ],
    "7": [
        685.58349609375,
        241.1563720703125,
        0.9472581148147583,
        685.58349609375,
        237.24526977539062,
        0.9295039772987366,
        681.67236328125,
        237.24526977539062,
        0.9368461966514587,
        685.58349609375,
        241.1563720703125,
        0.6739218831062317,
        669.9390258789062,
        243.1119384765625,
        0.9641035199165344,
        689.49462890625,
        266.57861328125,
        0.919948160648346,
        658.2056884765625,
        270.4897155761719,
        0.8788986206054688,
        703.1835327148438,
        288.0897216796875,
        0.8593518733978271,
        644.516845703125,
        297.86749267578125,
        0.8933292627334595,
        716.8723754882812,
        282.2230529785156,
        0.8654810786247253,
        654.2946166992188,
        293.9563903808594,
        0.8897093534469604,
        689.49462890625,
        327.20086669921875,
        0.8438173532485962,
        666.0279541015625,
        329.1564025878906,
        0.8350778818130493,
        705.1390380859375,
        364.3564147949219,
        0.885475218296051,
        654.2946166992188,
        368.26751708984375,
        0.9003598093986511,
        714.9168701171875,
        399.5564270019531,
        0.8952093124389648,
        636.694580078125,
        411.2897644042969,
        0.8739684224128723,
        632.0063776022246,
        224.14304946222416,
        85.6431885607476,
        200.24894302078116
    ],
    "1": [
        301.6128234863281,
        197.2420654296875,
        0.9286159873008728,
        303.39190673828125,
        193.6838836669922,
        0.9211224913597107,
        298.0546569824219,
        193.6838836669922,
        0.9481684565544128,
        305.1709899902344,
        195.46298217773438,
        0.8012309074401855,
        287.3800964355469,
        197.2420654296875,
        0.9027150273323059,
        310.5082702636719,
        215.032958984375,
        0.8946186304092407,
        276.70556640625,
        216.81204223632812,
        0.8716505765914917,
        312.287353515625,
        238.16111755371094,
        0.8537330031394958,
        271.3683166503906,
        241.71929931640625,
        0.8522614240646362,
        310.5082702636719,
        259.51019287109375,
        0.8249226808547974,
        276.70556640625,
        263.068359375,
        0.9145740270614624,
        305.1709899902344,
        264.8474426269531,
        0.8574419021606445,
        283.8219299316406,
        266.62652587890625,
        0.7854591608047485,
        319.4037170410156,
        303.9873962402344,
        0.8987662196159363,
        289.1592102050781,
        309.3246765136719,
        0.8524906635284424,
        324.740966796875,
        343.1273498535156,
        0.8803268074989319,
        298.0546569824219,
        346.685546875,
        0.8733384609222412,
        260.9763821641926,
        176.42672242962607,
        72.37741005905787,
        182.17871133194745
    ],
    "8": [
        1293.509765625,
        308.7787780761719,
        0.923701822757721,
        1295.7674560546875,
        306.5210876464844,
        0.9436268210411072,
        1295.7674560546875,
        306.5210876464844,
        0.8060093522071838,
        1302.54052734375,
        311.0364685058594,
        0.9344581961631775,
        1316.0865478515625,
        311.0364685058594,
        0.831203281879425,
        1300.2828369140625,
        342.64404296875,
        0.8704843521118164,
        1327.375,
        335.8710021972656,
        0.895611047744751,
        1295.7674560546875,
        381.02471923828125,
        0.9328761696815491,
        1336.40576171875,
        369.73626708984375,
        0.8987560272216797,
        1288.994384765625,
        412.6322937011719,
        0.9296719431877136,
        1340.921142578125,
        401.3438720703125,
        0.8964760899543762,
        1313.8289794921875,
        408.116943359375,
        0.7765951752662659,
        1329.6326904296875,
        403.6015625,
        0.7985287308692932,
        1298.025146484375,
        453.2706298828125,
        0.8858481645584106,
        1311.5712890625,
        451.012939453125,
        0.821835994720459,
        1338.6634521484375,
        487.13592529296875,
        0.854306161403656,
        1313.8289794921875,
        498.4243469238281,
        0.825900137424469,
        1267.1071937567526,
        286.8791837151098,
        95.7012354942051,
        231.18704749606957
    ],
    "17": [
        505.6114501953125,
        261.2485656738281,
        0.9307875037193298,
        505.60565185546875,
        257.15625,
        0.9210593700408936,
        500.57611083984375,
        259.18927001953125,
        0.9258377552032471,
        506.50103759765625,
        259.31439208984375,
        0.640972375869751,
        488.35040283203125,
        264.2251281738281,
        0.9176172018051147,
        512.6685180664062,
        283.5413513183594,
        0.832964301109314,
        478.1246643066406,
        288.5460510253906,
        0.8811482191085815,
        526.779541015625,
        306.8095703125,
        0.7140061259269714,
        462.90777587890625,
        314.90362548828125,
        0.9046574831008911,
        521.775390625,
        317.90191650390625,
        0.8269596099853516,
        480.1799621582031,
        330.1258239746094,
        0.917182207107544,
        512.6680908203125,
        344.42889404296875,
        0.7897133827209473,
        487.21844482421875,
        347.39849853515625,
        0.7669613361358643,
        527.8885498046875,
        390.84625244140625,
        0.8930567502975464,
        475.1694641113281,
        396.95245361328125,
        0.9090402722358704,
        534.3818969726562,
        432.3443908691406,
        0.8223501443862915,
        466.7416687011719,
        444.1199645996094,
        0.907828152179718,
        450.4838993867008,
        236.788124745069,
        96.00679172591362,
        224.18986756130255
    ],