{
    "1": [
        305.9444885253906,
        203.8515167236328,
        0.9773173332214355,
        309.4228820800781,
        200.37313842773438,
        0.9484947919845581,
        302.46612548828125,
        200.37313842773438,
        0.9691168069839478,
        311.1620788574219,
        202.11231994628906,
        0.877637505531311,
        293.7701721191406,
        202.11231994628906,
        0.9449205994606018,
        316.3796691894531,
        222.98263549804688,
        0.9132962822914124,
        279.85662841796875,
        221.24343872070312,
        0.8867372274398804,
        323.33642578125,
        247.33132934570312,
        0.9002363681793213,
        269.4214782714844,
        245.59213256835938,
        0.8776484727859497,
        328.55401611328125,
        271.6800231933594,
        0.8739349842071533,
        271.16064453125,
        268.2016296386719,
        0.9169802665710449,
        300.7269287109375,
        269.9408264160156,
        0.8378923535346985,
        278.117431640625,
        268.2016296386719,
        0.8251198530197144,
        319.8580322265625,
        304.72467041015625,
        0.8285937905311584,
        269.4214782714844,
        308.20306396484375,
        0.8655852675437927,
        326.8148193359375,
        344.7261047363281,
        0.8707112073898315,
        267.6822814941406,
        348.2044677734375,
        0.8405828475952148,
        263.73385856022827,
        180.02457261060653,
        72.24694507678947,
        178.09332182482524
    ],
    "12": [
        751.0760498046875,
        182.8175506591797,
        0.9323222041130066,
        752.431396484375,
        180.1068572998047,
        0.9426995515823364,
        747.010009765625,
        181.4622039794922,
        0.9437838196754456,
        757.852783203125,
        182.8175506591797,
        0.9652925133705139,
        742.9439697265625,
        184.1728973388672,
        0.9549353122711182,
        767.3402099609375,
        197.72637939453125,
        0.8822227120399475,
        737.5225830078125,
        199.08172607421875,
        0.9301184415817261,
        776.82763671875,
        209.92449951171875,
        0.7641680836677551,
        732.1011962890625,
        215.3459014892578,
        0.8842877149581909,
        772.7615966796875,
        230.25473022460938,
        0.8285952210426331,
        733.45654296875,
        231.61007690429688,
        0.866509735584259,
        764.6295166015625,
        235.67611694335938,
        0.8238807916641235,
        745.6546630859375,
        237.03146362304688,
        0.8301051259040833,
        779.538330078125,
        260.0723876953125,
        0.8497128486633301,
        742.9439697265625,
        264.138427734375,
        0.8859712481498718,
        790.3811645507812,
        284.4686584472656,
        0.8909541964530945,
        736.167236328125,
        295.3114318847656,
        0.8347864151000977,
        725.8745584105095,
        165.60463877591755,
        57.1797769211712,
        138.78760097986972
    ],
    "17": [
        468.1345520019531,
        257.57373046875,
        0.9322076439857483,
        470.3456115722656,
        253.15162658691406,
        0.917343258857727,
        463.71246337890625,
        253.15162658691406,
        0.9013085961341858,
        472.5566711425781,
        257.57373046875,
        0.749515175819397,
        452.6572265625,
        261.9958190917969,
        0.9465831518173218,
        483.6119079589844,
        281.8952941894531,
        0.9102320671081543,
        446.0240783691406,
        286.3173828125,
        0.8968374729156494,
        505.722412109375,
        308.4278869628906,
        0.8249266743659973,
        434.96881103515625,
        312.8499755859375,
        0.9267617464065552,
        505.722412109375,
        281.8952941894531,
        0.4996897578239441,
        450.4461669921875,
        299.58367919921875,
        0.7974966168403625,
        481.40087890625,
        346.0157165527344,
        0.8505664467811584,
        454.8682556152344,
        348.2267761230469,
        0.8259204626083374,
        501.3003234863281,
        392.4477844238281,
        0.8904056549072266,
        452.6572265625,
        401.2919921875,
        0.8944196105003357,
        507.9334716796875,
        432.2466735839844,
        0.9068575501441956,
        457.0793151855469,
        447.7240295410156,
        0.8930467367172241,
        423.06019735847184,
        236.12652239761218,
        96.78190922792936,
        226.4115559154082
    ],
    "7": [
        681.6432495117188,
        264.9151611328125,
        0.8079871535301208,
        685.0919189453125,
        261.466552734375,
        0.8203845620155334,
        679.9189453125,
        263.19085693359375,
        0.8065635561943054,
        691.9891357421875,
        264.9151611328125,
        0.9099298119544983,
        674.7460327148438,
        264.9151611328125,
        0.877146303653717,
        700.6106567382812,
        283.8825378417969,
        0.9057517051696777,
        667.8488159179688,
        289.0554504394531,
        0.9164597392082214,
        710.9564819335938,
        304.5741882324219,
        0.8780456185340881,
        659.227294921875,
        311.471435546875,
        0.865471363067627,
        721.3023071289062,
        304.5741882324219,
        0.6469420790672302,
        662.6759033203125,
        323.54156494140625,
        0.802047848701477,
        697.1620483398438,
        340.78460693359375,
        0.8419371843338013,
        674.7460327148438,
        342.5089111328125,
        0.8104755878448486,
        723.026611328125,
        368.3735046386719,
        0.8658092021942139,
        664.4002075195312,
        375.2707214355469,
        0.8651410937309265,
        733.3724365234375,
        401.13531494140625,
        0.8820262551307678,
        647.1571655273438,
        402.859619140625,
        0.9040103554725647,
        646.4308274223318,
        241.29218279624092,
        75.59786769382299,
        176.56889295820804
    ],
    "2": [
        512.72509765625,
        213.85394287109375,
        0.8138687610626221,
        515.3314819335938,
        209.94439697265625,
        0.8341360092163086,
        510.1187438964844,
        209.94439697265625,
        0.8427712321281433,
        520.544189453125,
        207.33804321289062,
        0.8681264519691467,
        506.2091979980469,
        207.33804321289062,
        0.9169008135795593,
        529.66650390625,
        217.76348876953125,
        0.9064945578575134,
        500.9964904785156,
        219.06668090820312,
        0.9088575839996338,
        533.5760498046875,
        233.4016876220703,
        0.7870107889175415,
        493.1773986816406,
        233.4016876220703,
        0.8709775805473328,
        521.847412109375,
        246.43350219726562,
        0.7958464622497559,
        503.60284423828125,
        245.1303253173828,
        0.8344796895980835,
        527.0601196289062,
        252.9494171142578,
        0.774444043636322,
        507.51239013671875,
        255.5557861328125,
        0.7668445110321045,
        537.485595703125,
        279.0130615234375,
        0.8172159194946289,
        508.8155822753906,
        282.922607421875,
        0.8501247763633728,
        549.2142333984375,
        302.4703369140625,
        0.8555381894111633,
        508.8155822753906,
        311.5926208496094,
        0.8276689052581787,
        489.7807897939714,
        188.1812547744951,
        55.010917463327246,
        133.4458690029704
    ],