{
    "12": [
        760.9058837890625,
        182.88726806640625,
        0.9442086219787598,
        763.5098876953125,
        180.28326416015625,
        0.9406864047050476,
        758.3018798828125,
        181.58526611328125,
        0.9614759683609009,
        768.7178955078125,
        182.88726806640625,
        0.9443718791007996,
        754.3959350585938,
        184.1892547607422,
        0.9422100186347961,
        777.8318481445312,
        197.20924377441406,
        0.9046797156333923,
        751.7919311523438,
        198.51124572753906,
        0.9442768692970276,
        786.9458618164062,
        215.4372100830078,
        0.8845794796943665,
        749.1879272460938,
        216.7392120361328,
        0.9030669331550598,
        781.7378540039062,
        233.66519165039062,
        0.8674232959747314,
        746.5839233398438,
        232.36318969726562,
        0.8599562644958496,
        776.5298461914062,
        233.66519165039062,
        0.7889501452445984,
        759.6038818359375,
        232.36318969726562,
        0.8467639088630676,
        788.2478637695312,
        258.4031677246094,
        0.8361946940422058,
        753.0939331054688,
        261.00714111328125,
        0.8731986284255981,
        797.36181640625,
        287.047119140625,
        0.843536913394928,
        745.2819213867188,
        289.651123046875,
        0.8744596242904663,
        737.5354452886105,
        166.35188959467968,
        55.85493104717216,
        133.32458740318208
    ],
    "17": [
        444.5687561035156,
        267.8631286621094,
        0.935775101184845,
        448.93621826171875,
        263.4956359863281,
        0.958617091178894,
        440.2012634277344,
        263.4956359863281,
        0.943659245967865,
        453.3037109375,
        265.67938232421875,
        0.9479026198387146,
        433.6500244140625,
        267.8631286621094,
        0.893240749835968,
        464.2224426269531,
        289.7005920410156,
        0.9196845889091492,
        424.9150390625,
        294.0680847167969,
        0.9044685363769531,
        475.14117431640625,
        322.4567565917969,
        0.914873480796814,
        429.28253173828125,
        320.27301025390625,
        0.8387261629104614,
        466.40618896484375,
        311.53802490234375,
        0.8336979150772095,
        448.93621826171875,
        313.7217712402344,
        0.7370550036430359,
        462.0386962890625,
        353.0291748046875,
        0.8200371265411377,
        435.8337707519531,
        353.0291748046875,
        0.8078314661979675,
        466.40618896484375,
        401.07159423828125,
        0.8934996128082275,
        429.28253173828125,
        401.07159423828125,
        0.9012452960014343,
        464.2224426269531,
        438.19525146484375,
        0.9077209830284119,
        442.385009765625,
        444.7464904785156,
        0.8810538649559021,
        401.97576749045896,
        240.12957808472328,
        91.73718426485772,
        223.61549841871687
    ],
    "1": [
        289.46075439453125,
        210.65855407714844,
        0.949217677116394,
        292.9001770019531,
        207.21913146972656,
        0.9482355117797852,
        284.3016052246094,
        207.21913146972656,
        0.9489850997924805,
        296.339599609375,
        210.65855407714844,
        0.9383265972137451,
        277.4227600097656,
        210.65855407714844,
        0.9119736552238464,
        299.7790222167969,
        231.29510498046875,
        0.9095526933670044,
        265.384765625,
        231.29510498046875,
        0.8942846059799194,
        306.65789794921875,
        251.93167114257812,
        0.8828585743904114,
        255.06649780273438,
        255.37109375,
        0.8686836361885071,
        318.6958923339844,
        272.5682373046875,
        0.8925710320472717,
        255.06649780273438,
        281.1667785644531,
        0.8670821189880371,
        291.18048095703125,
        279.44708251953125,
        0.8220153450965881,
        267.1044921875,
        281.1667785644531,
        0.8127845525741577,
        316.9761657714844,
        308.68218994140625,
        0.8188197016716003,
        248.18763732910156,
        315.5610656738281,
        0.8622699975967407,
        329.01416015625,
        344.7961730957031,
        0.8416969180107117,
        229.2707977294922,
        355.1144714355469,
        0.8588895201683044,
        244.44691155030233,
        187.0984747640041,
        74.55027290857288,
        176.098627776184
    ],
    "7": [
        617.2943115234375,
        262.8612976074219,
        0.919565737247467,
        621.0767822265625,
        259.078857421875,
        0.9310811161994934,
        615.403076171875,
        259.078857421875,
        0.9156145453453064,
        634.3153686523438,
        260.9700622558594,
        0.9155110716819763,
        613.5119018554688,
        262.8612976074219,
        0.7002133727073669,
        649.4451904296875,
        281.7735595703125,
        0.8801809549331665,
        617.2943115234375,
        289.3384704589844,
        0.9016897082328796,
        660.7925415039062,
        308.250732421875,
        0.8076660633087158,
        617.2943115234375,
        317.70684814453125,
        0.8723443746566772,
        638.0978393554688,
        312.0331726074219,
        0.7759315967559814,
        617.2943115234375,
        338.5103454589844,
        0.8251571655273438,
        662.6837768554688,
        336.619140625,
        0.7599056363105774,
        641.8802490234375,
        340.4015808105469,
        0.7625640630722046,
        681.5960083007812,
        374.44366455078125,
        0.8965003490447998,
        634.3153686523438,
        382.0085754394531,
        0.9007915258407593,
        711.8556518554688,
        387.6822509765625,
        0.8920662999153137,
        653.2276000976562,
        414.159423828125,
        0.8682047128677368,
        604.8037123619808,
        236.9514799566516,
        83.60927780075906,
        193.66158588736255
    ],
    "9": [
        322.7943115234375,
        382.2030334472656,
        0.9296954870223999,
        317.744140625,
        379.6779479980469,
        0.7653282880783081,
        320.26922607421875,
        377.1528625488281,
        0.921514630317688,
        292.49334716796875,
        387.2532043457031,
        0.8115637898445129,
        312.6939697265625,
        384.7281188964844,
        0.91746985912323,
        272.2926940917969,
        412.5039978027344,
        0.8313494920730591,
        320.26922607421875,
        415.0290832519531,
        0.8561727404594421,
        234.41647338867188,
        432.70465087890625,
        0.7599161863327026,
        302.5936584472656,
        455.4303894042969,
        0.8083497285842896,
        214.2158203125,
        440.2799072265625,
        0.9074822068214417,
        295.0184020996094,
        463.005615234375,
        0.6036977171897888,
        262.1923522949219,
        500.8818359375,
        0.7648745775222778,
        297.5434875488281,
        498.35675048828125,
        0.7414812445640564,
        277.3428649902344,
        546.3333129882812,
        0.9274067282676697,
        325.31939697265625,
        521.0824584960938,
        0.872344434261322,
        244.5167999267578,
        589.2596435546875,
        0.8534080386161804,
        320.26922607421875,
        571.5841064453125,
        0.8998744487762451,
        233.53859052375202,
        355.18468315984427,
        105.28411238429305,
        258.56825131828924
    ],