{
    "12": [
        762.3573608398438,
        182.70291137695312,
        0.9338910579681396,
        764.95849609375,
        180.10179138183594,
        0.9365198612213135,
        759.7562255859375,
        181.40234375,
        0.9503971338272095,
        770.1607055664062,
        182.70291137695312,
        0.9282763004302979,
        755.8545532226562,
        184.0034637451172,
        0.942349910736084,
        779.2645874023438,
        197.009033203125,
        0.9127090573310852,
        753.25341796875,
        197.009033203125,
        0.9292976260185242,
        788.3685302734375,
        216.51739501953125,
        0.8933632373809814,
        751.952880859375,
        215.2168426513672,
        0.8776594400405884,
        784.466796875,
        232.12408447265625,
        0.8836761713027954,
        749.351806640625,
        229.52297973632812,
        0.833062469959259,
        779.2645874023438,
        230.8235321044922,
        0.7930550575256348,
        762.3573608398438,
        230.8235321044922,
        0.8156182169914246,
        788.3685302734375,
        258.13525390625,
        0.8709262013435364,
        755.8545532226562,
        258.13525390625,
        0.8607860803604126,
        797.472412109375,
        286.74749755859375,
        0.8576005101203918,
        751.952880859375,
        286.74749755859375,
        0.8727818727493286,
        738.929628246937,
        166.18583713519956,
        55.95934767395943,
        133.17705978796465
    ],
    "17": [
        438.183349609375,
        270.2746887207031,
        0.9424096941947937,
        442.4876708984375,
        265.9703674316406,
        0.9697428941726685,
        433.8790283203125,
        265.9703674316406,
        0.9391615986824036,
        448.94415283203125,
        268.1225280761719,
        0.9314694404602051,
        427.4225158691406,
        268.1225280761719,
        0.9186409711837769,
        459.7049865722656,
        293.948486328125,
        0.9188092350959778,
        418.8138732910156,
        296.10064697265625,
        0.9011115431785583,
        470.4657897949219,
        324.07879638671875,
        0.8614626526832581,
        416.6617126464844,
        326.23095703125,
        0.8546404242515564,
        457.5528259277344,
        341.29608154296875,
        0.8623218536376953,
        431.72686767578125,
        341.29608154296875,
        0.805416464805603,
        455.4006652832031,
        354.2090759277344,
        0.7957270741462708,
        429.5746765136719,
        356.3612365722656,
        0.7933615446090698,
        461.8571472167969,
        401.5566711425781,
        0.8844982385635376,
        420.9660339355469,
        403.7088317871094,
        0.880527138710022,
        466.1614685058594,
        438.1434631347656,
        0.9047561883926392,
        423.1181945800781,
        448.904296875,
        0.8625249266624451,
        396.45234657990596,
        242.9422063316114,
        89.91850229103034,
        220.3815485904199
    ],
    "1": [
        280.9319763183594,
        212.7919921875,
        0.9190622568130493,
        282.6739196777344,
        209.30807495117188,
        0.9191929697990417,
        277.44805908203125,
        209.30807495117188,
        0.9201858639717102,
        286.1578369140625,
        212.7919921875,
        0.9043351411819458,
        270.480224609375,
        212.7919921875,
        0.9287652373313904,
        291.38372802734375,
        230.21157836914062,
        0.9044573307037354,
        260.0284729003906,
        231.9535369873047,
        0.8793365955352783,
        298.3515625,
        252.85704040527344,
        0.8892315626144409,
        251.31866455078125,
        258.0829162597656,
        0.8703155517578125,
        310.5452575683594,
        273.76055908203125,
        0.8999133110046387,
        249.5767059326172,
        282.4703369140625,
        0.9162121415138245,
        284.4158935546875,
        280.7283935546875,
        0.7954526543617249,
        261.7704162597656,
        280.7283935546875,
        0.8151983022689819,
        310.5452575683594,
        312.0836486816406,
        0.8298543095588684,
        244.350830078125,
        315.56756591796875,
        0.8565080761909485,
        327.9648742675781,
        345.1808776855469,
        0.8436206579208374,
        230.4151611328125,
        357.37457275390625,
        0.8807303309440613,
        236.92340949953018,
        188.927155472766,
        75.82342745708593,
        178.37658503211412
    ],
    "7": [
        598.9464111328125,
        266.4163818359375,
        0.9424492716789246,
        602.7101440429688,
        260.7708435058594,
        0.949432373046875,
        597.0645751953125,
        262.6526794433594,
        0.9348816275596619,
        614.001220703125,
        262.6526794433594,
        0.907087504863739,
        595.1827392578125,
        266.4163818359375,
        0.7624997496604919,
        630.9378051757812,
        283.3529968261719,
        0.8949939012527466,
        602.7101440429688,
        294.64404296875,
        0.8885814547538757,
        642.2288818359375,
        311.5806579589844,
        0.9066197872161865,
        608.3556518554688,
        326.6354064941406,
        0.8327456116676331,
        617.764892578125,
        307.81695556640625,
        0.7863456010818481,
        617.764892578125,
        330.39910888671875,
        0.9418343305587769,
        649.7562255859375,
        337.9264831542969,
        0.7881201505661011,
        630.9378051757812,
        341.690185546875,
        0.7921142578125,
        655.4017944335938,
        383.09075927734375,
        0.8641529083251953,
        623.410400390625,
        383.09075927734375,
        0.9169272184371948,
        683.6294555664062,
        388.7362976074219,
        0.8846832513809204,
        653.5199584960938,
        415.0821228027344,
        0.9159184098243713,
        590.490941718591,
        240.63508965665386,
        82.77554593918796,
        192.70094788071572
    ],
    "9": [
        338.3197937011719,
        380.39031982421875,
        0.9173964858055115,
        338.3197937011719,
        375.579345703125,
        0.8259475231170654,
        335.914306640625,
        375.579345703125,
        0.9659353494644165,
        311.8594055175781,
        385.2012939453125,
        0.8752755522727966,
        328.6978454589844,
        382.7958068847656,
        0.8495311737060547,
        287.8044738769531,
        404.4452209472656,
        0.8689190745353699,
        338.3197937011719,
        411.6617126464844,
        0.8785156011581421,
        263.74957275390625,
        411.6617126464844,
        0.6280410885810852,
        316.6703796386719,
        416.4726867675781,
        1.0164365768432617,
        234.8836669921875,
        404.4452209472656,
        0.8852255344390869,
        290.2099914550781,
        416.4726867675781,
        0.8354985117912292,
        275.77703857421875,
        493.44842529296875,
        0.8233329057693481,
        309.45391845703125,
        495.8539123535156,
        0.7858724594116211,
        299.8319396972656,
        534.341796875,
        0.8807793259620667,
        338.3197937011719,
        515.0978393554688,
        0.8737004995346069,
        266.1550598144531,
        560.8021850585938,
        0.8911935091018677,
        347.9417724609375,
        553.585693359375,
        0.8775346279144287,
        255.71267587902338,
        349.84057053895253,
        100.26599047304944,
        246.3223315449411
    ],