{
    "17": [
        419.8668518066406,
        292.4779968261719,
        0.8924681544303894,
        424.0498352050781,
        288.2950439453125,
        0.9088013172149658,
        415.68389892578125,
        288.2950439453125,
        0.9260727763175964,
        430.32427978515625,
        292.4779968261719,
        0.9208933115005493,
        409.409423828125,
        292.4779968261719,
        0.905809223651886,
        438.6902160644531,
        313.3928527832031,
        0.8538673520088196,
        401.0434875488281,
        313.3928527832031,
        0.862190842628479,
        467.97100830078125,
        311.3013610839844,
        0.8733888864517212,
        371.7627258300781,
        305.02691650390625,
        0.8861441016197205,
        465.8795166015625,
        344.76513671875,
        0.8388192653656006,
        363.39678955078125,
        334.3077087402344,
        0.9202108383178711,
        436.5987548828125,
        369.8629455566406,
        0.873894453048706,
        409.409423828125,
        369.8629455566406,
        0.8274303674697876,
        451.2391357421875,
        411.692626953125,
        0.970582127571106,
        409.409423828125,
        411.692626953125,
        0.9221493601799011,
        440.7817077636719,
        436.79046630859375,
        0.9647610783576965,
        407.3179626464844,
        455.6138000488281,
        0.8872792720794678,
        379.60741833418956,
        261.7331694363171,
        86.79331418620774,
        214.16804423367728
    ],
    "12": [
        759.6548461914062,
        180.80970764160156,
        0.9490576982498169,
        762.2071533203125,
        178.25738525390625,
        0.9365873336791992,
        757.1025390625,
        178.25738525390625,
        0.9485769271850586,
        767.3118286132812,
        179.53355407714844,
        0.9182386994361877,
        753.2740478515625,
        182.0858612060547,
        0.9187382459640503,
        776.2449340820312,
        194.84747314453125,
        0.9012430906295776,
        750.7217407226562,
        196.12362670898438,
        0.9240360856056213,
        782.625732421875,
        213.9898681640625,
        0.8902079463005066,
        749.445556640625,
        215.26602172851562,
        0.8889376521110535,
        781.349609375,
        230.57994079589844,
        0.8687654137611389,
        748.16943359375,
        231.85610961914062,
        0.8324648141860962,
        776.2449340820312,
        228.02761840820312,
        0.8095006346702576,
        759.6548461914062,
        229.3037872314453,
        0.8040326833724976,
        786.4542236328125,
        256.1031494140625,
        0.8203831315040588,
        754.5502319335938,
        257.3793029785156,
        0.8564859628677368,
        797.9396362304688,
        285.454833984375,
        0.8683768510818481,
        754.5502319335938,
        282.9024963378906,
        0.8790706396102905,
        737.8517579816876,
        164.60245033753705,
        55.09164709650497,
        130.67883701009242
    ],
    "1": [
        261.3425598144531,
        215.97854614257812,
        0.8963424563407898,
        264.7146301269531,
        210.9204559326172,
        0.8934945464134216,
        257.9704895019531,
        210.9204559326172,
        0.8953673243522644,
        268.0867004394531,
        212.60647583007812,
        0.9307671189308167,
        251.22634887695312,
        212.60647583007812,
        0.9041581749916077,
        276.516845703125,
        231.15284729003906,
        0.8853099346160889,
        237.7380828857422,
        232.83888244628906,
        0.8699976205825806,
        279.888916015625,
        256.443359375,
        0.9080784320831299,
        227.62188720703125,
        258.12939453125,
        0.8786567449569702,
        286.633056640625,
        276.6757507324219,
        0.8995453715324402,
        227.62188720703125,
        285.1059265136719,
        0.8764764666557312,
        269.772705078125,
        278.3617858886719,
        0.8015555143356323,
        244.4822235107422,
        280.0478210449219,
        0.7811458706855774,
        293.377197265625,
        305.33831787109375,
        0.8484537601470947,
        225.93585205078125,
        307.02435302734375,
        0.8386727571487427,
        293.377197265625,
        342.4310302734375,
        0.8880739212036133,
        210.7615509033203,
        350.8612060546875,
        0.8627776503562927,
        218.5538489666256,
        186.1357688378981,
        73.77517260898259,
        172.6498094464629
    ],
    "5": [
        836.920654296875,
        207.11959838867188,
        0.9347537755966187,
        840.1837158203125,
        203.85655212402344,
        0.94466632604599,
        835.2891235351562,
        202.22503662109375,
        0.9341599345207214,
        848.34130859375,
        205.48806762695312,
        0.9163292646408081,
        832.026123046875,
        205.48806762695312,
        0.7737628817558289,
        856.4989624023438,
        225.0663299560547,
        0.86919105052948,
        838.5521850585938,
        223.434814453125,
        0.886563777923584,
        872.8141479492188,
        247.9076385498047,
        0.8453482985496521,
        843.44677734375,
        249.53916931152344,
        0.7865130305290222,
        872.8141479492188,
        272.3804626464844,
        0.9148188233375549,
        841.8152465820312,
        265.8543701171875,
        0.7616397142410278,
        867.9196166992188,
        274.0119934082031,
        0.7814818024635315,
        849.9728393554688,
        272.3804626464844,
        0.8023886680603027,
        867.9196166992188,
        309.9054870605469,
        0.8809984922409058,
        840.1837158203125,
        298.4848327636719,
        0.8826291561126709,
        880.9717407226562,
        331.1152648925781,
        0.7811413407325745,
        858.1304321289062,
        336.00982666015625,
        0.8514689207077026,
        824.1674629699764,
        184.76774141888012,
        66.29452375428934,
        167.06786005055818
    ],
    "26": [
        909.7388916015625,
        273.16436767578125,
        0.9273051023483276,
        913.83544921875,
        269.06781005859375,
        0.9241155385971069,
        909.7388916015625,
        269.06781005859375,
        0.9186102747917175,
        926.1251831054688,
        275.2126770019531,
        0.9521031975746155,
        909.7388916015625,
        273.16436767578125,
        0.5688411593437195,
        934.318359375,
        297.7438659667969,
        0.9101230502128601,
        907.6906127929688,
        297.7438659667969,
        0.8904380798339844,
        942.5115356445312,
        328.4682312011719,
        0.911149263381958,
        907.6906127929688,
        324.37164306640625,
        0.7935575246810913,
        917.9320678710938,
        340.7579650878906,
        0.888237476348877,
        907.6906127929688,
        340.7579650878906,
        0.829387366771698,
        938.4149780273438,
        361.2408752441406,
        0.7904565930366516,
        917.9320678710938,
        361.2408752441406,
        0.8217911124229431,
        942.5115356445312,
        404.25494384765625,
        0.8502801656723022,
        907.6906127929688,
        404.25494384765625,
        0.8179106116294861,
        969.1392822265625,
        437.027587890625,
        0.862437903881073,
        913.83544921875,
        447.26904296875,
        0.8782129287719727,
        887.5972818252509,
        253.29593100719438,
        79.10419385705995,
        209.74500167973332
    ],