{
    "1": [
        238.66505432128906,
        222.4056854248047,
        0.9313733577728271,
        241.8191375732422,
        219.25160217285156,
        0.941152036190033,
        233.9339141845703,
        219.25160217285156,
        0.940194308757782,
        244.9732208251953,
        222.4056854248047,
        0.8780937790870667,
        227.625732421875,
        223.98272705078125,
        0.9376189112663269,
        254.43548583984375,
        241.33021545410156,
        0.8938597440719604,
        219.7405242919922,
        244.4842987060547,
        0.8614755868911743,
        263.89776611328125,
        268.13995361328125,
        0.8597126007080078,
        210.27825927734375,
        274.4481506347656,
        0.827406644821167,
        270.2059326171875,
        291.7956237792969,
        0.8478971719741821,
        208.70120239257812,
        296.5267639160156,
        0.8757097125053406,
        246.55026245117188,
        283.910400390625,
        0.8305473923683167,
        222.8946075439453,
        285.4874572753906,
        0.774985134601593,
        276.51409912109375,
        302.8349304199219,
        0.8379226326942444,
        207.12416076660156,
        315.4512939453125,
        0.8577859401702881,
        290.70751953125,
        345.4151306152344,
        0.8478245735168457,
        200.8159942626953,
        358.031494140625,
        0.8671409487724304,
        200.89343873894867,
        202.37720953752097,
        73.96617082532461,
        161.48935759457646
    ],
    "5": [
        813.6138916015625,
        197.47781372070312,
        0.9090957045555115,
        816.4666137695312,
        196.0514373779297,
        0.907071590423584,
        812.1875610351562,
        194.6250762939453,
        0.9139313101768494,
        822.172119140625,
        197.47781372070312,
        0.9237762689590454,
        809.3347778320312,
        197.47781372070312,
        0.8917643427848816,
        833.5830078125,
        211.741455078125,
        0.830863893032074,
        805.0557250976562,
        211.741455078125,
        0.8864471912384033,
        847.8466796875,
        224.5787353515625,
        0.8617371320724487,
        802.2030029296875,
        230.28419494628906,
        0.8196882605552673,
        844.9939575195312,
        245.97421264648438,
        0.8418360352516174,
        802.2030029296875,
        248.8269500732422,
        0.7944081425666809,
        840.71484375,
        253.1060333251953,
        0.7852969169616699,
        822.172119140625,
        254.53240966796875,
        0.8582298755645752,
        853.5521240234375,
        281.6333312988281,
        0.9068920016288757,
        803.6293334960938,
        278.7806091308594,
        0.8970461487770081,
        874.9475708007812,
        305.88153076171875,
        0.8637152910232544,
        807.908447265625,
        307.3078918457031,
        0.8826664686203003,
        796.3120130034258,
        177.9365905024028,
        61.704692452733184,
        146.05980307339547
    ],
    "12": [
        743.3919067382812,
        183.23626708984375,
        0.9186602830886841,
        745.9417114257812,
        180.68646240234375,
        0.9025775194168091,
        739.5671997070312,
        180.68646240234375,
        0.9248637557029724,
        751.0413208007812,
        181.96136474609375,
        0.9168996214866638,
        737.0173950195312,
        183.23626708984375,
        0.9471892714500427,
        759.9656982421875,
        197.26023864746094,
        0.8990122675895691,
        733.192626953125,
        197.26023864746094,
        0.9092211723327637,
        762.5155029296875,
        218.9336395263672,
        0.8527061343193054,
        733.192626953125,
        217.6587371826172,
        0.8405700325965881,
        749.7664184570312,
        231.68270874023438,
        0.823790431022644,
        737.0173950195312,
        230.40780639648438,
        0.7712936997413635,
        757.4158935546875,
        229.1328887939453,
        0.7485430836677551,
        739.5671997070312,
        230.40780639648438,
        0.8190442323684692,
        772.7147216796875,
        250.80630493164062,
        0.8170552253723145,
        722.993408203125,
        255.9059295654297,
        0.8303741812705994,
        773.9896240234375,
        280.129150390625,
        0.8652183413505554,
        711.5192260742188,
        283.953857421875,
        0.8586962819099426,
        719.1370836005736,
        167.04498475559046,
        54.88410144461079,
        130.55034611951476
    ],
    "26": [
        906.6615600585938,
        272.58746337890625,
        0.8899775147438049,
        910.6618041992188,
        268.5871887207031,
        0.9323825836181641,
        908.6616821289062,
        268.5871887207031,
        0.8866639137268066,
        920.6624755859375,
        274.58758544921875,
        0.9325551986694336,
        920.6624755859375,
        272.58746337890625,
        0.7612351179122925,
        922.66259765625,
        292.5887756347656,
        0.8868604898452759,
        924.6627197265625,
        292.5887756347656,
        0.7720937132835388,
        932.6632690429688,
        324.59088134765625,
        0.8705332279205322,
        928.6629638671875,
        324.59088134765625,
        0.857524037361145,
        910.6618041992188,
        336.5916748046875,
        0.8715381026268005,
        914.6620483398438,
        332.5914306640625,
        0.7698423862457275,
        942.6639404296875,
        352.5927429199219,
        0.8067244291305542,
        934.6633911132812,
        354.5928649902344,
        0.7503060102462769,
        936.6635131835938,
        400.5959167480469,
        0.8891522288322449,
        922.66259765625,
        400.5959167480469,
        0.9115569591522217,
        968.6656494140625,
        434.59814453125,
        0.8771762251853943,
        942.6639404296875,
        434.59814453125,
        0.8574969172477722,
        894.2621822677895,
        251.18602720210237,
        82.80259778006962,
        204.81352610847733
    ],
    "6": [
        715.4876098632812,
        330.84490966796875,
        0.9391480684280396,
        717.4846801757812,
        328.84783935546875,
        0.9318342804908752,
        717.4846801757812,
        326.85076904296875,
        0.7875568270683289,
        725.4729614257812,
        332.84197998046875,
        0.8908225297927856,
        735.4583129882812,
        330.84490966796875,
        0.7234906554222107,
        733.4612426757812,
        358.8038635253906,
        0.8225265741348267,
        747.4407348632812,
        348.8185119628906,
        0.8426704406738281,
        721.4788208007812,
        398.7452392578125,
        0.8500210642814636,
        747.4407348632812,
        382.7686767578125,
        0.5291506052017212,
        703.5051879882812,
        402.7393798828125,
        0.851101279258728,
        713.4905395507812,
        396.7481689453125,
        0.7436532974243164,
        769.4085083007812,
        410.7276611328125,
        0.7158864140510559,
        787.3821411132812,
        402.7393798828125,
        0.7364160418510437,
        729.4671020507812,
        440.6836853027344,
        0.8884984254837036,
        765.4143676757812,
        424.7071533203125,
        0.8668273091316223,
        741.4495239257812,
        494.60455322265625,
        0.8582425713539124,
        785.3850708007812,
        470.6397399902344,
        0.8448860049247742,
        705.4428819138788,
        303.48505081674585,
        85.9928093012976,
        204.49979776116612
    ],