{
    "1": [
        242.09523010253906,
        221.00518798828125,
        0.9167547821998596,
        243.70433044433594,
        217.7869873046875,
        0.9331008791923523,
        237.26792907714844,
        217.7869873046875,
        0.946163535118103,
        246.92254638671875,
        221.00518798828125,
        0.8636999726295471,
        229.222412109375,
        222.61428833007812,
        0.9296428561210632,
        256.5771484375,
        240.31442260742188,
        0.8814069032669067,
        219.5677947998047,
        243.53262329101562,
        0.8723188042640686,
        264.6226501464844,
        267.6691589355469,
        0.8995881676673889,
        213.1313934326172,
        272.4964599609375,
        0.8411657214164734,
        269.4499816894531,
        290.19659423828125,
        0.9035385251045227,
        211.5222930908203,
        295.0238952636719,
        0.8634582757949829,
        248.53164672851562,
        282.15106201171875,
        0.8435533046722412,
        224.39511108398438,
        283.76019287109375,
        0.7801676392555237,
        277.4954833984375,
        304.6784973144531,
        0.8454776406288147,
        209.91319274902344,
        311.11492919921875,
        0.8487856984138489,
        291.9774169921875,
        344.90606689453125,
        0.843663215637207,
        200.25857543945312,
        357.77886962890625,
        0.8788936734199524,
        202.01859847291183,
        200.56960607974162,
        75.32595864182139,
        164.77207123652204
    ],
    "12": [
        742.4562377929688,
        185.70913696289062,
        0.9492659568786621,
        745.0382080078125,
        183.12721252441406,
        0.9502567648887634,
        738.5833740234375,
        183.12721252441406,
        0.9588720798492432,
        750.2020263671875,
        185.70913696289062,
        0.944496750831604,
        736.00146484375,
        185.70913696289062,
        0.8875370621681213,
        757.94775390625,
        199.90968322753906,
        0.9072321057319641,
        732.1286010742188,
        199.90968322753906,
        0.9201424717903137,
        760.5297241210938,
        221.8560028076172,
        0.8510261178016663,
        732.1286010742188,
        220.56503295898438,
        0.8624424934387207,
        746.3291625976562,
        230.89271545410156,
        0.800832986831665,
        736.00146484375,
        232.18368530273438,
        0.7707841396331787,
        756.6567993164062,
        232.18368530273438,
        0.791214644908905,
        737.2924194335938,
        232.18368530273438,
        0.82419353723526,
        773.4392700195312,
        251.54806518554688,
        0.773755669593811,
        719.218994140625,
        255.42095947265625,
        0.8645915985107422,
        786.348876953125,
        279.9491882324219,
        0.8507777452468872,
        711.4732055664062,
        283.8220520019531,
        0.8945538401603699,
        716.4539498261432,
        168.02296175916211,
        55.87748275569288,
        132.19431041959973
    ],
    "26": [
        905.4579467773438,
        270.9928894042969,
        0.8778374195098877,
        909.4508666992188,
        268.9964294433594,
        0.9122904539108276,
        907.4544067382812,
        268.9964294433594,
        0.8300051689147949,
        919.4332275390625,
        272.9893493652344,
        0.954446017742157,
        921.4296875,
        272.9893493652344,
        0.7278137803077698,
        921.4296875,
        292.9539794921875,
        0.8876569271087646,
        927.4190673828125,
        290.95751953125,
        0.7629013061523438,
        929.41552734375,
        320.90447998046875,
        0.8698803782463074,
        929.41552734375,
        322.90093994140625,
        0.8378292322158813,
        911.4473266601562,
        334.8797302246094,
        0.8839931488037109,
        911.4473266601562,
        334.8797302246094,
        0.85627681016922,
        943.3907470703125,
        348.85498046875,
        0.811519205570221,
        937.4013671875,
        348.85498046875,
        0.6984923481941223,
        933.408447265625,
        398.7665710449219,
        0.8333768248558044,
        925.422607421875,
        398.7665710449219,
        0.8158591389656067,
        959.3624877929688,
        438.6958312988281,
        0.8706788420677185,
        939.3978271484375,
        432.7064514160156,
        0.8525883555412292,
        893.1134237789279,
        251.62722132452808,
        82.58655965081664,
        204.43783265861424
    ],
    "5": [
        812.2304077148438,
        198.821533203125,
        0.9156796336174011,
        816.2990112304688,
        196.10914611816406,
        0.9421071410179138,
        810.8742065429688,
        196.10914611816406,
        0.9656161069869995,
        823.0799560546875,
        198.821533203125,
        0.9420410990715027,
        808.1618041992188,
        197.46533203125,
        0.871247410774231,
        835.2857055664062,
        215.09585571289062,
        0.8445098996162415,
        805.449462890625,
        213.73965454101562,
        0.923296332359314,
        846.13525390625,
        235.43875122070312,
        0.7599319815635681,
        802.737060546875,
        234.0825653076172,
        0.7143886685371399,
        837.9981079101562,
        254.4254608154297,
        0.7831726670265198,
        805.449462890625,
        251.71307373046875,
        0.6582218408584595,
        840.71044921875,
        255.7816619873047,
        0.7279603481292725,
        821.7237548828125,
        257.1378479003906,
        0.7646975517272949,
        854.2723999023438,
        284.26171875,
        0.8721172213554382,
        804.09326171875,
        284.26171875,
        0.9040477871894836,
        877.3276977539062,
        308.6732177734375,
        0.8005750179290771,
        800.024658203125,
        310.0293884277344,
        0.8729894757270813,
        794.1002241064914,
        180.2416496987846,
        59.31571938693014,
        138.87427911778377
    ],
    "6": [
        715.5380249023438,
        331.21075439453125,
        0.934020459651947,
        717.524658203125,
        329.2241516113281,
        0.9383573532104492,
        717.524658203125,
        329.2241516113281,
        0.7946858406066895,
        725.4710083007812,
        333.1973571777344,
        0.9078238010406494,
        735.4039916992188,
        331.21075439453125,
        0.7273960709571838,
        733.4174194335938,
        359.0231018066406,
        0.8307043313980103,
        747.3236083984375,
        349.0901184082031,
        0.8461737036705017,
        723.4844360351562,
        396.7684631347656,
        0.8768641948699951,
        739.377197265625,
        386.8354797363281,
        0.5531321167945862,
        703.6184692382812,
        404.7148742675781,
        0.9111801385879517,
        713.5514526367188,
        396.7684631347656,
        0.7886804938316345,
        769.1761474609375,
        410.6746520996094,
        0.7332910895347595,
        787.0555419921875,
        402.728271484375,
        0.7641610503196716,
        729.4442138671875,
        440.4736328125,
        0.9054118394851685,
        767.1895751953125,
        428.5540466308594,
        0.828555703163147,
        741.3638305664062,
        494.11175537109375,
        0.847508430480957,
        787.0555419921875,
        468.2859802246094,
        0.889309287071228,
        705.1558345484453,
        303.99436897729436,
        86.32212504628092,
        203.42755940103723
    ],