{
    "1": [
        244.0137176513672,
        221.0333251953125,
        0.9420439600944519,
        245.63470458984375,
        217.79136657714844,
        0.9272109866142273,
        239.15077209472656,
        217.79136657714844,
        0.9267093539237976,
        250.49765014648438,
        221.0333251953125,
        0.8710057735443115,
        231.0458526611328,
        222.65431213378906,
        0.9288313984870911,
        256.9815979003906,
        240.48513793945312,
        0.8907985091209412,
        222.94093322753906,
        243.7270965576172,
        0.8581154346466064,
        263.46551513671875,
        266.4208679199219,
        0.9004799723625183,
        218.07798767089844,
        272.9048156738281,
        0.8498820662498474,
        269.949462890625,
        290.7356262207031,
        0.9179767966270447,
        214.8360137939453,
        297.2195739746094,
        0.7742730975151062,
        248.87667846679688,
        281.0097351074219,
        0.8467260003089905,
        226.18289184570312,
        282.6307067871094,
        0.8113176226615906,
        279.67535400390625,
        303.7034912109375,
        0.8146002888679504,
        211.5940399169922,
        313.4294128417969,
        0.8510176539421082,
        292.6432189941406,
        345.8490905761719,
        0.8499109745025635,
        200.24716186523438,
        357.1959533691406,
        0.8883923292160034,
        203.7498340782661,
        198.82583985045954,
        75.66480658219385,
        165.9887668190953
    ],
    "12": [
        742.4303588867188,
        189.83030700683594,
        0.914578378200531,
        744.9889526367188,
        187.271728515625,
        0.9291137456893921,
        739.8717651367188,
        187.271728515625,
        0.9158488512039185,
        750.1061401367188,
        189.83030700683594,
        0.93239825963974,
        736.0338745117188,
        191.10960388183594,
        0.8905938863754272,
        757.7818603515625,
        205.18182373046875,
        0.9202266931533813,
        732.196044921875,
        205.18182373046875,
        0.923632025718689,
        759.0611572265625,
        226.9298095703125,
        0.8499436378479004,
        732.196044921875,
        224.37123107910156,
        0.859485387802124,
        742.4303588867188,
        234.60557556152344,
        0.7519092559814453,
        738.5924682617188,
        235.88485717773438,
        0.7560626864433289,
        756.5025634765625,
        235.88485717773438,
        0.8035678863525391,
        737.3131713867188,
        235.88485717773438,
        0.825141191482544,
        774.4126586914062,
        255.0742645263672,
        0.7991501092910767,
        718.123779296875,
        256.3535461425781,
        0.8484715819358826,
        793.6021118164062,
        279.3808288574219,
        0.8078348636627197,
        710.4480590820312,
        284.49798583984375,
        0.8785670399665833,
        715.4104326999623,
        172.30396587417454,
        55.31909327027222,
        130.99966418077497
    ],
    "26": [
        904.376953125,
        270.5844421386719,
        0.890423059463501,
        908.4098510742188,
        268.5679931640625,
        0.9090193510055542,
        906.3934326171875,
        268.5679931640625,
        0.8375925421714783,
        916.4757080078125,
        272.6009216308594,
        0.952267587184906,
        920.5086059570312,
        272.6009216308594,
        0.7170496582984924,
        918.4921875,
        292.7655029296875,
        0.9226208329200745,
        928.574462890625,
        290.7490539550781,
        0.7964090704917908,
        926.5579833984375,
        320.9959411621094,
        0.9504996538162231,
        930.5909423828125,
        323.01239013671875,
        0.7429186701774597,
        910.4263305664062,
        339.1440734863281,
        0.8787777423858643,
        914.459228515625,
        339.1440734863281,
        0.8710922002792358,
        940.6732177734375,
        349.2263488769531,
        0.809889018535614,
        944.7061157226562,
        347.20989990234375,
        0.6615304350852966,
        932.6073608398438,
        397.6213684082031,
        0.8405081033706665,
        934.6238403320312,
        395.60491943359375,
        0.8016412854194641,
        946.7225952148438,
        443.99993896484375,
        0.872983992099762,
        936.6402587890625,
        435.9341125488281,
        0.7368296980857849,
        892.07080788834,
        253.04128036748494,
        83.08953751414742,
        206.48535126734345
    ],
    "6": [
        716.0447387695312,
        331.4941711425781,
        0.944040834903717,
        718.0216064453125,
        327.5404357910156,
        0.9474560618400574,
        718.0216064453125,
        327.5404357910156,
        0.78558748960495,
        725.9290771484375,
        331.4941711425781,
        0.9283495545387268,
        737.790283203125,
        329.5173034667969,
        0.7068722248077393,
        733.8365478515625,
        359.1702880859375,
        0.827319324016571,
        747.6746215820312,
        349.28594970703125,
        0.8330830335617065,
        723.9522094726562,
        398.7076110839844,
        0.9015272855758667,
        739.7671508789062,
        386.8464050292969,
        0.5508092045783997,
        704.1835327148438,
        404.6382141113281,
        0.9091989994049072,
        714.06787109375,
        396.7307434082031,
        0.7812084555625916,
        769.4201049804688,
        408.5919494628906,
        0.7051818370819092,
        787.2119140625,
        402.6613464355469,
        0.7569925785064697,
        727.9059448242188,
        440.2218017578125,
        0.9015659093856812,
        763.489501953125,
        424.4068908691406,
        0.8356867432594299,
        741.7440185546875,
        493.5971984863281,
        0.8641301393508911,
        785.2350463867188,
        467.89794921875,
        0.8605532050132751,
        705.4683095393161,
        304.41102214268807,
        86.38942741352764,
        202.43116260774622
    ],
    "2": [
        589.5587158203125,
        198.64999389648438,
        0.8212326765060425,
        592.0519409179688,
        196.15675354003906,
        0.8728664517402649,
        585.8187866210938,
        196.15675354003906,
        0.8722540140151978,
        597.0384521484375,
        197.40338134765625,
        0.8817196488380432,
        582.0789184570312,
        198.64999389648438,
        0.9175304770469666,
        607.0114135742188,
        211.11624145507812,
        0.831863284111023,
        578.3390502929688,
        213.60948181152344,
        0.8821801543235779,
        613.2445678710938,
        226.0757293701172,
        0.6898205876350403,
        577.0924682617188,
        226.0757293701172,
        0.8521633148193359,
        604.5181884765625,
        236.04872131347656,
        0.557416558265686,
        585.8187866210938,
        232.30885314941406,
        0.5970646142959595,
        608.258056640625,
        238.54196166992188,
        0.7704655528068542,
        588.3120727539062,
        241.03521728515625,
        0.7983178496360779,
        621.9708862304688,
        263.4744567871094,
        0.8391498327255249,
        587.0654296875,
        267.2143249511719,
        0.836564838886261,
        638.177001953125,
        289.653564453125,
        0.7900967597961426,
        578.3390502929688,
        293.3934326171875,
        0.873063862323761,
        569.29232350094,
        179.07798531843218,
        56.738813296402554,
        127.65429691550531
    ],