{
    "1": [
        246.12916564941406,
        220.58242797851562,
        0.9363371133804321,
        247.7536163330078,
        217.33352661132812,
        0.9167051911354065,
        241.25582885742188,
        217.33352661132812,
        0.9176322817802429,
        251.00250244140625,
        220.58242797851562,
        0.8672581315040588,
        233.13360595703125,
        222.2068634033203,
        0.9228910803794861,
        257.5002746582031,
        241.7001953125,
        0.9000596404075623,
        225.01138305664062,
        243.32464599609375,
        0.8463048934936523,
        263.998046875,
        267.6913146972656,
        0.9079042673110962,
        220.1380615234375,
        274.1890869140625,
        0.8802635073661804,
        268.87139892578125,
        292.0579833984375,
        0.9076806306838989,
        220.1380615234375,
        300.1802062988281,
        0.8295059204101562,
        249.3780517578125,
        282.3113098144531,
        0.8510782122612,
        226.63583374023438,
        282.3113098144531,
        0.7789602279663086,
        278.6180419921875,
        305.05352783203125,
        0.826506495475769,
        210.39138793945312,
        316.4246520996094,
        0.8445368409156799,
        291.6136169433594,
        345.6646423339844,
        0.8750414252281189,
        199.02027893066406,
        358.6601867675781,
        0.8915441632270813,
        204.1874103257703,
        198.32754737519545,
        75.76129705876176,
        166.34309680003102
    ],
    "12": [
        742.9395141601562,
        192.67782592773438,
        0.9350531101226807,
        745.460205078125,
        190.15711975097656,
        0.9326505661010742,
        740.4188232421875,
        191.41746520996094,
        0.9278429746627808,
        750.5016479492188,
        192.67782592773438,
        0.9476321935653687,
        736.6377563476562,
        193.93817138671875,
        0.9105744957923889,
        758.063720703125,
        207.80203247070312,
        0.9285537600517273,
        732.8567504882812,
        207.80203247070312,
        0.9186587929725647,
        758.063720703125,
        227.96763610839844,
        0.7502357363700867,
        732.8567504882812,
        226.707275390625,
        0.8621243834495544,
        742.9395141601562,
        236.7900848388672,
        0.6192004680633545,
        739.158447265625,
        238.05044555664062,
        0.7826555967330933,
        756.8034057617188,
        238.05044555664062,
        0.8039388060569763,
        737.8981323242188,
        238.05044555664062,
        0.7916194200515747,
        774.4483032226562,
        255.69534301757812,
        0.824036717414856,
        720.2532348632812,
        255.69534301757812,
        0.8397200703620911,
        795.874267578125,
        279.6419982910156,
        0.6462169885635376,
        710.17041015625,
        284.68341064453125,
        0.8946512341499329,
        716.315726691396,
        175.41105073492707,
        54.50792415263106,
        129.05983109197757
    ],
    "26": [
        905.2659912109375,
        271.65625,
        0.8971911668777466,
        907.2825927734375,
        269.6396484375,
        0.9117672443389893,
        907.2825927734375,
        269.6396484375,
        0.840903103351593,
        915.3489379882812,
        273.6728210449219,
        0.9453680515289307,
        921.3987426757812,
        273.6728210449219,
        0.7058191299438477,
        917.3655395507812,
        293.8387756347656,
        0.9296054840087891,
        929.465087890625,
        291.8221740722656,
        0.7976766228675842,
        923.4153442382812,
        322.0710754394531,
        0.9572876691818237,
        929.465087890625,
        324.0876770019531,
        0.7291903495788574,
        911.3157348632812,
        342.2370300292969,
        0.8923232555389404,
        915.3489379882812,
        340.2204284667969,
        0.8479940891265869,
        939.548095703125,
        350.30340576171875,
        0.8068743348121643,
        947.6144409179688,
        348.28680419921875,
        0.6715891361236572,
        931.481689453125,
        398.70166015625,
        0.8538687825202942,
        935.514892578125,
        396.68505859375,
        0.7864047288894653,
        939.548095703125,
        445.08331298828125,
        0.8463997840881348,
        939.548095703125,
        437.0169372558594,
        0.7357993721961975,
        891.047721015953,
        254.11185797170444,
        82.88456506352793,
        206.49923615795038
    ],
    "15": [
        1074.88671875,
        228.68896484375,
        0.9209353923797607,
        1080.6702880859375,
        226.76109313964844,
        0.9139544367790222,
        1076.8145751953125,
        224.8332061767578,
        0.9335700869560242,
        1090.3096923828125,
        232.54473876953125,
        0.9301143884658813,
        1076.8145751953125,
        228.68896484375,
        0.6231300830841064,
        1090.3096923828125,
        255.6793212890625,
        0.9033898711204529,
        1076.8145751953125,
        249.8956756591797,
        0.870241105556488,
        1099.94921875,
        286.5254211425781,
        0.9075502157211304,
        1074.88671875,
        284.5975341796875,
        0.7318861484527588,
        1094.16552734375,
        315.44366455078125,
        0.8927152752876282,
        1059.463623046875,
        305.80426025390625,
        0.7870184183120728,
        1078.742431640625,
        307.73211669921875,
        0.7604302763938904,
        1067.1751708984375,
        301.948486328125,
        0.8462537527084351,
        1049.82421875,
        340.5061340332031,
        0.8156165480613708,
        1044.04052734375,
        332.7945861816406,
        0.8779260516166687,
        1042.1126708984375,
        377.1358642578125,
        0.5466864109039307,
        1040.184814453125,
        377.1358642578125,
        0.7873826622962952,
        1032.187064657405,
        208.0606482549337,
        79.61559435213599,
        197.41506466894123
    ],
    "6": [
        715.6768188476562,
        329.0844421386719,
        0.9377962350845337,
        717.6748657226562,
        327.08642578125,
        0.9414099454879761,
        717.6748657226562,
        327.08642578125,
        0.8000667095184326,
        725.6669921875,
        331.0824890136719,
        0.9061833620071411,
        737.6552734375,
        329.0844421386719,
        0.7333386540412903,
        733.6591796875,
        359.0550537109375,
        0.8183373808860779,
        749.6434936523438,
        349.0648498535156,
        0.8332290053367615,
        725.6669921875,
        397.0177917480469,
        0.9060491323471069,
        745.6473999023438,
        381.0334777832031,
        0.5397371649742126,
        705.6866455078125,
        405.00994873046875,
        0.8833310604095459,
        713.6787719726562,
        395.0197448730469,
        0.7775380611419678,
        769.6239013671875,
        409.0060119628906,
        0.6795002818107605,
        785.6082153320312,
        403.01190185546875,
        0.7299432158470154,
        727.6650390625,
        440.9746398925781,
        0.9203701615333557,
        763.6297607421875,
        424.9903259277344,
        0.8632245063781738,
        741.6513061523438,
        494.9217224121094,
        0.8664949536323547,
        785.6082153320312,
        466.94915771484375,
        0.872667133808136,
        704.9542825512962,
        301.7113116103652,
        87.38031496202245,
        204.5992423527702
    ],