{
    "5": [
        814.0596313476562,
        205.88845825195312,
        0.9310578107833862,
        817.8995971679688,
        204.60845947265625,
        0.9468994140625,
        811.4996337890625,
        203.32846069335938,
        0.964580237865448,
        823.0196533203125,
        207.16845703125,
        0.8970306515693665,
        808.9395751953125,
        205.88845825195312,
        0.8972270488739014,
        829.419677734375,
        226.3685302734375,
        0.8495381474494934,
        805.099609375,
        223.8085174560547,
        0.8762649297714233,
        833.2596435546875,
        250.6885986328125,
        0.731127142906189,
        810.2196044921875,
        248.1285858154297,
        0.7365308403968811,
        815.339599609375,
        268.608642578125,
        0.8573207259178162,
        808.9395751953125,
        266.04864501953125,
        0.8087286353111267,
        835.8197021484375,
        262.2086181640625,
        0.7814094424247742,
        819.1796264648438,
        263.4886474609375,
        0.7885631322860718,
        848.6196899414062,
        290.36871337890625,
        0.863032341003418,
        797.4195556640625,
        282.6886901855469,
        0.8873187899589539,
        874.2197875976562,
        312.1287841796875,
        0.8370474576950073,
        798.6995849609375,
        310.8487854003906,
        0.9007529020309448,
        793.9535363448613,
        189.63241486807928,
        56.85218915711607,
        131.0723754596702
    ],
    "26": [
        903.792236328125,
        278.9020080566406,
        0.934996485710144,
        905.7826538085938,
        276.91162109375,
        0.9065178632736206,
        905.7826538085938,
        274.9212341308594,
        0.8531763553619385,
        911.7537841796875,
        278.9020080566406,
        0.873710036277771,
        923.696044921875,
        280.89239501953125,
        0.7767899632453918,
        913.744140625,
        298.8057861328125,
        0.8766124248504639,
        929.6671752929688,
        296.8154296875,
        0.8394966125488281,
        921.7056884765625,
        328.6614990234375,
        0.9257689714431763,
        929.6671752929688,
        328.6614990234375,
        0.6913154125213623,
        911.7537841796875,
        350.5556640625,
        0.875243604183197,
        915.7345581054688,
        350.5556640625,
        0.7804769277572632,
        941.6094360351562,
        354.5364074707031,
        0.8290402889251709,
        951.5613403320312,
        352.5460510253906,
        0.7073469161987305,
        929.6671752929688,
        400.3151550292969,
        0.829463541507721,
        935.6383056640625,
        396.3343811035156,
        0.8213343024253845,
        923.696044921875,
        450.0746154785156,
        0.9010916352272034,
        939.6190795898438,
        432.1612243652344,
        0.8499544262886047,
        888.0210334699689,
        259.59530329584317,
        81.30189034679131,
        203.81487819504167
    ],
    "15": [
        1057.416259765625,
        228.47935485839844,
        0.9150545597076416,
        1062.9150390625,
        226.6464385986328,
        0.9276911020278931,
        1059.2491455078125,
        224.8135223388672,
        0.9237103462219238,
        1072.07958984375,
        232.1451873779297,
        0.9807811379432678,
        1059.2491455078125,
        228.47935485839844,
        0.5556497573852539,
        1070.2467041015625,
        255.97311401367188,
        0.8462736010551453,
        1061.08203125,
        250.474365234375,
        0.8657265901565552,
        1073.9124755859375,
        285.2997741699219,
        0.8680205345153809,
        1057.416259765625,
        281.6339416503906,
        0.8331555128097534,
        1066.580810546875,
        312.7935485839844,
        0.8733289241790771,
        1042.7529296875,
        299.9631042480469,
        0.9171434640884399,
        1059.2491455078125,
        309.1277160644531,
        0.7756410241127014,
        1051.91748046875,
        303.62896728515625,
        0.7913599014282227,
        1029.9224853515625,
        336.6214599609375,
        0.9076674580574036,
        1031.75537109375,
        334.7885437011719,
        0.5779090523719788,
        1040.9200439453125,
        376.94561767578125,
        0.8474317789077759,
        1033.58837890625,
        373.27978515625,
        0.7777667045593262,
        1016.8023568255059,
        207.0342401682553,
        75.72912331076702,
        187.69070464015206
    ],
    "1": [
        256.4154968261719,
        217.9996337890625,
        0.9208556413650513,
        256.4154968261719,
        214.8431396484375,
        0.9460601210594177,
        251.6807403564453,
        214.8431396484375,
        0.9163045287132263,
        257.9937438964844,
        217.9996337890625,
        0.7689924836158752,
        242.2112274169922,
        219.57789611816406,
        0.8940659761428833,
        262.728515625,
        238.51693725585938,
        0.9006727933883667,
        234.3199462890625,
        241.67344665527344,
        0.8327815532684326,
        264.3067626953125,
        263.76898193359375,
        0.8389615416526794,
        231.1634521484375,
        270.0820007324219,
        0.7051019072532654,
        270.6197814941406,
        287.4427795410156,
        0.9036852717399597,
        246.94598388671875,
        301.6470642089844,
        0.575739324092865,
        251.6807403564453,
        284.2862854003906,
        0.7910665273666382,
        229.58518981933594,
        285.8645324707031,
        0.713956356048584,
        283.2458190917969,
        304.8035888671875,
        0.8811986446380615,
        213.8026580810547,
        319.00787353515625,
        0.8366056084632874,
        291.1370849609375,
        344.2599182128906,
        0.838211715221405,
        201.1766357421875,
        356.8859558105469,
        0.8522687554359436,
        211.0630425035974,
        196.37756977160439,
        73.34416248109392,
        161.61314862064182
    ],
    "6": [
        721.3403930664062,
        325.7463073730469,
        0.9361927509307861,
        723.3560180664062,
        321.715087890625,
        0.9540210962295532,
        723.3560180664062,
        321.715087890625,
        0.8085294365882874,
        729.40283203125,
        325.7463073730469,
        0.8993957042694092,
        745.5277709960938,
        321.715087890625,
        0.8170979022979736,
        733.43408203125,
        351.9492492675781,
        0.8335592150688171,
        753.5902099609375,
        341.8712158203125,
        0.8433031439781189,
        729.40283203125,
        388.2302551269531,
        0.7719675302505493,
        749.5589599609375,
        376.1365966796875,
        0.5183799266815186,
        713.2779541015625,
        398.3083190917969,
        0.9063339829444885,
        719.3248291015625,
        390.2458801269531,
        0.7654278874397278,
        767.699462890625,
        406.3707580566406,
        0.6672372221946716,
        785.8399658203125,
        398.3083190917969,
        0.7270796895027161,
        729.40283203125,
        440.6361389160156,
        0.9195744395256042,
        767.699462890625,
        422.4956359863281,
        0.9241164326667786,
        741.4965209960938,
        495.0576477050781,
        0.8708032965660095,
        787.8555908203125,
        466.8390808105469,
        0.8762605786323547,
        706.3674763453974,
        298.1324468766819,
        88.39856574067915,
        206.39858446883602
    ],