{
    "7": [
        501.7873229980469,
        192.3353271484375,
        0.9030698537826538,
        504.14935302734375,
        189.9732666015625,
        0.9062016606330872,
        497.0632019042969,
        187.61122131347656,
        0.9200450778007507,
        506.51141357421875,
        192.3353271484375,
        0.7856294512748718,
        485.2529296875,
        187.61122131347656,
        0.9041815996170044,
        504.14935302734375,
        211.23175048828125,
        0.8725665211677551,
        473.44268798828125,
        208.86968994140625,
        0.8695136904716492,
        515.9595947265625,
        211.23175048828125,
        0.7820447087287903,
        454.5462646484375,
        208.86968994140625,
        0.9196333885192871,
        511.2355041503906,
        192.3353271484375,
        0.6524033546447754,
        461.6324157714844,
        187.61122131347656,
        0.824720025062561,
        497.0632019042969,
        277.36920166015625,
        0.8467100858688354,
        473.44268798828125,
        277.36920166015625,
        0.8016580939292908,
        504.14935302734375,
        331.6964111328125,
        0.8745822906494141,
        478.1667785644531,
        336.4205017089844,
        0.8529322743415833,
        515.9595947265625,
        383.66156005859375,
        0.8376482129096985,
        485.2529296875,
        386.02362060546875,
        0.8929755687713623,
        444.1304539069758,
        167.0613963009493,
        89.331101868968,
        241.8741051425331
    ],
    "15": [
        1054.3046875,
        229.92257690429688,
        0.8988417983055115,
        1057.8995361328125,
        228.12515258789062,
        0.9244975447654724,
        1056.1021728515625,
        226.32774353027344,
        0.8979695439338684,
        1066.8865966796875,
        231.71998596191406,
        0.9781631231307983,
        1056.1021728515625,
        228.12515258789062,
        0.5841345191001892,
        1065.0892333984375,
        255.08641052246094,
        0.8516083359718323,
        1056.1021728515625,
        249.6941680908203,
        0.8805586099624634,
        1065.0892333984375,
        282.04766845703125,
        0.8238644599914551,
        1052.50732421875,
        278.4528503417969,
        0.8831833600997925,
        1052.50732421875,
        307.2115173339844,
        0.8737589716911316,
        1039.9254150390625,
        296.427001953125,
        0.9362537264823914,
        1057.8995361328125,
        309.0089416503906,
        0.7717418670654297,
        1048.9124755859375,
        303.6166687011719,
        0.7983600497245789,
        1025.5460205078125,
        334.17279052734375,
        0.9009174704551697,
        1025.5460205078125,
        334.17279052734375,
        0.7280929088592529,
        1036.33056640625,
        373.7159423828125,
        0.8759410381317139,
        1023.7485961914062,
        370.1211242675781,
        0.8077754974365234,
        1012.6876354620127,
        207.09534536094583,
        74.24695741846847,
        184.05558530288437
    ],
    "6": [
        723.4708862304688,
        323.98504638671875,
        0.9113656282424927,
        725.4951171875,
        317.9122619628906,
        0.9203750491142273,
        723.4708862304688,
        319.9365234375,
        0.7597008943557739,
        729.5436401367188,
        321.9607849121094,
        0.9229043126106262,
        747.761962890625,
        319.9365234375,
        0.8784188032150269,
        733.5921630859375,
        348.276123046875,
        0.8562162518501282,
        753.834716796875,
        340.1790771484375,
        0.8613496422767639,
        729.5436401367188,
        384.7127380371094,
        0.7844089865684509,
        751.8104858398438,
        374.5914611816406,
        0.5671772956848145,
        717.3981323242188,
        392.80975341796875,
        0.8908315300941467,
        723.4708862304688,
        388.76123046875,
        0.7421801686286926,
        765.9802856445312,
        402.9310302734375,
        0.6906120777130127,
        786.2228393554688,
        396.8582763671875,
        0.7468291521072388,
        729.5436401367188,
        441.39190673828125,
        0.9272152185440063,
        768.0045166015625,
        421.14935302734375,
        0.905122697353363,
        741.689208984375,
        494.0225830078125,
        0.8656394481658936,
        788.2470703125,
        467.7072448730469,
        0.8739786148071289,
        706.4212961994574,
        296.25274855168743,
        88.7541117412809,
        207.28379601408085
    ],
    "26": [
        905.5700073242188,
        282.36395263671875,
        0.8584231734275818,
        905.5700073242188,
        278.4344177246094,
        0.8084889650344849,
        907.5347900390625,
        278.4344177246094,
        0.7298272252082825,
        909.4995727539062,
        284.3287353515625,
        0.9296427369117737,
        925.2178344726562,
        282.36395263671875,
        0.8602259755134583,
        911.46435546875,
        303.9765625,
        0.919693112373352,
        929.1473388671875,
        300.0469970703125,
        0.8535354733467102,
        921.2882690429688,
        333.4482421875,
        0.9565142393112183,
        933.076904296875,
        331.48345947265625,
        0.5844275951385498,
        911.46435546875,
        357.0256042480469,
        0.9377105832099915,
        919.323486328125,
        353.0960388183594,
        0.7331247925758362,
        940.93603515625,
        357.0256042480469,
        0.798659086227417,
        950.7599487304688,
        355.0608215332031,
        0.7097288966178894,
        925.2178344726562,
        402.2155456542969,
        0.8411792516708374,
        933.076904296875,
        396.32122802734375,
        0.7851157188415527,
        923.2530517578125,
        451.3350524902344,
        0.913092851638794,
        937.0064697265625,
        433.65203857421875,
        0.8686815500259399,
        888.1159409015313,
        263.30561580366594,
        80.09807211796578,
        201.19344749788394
    ],
    "5": [
        815.424560546875,
        205.39633178710938,
        0.9084176421165466,
        818.0482788085938,
        202.77261352539062,
        0.9234272241592407,
        812.8008422851562,
        202.77261352539062,
        0.9365508556365967,
        823.2957153320312,
        206.7082061767578,
        0.9265029430389404,
        808.865234375,
        205.39633178710938,
        0.8696595430374146,
        829.8550415039062,
        223.7624053955078,
        0.8674675226211548,
        806.2415161132812,
        222.45054626464844,
        0.9237140417098999,
        831.1668701171875,
        248.68777465820312,
        0.623181164264679,
        808.865234375,
        244.75218200683594,
        0.6572117209434509,
        815.424560546875,
        264.43011474609375,
        0.7580227851867676,
        810.1771240234375,
        264.43011474609375,
        0.5894498825073242,
        836.4143676757812,
        261.806396484375,
        0.7522940039634705,
        819.3601684570312,
        263.1182556152344,
        0.7400793433189392,
        849.532958984375,
        289.3554992675781,
        0.893312394618988,
        795.7466430664062,
        281.48431396484375,
        0.902685284614563,
        873.146484375,
        312.968994140625,
        0.8927972316741943,
        798.370361328125,
        310.34527587890625,
        0.8744439482688904,
        794.9028603912576,
        190.04755242258608,
        58.09765222281408,
        134.3346212709058
    ],