{
    "12": [
        796.53076171875,
        176.56741333007812,
        0.9182223081588745,
        797.7418823242188,
        174.1450653076172,
        0.9474684596061707,
        792.897216796875,
        174.1450653076172,
        0.9243649840354919,
        800.1642456054688,
        177.77857971191406,
        0.8899326920509338,
        788.0525512695312,
        177.77857971191406,
        0.9017963409423828,
        803.7977905273438,
        192.31263732910156,
        0.8728072047233582,
        777.1519775390625,
        189.89028930664062,
        0.8413568139076233,
        806.2200927734375,
        209.26904296875,
        0.8459402918815613,
        766.25146484375,
        203.2131805419922,
        0.8900038599967957,
        802.5866088867188,
        223.8031005859375,
        0.8296577334403992,
        765.040283203125,
        221.38075256347656,
        0.8006254434585571,
        794.1083984375,
        223.8031005859375,
        0.788875937461853,
        777.1519775390625,
        223.8031005859375,
        0.8027063012123108,
        811.0648193359375,
        243.1818389892578,
        0.8558378219604492,
        765.040283203125,
        250.44886779785156,
        0.8012860417366028,
        808.6424560546875,
        272.24993896484375,
        0.8272653818130493,
        760.1956176757812,
        278.3058166503906,
        0.776496171951294,
        760.1726914361697,
        161.18551066017815,
        52.126132208213676,
        124.02401717295456
    ],
    "9": [
        431.1334228515625,
        328.80743408203125,
        0.7550962567329407,
        428.831787109375,
        326.50579833984375,
        0.5449835062026978,
        428.831787109375,
        324.2042236328125,
        0.7852047681808472,
        403.51416015625,
        333.41064453125,
        0.9003791213035583,
        428.831787109375,
        331.1090087890625,
        0.9429891705513,
        396.60931396484375,
        367.9346923828125,
        0.8820629119873047,
        447.24462890625,
        361.0299072265625,
        0.8925275802612305,
        385.101318359375,
        404.7603759765625,
        0.8357229232788086,
        467.9591064453125,
        388.649169921875,
        0.8892262578010559,
        364.3868408203125,
        430.07806396484375,
        0.8510372042655945,
        484.0703125,
        409.36358642578125,
        0.9330875277519226,
        421.927001953125,
        441.5860595703125,
        0.7782079577445984,
        449.5462646484375,
        436.98284912109375,
        0.7738926410675049,
        433.43499755859375,
        478.4117431640625,
        0.8977352976799011,
        463.35589599609375,
        476.11016845703125,
        0.8816513419151306,
        447.24462890625,
        519.8406372070312,
        0.8626905083656311,
        461.05426025390625,
        512.9358520507812,
        0.9068129658699036,
        382.3699775092143,
        311.0850497130853,
        104.43166515140337,
        235.68437583498593
    ],
    "1": [
        316.41998291015625,
        217.8258819580078,
        0.8801486492156982,
        316.41998291015625,
        214.50833129882812,
        0.8647760152816772,
        313.1024169921875,
        214.50833129882812,
        0.8800989985466003,
        308.1260986328125,
        216.1671142578125,
        0.56672602891922,
        303.1497802734375,
        216.1671142578125,
        0.9037280678749084,
        311.4436340332031,
        237.73118591308594,
        0.8671901226043701,
        283.2444763183594,
        234.41363525390625,
        0.861681342124939,
        319.7375183105469,
        259.2952575683594,
        0.8923501968383789,
        268.31549072265625,
        257.6365051269531,
        0.8807435035705566,
        331.34893798828125,
        279.2005615234375,
        0.8755556344985962,
        268.31549072265625,
        280.8593444824219,
        0.8966736197471619,
        294.85589599609375,
        279.2005615234375,
        0.837216854095459,
        281.585693359375,
        277.54180908203125,
        0.8207361102104187,
        284.9032287597656,
        315.6936340332031,
        0.7304539084434509,
        296.5146789550781,
        312.3760681152344,
        0.8361393213272095,
        260.0216064453125,
        340.57525634765625,
        0.859902024269104,
        306.4673156738281,
        350.5279235839844,
        0.8495368957519531,
        254.88282586362297,
        193.44190633928292,
        71.65222888061092,
        169.85856804610478
    ],
    "7": [
        504.0415344238281,
        289.1774597167969,
        0.9011998176574707,
        502.13934326171875,
        285.3730773925781,
        0.892794132232666,
        500.2371520996094,
        285.3730773925781,
        0.8873704075813293,
        496.4327697753906,
        289.1774597167969,
        0.6515085101127625,
        488.823974609375,
        289.1774597167969,
        0.8687201738357544,
        504.0415344238281,
        306.2972106933594,
        0.9038127660751343,
        471.7042541503906,
        315.80816650390625,
        0.8507732152938843,
        507.8459167480469,
        329.12353515625,
        0.747133731842041,
        467.8998718261719,
        344.341064453125,
        0.8063631653785706,
        507.8459167480469,
        336.7322998046875,
        0.820257842540741,
        481.2152099609375,
        359.5586242675781,
        0.8829845786094666,
        500.2371520996094,
        361.4608154296875,
        0.7801937460899353,
        479.3130187988281,
        365.26519775390625,
        0.7144600749015808,
        502.13934326171875,
        407.11346435546875,
        0.8661170601844788,
        486.9217834472656,
        407.11346435546875,
        0.8384839296340942,
        504.0415344238281,
        445.1573486328125,
        0.8500422835350037,
        485.01959228515625,
        447.0595397949219,
        0.9003502130508423,
        453.28022274909404,
        270.7261385907859,
        72.9897189200201,
        194.78469498369742
    ],
    "6": [
        760.2857666015625,
        288.3134765625,
        0.635686993598938,
        760.2857666015625,
        286.1570129394531,
        0.7812036871910095,
        764.5986938476562,
        284.00054931640625,
        0.5216231346130371,
        762.4422607421875,
        288.3134765625,
        0.9436193704605103,
        781.8504028320312,
        288.3134765625,
        0.9172915816307068,
        753.81640625,
        318.50396728515625,
        0.8856568336486816,
        794.7891845703125,
        314.1910400390625,
        0.8866477012634277,
        747.3470458984375,
        353.0073547363281,
        0.8891084790229797,
        807.7279663085938,
        348.6944274902344,
        0.9082318544387817,
        760.2857666015625,
        363.7896728515625,
        0.7352550029754639,
        796.9456787109375,
        363.7896728515625,
        0.7357732653617859,
        768.91162109375,
        378.8848876953125,
        0.7983301281929016,
        796.9456787109375,
        376.7284240722656,
        0.7984519600868225,
        751.659912109375,
        417.70123291015625,
        0.9135059118270874,
        792.6327514648438,
        419.8576965332031,
        0.9211739897727966,
        764.5986938476562,
        460.8304748535156,
        0.8762675523757935,
        794.7891845703125,
        462.9869384765625,
        0.863575279712677,
        728.5665119601164,
        265.2393574159587,
        91.47252724100497,
        220.82178442186807
    ],