{
    "9": [
        447.9919738769531,
        326.7090148925781,
        0.7894390821456909,
        445.40435791015625,
        326.7090148925781,
        0.5997526049613953,
        445.40435791015625,
        324.1214294433594,
        0.8519545197486877,
        416.9406433105469,
        331.8842468261719,
        0.8784822821617126,
        442.8167419433594,
        329.296630859375,
        0.9404082894325256,
        404.0025939941406,
        365.5231628417969,
        0.887092113494873,
        455.7547912597656,
        365.5231628417969,
        0.9095053672790527,
        391.0645446777344,
        406.9249267578125,
        0.7991349101066589,
        479.04327392578125,
        404.3373107910156,
        0.8564131259918213,
        380.714111328125,
        437.9762268066406,
        0.8451095819473267,
        481.6308898925781,
        432.801025390625,
        0.7039201855659485,
        422.1158752441406,
        440.5638427734375,
        0.7910617589950562,
        453.16717529296875,
        440.5638427734375,
        0.8042680025100708,
        429.8786926269531,
        484.55322265625,
        0.9173764586448669,
        455.7547912597656,
        492.3160400390625,
        0.896805465221405,
        442.8167419433594,
        520.7797241210938,
        0.8203217387199402,
        453.16717529296875,
        546.6558227539062,
        0.902803361415863,
        379.7164972665689,
        304.19684942879405,
        113.26241213162893,
        264.9711856018529
    ],
    "12": [
        815.8717651367188,
        181.3614959716797,
        0.8654283285140991,
        815.8717651367188,
        178.8300018310547,
        0.8379867672920227,
        813.3402709960938,
        178.8300018310547,
        0.8544699549674988,
        817.1375122070312,
        180.0957489013672,
        0.8034189939498901,
        805.7457885742188,
        180.0957489013672,
        0.903454065322876,
        818.4032592773438,
        194.01895141601562,
        0.9150180816650391,
        794.3540649414062,
        190.22171020507812,
        0.8578343391418457,
        817.1375122070312,
        211.73939514160156,
        0.8431657552719116,
        781.6965942382812,
        202.87916564941406,
        0.8962672352790833,
        815.8717651367188,
        226.9283447265625,
        0.8082978129386902,
        779.1651000976562,
        219.3338623046875,
        0.8660320043563843,
        809.5430297851562,
        228.194091796875,
        0.7995635271072388,
        791.8225708007812,
        228.194091796875,
        0.814728856086731,
        831.0607299804688,
        245.91453552246094,
        0.8243843913078308,
        785.4938354492188,
        254.77474975585938,
        0.860917329788208,
        847.515380859375,
        271.22943115234375,
        0.7622734904289246,
        777.8993530273438,
        277.55816650390625,
        0.648488461971283,
        775.6731280066409,
        160.22354876699166,
        53.816623791621055,
        129.6123418099159
    ],
    "10": [
        598.2565307617188,
        370.8066101074219,
        0.456622838973999,
        588.3270874023438,
        368.3242492675781,
        0.43238407373428345,
        600.7388916015625,
        368.3242492675781,
        0.5076612234115601,
        575.9152221679688,
        375.7713317871094,
        0.8960579633712769,
        600.7388916015625,
        373.2889709472656,
        0.9709664583206177,
        565.9857788085938,
        408.04205322265625,
        0.9321841597557068,
        613.1506958007812,
        410.5244140625,
        0.9470679759979248,
        548.6092529296875,
        440.312744140625,
        0.9448997974395752,
        618.1154174804688,
        450.2422180175781,
        0.8908692002296448,
        548.6092529296875,
        465.1363830566406,
        0.8795391917228699,
        618.1154174804688,
        482.5129089355469,
        0.8646766543388367,
        570.9505004882812,
        480.0305480957031,
        0.7875080108642578,
        600.7388916015625,
        482.5129089355469,
        0.8056432008743286,
        561.0210571289062,
        519.7483520507812,
        0.8663713335990906,
        610.6683349609375,
        529.6777954101562,
        0.8548578023910522,
        543.64453125,
        561.948486328125,
        0.8114007115364075,
        605.70361328125,
        581.807373046875,
        0.8918847441673279,
        527.3895219270617,
        346.7277053719476,
        109.4632990310705,
        254.19386273306435
    ],
    "2": [
        581.1931762695312,
        194.58827209472656,
        0.7945672273635864,
        582.52783203125,
        190.5843048095703,
        0.8155723214149475,
        578.5238647460938,
        193.2536163330078,
        0.7837463617324829,
        582.52783203125,
        189.2496337890625,
        0.825739860534668,
        570.515869140625,
        191.91896057128906,
        0.7707164883613586,
        587.866455078125,
        199.92691040039062,
        0.8757002353668213,
        562.5079345703125,
        202.5962371826172,
        0.8469563126564026,
        591.8704223632812,
        210.60418701171875,
        0.7972583770751953,
        553.1653442382812,
        215.9428253173828,
        0.8671368360519409,
        583.8624877929688,
        221.28146362304688,
        0.8493183255195618,
        566.5119018554688,
        225.2854461669922,
        0.8387073874473572,
        582.52783203125,
        238.6320343017578,
        0.7658158540725708,
        566.5119018554688,
        239.96669006347656,
        0.7503702044487,
        583.8624877929688,
        266.6598815917969,
        0.8251149654388428,
        573.1851806640625,
        266.6598815917969,
        0.812480628490448,
        575.8545532226562,
        286.6797790527344,
        0.6559890508651733,
        575.8545532226562,
        292.0184020996094,
        0.8165448904037476,
        544.6900293199011,
        170.96481746334933,
        58.325041832216925,
        136.66908572956999
    ],
    "7": [
        506.08148193359375,
        269.3955993652344,
        0.9344378113746643,
        504.0076904296875,
        265.248046875,
        0.8465092182159424,
        501.93389892578125,
        265.248046875,
        0.9351861476898193,
        487.4173889160156,
        269.3955993652344,
        0.6941543817520142,
        495.7125549316406,
        269.3955993652344,
        0.9243476986885071,
        495.7125549316406,
        294.28106689453125,
        0.6307920813560486,
        477.0484619140625,
        298.42864990234375,
        0.662871241569519,
        497.7863464355469,
        315.0189514160156,
        0.746880054473877,
        468.7532958984375,
        327.461669921875,
        0.8747566342353821,
        518.5242309570312,
        315.0189514160156,
        0.8832393884658813,
        493.6387634277344,
        341.9781799316406,
        0.9144893288612366,
        501.93389892578125,
        348.1995544433594,
        0.6687132120132446,
        483.2698059082031,
        352.34710693359375,
        0.7189417481422424,
        508.1552734375,
        397.970458984375,
        0.795877993106842,
        487.4173889160156,
        400.0442199707031,
        0.7391160726547241,
        504.0076904296875,
        443.5937805175781,
        0.7883654236793518,
        485.3435974121094,
        445.6675720214844,
        0.8146862983703613,
        450.5284972533339,
        251.35365106263063,
        79.99909595023217,
        212.35587533161734
    ],