{
    "17": [
        354.3462829589844,
        264.3980712890625,
        0.7927089929580688,
        352.91748046875,
        262.3650817871094,
        0.7521506547927856,
        352.28826904296875,
        262.3234558105469,
        0.827668309211731,
        343.83660888671875,
        264.5023193359375,
        0.570635199546814,
        344.02978515625,
        266.45684814453125,
        0.7975926399230957,
        346.7381591796875,
        288.63818359375,
        0.7463981509208679,
        328.75347900390625,
        292.1016845703125,
        0.7462512254714966,
        349.06719970703125,
        320.71441650390625,
        0.630397379398346,
        331.62139892578125,
        325.99102783203125,
        0.6991398334503174,
        360.0688171386719,
        335.42926025390625,
        0.6613811254501343,
        357.258544921875,
        339.48681640625,
        0.7933098673820496,
        352.12603759765625,
        348.88311767578125,
        0.6895499229431152,
        334.240478515625,
        353.84039306640625,
        0.6857658624649048,
        369.55157470703125,
        399.68634033203125,
        0.8189939856529236,
        352.31341552734375,
        402.8648681640625,
        0.8629050850868225,
        365.208984375,
        446.09130859375,
        0.9096108675003052,
        354.2859802246094,
        448.2759094238281,
        0.868057906627655,
        305.64083662452026,
        245.7632252959953,
        86.36727982466306,
        223.70332569841958
    ],
    "9": [
        447.2242431640625,
        325.05426025390625,
        0.8089655637741089,
        444.62860107421875,
        322.4586181640625,
        0.6178451180458069,
        447.2242431640625,
        319.8629150390625,
        0.8399731516838074,
        416.076171875,
        327.64996337890625,
        0.900668203830719,
        442.03289794921875,
        325.05426025390625,
        0.9286475777626038,
        403.09783935546875,
        361.3936767578125,
        0.8897783756256104,
        457.60693359375,
        361.3936767578125,
        0.8767529129981995,
        397.906494140625,
        387.35040283203125,
        0.8860125541687012,
        470.5853271484375,
        397.73309326171875,
        0.8809256553649902,
        418.671875,
        384.7547607421875,
        0.48037099838256836,
        480.968017578125,
        423.6898193359375,
        0.9567378163337708,
        418.671875,
        439.26385498046875,
        0.7936800122261047,
        452.41558837890625,
        439.26385498046875,
        0.7989224791526794,
        426.4588623046875,
        485.9859619140625,
        0.8936607837677002,
        452.41558837890625,
        491.17730712890625,
        0.8980261087417603,
        431.65020751953125,
        537.8994140625,
        0.9486116170883179,
        452.41558837890625,
        548.2821044921875,
        0.8836836814880371,
        383.4964659014846,
        299.87623268579296,
        109.28588418041727,
        265.7968993773716
    ],
    "7": [
        507.7571716308594,
        260.7176208496094,
        0.8915610313415527,
        505.61627197265625,
        256.4358215332031,
        0.8846695423126221,
        505.61627197265625,
        258.57672119140625,
        0.884609580039978,
        492.7709045410156,
        262.8584899902344,
        0.6240338087081909,
        497.05267333984375,
        262.8584899902344,
        0.8911670446395874,
        497.05267333984375,
        286.4083557128906,
        0.8400503993034363,
        482.06640625,
        292.8310241699219,
        0.8557053804397583,
        499.1935729980469,
        312.0990905761719,
        0.7898741364479065,
        473.5028381347656,
        327.0853576660156,
        0.8797369599342346,
        518.4616088867188,
        303.5355224609375,
        0.8272290825843811,
        503.4753723144531,
        337.7898254394531,
        0.9244387149810791,
        503.4753723144531,
        348.49432373046875,
        0.7619932293891907,
        488.4891052246094,
        352.7760925292969,
        0.7848069071769714,
        514.1798706054688,
        395.593994140625,
        0.82094407081604,
        488.4891052246094,
        399.87579345703125,
        0.7979924082756042,
        505.61627197265625,
        440.55279541015625,
        0.8827333450317383,
        484.2073059082031,
        444.8345947265625,
        0.7723116278648376,
        452.73563414439246,
        239.95092777928667,
        82.21139915171665,
        219.2276329335808
    ],
    "6": [
        791.1447143554688,
        275.3080749511719,
        0.6071043014526367,
        787.092041015625,
        275.3080749511719,
        0.49120792746543884,
        789.118408203125,
        273.2817077636719,
        0.7592988014221191,
        768.85498046875,
        279.3607482910156,
        0.9274054765701294,
        789.118408203125,
        277.33441162109375,
        0.9050136804580688,
        760.7496337890625,
        307.7295227050781,
        0.913300633430481,
        803.3027954101562,
        301.6505126953125,
        0.9034611582756042,
        752.6442260742188,
        340.1510009765625,
        0.8684588074684143,
        817.4871826171875,
        334.07196044921875,
        0.8798890113830566,
        754.6705932617188,
        352.3090515136719,
        0.8403508067131042,
        821.5398559570312,
        358.3880615234375,
        0.8749902844429016,
        778.9866943359375,
        366.4934387207031,
        0.8130409717559814,
        805.3291015625,
        362.4407653808594,
        0.8054362535476685,
        776.9603271484375,
        402.96759033203125,
        0.8504418134689331,
        811.4081420898438,
        398.9149169921875,
        0.9032014012336731,
        781.0130004882812,
        445.5207824707031,
        0.8788292407989502,
        809.3818359375,
        433.36273193359375,
        0.8377431035041809,
        745.4873901592863,
        255.65251936861313,
        85.23570640571234,
        207.49743235449137
    ],
    "2": [
        578.27001953125,
        193.45970153808594,
        0.7928827404975891,
        579.5881958007812,
        190.82337951660156,
        0.8408645391464233,
        575.6336669921875,
        192.14154052734375,
        0.7889403104782104,
        580.9063110351562,
        188.18707275390625,
        0.9138955473899841,
        567.7247314453125,
        189.50523376464844,
        0.8040918707847595,
        584.8607788085938,
        198.73233032226562,
        0.8844074606895447,
        559.8157958984375,
        200.0504913330078,
        0.879051148891449,
        588.8153076171875,
        210.59576416015625,
        0.8349857926368713,
        550.5886840820312,
        214.55023193359375,
        0.8837547302246094,
        580.9063110351562,
        219.8228759765625,
        0.8520891666412354,
        563.770263671875,
        223.77734375,
        0.8108264803886414,
        579.5881958007812,
        235.64077758789062,
        0.7903643846511841,
        565.0884399414062,
        236.9589385986328,
        0.7745356559753418,
        579.5881958007812,
        263.3221130371094,
        0.8012808561325073,
        571.67919921875,
        263.3221130371094,
        0.8097753524780273,
        576.9518432617188,
        288.36712646484375,
        0.7718223333358765,
        574.3155517578125,
        289.6852722167969,
        0.8071185350418091,
        542.7864905561371,
        170.12830127417965,
        56.467275238816455,
        134.97944188093606
    ],