{
    "17": [
        350.0030822753906,
        260.697021484375,
        0.9338160157203674,
        347.8083801269531,
        256.3076171875,
        0.8696284294128418,
        347.8083801269531,
        258.5023193359375,
        0.9393123388290405,
        341.2242736816406,
        262.8917236328125,
        0.6821604371070862,
        339.0295715332031,
        262.8917236328125,
        0.9178279638290405,
        347.8083801269531,
        287.0334167480469,
        0.880092203617096,
        323.6666564941406,
        289.2281188964844,
        0.91713947057724,
        347.8083801269531,
        319.9539489746094,
        0.6689298152923584,
        328.0560607910156,
        324.3433532714844,
        0.7846056818962097,
        360.9765930175781,
        335.31683349609375,
        0.7870129346847534,
        354.3924865722656,
        337.51153564453125,
        0.8221930265426636,
        350.0030822753906,
        346.29034423828125,
        0.7828108668327332,
        330.2507629394531,
        350.67974853515625,
        0.7755501866340637,
        365.3659973144531,
        394.5737609863281,
        0.8755537271499634,
        347.8083801269531,
        403.3525695800781,
        0.8885599970817566,
        365.3659973144531,
        445.0518798828125,
        0.916225254535675,
        343.4189758300781,
        442.857177734375,
        0.9029183983802795,
        303.25798253062624,
        243.79781410250996,
        86.90611699528887,
        224.73736080823244
    ],
    "9": [
        447.1568908691406,
        325.17681884765625,
        0.7941708564758301,
        444.5599670410156,
        322.57989501953125,
        0.6226123571395874,
        447.1568908691406,
        319.9830017089844,
        0.8314762711524963,
        415.993896484375,
        327.77374267578125,
        0.9080261588096619,
        441.96307373046875,
        325.17681884765625,
        0.9323976635932922,
        403.00933837890625,
        361.53363037109375,
        0.8770884871482849,
        457.5445556640625,
        361.53363037109375,
        0.8793551921844482,
        397.8155212402344,
        387.5027770996094,
        0.8821650743484497,
        473.12603759765625,
        400.48736572265625,
        0.8866055011749268,
        418.5908203125,
        384.9058532714844,
        0.5086279511451721,
        480.9167785644531,
        429.05340576171875,
        0.9255431294441223,
        421.187744140625,
        439.4410705566406,
        0.7877745628356934,
        452.3507080078125,
        439.4410705566406,
        0.7898088097572327,
        426.3815612792969,
        488.782470703125,
        0.890718400478363,
        452.3507080078125,
        491.3793640136719,
        0.8946158289909363,
        431.5754089355469,
        540.7207641601562,
        0.8872174620628357,
        452.3507080078125,
        548.5115356445312,
        0.886610746383667,
        383.75908965649023,
        299.986760588969,
        108.61721968167205,
        265.92408960779676
    ],
    "5": [
        844.2700805664062,
        171.1777801513672,
        0.8762696981430054,
        845.543701171875,
        168.63052368164062,
        0.9111911058425903,
        841.7228393554688,
        168.63052368164062,
        0.8789469003677368,
        845.543701171875,
        169.90414428710938,
        0.7926494479179382,
        835.3546752929688,
        169.90414428710938,
        0.8928138017654419,
        849.3646240234375,
        183.91409301757812,
        0.9013338685035706,
        826.4392700195312,
        183.91409301757812,
        0.8926336765289307,
        851.911865234375,
        199.19766235351562,
        0.7960949540138245,
        818.7974853515625,
        196.650390625,
        0.8580456376075745,
        854.4591674804688,
        209.38670349121094,
        0.639085590839386,
        812.4293212890625,
        201.7449188232422,
        0.880104124546051,
        841.7228393554688,
        220.84938049316406,
        0.7639135122299194,
        823.8920288085938,
        220.84938049316406,
        0.786203920841217,
        853.1854858398438,
        243.7747344970703,
        0.835321307182312,
        808.6084594726562,
        246.32199096679688,
        0.8143348097801208,
        851.911865234375,
        273.0682373046875,
        0.8757365345954895,
        794.5985107421875,
        271.79461669921875,
        0.7654550075531006,
        803.2189482214766,
        153.72904238903175,
        55.356023677339294,
        130.41979565132618
    ],
    "6": [
        794.7352905273438,
        274.271240234375,
        0.6642051339149475,
        790.7261352539062,
        272.2666931152344,
        0.5123209357261658,
        794.7352905273438,
        270.26214599609375,
        0.7678879499435425,
        770.6806030273438,
        278.2803649902344,
        0.9103045463562012,
        790.7261352539062,
        274.271240234375,
        0.894877552986145,
        762.6624145507812,
        306.3441162109375,
        0.9109388589859009,
        804.758056640625,
        300.3304443359375,
        0.8988642692565918,
        754.6441650390625,
        338.4169921875,
        0.8640401363372803,
        818.7899169921875,
        334.40789794921875,
        0.8619386553764343,
        758.6532592773438,
        350.4443359375,
        0.8353937864303589,
        824.8035888671875,
        358.4625549316406,
        0.8467414379119873,
        780.703369140625,
        364.4761962890625,
        0.8257738947868347,
        806.7625732421875,
        360.46710205078125,
        0.8077145218849182,
        778.6988525390625,
        402.562744140625,
        0.8983291387557983,
        814.7808227539062,
        396.549072265625,
        0.8477258682250977,
        782.7079467773438,
        444.65838623046875,
        0.9052494764328003,
        816.7853393554688,
        434.6356201171875,
        0.8612152338027954,
        747.476839511471,
        254.8270170584449,
        84.49413500100934,
        205.2664721533035
    ],
    "7": [
        506.7391357421875,
        259.9735107421875,
        0.8827230334281921,
        506.7391357421875,
        255.6968536376953,
        0.8463745713233948,
        504.600830078125,
        257.8351745605469,
        0.9014327526092529,
        487.4941711425781,
        262.1118469238281,
        0.5681419372558594,
        496.0474853515625,
        262.1118469238281,
        0.8817877769470215,
        496.0474853515625,
        285.63348388671875,
        0.7899895310401917,
        485.3558349609375,
        292.0484619140625,
        0.8328431248664856,
        498.1858215332031,
        311.29345703125,
        0.7716706395149231,
        478.94085693359375,
        326.2617492675781,
        0.866119384765625,
        517.4307861328125,
        304.8784484863281,
        0.8598179817199707,
        506.7391357421875,
        336.95343017578125,
        0.9149046540260315,
        504.600830078125,
        347.64508056640625,
        0.7536208033561707,
        489.63250732421875,
        351.9217224121094,
        0.7833653092384338,
        515.29248046875,
        394.6883239746094,
        0.8358762264251709,
        489.63250732421875,
        396.82666015625,
        0.8266271352767944,
        506.7391357421875,
        439.5932922363281,
        0.8916826248168945,
        483.217529296875,
        443.86993408203125,
        0.7239638566970825,
        453.95884595283445,
        239.23175085366904,
        82.03892000610841,
        218.96497148325318
    ],