{
    "5": [
        859.7905883789062,
        162.2288360595703,
        0.8852794170379639,
        861.08251953125,
        159.64498901367188,
        0.910232424736023,
        857.2067260742188,
        160.93690490722656,
        0.8874719142913818,
        861.08251953125,
        162.2288360595703,
        0.7467701435089111,
        850.7470703125,
        162.2288360595703,
        0.9020985960960388,
        864.9583129882812,
        176.44003295898438,
        0.8809040188789368,
        842.9955444335938,
        177.73196411132812,
        0.8880415558815002,
        864.9583129882812,
        193.23509216308594,
        0.793810248374939,
        835.2439575195312,
        197.11087036132812,
        0.84651780128479,
        867.5421752929688,
        206.1543731689453,
        0.8541736006736755,
        842.9955444335938,
        211.32208251953125,
        0.8541653752326965,
        857.2067260742188,
        212.61399841308594,
        0.7873390913009644,
        842.9955444335938,
        213.9059295654297,
        0.7524780631065369,
        867.5421752929688,
        239.74447631835938,
        0.8348900079727173,
        840.4116821289062,
        241.03640747070312,
        0.8504527807235718,
        857.2067260742188,
        266.87493896484375,
        0.8719621896743774,
        835.2439575195312,
        268.1668701171875,
        0.8747879266738892,
        822.7639628588953,
        148.40522554989235,
        54.67434872325691,
        132.2933261164299
    ],
    "8": [
        1167.5504150390625,
        349.22479248046875,
        0.5990337133407593,
        1169.841064453125,
        346.93414306640625,
        0.7273618578910828,
        1172.1317138671875,
        342.3528137207031,
        0.4469398260116577,
        1172.1317138671875,
        353.8061218261719,
        0.9071223139762878,
        1197.3291015625,
        349.22479248046875,
        0.911799967288971,
        1169.841064453125,
        381.2940979003906,
        0.9037150144577026,
        1213.36376953125,
        369.8407897949219,
        0.9144544005393982,
        1162.9691162109375,
        417.9447326660156,
        0.8517969250679016,
        1231.6890869140625,
        399.6194152832031,
        0.9481991529464722,
        1162.9691162109375,
        454.5953674316406,
        0.9388535618782043,
        1238.56103515625,
        431.688720703125,
        0.9414958953857422,
        1197.3291015625,
        443.1420593261719,
        0.8519970774650574,
        1227.107666015625,
        438.56072998046875,
        0.8495247960090637,
        1169.841064453125,
        482.0833435058594,
        0.8145061135292053,
        1217.945068359375,
        486.6646728515625,
        0.9117286801338196,
        1151.5157470703125,
        530.1873168945312,
        0.8660754561424255,
        1227.107666015625,
        534.7686157226562,
        0.8583039045333862,
        1140.8288996452493,
        322.4240295134262,
        101.54692074185277,
        234.56405520832544
    ],
    "9": [
        444.580078125,
        325.639892578125,
        0.7997223138809204,
        441.96649169921875,
        323.02630615234375,
        0.6565635204315186,
        444.580078125,
        323.02630615234375,
        0.9017351865768433,
        415.83050537109375,
        330.8670959472656,
        0.8677011132240295,
        439.3528747558594,
        328.25347900390625,
        0.9733996391296387,
        405.3760986328125,
        364.8438720703125,
        0.8791923522949219,
        457.6480712890625,
        364.8438720703125,
        0.8742772936820984,
        400.14892578125,
        388.3662414550781,
        0.8205044269561768,
        468.1024475097656,
        406.66143798828125,
        0.8941754102706909,
        423.6712951660156,
        375.2982482910156,
        0.3211604058742523,
        478.5568542480469,
        440.6382141113281,
        0.9019402265548706,
        421.0577087402344,
        443.2518005371094,
        0.7892686128616333,
        455.0344543457031,
        443.2518005371094,
        0.7597171664237976,
        426.2848815917969,
        492.91015625,
        0.9279825687408447,
        452.4208679199219,
        495.52374267578125,
        0.8969675302505493,
        426.2848815917969,
        550.4093017578125,
        0.8575596809387207,
        452.4208679199219,
        550.4093017578125,
        0.8667587041854858,
        384.48228891311715,
        302.90162460238366,
        107.12755655892494,
        267.6323838271451
    ],
    "13": [
        1033.9195556640625,
        273.2123107910156,
        0.7206531763076782,
        1031.9183349609375,
        273.2123107910156,
        0.5513903498649597,
        1033.9195556640625,
        273.2123107910156,
        0.7999367117881775,
        1011.325927734375,
        276.3756103515625,
        0.7854360342025757,
        1031.47900390625,
        275.8331298828125,
        0.7868953943252563,
        1002.2742919921875,
        300.08245849609375,
        0.8036161065101624,
        1039.372314453125,
        296.5155944824219,
        0.7862786054611206,
        997.9794921875,
        331.2789001464844,
        0.804317831993103,
        1047.92724609375,
        326.9778137207031,
        0.8469315767288208,
        1011.3199462890625,
        345.96075439453125,
        0.5611608624458313,
        1054.7449951171875,
        353.5318908691406,
        0.7688576579093933,
        1013.808837890625,
        359.30035400390625,
        0.6844396591186523,
        1038.18017578125,
        355.6453857421875,
        0.6740229725837708,
        1007.6791381835938,
        401.0262451171875,
        0.8070494532585144,
        1060.1490478515625,
        397.7648010253906,
        0.791803777217865,
        999.8995971679688,
        443.3119812011719,
        0.8688671588897705,
        1076.8294677734375,
        436.69769287109375,
        0.7580815553665161,
        984.8468111693762,
        251.7997899393979,
        84.13716715329815,
        204.92004214111978
    ],
    "2": [
        574.4050903320312,
        188.97537231445312,
        0.7629517912864685,
        575.7403564453125,
        184.96951293945312,
        0.7996129393577576,
        571.7344970703125,
        186.30479431152344,
        0.723620593547821,
        577.07568359375,
        182.29893493652344,
        0.845062792301178,
        563.7227783203125,
        184.96951293945312,
        0.7710675001144409,
        581.08154296875,
        191.6459503173828,
        0.8766353130340576,
        557.0463256835938,
        194.3165283203125,
        0.8682076930999756,
        583.7521362304688,
        206.3341064453125,
        0.8597505688667297,
        547.6993408203125,
        210.33998107910156,
        0.8957659006118774,
        578.4109497070312,
        214.34584045410156,
        0.8209394216537476,
        561.05224609375,
        218.35169982910156,
        0.8474339842796326,
        577.07568359375,
        233.03985595703125,
        0.7870423793792725,
        563.7227783203125,
        234.37515258789062,
        0.7806245684623718,
        577.07568359375,
        261.0809020996094,
        0.8029775023460388,
        569.06396484375,
        261.0809020996094,
        0.8274446129798889,
        575.7403564453125,
        285.1160583496094,
        0.8130895495414734,
        565.05810546875,
        287.7866516113281,
        0.8344588875770569,
        540.3498178129578,
        165.34080250905663,
        56.09293399325736,
        136.73341829570666
    ],