{
    "2": [
        572.2444458007812,
        187.7160186767578,
        0.7874875068664551,
        573.5656127929688,
        183.7524871826172,
        0.8376058340072632,
        569.6021118164062,
        185.07366943359375,
        0.7586934566497803,
        574.8867797851562,
        182.4313201904297,
        0.8453324437141418,
        562.9962158203125,
        183.7524871826172,
        0.7947750687599182,
        578.850341796875,
        191.67955017089844,
        0.8918892741203308,
        556.3903198242188,
        194.32191467285156,
        0.8551719188690186,
        582.8138427734375,
        203.57015991210938,
        0.8430938124656677,
        544.4996948242188,
        210.17604064941406,
        0.8644616007804871,
        577.5291748046875,
        212.81838989257812,
        0.8396972417831421,
        559.0326538085938,
        218.1031036376953,
        0.8449413776397705,
        574.8867797851562,
        232.6360626220703,
        0.7698251008987427,
        560.3538208007812,
        233.9572296142578,
        0.778073787689209,
        574.8867797851562,
        263.02313232421875,
        0.8235760927200317,
        562.9962158203125,
        263.02313232421875,
        0.8426633477210999,
        574.8867797851562,
        288.1255187988281,
        0.8341132998466492,
        555.0691528320312,
        288.1255187988281,
        0.8482791185379028,
        537.5103838656089,
        165.6523489302965,
        54.93515246536333,
        135.28858519857317
    ],
    "5": [
        871.33056640625,
        163.64947509765625,
        0.9142967462539673,
        871.33056640625,
        161.18971252441406,
        0.8930519819259644,
        868.8707885742188,
        162.4196014404297,
        0.9135945439338684,
        872.5604858398438,
        163.64947509765625,
        0.7365581393241882,
        862.7213745117188,
        164.87936401367188,
        0.9089556336402893,
        875.020263671875,
        178.4081268310547,
        0.8606781959533691,
        855.342041015625,
        179.6380157470703,
        0.8809016346931458,
        873.7903442382812,
        196.8564453125,
        0.7785158157348633,
        847.9627075195312,
        201.7760009765625,
        0.8208745718002319,
        879.9397583007812,
        210.3852081298828,
        0.7762370705604553,
        860.2615966796875,
        218.9944305419922,
        0.8260186910629272,
        870.1007080078125,
        212.84498596191406,
        0.7694082260131836,
        855.342041015625,
        215.3047637939453,
        0.7218328714370728,
        884.8593139648438,
        237.44273376464844,
        0.770194947719574,
        855.342041015625,
        243.59217834472656,
        0.8027715682983398,
        879.9397583007812,
        265.73016357421875,
        0.8149535655975342,
        849.1925659179688,
        264.5002746582031,
        0.8254647850990295,
        837.6554140554904,
        151.71959080251486,
        51.361820746095304,
        125.94046353722035
    ],
    "8": [
        1217.9525146484375,
        353.3324890136719,
        0.37950149178504944,
        1192.7001953125,
        351.0368347167969,
        0.563359260559082,
        1217.9525146484375,
        351.0368347167969,
        0.5725558400154114,
        1192.7001953125,
        360.219482421875,
        0.896348237991333,
        1217.9525146484375,
        355.6281433105469,
        0.8941716551780701,
        1188.10888671875,
        385.4717712402344,
        0.859250545501709,
        1234.022216796875,
        373.9934387207031,
        0.9317858219146729,
        1172.039306640625,
        422.2023620605469,
        0.9146913290023804,
        1256.978759765625,
        403.8370666503906,
        0.9395461678504944,
        1162.856689453125,
        454.34161376953125,
        0.9163785576820374,
        1268.45703125,
        433.6806640625,
        0.9267714619636536,
        1217.9525146484375,
        445.1589660644531,
        0.8454398512840271,
        1247.796142578125,
        438.27197265625,
        0.8637667298316956,
        1192.7001953125,
        488.77655029296875,
        0.8997398018836975,
        1243.204833984375,
        475.0025634765625,
        0.9022138714790344,
        1208.7698974609375,
        539.2811279296875,
        0.864128053188324,
        1240.9091796875,
        525.5071411132812,
        0.8408257961273193,
        1163.3752524257332,
        326.4733170619004,
        102.26753919007206,
        235.07566806237583
    ],
    "7": [
        520.5364379882812,
        267.918701171875,
        0.9458176493644714,
        516.5975341796875,
        263.9798278808594,
        0.8907976150512695,
        516.5975341796875,
        265.9492492675781,
        0.9456586241722107,
        496.9032287597656,
        273.8269958496094,
        0.7285876870155334,
        510.68927001953125,
        269.88812255859375,
        0.8948009014129639,
        500.84210205078125,
        295.4907531738281,
        0.7730385661125183,
        508.7198181152344,
        295.4907531738281,
        0.8059316277503967,
        506.7503967285156,
        327.0016784667969,
        0.7419360876083374,
        500.84210205078125,
        338.8182678222656,
        0.7541154026985168,
        528.4141235351562,
        317.1545104980469,
        0.7185782790184021,
        528.4141235351562,
        348.6654357910156,
        0.9302670359611511,
        514.6281127929688,
        356.5431823730469,
        0.6410874724388123,
        504.78094482421875,
        358.5126037597656,
        0.7639351487159729,
        546.1390380859375,
        391.9929504394531,
        0.8533113598823547,
        498.8726501464844,
        405.77899169921875,
        0.8320110440254211,
        532.35302734375,
        427.4427490234375,
        0.8652457594871521,
        481.14776611328125,
        447.1370849609375,
        0.8446387052536011,
        469.7650113727573,
        252.7540423276697,
        75.94021661820307,
        201.6699344723654
    ],
    "6": [
        811.2688598632812,
        266.75384521484375,
        0.5605917572975159,
        798.955810546875,
        264.7016906738281,
        0.49817323684692383,
        811.2688598632812,
        262.6495056152344,
        0.7029197216033936,
        790.7471313476562,
        266.75384521484375,
        0.9241506457328796,
        811.2688598632812,
        264.7016906738281,
        0.9221222400665283,
        782.5384521484375,
        295.48431396484375,
        0.9270268082618713,
        823.5819091796875,
        291.37994384765625,
        0.9091996550559998,
        774.3297119140625,
        326.2669372558594,
        0.9245057702064514,
        835.8949584960938,
        326.2669372558594,
        0.8596474528312683,
        790.7471313476562,
        324.2147521972656,
        0.6306636929512024,
        848.2080078125,
        352.9451904296875,
        0.8844257593154907,
        796.9036865234375,
        357.049560546875,
        0.7999436855316162,
        825.6340942382812,
        354.99737548828125,
        0.7922950983047485,
        786.6427612304688,
        400.1452331542969,
        0.8553116321563721,
        837.9471435546875,
        387.8321838378906,
        0.8984869718551636,
        782.5384521484375,
        443.24090576171875,
        0.8868615627288818,
        848.2080078125,
        430.9278564453125,
        0.8823946118354797,
        765.9703483868709,
        244.7955675904803,
        88.54490474013573,
        210.14276457067632
    ],