{
    "6": [
        844.8217163085938,
        254.28494262695312,
        0.6871732473373413,
        838.3905029296875,
        252.14120483398438,
        0.4992728531360626,
        842.677978515625,
        252.14120483398438,
        0.7730567455291748,
        821.2405395507812,
        254.28494262695312,
        0.9263389706611633,
        840.5342407226562,
        254.28494262695312,
        0.900664210319519,
        810.5218505859375,
        282.1535949707031,
        0.9296542406082153,
        849.1091918945312,
        280.00982666015625,
        0.8916513323783875,
        801.9468994140625,
        312.16595458984375,
        0.9231926202774048,
        861.9716186523438,
        314.3096923828125,
        0.8696723580360413,
        814.809326171875,
        325.0284118652344,
        0.7893415093421936,
        874.8341064453125,
        344.32208251953125,
        0.9105969667434692,
        821.2405395507812,
        344.32208251953125,
        0.7877785563468933,
        846.9654541015625,
        342.1783447265625,
        0.803909182548523,
        814.809326171875,
        380.76568603515625,
        0.8786613941192627,
        853.3966674804688,
        382.909423828125,
        0.8729909658432007,
        804.0906372070312,
        421.4967956542969,
        0.8360324501991272,
        851.2529296875,
        430.0717468261719,
        0.861251950263977,
        784.780619143955,
        231.34689847037373,
        92.21358127150472,
        219.51914894686706
    ],
    "17": [
        303.5137939453125,
        250.7427520751953,
        0.9071459174156189,
        303.5137939453125,
        248.56674194335938,
        0.8712962865829468,
        301.3377685546875,
        248.56674194335938,
        0.9012597799301147,
        292.63372802734375,
        252.91876220703125,
        0.6031846404075623,
        292.63372802734375,
        252.91876220703125,
        0.8874194622039795,
        294.80975341796875,
        276.8548583984375,
        0.8451192378997803,
        283.9296875,
        276.8548583984375,
        0.8925739526748657,
        299.1617736816406,
        313.8470153808594,
        0.768700122833252,
        279.57769775390625,
        316.02301025390625,
        0.7321809530258179,
        299.1617736816406,
        342.1351318359375,
        0.6489056944847107,
        288.2817077636719,
        348.66314697265625,
        0.8375961780548096,
        299.1617736816406,
        337.7831115722656,
        0.7878520488739014,
        283.9296875,
        342.1351318359375,
        0.77695232629776,
        312.2178039550781,
        381.30328369140625,
        0.9162748456001282,
        286.105712890625,
        390.00732421875,
        0.8965264558792114,
        307.86578369140625,
        429.17547607421875,
        0.9268845915794373,
        286.105712890625,
        440.0555114746094,
        0.8576377630233765,
        250.71824522734602,
        229.63546422473553,
        86.0069972533945,
        222.8232898588276
    ],
    "2": [
        568.5585327148438,
        182.76133728027344,
        0.8005267977714539,
        567.1978149414062,
        180.03988647460938,
        0.8142209053039551,
        564.476318359375,
        181.40060424804688,
        0.7511315941810608,
        568.5585327148438,
        181.40060424804688,
        0.7390565872192383,
        557.6727294921875,
        184.1220703125,
        0.7879331111907959,
        572.6406860351562,
        193.64715576171875,
        0.902417778968811,
        548.1475830078125,
        196.36862182617188,
        0.857292890548706,
        575.3621826171875,
        207.2544403076172,
        0.8659242391586304,
        538.6224975585938,
        212.69735717773438,
        0.8820798993110657,
        571.2799682617188,
        214.05807495117188,
        0.8904657363891602,
        554.9512329101562,
        219.50099182128906,
        0.8371560573577881,
        568.5585327148438,
        233.1082763671875,
        0.784010648727417,
        552.2297973632812,
        235.82972717285156,
        0.7854154109954834,
        571.2799682617188,
        261.6835632324219,
        0.8320177793502808,
        553.5905151367188,
        264.405029296875,
        0.8267319202423096,
        571.2799682617188,
        286.1766662597656,
        0.8741757273674011,
        553.5905151367188,
        288.89813232421875,
        0.8073011040687561,
        533.61392574562,
        164.11934511013646,
        54.921225149099655,
        139.33858359089385
    ],
    "9": [
        436.9032897949219,
        333.3968200683594,
        0.9052549600601196,
        434.2634582519531,
        328.1171569824219,
        0.7014313340187073,
        434.2634582519531,
        328.1171569824219,
        0.9327511191368103,
        410.5050048828125,
        341.3162841796875,
        0.8205235600471497,
        428.9837951660156,
        336.03662109375,
        0.9285709857940674,
        405.225341796875,
        375.6340637207031,
        0.8278378248214722,
        439.5431213378906,
        370.3544006347656,
        0.8740164041519165,
        405.225341796875,
        409.95184326171875,
        0.700542151927948,
        452.74224853515625,
        409.95184326171875,
        0.88966304063797,
        428.9837951660156,
        438.9899597167969,
        0.3670603036880493,
        465.94140625,
        446.9094543457031,
        0.9123491048812866,
        421.0643005371094,
        454.8289489746094,
        0.8028824925422668,
        447.4626159667969,
        452.1891174316406,
        0.7775291204452515,
        426.3439636230469,
        510.2653503417969,
        0.8818255066871643,
        455.382080078125,
        502.3458557128906,
        0.9036481976509094,
        434.2634582519531,
        565.7017822265625,
        0.8939296007156372,
        460.6617431640625,
        547.2229614257812,
        0.8871374726295471,
        383.42500668623643,
        310.43029388292916,
        104.31673616181666,
        270.3185100345404
    ],
    "8": [
        1281.399658203125,
        365.8057556152344,
        0.4751720130443573,
        1256.052734375,
        361.1972351074219,
        0.48663628101348877,
        1281.399658203125,
        363.5014953613281,
        0.5648766756057739,
        1256.052734375,
        363.5014953613281,
        0.9156394600868225,
        1281.399658203125,
        363.5014953613281,
        0.9039475917816162,
        1246.835693359375,
        391.152587890625,
        0.9388619661331177,
        1295.2252197265625,
        391.152587890625,
        0.8922592401504517,
        1233.01025390625,
        421.1079406738281,
        0.9260609745979309,
        1306.7464599609375,
        423.4122009277344,
        0.9183257818222046,
        1233.01025390625,
        437.2377624511719,
        0.8737994432449341,
        1311.35498046875,
        451.06329345703125,
        0.914423406124115,
        1262.965576171875,
        462.5845947265625,
        0.7860105633735657,
        1292.9208984375,
        460.28033447265625,
        0.8069155812263489,
        1235.314453125,
        506.365478515625,
        0.8876627087593079,
        1302.137939453125,
        494.8442077636719,
        0.8560153245925903,
        1221.4888916015625,
        557.0591430664062,
        0.8980070948600769,
        1334.3975830078125,
        534.0166015625,
        0.8537620306015015,
        1216.4104018896828,
        338.84594542855206,
        104.63148396456745,
        235.95602165329746
    ],