{
    "9": [
        437.2817077636719,
        332.1720886230469,
        0.9412642121315002,
        437.2817077636719,
        326.9236755371094,
        0.7697389125823975,
        434.6575012207031,
        326.9236755371094,
        0.9254952073097229,
        413.6638488769531,
        340.0447082519531,
        0.7889920473098755,
        429.4090881347656,
        334.7962951660156,
        0.9230909943580627,
        405.791259765625,
        374.15936279296875,
        0.8779163956642151,
        439.9059143066406,
        368.91094970703125,
        0.8854366540908813,
        411.0396423339844,
        421.3950500488281,
        0.8592730164527893,
        450.4027404785156,
        410.89825439453125,
        0.8768020868301392,
        413.6638488769531,
        458.1339416503906,
        0.8701239228248596,
        463.5237731933594,
        445.0129089355469,
        0.9088408350944519,
        421.5364685058594,
        458.1339416503906,
        0.791800856590271,
        450.4027404785156,
        452.8855285644531,
        0.7769749760627747,
        426.7848815917969,
        510.6180419921875,
        0.874487042427063,
        463.5237731933594,
        502.74542236328125,
        0.888725757598877,
        434.6575012207031,
        565.7263793945312,
        0.8763484358787537,
        476.644775390625,
        555.2295532226562,
        0.8812631368637085,
        387.16151882080635,
        311.96572764840766,
        102.86459444793155,
        268.71858063921263
    ],
    "6": [
        854.3189086914062,
        246.4144287109375,
        0.7593685388565063,
        852.1845703125,
        244.2800750732422,
        0.5833266973495483,
        854.3189086914062,
        244.2800750732422,
        0.8084074258804321,
        832.9752807617188,
        248.54879760742188,
        0.9291583299636841,
        852.1845703125,
        246.4144287109375,
        0.9114072918891907,
        820.1691284179688,
        274.1611328125,
        0.9152840375900269,
        860.7219848632812,
        274.1611328125,
        0.924943208694458,
        809.497314453125,
        301.9078674316406,
        0.8906779289245605,
        871.393798828125,
        308.3109436035156,
        0.8692578673362732,
        813.7660522460938,
        325.3858337402344,
        0.8923940062522888,
        884.2000122070312,
        336.0576477050781,
        0.917638897895813,
        830.8409423828125,
        336.0576477050781,
        0.8083070516586304,
        856.4533081054688,
        338.1920166015625,
        0.8108354210853577,
        832.9752807617188,
        376.61053466796875,
        0.8598030805587769,
        854.3189086914062,
        380.8792724609375,
        0.8292346596717834,
        828.7066040039062,
        419.29779052734375,
        0.8722500801086426,
        850.0501708984375,
        427.8352355957031,
        0.8791328072547913,
        799.3229919228392,
        225.7111402062481,
        90.78256219681157,
        218.5586495312911
    ],
    "8": [
        1323.9520263671875,
        350.4426574707031,
        0.5636787414550781,
        1309.486328125,
        343.2098388671875,
        0.37912869453430176,
        1323.9520263671875,
        348.0317077636719,
        0.664268970489502,
        1297.431640625,
        345.62078857421875,
        0.8928656578063965,
        1321.541015625,
        350.4426574707031,
        0.9012272953987122,
        1282.966064453125,
        374.5520324707031,
        0.9409885406494141,
        1328.7738037109375,
        376.96295166015625,
        0.9312756061553955,
        1268.5003662109375,
        408.3051452636719,
        0.89327073097229,
        1333.595703125,
        413.12701416015625,
        0.9054825901985168,
        1261.267578125,
        442.0582580566406,
        0.917083740234375,
        1343.239501953125,
        446.880126953125,
        0.9029066562652588,
        1285.376953125,
        446.880126953125,
        0.805663526058197,
        1314.3082275390625,
        446.880126953125,
        0.8319042325019836,
        1270.911376953125,
        492.68792724609375,
        0.8837628960609436,
        1319.130126953125,
        487.8660583496094,
        0.8511977791786194,
        1241.9801025390625,
        528.8519897460938,
        0.8513680696487427,
        1331.184814453125,
        533.6738891601562,
        0.8774332404136658,
        1241.3509373593106,
        319.82371156087754,
        109.75042892627198,
        246.8799971708114
    ],
    "10": [
        719.6871337890625,
        372.533203125,
        0.8698485493659973,
        716.9932861328125,
        367.1455993652344,
        0.7687628269195557,
        719.6871337890625,
        367.1455993652344,
        0.8903709650039673,
        692.7490844726562,
        369.8393859863281,
        0.8442403078079224,
        714.2994995117188,
        372.533203125,
        0.9449665546417236,
        684.667724609375,
        399.47119140625,
        0.8965668082237244,
        700.8305053710938,
        404.8587951660156,
        0.8399606347084045,
        668.5048828125,
        437.1844177246094,
        0.8619672060012817,
        698.13671875,
        447.9596252441406,
        0.8986918926239014,
        673.8925170898438,
        474.8976135253906,
        0.3920675218105316,
        727.7684936523438,
        469.510009765625,
        0.9128721356391907,
        679.2800903320312,
        480.28521728515625,
        0.7643568515777588,
        690.0552978515625,
        482.9790344238281,
        0.7996711730957031,
        690.0552978515625,
        534.1612548828125,
        0.5880321264266968,
        690.0552978515625,
        539.548828125,
        0.7005465030670166,
        690.0552978515625,
        585.3434448242188,
        0.8441590666770935,
        676.5863037109375,
        596.11865234375,
        0.8502199053764343,
        637.1914723430873,
        341.0157145748844,
        113.80909335495392,
        275.8451894108053
    ],
    "13": [
        1125.2587890625,
        260.8580017089844,
        0.6974857449531555,
        1121.0743408203125,
        256.673583984375,
        0.5240495204925537,
        1125.2587890625,
        258.7657775878906,
        0.7514334321022034,
        1104.336669921875,
        260.8580017089844,
        0.8849424719810486,
        1123.16650390625,
        260.8580017089844,
        0.9288047552108765,
        1093.8756103515625,
        283.872314453125,
        0.9335111975669861,
        1121.0743408203125,
        285.96453857421875,
        0.8855782747268677,
        1085.5067138671875,
        315.2554931640625,
        0.8214438557624817,
        1125.2587890625,
        319.4399108886719,
        0.9041574597358704,
        1089.691162109375,
        338.2698059082031,
        0.6807826161384583,
        1141.9964599609375,
        338.2698059082031,
        0.9207677245140076,
        1093.8756103515625,
        344.54644775390625,
        0.8161246180534363,
        1110.61328125,
        346.638671875,
        0.7905001044273376,
        1112.7054443359375,
        390.5751037597656,
        0.6965119242668152,
        1112.7054443359375,
        394.759521484375,
        0.8503400683403015,
        1108.5211181640625,
        430.3271179199219,
        0.6470521092414856,
        1104.336669921875,
        438.6959533691406,
        0.9196323752403259,
        1063.7491234038873,
        238.47132800849613,
        87.45178415573605,
        214.24245464366777
    ],