{
    "9": [
        440.0638732910156,
        332.52276611328125,
        0.9004406929016113,
        437.3792724609375,
        327.1535949707031,
        0.7933593988418579,
        437.3792724609375,
        327.1535949707031,
        0.9257532954216003,
        415.9024963378906,
        337.8919677734375,
        0.8269451260566711,
        432.01007080078125,
        335.2073669433594,
        0.9245099425315857,
        407.8487243652344,
        375.4762878417969,
        0.8707548379898071,
        440.0638732910156,
        370.1070861816406,
        0.8720138669013977,
        410.5333251953125,
        418.4298095703125,
        0.8779587149620056,
        453.4868469238281,
        413.06060791015625,
        0.8464009761810303,
        405.16412353515625,
        453.32952880859375,
        0.8946383595466614,
        466.9098205566406,
        447.9603271484375,
        0.894849419593811,
        423.956298828125,
        458.69873046875,
        0.8150988221168518,
        450.80224609375,
        453.32952880859375,
        0.7605619430541992,
        429.3254699707031,
        509.7060241699219,
        0.8873437643051147,
        469.5943908691406,
        504.3368225097656,
        0.8850415945053101,
        434.6946716308594,
        566.08251953125,
        0.8747957944869995,
        483.0173645019531,
        560.7133178710938,
        0.8657292127609253,
        388.31775501735,
        309.1667974923194,
        106.17682599700117,
        274.9025067550239
    ],
    "6": [
        858.7272338867188,
        246.3428497314453,
        0.8260483145713806,
        856.5911254882812,
        244.2067108154297,
        0.6604057550430298,
        858.7272338867188,
        242.07057189941406,
        0.8723753690719604,
        837.3658447265625,
        246.3428497314453,
        0.9418310523033142,
        854.4549560546875,
        246.3428497314453,
        0.887682318687439,
        824.5490112304688,
        271.97650146484375,
        0.9159927368164062,
        865.1356811523438,
        274.1126708984375,
        0.8930725455284119,
        813.8683471679688,
        301.8824462890625,
        0.9007571935653687,
        875.8163452148438,
        304.01861572265625,
        0.880613386631012,
        813.8683471679688,
        327.51611328125,
        0.9149616360664368,
        888.6331787109375,
        329.65228271484375,
        0.9221598505973816,
        835.229736328125,
        333.924560546875,
        0.8141937255859375,
        858.7272338867188,
        336.0606689453125,
        0.8528489470481873,
        841.6381225585938,
        376.6473388671875,
        0.8647408485412598,
        856.5911254882812,
        378.783447265625,
        0.8354199528694153,
        841.6381225585938,
        419.3701171875,
        0.827937662601471,
        848.0465698242188,
        423.64239501953125,
        0.8616408109664917,
        803.7733273072989,
        223.4861318240558,
        90.68264390509114,
        218.7406701702988
    ],
    "8": [
        1337.3914794921875,
        341.7046203613281,
        0.5853211283683777,
        1317.7225341796875,
        334.3287353515625,
        0.3660294711589813,
        1337.3914794921875,
        339.2459716796875,
        0.6853383779525757,
        1310.3466796875,
        336.787353515625,
        0.8980990052223206,
        1334.932861328125,
        341.7046203613281,
        0.8793441653251648,
        1293.13623046875,
        363.83221435546875,
        0.9010084867477417,
        1339.85009765625,
        368.74945068359375,
        0.9348142147064209,
        1280.8431396484375,
        400.7115783691406,
        0.931396484375,
        1344.767333984375,
        405.6288146972656,
        0.935245156288147,
        1275.9259033203125,
        432.6736755371094,
        0.9266054034233093,
        1354.601806640625,
        437.5909118652344,
        0.9414656162261963,
        1293.13623046875,
        437.5909118652344,
        0.8141281008720398,
        1320.18115234375,
        440.0495300292969,
        0.8307563662528992,
        1288.218994140625,
        484.30474853515625,
        0.9032982587814331,
        1330.015625,
        486.76336669921875,
        0.8688559532165527,
        1261.1741943359375,
        518.7254638671875,
        0.8631929159164429,
        1330.015625,
        533.4772338867188,
        0.8679737448692322,
        1253.3494124966119,
        310.4800772749592,
        111.53575711241933,
        251.76304752341213
    ],
    "10": [
        729.743408203125,
        370.0166320800781,
        0.8307486772537231,
        727.0452880859375,
        364.6203918457031,
        0.7366400957107544,
        729.743408203125,
        364.6203918457031,
        0.8815897703170776,
        702.7621459960938,
        370.0166320800781,
        0.881441056728363,
        724.34716796875,
        370.0166320800781,
        0.9308473467826843,
        694.667724609375,
        399.696044921875,
        0.8846938610076904,
        713.5546264648438,
        405.09228515625,
        0.8465795516967773,
        678.47900390625,
        434.7716979980469,
        0.929260790348053,
        710.8565063476562,
        448.2623291015625,
        0.9120314121246338,
        700.0640258789062,
        459.0548400878906,
        0.45492419600486755,
        743.2340698242188,
        469.84735107421875,
        0.9252417683601379,
        691.9696044921875,
        477.9417419433594,
        0.708184540271759,
        700.0640258789062,
        483.3380126953125,
        0.8201842308044434,
        721.6490478515625,
        526.508056640625,
        0.817163348197937,
        697.3659057617188,
        539.9986572265625,
        0.815639078617096,
        727.0452880859375,
        585.8668823242188,
        0.8687137365341187,
        675.7808837890625,
        596.6593627929688,
        0.8688652515411377,
        650.2236072534986,
        338.44857047426535,
        113.17143721353591,
        276.2882434570836
    ],
    "13": [
        1134.193359375,
        259.69244384765625,
        0.7064482569694519,
        1129.986083984375,
        257.5887756347656,
        0.5500439405441284,
        1134.193359375,
        257.5887756347656,
        0.744823694229126,
        1113.15673828125,
        259.69244384765625,
        0.8964753746986389,
        1132.0897216796875,
        259.69244384765625,
        0.9528444409370422,
        1104.7420654296875,
        282.832763671875,
        0.9140171408653259,
        1127.8824462890625,
        284.9364318847656,
        0.883350670337677,
        1096.327392578125,
        314.38775634765625,
        0.821281373500824,
        1134.193359375,
        318.5950927734375,
        0.9155381321907043,
        1098.43115234375,
        339.6317443847656,
        0.7156732678413391,
        1151.022705078125,
        339.6317443847656,
        0.9366164803504944,
        1102.638427734375,
        343.8390808105469,
        0.7901879549026489,
        1117.3641357421875,
        345.9427185058594,
        0.8345960974693298,
        1127.8824462890625,
        388.01605224609375,
        0.8164045214653015,
        1117.3641357421875,
        392.223388671875,
        0.8517871499061584,
        1129.986083984375,
        430.08935546875,
        0.8356501460075378,
        1102.638427734375,
        438.5040283203125,
        0.8925874829292297,
        1072.5638827165994,
        237.18321639103274,
        87.4966958132552,
        215.41535447114242
    ],