{
    "9": [
        444.4776306152344,
        332.17315673828125,
        0.9173546433448792,
        439.068603515625,
        329.4686584472656,
        0.7866070866584778,
        441.7731018066406,
        329.4686584472656,
        0.9167113304138184,
        417.43255615234375,
        340.28668212890625,
        0.8475545644760132,
        433.65960693359375,
        334.8776550292969,
        0.8976060152053833,
        409.31903076171875,
        375.44525146484375,
        0.860854983329773,
        441.7731018066406,
        370.0362243652344,
        0.8633478879928589,
        406.6145324707031,
        418.71734619140625,
        0.8636307716369629,
        455.295654296875,
        413.3083190917969,
        0.8774852156639099,
        403.9100341796875,
        453.87591552734375,
        0.9400952458381653,
        468.81817626953125,
        448.4669189453125,
        0.8983006477355957,
        422.8415832519531,
        456.5804138183594,
        0.8049176335334778,
        452.59112548828125,
        456.5804138183594,
        0.7930132746696472,
        428.2505798339844,
        510.6705322265625,
        0.8658357858657837,
        471.5226745605469,
        505.26153564453125,
        0.8858839869499207,
        433.65960693359375,
        567.4651489257812,
        0.9024034142494202,
        485.0451965332031,
        562.05615234375,
        0.8742558360099792,
        389.29711263065974,
        308.64397808115245,
        107.6564793893366,
        276.9413602083698
    ],
    "6": [
        862.5145263671875,
        245.4711456298828,
        0.8345648050308228,
        858.2230834960938,
        243.325439453125,
        0.6860616207122803,
        860.3688354492188,
        243.325439453125,
        0.8857054114341736,
        838.9117431640625,
        247.61685180664062,
        0.9231043457984924,
        856.077392578125,
        245.4711456298828,
        0.8827680349349976,
        828.1832275390625,
        271.2196044921875,
        0.923469603061676,
        866.805908203125,
        273.36529541015625,
        0.8931097388267517,
        815.3090209960938,
        301.25946044921875,
        0.9128125309944153,
        877.534423828125,
        303.4051818847656,
        0.8713654279708862,
        815.3090209960938,
        329.15362548828125,
        0.9049634337425232,
        890.40869140625,
        329.15362548828125,
        0.9108027815818787,
        836.7660522460938,
        333.4450378417969,
        0.8131908178329468,
        860.3688354492188,
        335.59075927734375,
        0.8463912606239319,
        843.2031860351562,
        376.359130859375,
        0.8370482921600342,
        858.2230834960938,
        378.5048522949219,
        0.8425276279449463,
        847.4945678710938,
        421.4189453125,
        0.7471489310264587,
        849.6402587890625,
        425.7103576660156,
        0.870411217212677,
        805.2117447831375,
        222.51207446526078,
        91.00279045742684,
        219.7202243875981
    ],
    "10": [
        735.6323852539062,
        371.01043701171875,
        0.8095254898071289,
        732.9547119140625,
        365.655029296875,
        0.6840819120407104,
        735.6323852539062,
        368.3327331542969,
        0.859200119972229,
        708.8554077148438,
        368.3327331542969,
        0.9266061186790466,
        730.2769775390625,
        371.01043701171875,
        0.9320189356803894,
        700.8223266601562,
        400.4651184082031,
        0.861740231513977,
        719.5662231445312,
        405.8205261230469,
        0.8521814346313477,
        684.756103515625,
        435.27520751953125,
        0.9274498224258423,
        714.2108154296875,
        448.6636962890625,
        0.9019796252250671,
        706.1776733398438,
        454.01910400390625,
        0.5690354108810425,
        749.0208740234375,
        467.4075927734375,
        0.9271135926246643,
        695.4669189453125,
        478.1183776855469,
        0.7175808548927307,
        706.1776733398438,
        483.4737854003906,
        0.808141827583313,
        727.5993041992188,
        528.9946899414062,
        0.8098995089530945,
        698.1445922851562,
        537.0277709960938,
        0.7920991778373718,
        743.6654663085938,
        579.8709716796875,
        0.8289787173271179,
        676.7230224609375,
        593.2594604492188,
        0.8438228368759155,
        656.7617281182322,
        339.6813963117662,
        112.22038931231918,
        274.19631866818384
    ],
    "8": [
        1342.3427734375,
        337.1336669921875,
        0.4890373647212982,
        1320.2823486328125,
        327.3290100097656,
        0.41015321016311646,
        1342.3427734375,
        334.6824951171875,
        0.6229619383811951,
        1315.3800048828125,
        332.2313232421875,
        0.8781853914260864,
        1339.8916015625,
        337.1336669921875,
        0.8931499719619751,
        1298.2218017578125,
        359.19415283203125,
        0.9228638410568237,
        1344.7939453125,
        364.0964660644531,
        0.9327632188796997,
        1285.966064453125,
        395.96160888671875,
        0.9079155921936035,
        1349.6962890625,
        400.8639221191406,
        0.9238577485084534,
        1283.514892578125,
        427.8267517089844,
        0.9112271666526794,
        1359.5009765625,
        430.27789306640625,
        0.94356769323349,
        1298.2218017578125,
        435.18023681640625,
        0.8267748951911926,
        1325.1846923828125,
        435.18023681640625,
        0.819207489490509,
        1295.7706298828125,
        479.3011779785156,
        0.8825708031654358,
        1334.9892578125,
        484.2035217285156,
        0.8918030858039856,
        1271.259033203125,
        518.5198364257812,
        0.8836857080459595,
        1330.0870361328125,
        530.775634765625,
        0.9103631377220154,
        1258.6321600155654,
        308.45507711760774,
        111.0445180758611,
        250.99913461562153
    ],
    "13": [
        1138.640869140625,
        260.3456115722656,
        0.6736541390419006,
        1134.47509765625,
        258.26275634765625,
        0.5321927070617676,
        1138.640869140625,
        258.26275634765625,
        0.7184579372406006,
        1117.812255859375,
        260.3456115722656,
        0.8915359377861023,
        1136.5579833984375,
        260.3456115722656,
        0.9857069253921509,
        1109.480712890625,
        283.25714111328125,
        0.9212211966514587,
        1132.392333984375,
        285.3399963378906,
        0.887749433517456,
        1101.1492919921875,
        312.4172668457031,
        0.8596280813217163,
        1136.5579833984375,
        320.74871826171875,
        0.9240859746932983,
        1105.3150634765625,
        339.4945373535156,
        0.5601670742034912,
        1155.3038330078125,
        337.4116516113281,
        0.9400321841239929,
        1107.39794921875,
        343.6602478027344,
        0.7749342918395996,
        1121.9779052734375,
        345.7431335449219,
        0.8404616117477417,
        1132.392333984375,
        387.40045166015625,
        0.8362705707550049,
        1117.812255859375,
        391.566162109375,
        0.8461098670959473,
        1142.806640625,
        429.0577697753906,
        0.893798828125,
        1103.232177734375,
        437.38922119140625,
        0.8677462935447693,
        1077.5974897839228,
        238.05895255241438,
        86.67798874291793,
        213.2854972583363
    ],