{
    "6": [
        895.5565795898438,
        238.64552307128906,
        0.8969662189483643,
        893.482666015625,
        236.57159423828125,
        0.82705157995224,
        895.5565795898438,
        234.49766540527344,
        0.919630765914917,
        874.8172607421875,
        236.57159423828125,
        0.8851640224456787,
        889.3347778320312,
        236.57159423828125,
        0.9318876266479492,
        864.4476318359375,
        263.5326843261719,
        0.9316067695617676,
        899.7044067382812,
        261.4587707519531,
        0.9167355895042419,
        864.4476318359375,
        290.4937744140625,
        0.7801492810249329,
        908.0001831054688,
        294.6416320800781,
        0.8748262524604797,
        872.7433471679688,
        317.4548645019531,
        0.4489652216434479,
        920.4437255859375,
        321.60272216796875,
        0.8869545459747314,
        876.8911743164062,
        323.6766662597656,
        0.7896628379821777,
        897.6304931640625,
        323.6766662597656,
        0.7763029336929321,
        874.8172607421875,
        365.1552734375,
        0.8793602585792542,
        916.2958984375,
        363.0813293457031,
        0.872122049331665,
        872.7433471679688,
        408.7077941894531,
        0.9154322147369385,
        918.3698120117188,
        406.6338806152344,
        0.8769131898880005,
        849.2251001051717,
        210.23268429935268,
        86.44112773892607,
        212.3704434105362
    ],
    "17": [
        294.3047790527344,
        237.7628173828125,
        0.9223153591156006,
        292.234130859375,
        233.6215057373047,
        0.8614616990089417,
        290.1634826660156,
        233.6215057373047,
        0.9385626316070557,
        271.5276184082031,
        237.7628173828125,
        0.7411242127418518,
        281.8808898925781,
        237.7628173828125,
        0.8807328939437866,
        259.1037292480469,
        260.5399475097656,
        0.9134282469749451,
        288.09283447265625,
        260.5399475097656,
        0.8887457847595215,
        257.0330810546875,
        293.67034912109375,
        0.7269191741943359,
        290.1634826660156,
        295.7409973144531,
        0.8431156277656555,
        259.1037292480469,
        314.3768310546875,
        0.5154080390930176,
        300.5167236328125,
        324.7301025390625,
        0.8469871878623962,
        265.315673828125,
        322.6594543457031,
        0.7559277415275574,
        283.9515380859375,
        322.6594543457031,
        0.7613736391067505,
        265.315673828125,
        368.2137145996094,
        0.8856656551361084,
        294.3047790527344,
        366.14306640625,
        0.9041582345962524,
        259.1037292480469,
        415.8386535644531,
        0.8643091320991516,
        302.5873718261719,
        405.48541259765625,
        0.8907195329666138,
        239.77191032816296,
        215.60686409818163,
        78.00596446780827,
        212.0345088502604
    ],
    "2": [
        583.0604858398438,
        177.35140991210938,
        0.7553017735481262,
        584.4332275390625,
        173.23318481445312,
        0.8016961216926575,
        580.3150024414062,
        174.60592651367188,
        0.7114740610122681,
        587.1787109375,
        174.60592651367188,
        0.8302629590034485,
        573.4513549804688,
        175.97866821289062,
        0.8088948726654053,
        591.2969360351562,
        188.33331298828125,
        0.8933243751525879,
        569.3331298828125,
        191.0787811279297,
        0.8992550373077393,
        594.0424194335938,
        202.06068420410156,
        0.7979600429534912,
        561.0966796875,
        208.92437744140625,
        0.8813123106956482,
        591.2969360351562,
        211.6698455810547,
        0.83284592628479,
        578.9422607421875,
        217.16079711914062,
        0.8474939465522766,
        588.5514526367188,
        230.88818359375,
        0.7915671467781067,
        576.1968383789062,
        230.88818359375,
        0.7779658436775208,
        585.8059692382812,
        262.4611511230469,
        0.7803849577903748,
        583.0604858398438,
        262.4611511230469,
        0.8381245136260986,
        576.1968383789062,
        285.7976989746094,
        0.7731831073760986,
        587.1787109375,
        288.5431823730469,
        0.6988292932510376,
        551.2143513501545,
        159.91763661155193,
        54.08313213615918,
        140.56831349593728
    ],
    "9": [
        504.5632629394531,
        342.955078125,
        0.8990322947502136,
        501.81732177734375,
        337.4632263183594,
        0.8310672044754028,
        501.81732177734375,
        340.20916748046875,
        0.8952359557151794,
        474.3581237792969,
        342.955078125,
        0.8587435483932495,
        493.57958984375,
        342.955078125,
        0.8794705867767334,
        460.6285400390625,
        373.16021728515625,
        0.917975664138794,
        493.57958984375,
        381.39794921875,
        0.8909254670143127,
        466.120361328125,
        408.857177734375,
        0.5038228631019592,
        507.3091735839844,
        425.33270263671875,
        0.8787969350814819,
        507.3091735839844,
        439.06231689453125,
        0.15167289972305298,
        526.5306396484375,
        461.0296630859375,
        0.8982159495353699,
        471.6122131347656,
        455.537841796875,
        0.7729641795158386,
        493.57958984375,
        458.28375244140625,
        0.8087016344070435,
        485.341796875,
        507.7103271484375,
        0.8291354179382324,
        496.32550048828125,
        510.45623779296875,
        0.87747722864151,
        474.3581237792969,
        557.1369018554688,
        0.862099289894104,
        493.57958984375,
        570.8665161132812,
        0.9081478714942932,
        433.93434157097374,
        310.8277593925401,
        111.0527322608051,
        281.18234335592376
    ],
    "15": [
        1242.85498046875,
        206.04261779785156,
        0.5802873373031616,
        1244.6956787109375,
        202.3612823486328,
        0.6991798877716064,
        1246.536376953125,
        202.3612823486328,
        0.43355265259742737,
        1246.536376953125,
        204.2019500732422,
        0.9020288586616516,
        1263.1024169921875,
        204.2019500732422,
        0.8838794827461243,
        1242.85498046875,
        229.97129821777344,
        0.9167085289955139,
        1270.465087890625,
        226.2899627685547,
        0.8896846771240234,
        1241.014404296875,
        259.4219970703125,
        0.8604549765586853,
        1274.1463623046875,
        253.8999786376953,
        0.8358820676803589,
        1233.6517333984375,
        275.98797607421875,
        0.6448832154273987,
        1272.3056640625,
        270.46600341796875,
        0.7152085304260254,
        1252.058349609375,
        281.510009765625,
        0.7851942777633667,
        1268.6243896484375,
        279.6693115234375,
        0.7680178880691528,
        1250.2176513671875,
        322.00469970703125,
        0.9037371277809143,
        1261.26171875,
        320.16400146484375,
        0.8713263273239136,
        1270.465087890625,
        356.97735595703125,
        0.8399007320404053,
        1255.73974609375,
        356.97735595703125,
        0.8341895937919617,
        1220.0232275964486,
        186.34751124402607,
        73.27352174211865,
        188.4843283764231
    ],