{
    "17": [
        309.93994140625,
        235.09710693359375,
        0.9473914504051208,
        309.93994140625,
        231.0391082763672,
        0.8504053950309753,
        307.91094970703125,
        231.0391082763672,
        0.9489315152168274,
        289.6499938964844,
        235.09710693359375,
        0.8152652978897095,
        301.823974609375,
        235.09710693359375,
        0.9139561057090759,
        275.4469909667969,
        255.3870849609375,
        0.8927512168884277,
        303.85296630859375,
        259.445068359375,
        0.8764370679855347,
        273.4179992675781,
        287.8510437011719,
        0.7881370186805725,
        311.9689636230469,
        293.93804931640625,
        0.8394913077354431,
        281.53399658203125,
        310.1700134277344,
        0.6405531764030457,
        320.0849304199219,
        322.343994140625,
        0.8778500556945801,
        285.59197998046875,
        318.2860107421875,
        0.7840734720230103,
        305.8819580078125,
        318.2860107421875,
        0.7767702341079712,
        291.6789855957031,
        360.89495849609375,
        0.9003059267997742,
        307.91094970703125,
        362.9239501953125,
        0.8797765374183655,
        273.4179992675781,
        395.387939453125,
        0.8451723456382751,
        303.85296630859375,
        407.5619201660156,
        0.8988361358642578,
        256.21346953606457,
        213.38684277800297,
        77.01802116077096,
        207.769363919959
    ],
    "6": [
        922.5526123046875,
        236.6728973388672,
        0.9370836019515991,
        922.5526123046875,
        232.51483154296875,
        0.8329430222511292,
        922.5526123046875,
        232.51483154296875,
        0.9516797065734863,
        901.7622680664062,
        234.59385681152344,
        0.8784635066986084,
        918.39453125,
        234.59385681152344,
        0.8831371665000916,
        893.4461669921875,
        259.5422668457031,
        0.8952573537826538,
        922.5526123046875,
        259.5422668457031,
        0.8950847387313843,
        891.3671264648438,
        286.5696716308594,
        0.8029211163520813,
        928.7896728515625,
        292.8067932128906,
        0.8662533760070801,
        897.6041870117188,
        313.59710693359375,
        0.4123619794845581,
        941.263916015625,
        321.9132385253906,
        0.8499354124069214,
        901.7622680664062,
        319.8341979980469,
        0.7848830819129944,
        922.5526123046875,
        319.8341979980469,
        0.7538033723831177,
        893.4461669921875,
        359.3358459472656,
        0.8793472647666931,
        928.7896728515625,
        361.41485595703125,
        0.8516102433204651,
        878.8928833007812,
        398.83746337890625,
        0.8778250217437744,
        928.7896728515625,
        405.0745544433594,
        0.8796426057815552,
        868.5241876640846,
        208.19013421700703,
        85.18742174472959,
        212.89299839238453
    ],
    "2": [
        593.8440551757812,
        178.4729766845703,
        0.7927761077880859,
        593.8440551757812,
        174.26426696777344,
        0.8832601308822632,
        589.6353759765625,
        175.66717529296875,
        0.7327708601951599,
        595.2469482421875,
        175.66717529296875,
        0.8077713847160339,
        582.620849609375,
        177.07008361816406,
        0.7739530801773071,
        598.052734375,
        189.69619750976562,
        0.8877077698707581,
        578.412109375,
        192.5019989013672,
        0.8937062621116638,
        599.4556884765625,
        203.7252197265625,
        0.8036549091339111,
        571.3976440429688,
        210.73973083496094,
        0.8787965774536133,
        600.8585815429688,
        212.1426239013672,
        0.8200246095657349,
        588.232421875,
        216.35133361816406,
        0.8491835594177246,
        599.4556884765625,
        233.1861572265625,
        0.7965120077133179,
        586.8295288085938,
        235.99195861816406,
        0.7534831762313843,
        605.0672607421875,
        261.24420166015625,
        0.7728050947189331,
        592.441162109375,
        264.04998779296875,
        0.7901661396026611,
        589.6353759765625,
        285.0935363769531,
        0.7188130617141724,
        588.232421875,
        292.1080322265625,
        0.8851850628852844,
        561.2489574132073,
        159.25324738413923,
        55.3698288763743,
        143.65711747351298
    ],
    "9": [
        528.7655639648438,
        341.6725769042969,
        0.9092005491256714,
        526.0463256835938,
        336.2340087890625,
        0.8127713203430176,
        526.0463256835938,
        338.95330810546875,
        0.9080864191055298,
        501.57275390625,
        341.6725769042969,
        0.8028672933578491,
        515.169189453125,
        344.3918762207031,
        0.9189993739128113,
        490.69561767578125,
        371.584716796875,
        0.8493989706039429,
        509.7305908203125,
        382.46185302734375,
        0.7970131039619446,
        517.888427734375,
        417.8125305175781,
        0.7085227966308594,
        526.0463256835938,
        428.6896667480469,
        0.7869658470153809,
        536.9234619140625,
        450.4439392089844,
        0.5603837966918945,
        545.081298828125,
        458.601806640625,
        0.8945393562316895,
        515.169189453125,
        455.88250732421875,
        0.6644840240478516,
        507.0113220214844,
        458.601806640625,
        0.764470100402832,
        531.48486328125,
        504.8296203613281,
        0.8681889772415161,
        504.2920227050781,
        512.9874877929688,
        0.8380117416381836,
        553.2391357421875,
        556.4960327148438,
        0.8570771813392639,
        490.69561767578125,
        572.8117065429688,
        0.8762394189834595,
        462.13837991936725,
        312.57623093454856,
        108.78090489805777,
        278.4547362646616
    ],
    "7": [
        655.80029296875,
        238.66358947753906,
        0.9220454692840576,
        653.7412719726562,
        236.6045684814453,
        0.7918713688850403,
        653.7412719726562,
        236.6045684814453,
        0.9439553618431091,
        635.2099609375,
        242.7816619873047,
        0.8816477656364441,
        649.6231689453125,
        240.72262573242188,
        0.8690658807754517,
        633.1509399414062,
        265.4310302734375,
        0.8327387571334839,
        649.6231689453125,
        265.4310302734375,
        0.8130013942718506,
        633.1509399414062,
        296.3165283203125,
        0.8497350811958313,
        664.0364379882812,
        296.3165283203125,
        0.8981835246086121,
        657.8593139648438,
        312.788818359375,
        0.32762885093688965,
        688.7448120117188,
        310.7297668457031,
        0.8647845387458801,
        645.505126953125,
        325.14300537109375,
        0.7303531169891357,
        657.8593139648438,
        325.14300537109375,
        0.7745989561080933,
        661.9773559570312,
        366.3236999511719,
        0.8220669627189636,
        661.9773559570312,
        366.3236999511719,
        0.8182334303855896,
        676.390625,
        407.5043640136719,
        0.8481423258781433,
        626.9738159179688,
        409.5633850097656,
        0.753846287727356,
        611.2386851432498,
        218.69094326389222,
        82.94607307190472,
        210.8450845309535
    ],