{
    "17": [
        318.95538330078125,
        232.35433959960938,
        0.9239106178283691,
        316.89459228515625,
        228.23277282714844,
        0.8899567127227783,
        314.83380126953125,
        228.23277282714844,
        0.9561182260513306,
        298.3475036621094,
        232.35433959960938,
        0.7922372817993164,
        306.5906677246094,
        232.35433959960938,
        0.9205353856086731,
        283.9219970703125,
        252.96221923828125,
        0.842802107334137,
        312.7730407714844,
        257.08380126953125,
        0.8745371103286743,
        277.7396240234375,
        283.8740539550781,
        0.829473078250885,
        321.01617431640625,
        287.99560546875,
        0.8442386984825134,
        277.7396240234375,
        308.6034851074219,
        0.89103102684021,
        333.3808898925781,
        314.7858581542969,
        0.884442925453186,
        294.2259216308594,
        312.7250671386719,
        0.7857186198234558,
        312.7730407714844,
        312.7250671386719,
        0.7711127996444702,
        308.6514587402344,
        353.9408264160156,
        0.7873310446739197,
        312.7730407714844,
        356.0016174316406,
        0.7543035745620728,
        294.2259216308594,
        391.0350036621094,
        0.8291165232658386,
        304.5298767089844,
        405.46051025390625,
        0.9027941226959229,
        264.09295978933596,
        208.24311374433046,
        78.8130493584224,
        211.02470135902092
    ],
    "1": [
        739.8108520507812,
        184.4396209716797,
        0.9385355114936829,
        739.8108520507812,
        180.5691375732422,
        0.8988354802131653,
        735.9403686523438,
        180.5691375732422,
        0.9629074335098267,
        722.3937377929688,
        184.4396209716797,
        0.7817946076393127,
        728.1994018554688,
        184.4396209716797,
        0.9208834767341614,
        714.6527709960938,
        203.79200744628906,
        0.8613809943199158,
        730.1346435546875,
        205.7272491455078,
        0.9139045476913452,
        703.0413208007812,
        225.0796356201172,
        0.8911429643630981,
        728.1994018554688,
        232.82058715820312,
        0.8076856136322021,
        720.45849609375,
        234.75582885742188,
        0.6032739281654358,
        747.5518188476562,
        238.62631225585938,
        0.9493805170059204,
        720.45849609375,
        257.97869873046875,
        0.7598580718040466,
        730.1346435546875,
        257.97869873046875,
        0.8163720369338989,
        722.3937377929688,
        300.553955078125,
        0.8167932629585266,
        741.74609375,
        298.61871337890625,
        0.803737998008728,
        703.0413208007812,
        345.064453125,
        0.8567314147949219,
        732.0698852539062,
        343.12921142578125,
        0.7540171146392822,
        689.7415746553963,
        161.7973239474146,
        71.11003700004073,
        198.16846626959898
    ],
    "6": [
        935.0323486328125,
        234.03619384765625,
        0.9056993722915649,
        935.0323486328125,
        231.99871826171875,
        0.8386319279670715,
        935.0323486328125,
        231.99871826171875,
        0.9579280018806458,
        914.6575927734375,
        234.03619384765625,
        0.8877934217453003,
        930.9573974609375,
        234.03619384765625,
        0.911136269569397,
        906.5076904296875,
        258.48590087890625,
        0.9218162298202515,
        935.0323486328125,
        260.52337646484375,
        0.8633620142936707,
        904.47021484375,
        284.97308349609375,
        0.7936179041862488,
        941.144775390625,
        293.12298583984375,
        0.8641669154167175,
        914.6575927734375,
        311.46026611328125,
        0.34723153710365295,
        955.4071044921875,
        319.61016845703125,
        0.887587308883667,
        914.6575927734375,
        317.57269287109375,
        0.8073045611381531,
        932.994873046875,
        317.57269287109375,
        0.8067910075187683,
        914.6575927734375,
        356.28472900390625,
        0.9143526554107666,
        935.0323486328125,
        360.35968017578125,
        0.8787566423416138,
        892.245361328125,
        392.95928955078125,
        0.8427584767341614,
        928.919921875,
        405.18414306640625,
        0.8976156711578369,
        880.6506286195142,
        210.19773584538333,
        82.2762901840473,
        208.63749529074724
    ],
    "9": [
        540.6474609375,
        343.0948181152344,
        0.9457384347915649,
        537.95703125,
        337.7139892578125,
        0.8985124230384827,
        535.2666625976562,
        337.7139892578125,
        0.9265952706336975,
        516.4337158203125,
        343.0948181152344,
        0.7693372368812561,
        527.1953735351562,
        343.0948181152344,
        0.9200217723846436,
        511.05291748046875,
        372.6893615722656,
        0.7907391786575317,
        519.1241455078125,
        380.7606201171875,
        0.8719562888145447,
        529.8858032226562,
        418.4263916015625,
        0.6665104627609253,
        527.1953735351562,
        423.8072204589844,
        0.8454949855804443,
        546.0283203125,
        450.71136474609375,
        0.7081469893455505,
        548.7186889648438,
        458.7825927734375,
        0.9195979237556458,
        529.8858032226562,
        458.7825927734375,
        0.6986807584762573,
        516.4337158203125,
        461.4730224609375,
        0.7552679777145386,
        548.7186889648438,
        507.21002197265625,
        0.8531355857849121,
        511.05291748046875,
        515.28125,
        0.8974582552909851,
        570.2420043945312,
        558.327880859375,
        0.8547084331512451,
        494.9104309082031,
        569.0895385742188,
        0.8601815700531006,
        476.4194471413746,
        311.6169682642802,
        109.62319088566483,
        275.4983437163527
    ],
    "2": [
        598.9044189453125,
        176.0558319091797,
        0.7763900756835938,
        598.9044189453125,
        171.86790466308594,
        0.8723019361495972,
        596.1124267578125,
        173.2638702392578,
        0.7521348595619202,
        600.3003540039062,
        173.2638702392578,
        0.7865944504737854,
        587.7366333007812,
        174.65985107421875,
        0.7739700675010681,
        603.0923461914062,
        187.22361755371094,
        0.9015705585479736,
        583.5487060546875,
        191.4115447998047,
        0.9088833332061768,
        604.48828125,
        203.97531127929688,
        0.7652220726013184,
        576.5687866210938,
        209.55921936035156,
        0.9028481841087341,
        607.2802734375,
        213.74713134765625,
        0.8555512428283691,
        594.7164916992188,
        215.1431121826172,
        0.8438186049461365,
        604.48828125,
        231.89480590820312,
        0.7795145511627197,
        590.528564453125,
        234.68675231933594,
        0.7394665479660034,
        612.8641357421875,
        258.4183044433594,
        0.8457763195037842,
        593.3204956054688,
        262.6062316894531,
        0.8360854983329773,
        603.0923461914062,
        284.94183349609375,
        0.7915990948677063,
        590.528564453125,
        291.92169189453125,
        0.8340902328491211,
        566.3897195425334,
        158.32695134392696,
        55.25750927160061,
        142.9477676252862
    ],