{"4": [882.1077270507812, 283.56756591796875], "12": [1059.3218383789062, 320.69134521484375], "3": [760.2615051269531, 226.394775390625], "18": [548.8717956542969, 316.35650634765625], "6": [677.6297607421875, 322.5997619628906], "10": [642.3327941894531, 592.8354187011719], "13": [1355.67333984375, 313.07159423828125], "1": [222.0400390625, 241.10923767089844], "9": [1493.5493774414062, 457.4152526855469], "2": [518.4306793212891, 245.08319091796875], "15": [1143.3768310546875, 488.6360778808594]}