{"12": [1059.3426513671875, 321.9466552734375], "4": [881.3323669433594, 284.01483154296875], "18": [543.4302978515625, 319.464111328125], "3": [759.9597778320312, 226.6773223876953], "1": [223.6143798828125, 242.96139526367188], "13": [1365.6490478515625, 312.09266662597656], "10": [635.8576965332031, 589.5130615234375], "6": [675.5342407226562, 322.0493927001953], "9": [1492.4082641601562, 458.23602294921875], "2": [517.8136291503906, 246.50952911376953], "15": [1146.9086303710938, 486.0689697265625]}