{"5": [848.9417724609375, 274.18836975097656], "8": [1339.669677734375, 314.99546813964844], "7": [744.9172058105469, 282.722900390625], "1": [69.5362434387207, 201.15957641601562], "10": [993.2449951171875, 538.5361328125], "6": [688.963134765625, 308.43121337890625], "2": [502.50306701660156, 223.5562515258789], "9": [1594.7880249023438, 394.54644775390625], "11": [1282.509521484375, 501.87158203125], "3": [744.6806640625, 218.4649658203125], "4": [1057.1332397460938, 290.21368408203125]}