{"4": [840.763671875, 286.1828308105469], "18": [500.6296691894531, 343.3355712890625], "6": [677.7040100097656, 317.91477966308594], "9": [1471.5480346679688, 442.3921203613281], "3": [745.60205078125, 228.8332748413086], "11": [1249.0662841796875, 464.2810363769531], "1": [254.6232452392578, 255.6276397705078], "2": [523.3313903808594, 244.53610229492188], "10": [437.94859313964844, 647.4058837890625], "13": [1531.8225708007812, 324.9736633300781], "12": [997.4511413574219, 352.8610534667969], "15": [1066.7030029296875, 413.8253631591797]}