{"4": [838.3412780761719, 291.0353240966797], "7": [496.2581329345703, 341.6773223876953], "9": [1343.1378173828125, 409.785400390625], "6": [665.9481201171875, 325.64056396484375], "3": [744.4411010742188, 231.45790100097656], "1": [282.28016662597656, 261.5414733886719], "13": [1560.3682250976562, 349.2991943359375], "11": [1147.4983520507812, 475.0488739013672], "10": [213.23628997802734, 577.9954223632812], "8": [945.6060180664062, 420.54754638671875], "2": [511.0728454589844, 254.8660430908203]}