{"4": [841.2546997070312, 293.06028747558594], "6": [675.8390502929688, 326.84881591796875], "1": [283.54100036621094, 262.07391357421875], "3": [744.7694702148438, 230.51512908935547], "9": [1325.788818359375, 404.0364227294922], "7": [493.313232421875, 342.21624755859375], "13": [1549.8339233398438, 353.2770538330078], "11": [1115.5589599609375, 475.3414306640625], "10": [205.15287017822266, 573.9247436523438], "2": [508.00013732910156, 247.28421783447266], "8": [928.4683532714844, 418.11326599121094], "12": [915.2579956054688, 337.44659423828125]}