{"4": [845.7533874511719, 293.9168701171875], "6": [679.3180847167969, 324.7931213378906], "3": [746.7413024902344, 229.96833038330078], "1": [283.27813720703125, 262.9442443847656], "7": [489.68760681152344, 343.7918243408203], "10": [206.61341857910156, 561.8802490234375], "13": [1538.7613525390625, 348.7923583984375], "11": [1095.6172485351562, 480.27935791015625], "9": [1313.542724609375, 405.18377685546875], "2": [508.24082946777344, 248.03792572021484], "8": [919.9642639160156, 412.64405822753906], "12": [912.9057006835938, 334.8249969482422]}