{"6": [682.2761840820312, 331.3518371582031], "1": [281.49220275878906, 263.1192169189453], "18": [468.33819580078125, 345.45335388183594], "3": [750.2869262695312, 232.35880279541016], "13": [1489.7906494140625, 335.8827667236328], "9": [1280.5560302734375, 405.6292724609375], "2": [507.96533203125, 249.66415405273438], "10": [225.60916137695312, 522.3417053222656], "4": [854.1137084960938, 300.22059631347656], "11": [1042.1439819335938, 467.75694274902344], "8": [894.2328186035156, 414.9211120605469], "12": [914.8063659667969, 344.3268127441406]}