{"3": [762.0127563476562, 232.2350311279297], "1": [274.57972717285156, 270.1873779296875], "18": [448.497314453125, 345.4109649658203], "10": [247.06346130371094, 509.14984130859375], "6": [669.4476013183594, 341.6694793701172], "13": [1430.7186279296875, 328.5541687011719], "2": [517.7905426025391, 252.49825286865234], "8": [867.9189453125, 410.84385681152344], "23": [913.9100952148438, 357.61737060546875], "11": [965.8766174316406, 469.4806213378906], "4": [862.7667541503906, 292.778564453125], "9": [1234.6697387695312, 400.0569305419922], "12": [862.533935546875, 299.9376220703125]}