{"18": [431.2937469482422, 351.9977111816406], "3": [769.2727355957031, 227.9173126220703], "1": [257.65357971191406, 274.5216064453125], "6": [627.4058837890625, 336.9700927734375], "23": [921.3477783203125, 357.9561462402344], "11": [886.5705261230469, 454.2115783691406], "2": [539.8615112304688, 253.36739349365234], "10": [288.9186706542969, 494.5375061035156], "9": [1196.1780395507812, 394.4939422607422], "8": [844.7655029296875, 417.4783172607422], "4": [859.5271606445312, 282.82899475097656], "13": [1369.3931884765625, 313.24072265625]}