{"18": [427.4808349609375, 356.06146240234375], "3": [769.54541015625, 229.41455841064453], "1": [253.0564956665039, 271.56544494628906], "23": [922.3604431152344, 357.70391845703125], "6": [617.9259948730469, 336.07550048828125], "4": [858.2605285644531, 276.7862091064453], "2": [542.9861450195312, 249.01927947998047], "11": [874.6365966796875, 452.14271545410156], "10": [296.4822692871094, 494.84242248535156], "9": [1188.9418334960938, 396.6846466064453], "13": [1359.8304443359375, 316.2977294921875], "8": [832.6669311523438, 422.4776153564453]}