{"18": [424.21533203125, 358.14036560058594], "3": [769.4167175292969, 228.92398834228516], "1": [249.64706420898438, 270.5629425048828], "23": [922.6595764160156, 359.3417663574219], "4": [858.7662353515625, 275.0328674316406], "2": [546.2044372558594, 247.66033935546875], "6": [606.6594543457031, 333.7145080566406], "13": [1350.7106323242188, 318.6682434082031], "10": [301.02601623535156, 495.9031066894531], "9": [1182.1478881835938, 397.63304138183594], "11": [855.3311767578125, 459.5643615722656], "8": [830.478759765625, 423.78485107421875]}