{"3": [752.9822387695312, 225.1005401611328], "1": [224.14708709716797, 284.30479431152344], "6": [502.6370849609375, 350.49554443359375], "4": [836.3865051269531, 265.4145812988281], "23": [942.919677734375, 356.8221130371094], "9": [1132.4617919921875, 407.7439422607422], "8": [704.9098205566406, 465.7007141113281], "13": [1180.1149291992188, 307.7754211425781], "11": [792.0748596191406, 400.20790100097656], "2": [584.6576538085938, 245.11759185791016], "10": [375.40895080566406, 340.80938720703125]}