{"4": [829.6360168457031, 251.3758316040039], "1": [222.25269317626953, 279.97442626953125], "3": [746.2430419921875, 227.272705078125], "23": [937.98095703125, 354.54124450683594], "11": [777.4361572265625, 405.6637878417969], "2": [590.3243103027344, 235.37458038330078], "10": [386.5435485839844, 334.40289306640625], "8": [648.9941711425781, 470.1031799316406], "9": [1120.1610717773438, 412.11769104003906], "12": [1113.51708984375, 308.9056091308594], "6": [488.42564392089844, 280.0169219970703]}