{"3": [745.5846557617188, 228.27938842773438], "4": [829.5498046875, 251.86996459960938], "1": [222.69827270507812, 279.51275634765625], "23": [938.8648681640625, 350.730224609375], "6": [488.26393127441406, 273.5232238769531], "11": [777.4239807128906, 405.7793731689453], "2": [591.7812805175781, 234.83524322509766], "9": [1120.544677734375, 413.27960205078125], "8": [642.2940063476562, 467.2346496582031], "13": [1106.8568115234375, 306.7610168457031], "10": [388.4974060058594, 335.46128845214844]}