{"1": [227.07972717285156, 277.93577575683594], "6": [481.4520721435547, 268.0920104980469], "3": [748.1631164550781, 236.29935455322266], "23": [944.3149719238281, 348.7213439941406], "11": [776.7723693847656, 404.3318176269531], "4": [826.6911926269531, 260.6495361328125], "13": [1066.5693969726562, 306.01536560058594], "2": [595.5136413574219, 240.07181549072266], "9": [1113.8763427734375, 423.7770690917969], "10": [407.9598846435547, 381.16273498535156], "8": [615.4728698730469, 467.5179138183594], "18": [379.1605529785156, 270.6745300292969]}