{"3": [779.4150085449219, 226.75157165527344], "6": [484.50128173828125, 363.86390686035156], "10": [428.7690734863281, 436.66148376464844], "13": [1037.2076416015625, 307.20191955566406], "1": [267.1242218017578, 270.19598388671875], "4": [850.6144104003906, 253.65562438964844], "11": [779.5447387695312, 382.494384765625], "2": [575.335693359375, 236.20699310302734], "9": [1120.0062866210938, 435.30743408203125], "8": [567.7380981445312, 471.6672058105469], "23": [952.0633239746094, 347.28858947753906], "18": [364.6679229736328, 377.9098358154297]}