{"6": [685.22802734375, 312.03318786621094], "5": [854.3603515625, 269.72869873046875], "1": [74.24942398071289, 203.74937438964844], "7": [749.3641967773438, 283.4588165283203], "10": [968.2382202148438, 536.3870544433594], "8": [1338.8367919921875, 314.9842071533203], "2": [504.9423828125, 223.62474822998047], "9": [1600.4063720703125, 392.3526153564453], "3": [755.8289184570312, 220.36389923095703], "11": [1293.6590576171875, 499.608642578125], "4": [1058.9940795898438, 293.2915802001953]}