{"2": [561.2528381347656, 228.9592514038086], "6": [503.7619323730469, 356.35662841796875], "3": [862.5520324707031, 211.93728637695312], "9": [1234.4273681640625, 441.6261291503906], "11": [811.3192443847656, 355.79319763183594], "10": [428.2882080078125, 442.19744873046875], "18": [301.07545471191406, 352.3859405517578], "23": [1044.98291015625, 359.40771484375], "13": [1107.2590942382812, 297.17242431640625], "8": [617.1290588378906, 502.556884765625], "1": [416.6522674560547, 273.8972625732422]}