{"10": [434.41802978515625, 456.5699462890625], "11": [854.6434936523438, 332.9061279296875], "8": [722.00244140625, 479.2005920410156], "9": [1324.9580078125, 426.05950927734375], "13": [1197.8355102539062, 282.9201354980469], "12": [1131.9769897460938, 343.7655029296875], "18": [257.72161865234375, 326.71409606933594], "1": [555.7533874511719, 267.9652099609375], "6": [572.5402221679688, 328.41461181640625]}