{"11": [886.5475463867188, 322.5447998046875], "18": [262.1227264404297, 318.71484375], "2": [576.9263305664062, 227.92229461669922], "10": [474.93994140625, 453.4451141357422], "13": [1263.95166015625, 279.46885681152344], "7": [657.7303161621094, 257.7262878417969], "8": [812.6653137207031, 472.0055236816406], "12": [1192.691650390625, 337.51292419433594], "9": [1381.2662963867188, 411.3522644042969], "3": [1151.390380859375, 221.15642547607422], "6": [622.2361450195312, 327.00787353515625]}