{"10": [951.2348937988281, 535.6565246582031], "5": [858.0130615234375, 275.43165588378906], "6": [685.0552368164062, 307.32447814941406], "8": [1339.0148315429688, 316.4495544433594], "7": [752.9213256835938, 287.19708251953125], "2": [506.0526428222656, 224.86310577392578], "1": [75.99264144897461, 207.79312133789062], "9": [1604.9957275390625, 390.7285461425781], "3": [760.1434936523438, 218.55076599121094], "11": [1292.865966796875, 499.72019958496094], "4": [1067.021484375, 293.532470703125]}