{"10": [912.3435974121094, 532.5215454101562], "1": [82.24622344970703, 222.2580108642578], "6": [681.275634765625, 314.4270935058594], "8": [1332.2669677734375, 333.67523193359375], "5": [855.0860900878906, 275.2314758300781], "4": [1092.1942749023438, 286.6518249511719], "7": [760.381103515625, 288.2535705566406], "2": [507.0929870605469, 227.2291030883789], "11": [1271.404052734375, 503.61973571777344], "12": [1065.1669921875, 304.93849182128906], "9": [1600.9935913085938, 408.54376220703125], "3": [763.0209045410156, 224.3836212158203]}