{"13": [1129.7885131835938, 290.05487060546875], "3": [765.6154479980469, 229.6017608642578], "10": [886.657470703125, 532.1254577636719], "2": [516.3946685791016, 233.69483947753906], "6": [672.01708984375, 319.2310791015625], "1": [98.71017456054688, 190.41120147705078], "8": [1281.6033325195312, 350.4914245605469], "11": [1250.9440307617188, 508.3861846923828], "9": [1552.8025512695312, 397.90235900878906], "7": [806.1557312011719, 284.0100555419922], "12": [1045.7548828125, 309.4925079345703]}