{"6": [677.1948852539062, 317.90870666503906], "12": [1030.0133972167969, 313.92132568359375], "2": [522.7978515625, 234.7730255126953], "10": [868.5169982910156, 563.2255554199219], "4": [847.4957275390625, 285.183837890625], "3": [763.7088317871094, 231.7845001220703], "1": [143.07657623291016, 234.41626739501953], "8": [1201.5532836914062, 372.0096435546875], "11": [1210.967041015625, 520.3302307128906], "9": [1512.105712890625, 435.256103515625], "13": [1194.158447265625, 297.25099182128906], "7": [749.1874389648438, 282.0953369140625]}