{"12": [1037.9713745117188, 324.36907958984375], "13": [1255.9735107421875, 303.7558898925781], "4": [871.0919189453125, 285.6837158203125], "3": [765.4892578125, 232.34616088867188], "10": [773.2235412597656, 560.791259765625], "1": [183.47032165527344, 239.38896942138672], "6": [678.034912109375, 321.4039611816406], "2": [523.7874145507812, 238.09844970703125], "15": [1157.39990234375, 376.16807556152344], "9": [1499.0538940429688, 459.2544860839844], "11": [1181.743408203125, 520.0025634765625]}