{"4": [883.9709777832031, 282.5618896484375], "12": [1057.971923828125, 328.46270751953125], "13": [1318.1136474609375, 297.0088806152344], "6": [677.7354736328125, 321.31324768066406], "3": [763.0315551757812, 227.68978881835938], "18": [592.1021728515625, 305.3615417480469], "10": [704.07080078125, 596.7554016113281], "1": [210.27188873291016, 244.30307006835938], "2": [521.5511169433594, 241.34095764160156], "15": [1148.3720703125, 387.63970947265625], "9": [1499.2236328125, 457.0273742675781], "8": [1150.1884765625, 517.5081481933594]}