{"4": [884.3896179199219, 282.24224853515625], "12": [1058.7234497070312, 328.7801513671875], "18": [585.390625, 307.1458740234375], "6": [677.5175170898438, 321.8830108642578], "3": [761.9901733398438, 228.3102798461914], "13": [1321.116943359375, 299.11480712890625], "1": [212.58173370361328, 242.64717864990234], "10": [696.8638610839844, 599.5944213867188], "2": [520.5543060302734, 242.1828842163086], "9": [1499.6234741210938, 457.6832275390625], "15": [1145.2420654296875, 386.7847595214844], "11": [1144.4553833007812, 517.5900268554688]}