{"4": [884.3148193359375, 282.2065734863281], "18": [566.0474243164062, 317.8973388671875], "12": [1059.9993896484375, 323.5718994140625], "13": [1339.2122802734375, 309.06419372558594], "3": [760.7236938476562, 228.4291229248047], "1": [218.5139389038086, 242.32354736328125], "6": [677.5298156738281, 322.50572204589844], "10": [665.4976196289062, 602.2066345214844], "2": [519.37255859375, 242.008544921875], "9": [1496.6624145507812, 459.4935302734375], "15": [1142.96533203125, 392.85687255859375]}