{
    "4": [
        1098.3424072265625,
        197.04998779296875,
        0.9545096158981323,
        1101.33740234375,
        193.00314331054688,
        0.954505443572998,
        1094.29638671875,
        193.00341796875,
        0.9575225114822388,
        1106.4400634765625,
        195.02743530273438,
        0.9251366257667542,
        1088.2232666015625,
        193.00173950195312,
        0.9497125148773193,
        1113.482421875,
        218.25950622558594,
        0.909050703048706,
        1077.1461181640625,
        214.20968627929688,
        0.9337495565414429,
        1118.493896484375,
        248.52432250976562,
        0.8831152319908142,
        1069.05322265625,
        241.49484252929688,
        0.8978151082992554,
        1114.4488525390625,
        275.80157470703125,
        0.8608940839767456,
        1064.0338134765625,
        267.70391845703125,
        0.9309648275375366,
        1102.3236083984375,
        276.8422546386719,
        0.8045847415924072,
        1078.1011962890625,
        274.8499450683594,
        0.8245953321456909,
        1101.2454833984375,
        319.2686767578125,
        0.8175736665725708,
        1069.047119140625,
        316.2925109863281,
        0.8885828256607056,
        1099.318603515625,
        357.6204833984375,
        0.8679725527763367,
        1075.126953125,
        355.61669921875,
        0.8900414705276489,
        1058.8129230123013,
        189.51958003985504,
        86.66447722953671,
        216.73853876566415
    ],
    "2": [
        1470.4268798828125,
        167.4243621826172,
        0.9056389331817627,
        1473.968017578125,
        163.88320922851562,
        0.9104564189910889,
        1466.8857421875,
        163.88320922851562,
        0.9314687252044678,
        1481.05029296875,
        165.65379333496094,
        0.921755850315094,
        1463.3446044921875,
        165.65379333496094,
        0.9292996525764465,
        1488.132568359375,
        185.13009643554688,
        0.9076346158981323,
        1459.8033447265625,
        186.9006805419922,
        0.9153292775154114,
        1488.132568359375,
        213.45928955078125,
        0.8741145133972168,
        1454.49169921875,
        211.688720703125,
        0.8732412457466125,
        1484.5914306640625,
        238.247314453125,
        0.9007129669189453,
        1450.9505615234375,
        236.47674560546875,
        0.8611289262771606,
        1477.5091552734375,
        238.247314453125,
        0.8140059113502502,
        1461.573974609375,
        236.47674560546875,
        0.8209707140922546,
        1477.5091552734375,
        273.6588134765625,
        0.8638011813163757,
        1465.1151123046875,
        273.6588134765625,
        0.8795191645622253,
        1477.5091552734375,
        309.0702819824219,
        0.8701823949813843,
        1465.1151123046875,
        305.5291442871094,
        0.8655929565429688,
        1435.4940133442287,
        144.93813487507697,
        71.63614370776804,
        181.30668256609567
    ],
    "3": [
        979.6143798828125,
        219.17872619628906,
        0.9155207276344299,
        983.494140625,
        215.29893493652344,
        0.9057977199554443,
        975.7345581054688,
        215.29893493652344,
        0.8902796506881714,
        987.3739624023438,
        213.35903930664062,
        0.8591267466545105,
        969.9148559570312,
        213.35903930664062,
        0.8942294120788574,
        993.1936645507812,
        226.93832397460938,
        0.8524373173713684,
        958.2754516601562,
        228.8782196044922,
        0.8833829164505005,
        1006.77294921875,
        232.7580108642578,
        0.7986729145050049,
        952.4557495117188,
        257.9766845703125,
        0.8876203894615173,
        989.3138427734375,
        215.29893493652344,
        0.7074517607688904,
        948.5759887695312,
        283.1953430175781,
        0.9103261828422546,
        985.4340209960938,
        285.13525390625,
        0.808196485042572,
        964.0951538085938,
        285.13525390625,
        0.8159840703010559,
        985.4340209960938,
        323.9331970214844,
        0.8916301727294922,
        958.2754516601562,
        325.87310791015625,
        0.8807439208030701,
        983.494140625,
        362.73114013671875,
        0.867614209651947,
        956.3355712890625,
        364.6710510253906,
        0.9232514500617981,
        933.7461303419683,
        182.90267686331146,
        78.15710277440087,
        198.64545778132145
    ],
    "1": [
        1328.936279296875,
        151.32861328125,
        0.9027323722839355,
        1331.7537841796875,
        148.51104736328125,
        0.9181853532791138,
        1326.11865234375,
        148.51104736328125,
        0.9159108400344849,
        1335.9801025390625,
        149.91983032226562,
        0.9073433876037598,
        1321.892333984375,
        149.91983032226562,
        0.9196159243583679,
        1341.615234375,
        165.41641235351562,
        0.8757818341255188,
        1316.2572021484375,
        166.8251953125,
        0.8999327421188354,
        1344.432861328125,
        187.95689392089844,
        0.849189281463623,
        1309.2132568359375,
        183.73056030273438,
        0.8643025755882263,
        1326.11865234375,
        195.0008087158203,
        0.8252393007278442,
        1313.439697265625,
        192.18324279785156,
        0.8918037414550781,
        1333.16259765625,
        210.4973907470703,
        0.7765138149261475,
        1316.2572021484375,
        209.08860778808594,
        0.7746626138687134,
        1334.5714111328125,
        240.08177185058594,
        0.8127227425575256,
        1319.0748291015625,
        240.08177185058594,
        0.8485956192016602,
        1340.2064208984375,
        266.8486022949219,
        0.8444238305091858,
        1321.892333984375,
        265.4398193359375,
        0.8175544142723083,
        1300.5226545391906,
        136.2546284717191,
        58.23593892504323,
        144.25918567454235
    ],
    "8": [
        1232.2344970703125,
        246.4665069580078,
        0.9164118766784668,
        1234.4774169921875,
        244.22364807128906,
        0.9240610599517822,
        1232.2344970703125,
        244.22364807128906,
        0.8909876346588135,
        1243.4488525390625,
        246.4665069580078,
        0.9336999654769897,
        1241.2059326171875,
        244.22364807128906,
        0.7509662508964539,
        1259.14892578125,
        275.623779296875,
        0.8773423433303833,
        1234.4774169921875,
        271.1380310058594,
        0.9246740937232971,
        1259.14892578125,
        309.26678466796875,
        0.9045334458351135,
        1227.748779296875,
        302.5381774902344,
        0.9275932312011719,
        1250.1773681640625,
        338.4240417480469,
        0.8907865881919861,
        1216.534423828125,
        327.209716796875,
        0.7409034371376038,
        1250.1773681640625,
        340.6669006347656,
        0.810581386089325,
        1229.9915771484375,
        338.4240417480469,
        0.8020578026771545,
        1250.1773681640625,
        390.0099792480469,
        0.9363783597946167,
        1223.2630615234375,
        385.52423095703125,
        0.7322718501091003,
        1250.1773681640625,
        432.6244201660156,
        0.8393642902374268,
        1234.4774169921875,
        430.3815612792969,
        0.5416178107261658,
        1200.105549629538,
        224.71076819830938,
        84.44369169380934,
        229.6694186674407
    ],