{
    "2": [
        1469.9888916015625,
        166.56893920898438,
        0.957420289516449,
        1475.282958984375,
        163.0395965576172,
        0.9456860423088074,
        1468.2242431640625,
        163.0395965576172,
        0.9463115334510803,
        1480.576904296875,
        164.80426025390625,
        0.9462745785713196,
        1462.93017578125,
        166.56893920898438,
        0.9508300423622131,
        1487.6356201171875,
        185.9803466796875,
        0.9279736876487732,
        1459.40087890625,
        185.9803466796875,
        0.9191003441810608,
        1491.1649169921875,
        214.2151336669922,
        0.893711268901825,
        1454.1068115234375,
        212.45046997070312,
        0.9160068035125732,
        1492.9296875,
        238.92056274414062,
        0.9015881419181824,
        1447.048095703125,
        235.39122009277344,
        0.905571460723877,
        1480.576904296875,
        237.15589904785156,
        0.8235809803009033,
        1462.93017578125,
        237.15589904785156,
        0.8565002083778381,
        1477.047607421875,
        274.21405029296875,
        0.8295140862464905,
        1464.69482421875,
        272.4493713378906,
        0.853251039981842,
        1475.282958984375,
        307.74285888671875,
        0.878056526184082,
        1466.45947265625,
        304.2135009765625,
        0.8517269492149353,
        1435.1155215005192,
        145.92230781691896,
        71.51147931904325,
        180.70250357074386
    ],
    "4": [
        1095.8992919921875,
        197.46531677246094,
        0.9399586915969849,
        1099.807373046875,
        193.55726623535156,
        0.939525306224823,
        1091.9912109375,
        193.55726623535156,
        0.9448922872543335,
        1105.66943359375,
        195.51129150390625,
        0.9182370901107788,
        1088.083251953125,
        193.55726623535156,
        0.9432438015937805,
        1113.485595703125,
        218.95962524414062,
        0.9049021005630493,
        1076.3590087890625,
        215.05157470703125,
        0.9103822112083435,
        1115.4395751953125,
        250.2240753173828,
        0.9003849029541016,
        1066.5888671875,
        242.407958984375,
        0.8807843327522278,
        1111.531494140625,
        277.5804748535156,
        0.9182845950126648,
        1062.680908203125,
        267.8103332519531,
        0.8983334898948669,
        1101.7613525390625,
        275.6264343261719,
        0.7855527400970459,
        1078.3131103515625,
        273.6723937988281,
        0.8130730986595154,
        1101.7613525390625,
        318.61505126953125,
        0.8491429090499878,
        1070.4969482421875,
        316.6610107421875,
        0.8734432458877563,
        1099.807373046875,
        357.6955871582031,
        0.850472092628479,
        1068.54296875,
        359.6496276855469,
        0.874258279800415,
        1047.5874671607517,
        170.69509376956125,
        79.03756829896338,
        200.0925168688142
    ],
    "1": [
        1330.1170654296875,
        151.0653839111328,
        0.9185532331466675,
        1332.9290771484375,
        148.2533721923828,
        0.9241881370544434,
        1327.3050537109375,
        148.2533721923828,
        0.927916407585144,
        1337.1470947265625,
        151.0653839111328,
        0.9016981720924377,
        1323.0870361328125,
        149.6593780517578,
        0.9086304903030396,
        1342.7711181640625,
        166.5314178466797,
        0.8810163736343384,
        1317.4630126953125,
        166.5314178466797,
        0.900160014629364,
        1345.5831298828125,
        187.6214599609375,
        0.8678909540176392,
        1310.4329833984375,
        183.40345764160156,
        0.8584212064743042,
        1327.3050537109375,
        194.6514892578125,
        0.824090301990509,
        1314.6510009765625,
        193.2454833984375,
        0.8741174936294556,
        1334.3350830078125,
        211.52352905273438,
        0.8002023696899414,
        1317.4630126953125,
        210.11752319335938,
        0.7780812978744507,
        1334.3350830078125,
        239.64358520507812,
        0.821444571018219,
        1318.8690185546875,
        239.64358520507812,
        0.8514272570610046,
        1341.3651123046875,
        266.357666015625,
        0.836744487285614,
        1323.0870361328125,
        266.357666015625,
        0.8257942795753479,
        1301.7529908948304,
        136.02111662792763,
        58.13419326495023,
        143.97479763738025
    ],
    "8": [
        1233.1246337890625,
        245.59605407714844,
        0.9181308746337891,
        1235.3673095703125,
        243.35337829589844,
        0.9292430877685547,
        1233.1246337890625,
        243.35337829589844,
        0.9029433727264404,
        1244.3380126953125,
        245.59605407714844,
        0.9273186922073364,
        1242.0953369140625,
        245.59605407714844,
        0.7333549857139587,
        1257.794189453125,
        274.7510070800781,
        0.855994462966919,
        1237.6099853515625,
        270.265625,
        0.8833087086677551,
        1255.551513671875,
        308.3913269042969,
        0.8768864274024963,
        1233.1246337890625,
        303.9059753417969,
        0.9236269593238831,
        1246.5806884765625,
        337.5462951660156,
        0.9177147746086121,
        1221.9111328125,
        328.5755310058594,
        0.8086193203926086,
        1251.0660400390625,
        339.7889709472656,
        0.7977924346923828,
        1233.1246337890625,
        337.5462951660156,
        0.8089433312416077,
        1251.0660400390625,
        389.12811279296875,
        0.9504987001419067,
        1224.15380859375,
        384.64276123046875,
        0.7598916292190552,
        1248.8233642578125,
        431.73919677734375,
        0.8456158638000488,
        1237.6099853515625,
        429.49652099609375,
        0.575445830821991,
        1201.0142240957225,
        223.8419737124591,
        84.40483123840067,
        229.65130183662518
    ],
    "15": [
        1201.374755859375,
        93.80314636230469,
        0.9116646647453308,
        1203.9031982421875,
        91.27462768554688,
        0.9141375422477722,
        1198.84619140625,
        91.27462768554688,
        0.9056907296180725,
        1208.9603271484375,
        92.53887939453125,
        0.9188321232795715,
        1196.3177490234375,
        91.27462768554688,
        0.9321855902671814,
        1215.2816162109375,
        107.70999145507812,
        0.8961670398712158,
        1192.52490234375,
        106.44573974609375,
        0.8875893950462341,
        1220.338623046875,
        125.40962219238281,
        0.8627880811691284,
        1188.732177734375,
        121.61685180664062,
        0.8181206583976746,
        1215.2816162109375,
        138.05221557617188,
        0.6682237982749939,
        1191.2606201171875,
        127.93814086914062,
        0.6478444933891296,
        1208.9603271484375,
        143.1092529296875,
        0.8124609589576721,
        1196.3177490234375,
        143.1092529296875,
        0.8252886533737183,
        1202.6390380859375,
        170.92295837402344,
        0.8462562561035156,
        1201.374755859375,
        172.18722534179688,
        0.8337490558624268,
        1195.053466796875,
        200.0009307861328,
        0.8544812202453613,
        1208.9603271484375,
        193.67962646484375,
        0.8381329774856567,
        1176.3394408148063,
        77.74704554326716,
        53.86335320813123,
        129.46016973807997
    ],