{
    "2": [
        1472.300537109375,
        164.873779296875,
        0.9641823768615723,
        1477.576904296875,
        163.114990234375,
        0.954186737537384,
        1470.541748046875,
        163.114990234375,
        0.9566535353660583,
        1482.853271484375,
        164.873779296875,
        0.9575395584106445,
        1465.265380859375,
        164.873779296875,
        0.9476476311683655,
        1489.888427734375,
        185.979248046875,
        0.9251953959465027,
        1459.989013671875,
        185.979248046875,
        0.9002110958099365,
        1498.682373046875,
        212.361083984375,
        0.8821910619735718,
        1456.471435546875,
        210.602294921875,
        0.9257455468177795,
        1507.476318359375,
        235.225341796875,
        0.9148801565170288,
        1447.677490234375,
        231.707763671875,
        0.9309067130088806,
        1481.094482421875,
        236.984130859375,
        0.8328781723976135,
        1463.506591796875,
        236.984130859375,
        0.8464421033859253,
        1477.576904296875,
        273.918701171875,
        0.8421693444252014,
        1467.024169921875,
        272.159912109375,
        0.8931040167808533,
        1472.300537109375,
        307.335693359375,
        0.8829213976860046,
        1467.024169921875,
        303.818115234375,
        0.8290905952453613,
        1437.127026701589,
        146.05475933910787,
        72.10586181842064,
        180.09999953900223
    ],
    "4": [
        1088.4051513671875,
        198.258544921875,
        0.9454059600830078,
        1092.405029296875,
        194.25857543945312,
        0.9359216094017029,
        1086.4051513671875,
        194.25857543945312,
        0.9436591863632202,
        1100.405029296875,
        194.25857543945312,
        0.9296789169311523,
        1082.4051513671875,
        194.25857543945312,
        0.9277052879333496,
        1108.4049072265625,
        218.25836181640625,
        0.9120707511901855,
        1072.4052734375,
        214.25839233398438,
        0.9294112324714661,
        1112.4049072265625,
        248.2581024169922,
        0.9008325934410095,
        1064.4053955078125,
        242.25814819335938,
        0.8822238445281982,
        1108.4049072265625,
        278.2578430175781,
        0.9219760298728943,
        1058.4053955078125,
        268.2579040527344,
        0.9418242573738098,
        1098.405029296875,
        276.2578430175781,
        0.8252865672111511,
        1074.4052734375,
        274.25787353515625,
        0.8399165272712708,
        1100.405029296875,
        318.2574768066406,
        0.87973552942276,
        1066.4052734375,
        320.2574462890625,
        0.8518959879875183,
        1100.405029296875,
        356.25714111328125,
        0.8700742125511169,
        1064.4053955078125,
        360.2571105957031,
        0.8834793567657471,
        1044.5694826862928,
        170.85877442619432,
        81.67137260185245,
        204.79820331068447
    ],
    "10": [
        261.8633117675781,
        306.64178466796875,
        0.9262415170669556,
        259.2405700683594,
        304.01904296875,
        0.8589661717414856,
        259.2405700683594,
        304.01904296875,
        0.9332868456840515,
        235.6358642578125,
        309.2645263671875,
        0.8424400091171265,
        251.37232971191406,
        306.64178466796875,
        0.920373797416687,
        222.5221405029297,
        340.7374572753906,
        0.9107661843299866,
        259.2405700683594,
        343.3601989746094,
        0.858629047870636,
        214.65390014648438,
        372.21038818359375,
        0.8779159188270569,
        272.3542785644531,
        382.7013854980469,
        0.8981410264968872,
        238.25860595703125,
        377.4559020996094,
        0.6459292769432068,
        282.84527587890625,
        419.4197998046875,
        0.8931988477706909,
        240.88134765625,
        419.4197998046875,
        0.7793314456939697,
        267.1087951660156,
        419.4197998046875,
        0.7967557907104492,
        253.9950714111328,
        466.62921142578125,
        0.8826269507408142,
        290.7135009765625,
        466.62921142578125,
        0.9059119820594788,
        256.6178283691406,
        521.7068481445312,
        0.8901453614234924,
        288.09075927734375,
        521.7068481445312,
        0.9093060493469238,
        206.52720752089752,
        278.578400165876,
        108.0494436009453,
        268.56906714841773
    ],
    "1": [
        1331.511962890625,
        150.20391845703125,
        0.9527212977409363,
        1335.7115478515625,
        147.4041748046875,
        0.9339476227760315,
        1330.112060546875,
        147.4041748046875,
        0.943071722984314,
        1339.9112548828125,
        148.80404663085938,
        0.9310881495475769,
        1325.9124755859375,
        148.80404663085938,
        0.9169908761978149,
        1344.11083984375,
        164.20260620117188,
        0.8792513608932495,
        1318.9132080078125,
        164.20260620117188,
        0.8782204389572144,
        1349.7103271484375,
        185.2006378173828,
        0.8796757459640503,
        1313.313720703125,
        182.40090942382812,
        0.8605833053588867,
        1331.511962890625,
        193.599853515625,
        0.8303440809249878,
        1317.5133056640625,
        192.1999969482422,
        0.8632227778434753,
        1337.1114501953125,
        208.99842834472656,
        0.7684292793273926,
        1320.31298828125,
        207.5985565185547,
        0.7848927974700928,
        1338.5113525390625,
        238.3956756591797,
        0.851222813129425,
        1321.712890625,
        238.3956756591797,
        0.8237314820289612,
        1344.11083984375,
        264.9931945800781,
        0.7983410358428955,
        1324.5125732421875,
        263.59332275390625,
        0.8337211608886719,
        1303.2879703314034,
        133.82541699123567,
        57.84782100286793,
        143.34663702743404
    ],
    "15": [
        1200.24365234375,
        91.84136199951172,
        0.9080368876457214,
        1202.8236083984375,
        90.5513916015625,
        0.9098390936851501,
        1198.9537353515625,
        89.26141357421875,
        0.9281988143920898,
        1207.9835205078125,
        91.84136199951172,
        0.9424443244934082,
        1195.083740234375,
        90.5513916015625,
        0.9122169017791748,
        1213.1434326171875,
        107.3210678100586,
        0.8888745903968811,
        1188.6339111328125,
        104.74111938476562,
        0.8894124031066895,
        1217.0133056640625,
        124.09075164794922,
        0.8488314151763916,
        1184.7640380859375,
        121.51080322265625,
        0.8287588357925415,
        1210.5634765625,
        135.70053100585938,
        0.6940724849700928,
        1184.7640380859375,
        134.41055297851562,
        0.7363302111625671,
        1205.403564453125,
        142.15040588378906,
        0.8309102058410645,
        1193.7938232421875,
        140.8604278564453,
        0.8290647864341736,
        1201.53369140625,
        170.5298614501953,
        0.8339537382125854,
        1198.9537353515625,
        169.23989868164062,
        0.7942433953285217,
        1197.6636962890625,
        197.61935424804688,
        0.8946980834007263,
        1207.9835205078125,
        191.1694793701172,
        0.7457153797149658,
        1173.556148962519,
        76.7486133931751,
        54.665033872467575,
        132.09357805261465
    ],