{
    "4": [
        1080.3302001953125,
        198.2102508544922,
        0.8865258693695068,
        1082.3177490234375,
        194.23513793945312,
        0.8974147439002991,
        1076.3551025390625,
        194.23513793945312,
        0.8964264988899231,
        1090.2679443359375,
        196.22268676757812,
        0.9330956935882568,
        1072.3800048828125,
        196.22268676757812,
        0.9135085940361023,
        1100.205810546875,
        218.0858154296875,
        0.9036754369735718,
        1062.442138671875,
        216.09825134277344,
        0.9158213138580322,
        1108.156005859375,
        245.91160583496094,
        0.8637725710868835,
        1054.491943359375,
        245.91160583496094,
        0.864778459072113,
        1100.205810546875,
        267.77471923828125,
        0.8767881393432617,
        1050.516845703125,
        271.7498474121094,
        0.8682642579078674,
        1092.2554931640625,
        277.7124938964844,
        0.823166012763977,
        1066.4173583984375,
        277.7124938964844,
        0.8120794296264648,
        1096.230712890625,
        321.4387512207031,
        0.8729485869407654,
        1062.442138671875,
        323.4263000488281,
        0.8976519107818604,
        1100.205810546875,
        361.18988037109375,
        0.8712769150733948,
        1062.442138671875,
        365.16497802734375,
        0.867027997970581,
        1038.2945330028226,
        172.96831103032318,
        82.08376693655669,
        203.52570907574707
    ],
    "2": [
        1473.4935302734375,
        169.7821807861328,
        0.8743840456008911,
        1476.964111328125,
        166.3116455078125,
        0.8746929168701172,
        1471.75830078125,
        166.3116455078125,
        0.9177616238594055,
        1483.9051513671875,
        168.04690551757812,
        0.9205562472343445,
        1468.2877197265625,
        168.04690551757812,
        0.9241721630096436,
        1492.58154296875,
        188.8701171875,
        0.8808140158653259,
        1463.0819091796875,
        187.13485717773438,
        0.8985055088996887,
        1497.787353515625,
        213.1638641357422,
        0.8971036672592163,
        1456.140869140625,
        209.69332885742188,
        0.8810600638389587,
        1506.463623046875,
        233.98707580566406,
        0.8897762298583984,
        1450.93505859375,
        232.25181579589844,
        0.8432674407958984,
        1482.169921875,
        239.19288635253906,
        0.8016232252120972,
        1463.0819091796875,
        237.45761108398438,
        0.7991803288459778,
        1476.964111328125,
        275.6335144042969,
        0.8271046280860901,
        1464.8172607421875,
        273.8982238769531,
        0.8414531946182251,
        1473.4935302734375,
        308.60357666015625,
        0.8456539511680603,
        1468.2877197265625,
        301.6625061035156,
        0.7784030437469482,
        1438.3059297930529,
        147.7442764757249,
        72.11051388312421,
        177.69141974907845
    ],
    "10": [
        268.1999816894531,
        307.0903625488281,
        0.8184623718261719,
        263.0453186035156,
        304.5130310058594,
        0.746476411819458,
        265.6226501464844,
        301.9356994628906,
        0.8562074899673462,
        237.2720184326172,
        309.6676940917969,
        0.8621912598609924,
        257.8906555175781,
        307.0903625488281,
        0.9337283968925476,
        229.54002380371094,
        340.59564208984375,
        0.8822231292724609,
        257.8906555175781,
        340.59564208984375,
        0.9077011346817017,
        211.49871826171875,
        371.52362060546875,
        0.8904405832290649,
        250.15866088867188,
        376.67828369140625,
        0.9576867818832397,
        229.54002380371094,
        392.1422424316406,
        0.6420066356658936,
        237.2720184326172,
        405.0289001464844,
        0.8416443467140198,
        239.84934997558594,
        415.3382263183594,
        0.8267934918403625,
        263.0453186035156,
        415.3382263183594,
        0.7909681797027588,
        252.73599243164062,
        466.88482666015625,
        0.8734380006790161,
        296.55059814453125,
        453.9981689453125,
        0.8868419528007507,
        255.31332397460938,
        521.0087890625,
        0.863993227481842,
        288.8186340332031,
        508.1221008300781,
        0.8631641864776611,
        205.29618665961826,
        279.51292362296465,
        107.76629120752861,
        263.9185975988768
    ],
    "15": [
        1195.642578125,
        94.40762329101562,
        0.8723510503768921,
        1198.52685546875,
        92.9654541015625,
        0.8792086839675903,
        1194.200439453125,
        91.52330017089844,
        0.9131627678871155,
        1202.8533935546875,
        94.40762329101562,
        0.9077436923980713,
        1191.3160400390625,
        92.9654541015625,
        0.8797845840454102,
        1208.6220703125,
        110.27139282226562,
        0.9210861921310425,
        1185.5474853515625,
        108.82923889160156,
        0.90732741355896,
        1212.948486328125,
        129.01950073242188,
        0.7726143598556519,
        1182.6630859375,
        126.13517761230469,
        0.8310030102729797,
        1205.7376708984375,
        140.55679321289062,
        0.6502186059951782,
        1184.105224609375,
        139.1146240234375,
        0.6617235541343689,
        1201.4112548828125,
        146.325439453125,
        0.8281323313713074,
        1188.4317626953125,
        144.88327026367188,
        0.8214430212974548,
        1199.968994140625,
        173.72650146484375,
        0.8379503488540649,
        1192.75830078125,
        172.2843475341797,
        0.7915318608283997,
        1198.52685546875,
        199.68540954589844,
        0.8396320343017578,
        1198.52685546875,
        196.80108642578125,
        0.6517705321311951,
        1165.849637291441,
        74.6500095149019,
        61.02802228232349,
        147.67735083035654
    ],
    "14": [
        908.2398681640625,
        427.9211120605469,
        0.4891834855079651,
        890.4403686523438,
        424.95452880859375,
        0.41793203353881836,
        911.2064208984375,
        424.95452880859375,
        0.6051468849182129,
        878.5740356445312,
        427.9211120605469,
        0.9180830121040344,
        911.2064208984375,
        427.9211120605469,
        0.9365804195404053,
        866.7077026367188,
        466.48663330078125,
        0.9515902996063232,
        923.07275390625,
        466.48663330078125,
        0.8859824538230896,
        857.8079833984375,
        513.951904296875,
        0.9177170991897583,
        934.9390869140625,
        510.9853515625,
        0.908774733543396,
        857.8079833984375,
        555.4840698242188,
        0.898087739944458,
        952.738525390625,
        546.5842895507812,
        0.9172565340995789,
        875.6074829101562,
        555.4840698242188,
        0.8364264369010925,
        911.2064208984375,
        552.5174560546875,
        0.8118106126785278,
        863.7411499023438,
        608.8825073242188,
        0.8743230104446411,
        934.9390869140625,
        611.8490600585938,
        0.8481960296630859,
        848.908203125,
        668.214111328125,
        0.8403725028038025,
        946.805419921875,
        674.147216796875,
        0.8627263903617859,
        832.5705104072891,
        393.2120798973502,
        130.57270548027793,
        303.7778507853836
    ],