{
    "4": [
        1076.951904296875,
        200.37063598632812,
        0.9204840660095215,
        1080.9105224609375,
        196.41195678710938,
        0.923245370388031,
        1074.9725341796875,
        196.41195678710938,
        0.9262726902961731,
        1088.827880859375,
        196.41195678710938,
        0.9414548873901367,
        1069.0345458984375,
        196.41195678710938,
        0.9232394099235535,
        1096.7452392578125,
        218.1846466064453,
        0.9205827713012695,
        1061.1171875,
        216.20530700683594,
        0.9242990612983704,
        1106.641845703125,
        241.93666076660156,
        0.8553645610809326,
        1055.17919921875,
        245.89532470703125,
        0.8660598993301392,
        1096.7452392578125,
        257.7713317871094,
        0.7923189401626587,
        1049.2412109375,
        273.60601806640625,
        0.889119029045105,
        1090.8072509765625,
        277.5646667480469,
        0.8085261583328247,
        1067.05517578125,
        277.5646667480469,
        0.8212722539901733,
        1094.765869140625,
        319.1307067871094,
        0.8835482001304626,
        1061.1171875,
        323.0893859863281,
        0.8941468000411987,
        1098.7244873046875,
        360.69671630859375,
        0.8610844612121582,
        1061.1171875,
        362.6760559082031,
        0.8687084317207336,
        1036.928426803737,
        175.2330938458017,
        82.02627829750236,
        202.68384349948792
    ],
    "2": [
        1472.1224365234375,
        168.79205322265625,
        0.9035689234733582,
        1475.59912109375,
        165.31527709960938,
        0.9066433906555176,
        1470.384033203125,
        165.31527709960938,
        0.9393439888954163,
        1484.2911376953125,
        167.0536651611328,
        0.9342901706695557,
        1466.9072265625,
        167.0536651611328,
        0.894212007522583,
        1491.2447509765625,
        189.65277099609375,
        0.8899052739143372,
        1461.6920166015625,
        187.9143829345703,
        0.8972726464271545,
        1496.4598388671875,
        215.72866821289062,
        0.9249423146247864,
        1456.476806640625,
        210.51348876953125,
        0.9047619700431824,
        1503.4134521484375,
        240.06617736816406,
        0.8548842072486877,
        1451.26171875,
        233.11260986328125,
        0.8576458096504211,
        1480.8143310546875,
        240.06617736816406,
        0.80637526512146,
        1461.6920166015625,
        238.32778930664062,
        0.8254611492156982,
        1475.59912109375,
        274.83404541015625,
        0.8423963785171509,
        1461.6920166015625,
        273.09564208984375,
        0.8245474100112915,
        1472.1224365234375,
        307.863525390625,
        0.8560181856155396,
        1465.1688232421875,
        300.9099426269531,
        0.8027846217155457,
        1436.9269917265335,
        148.45280833971816,
        72.12921392084081,
        178.011571234398
    ],
    "10": [
        269.8224792480469,
        307.84478759765625,
        0.884084165096283,
        269.8224792480469,
        305.28399658203125,
        0.7884533405303955,
        267.2616882324219,
        302.72320556640625,
        0.8790435194969177,
        244.2144775390625,
        310.4056091308594,
        0.8246716260910034,
        259.57928466796875,
        307.84478759765625,
        0.9445760846138,
        231.41046142578125,
        338.57440185546875,
        0.9052488207817078,
        262.14007568359375,
        341.1352233886719,
        0.893816351890564,
        213.48486328125,
        369.30401611328125,
        0.8959582448005676,
        251.89688110351562,
        376.9864501953125,
        0.8501372933387756,
        233.9712677001953,
        389.7904357910156,
        0.5598062872886658,
        236.53207397460938,
        405.1552429199219,
        0.8231850862503052,
        241.65367126464844,
        415.3984375,
        0.8163444399833679,
        267.2616882324219,
        415.3984375,
        0.8044238686561584,
        254.45767211914062,
        466.6144714355469,
        0.8853674530982971,
        297.9913024902344,
        453.81048583984375,
        0.9093263745307922,
        257.01849365234375,
        522.9520874023438,
        0.8844695091247559,
        290.30889892578125,
        510.1481018066406,
        0.8843442797660828,
        207.22193516586302,
        280.44423241309266,
        107.27546484980004,
        262.2260169124294
    ],
    "15": [
        1194.71240234375,
        96.4508056640625,
        0.9024579524993896,
        1197.5709228515625,
        93.59230041503906,
        0.908250093460083,
        1193.2830810546875,
        93.59230041503906,
        0.916623055934906,
        1201.858642578125,
        95.02155303955078,
        0.9202706813812256,
        1190.424560546875,
        93.59230041503906,
        0.9062671661376953,
        1207.57568359375,
        110.74336242675781,
        0.9123425483703613,
        1184.7076416015625,
        107.88484954833984,
        0.9175542593002319,
        1211.8634033203125,
        127.89442443847656,
        0.8191540241241455,
        1180.4197998046875,
        125.0359115600586,
        0.8178586959838867,
        1204.7171630859375,
        137.89920043945312,
        0.8384594321250916,
        1183.2783203125,
        137.89920043945312,
        0.7516085505485535,
        1200.429443359375,
        146.4747314453125,
        0.8201054930686951,
        1187.5660400390625,
        145.0454864501953,
        0.8243632912635803,
        1199.0001220703125,
        172.20132446289062,
        0.7994860410690308,
        1190.424560546875,
        172.20132446289062,
        0.7995386719703674,
        1199.0001220703125,
        199.357177734375,
        0.854293942451477,
        1197.5709228515625,
        196.49867248535156,
        0.6846714615821838,
        1165.228460574993,
        75.44074613349233,
        60.39701467041709,
        146.35573720623063
    ],
    "14": [
        915.802001953125,
        425.67205810546875,
        0.5469778776168823,
        909.8548583984375,
        422.6985168457031,
        0.4763890504837036,
        915.802001953125,
        425.67205810546875,
        0.6243537068367004,
        883.0927734375,
        428.6456298828125,
        0.9320943355560303,
        915.802001953125,
        428.6456298828125,
        0.9194308519363403,
        871.1985473632812,
        467.30194091796875,
        0.9619743824005127,
        927.6962280273438,
        467.30194091796875,
        0.9050189852714539,
        859.3043212890625,
        511.9053649902344,
        0.8979427218437195,
        939.5904541015625,
        514.87890625,
        0.886569082736969,
        859.3043212890625,
        553.5352172851562,
        0.9044790267944336,
        957.4318237304688,
        550.5616455078125,
        0.9252235889434814,
        877.1456909179688,
        556.5087890625,
        0.8405969738960266,
        912.8284301757812,
        556.5087890625,
        0.8365185856819153,
        865.2514038085938,
        613.0064697265625,
        0.900955319404602,
        936.6168823242188,
        615.9800415039062,
        0.8608664870262146,
        847.4100341796875,
        672.4776611328125,
        0.8676335215568542,
        948.5111694335938,
        678.4248046875,
        0.8789147138595581,
        834.0849169846603,
        393.8549566062602,
        130.72488844196516,
        304.49268643209894
    ],