{
    "2": [
        1476.9903564453125,
        168.26980590820312,
        0.9814968109130859,
        1482.2490234375,
        166.51693725585938,
        0.9652657508850098,
        1475.237548828125,
        164.76406860351562,
        0.9592880606651306,
        1487.5076904296875,
        170.02268981933594,
        0.9249828457832336,
        1469.9788818359375,
        168.26980590820312,
        0.9249221086502075,
        1491.013427734375,
        191.0571746826172,
        0.9067491292953491,
        1461.214599609375,
        189.30429077148438,
        0.9103129506111145,
        1489.260498046875,
        219.1031494140625,
        0.8820260167121887,
        1455.9559326171875,
        215.597412109375,
        0.909665584564209,
        1487.5076904296875,
        243.6433868408203,
        0.8667787909507751,
        1448.9444580078125,
        238.384765625,
        0.8577281832695007,
        1478.7432861328125,
        241.8905029296875,
        0.811478853225708,
        1461.214599609375,
        236.63189697265625,
        0.8252043724060059,
        1478.7432861328125,
        276.947998046875,
        0.8168020248413086,
        1448.9444580078125,
        268.1836242675781,
        0.8763474225997925,
        1471.7318115234375,
        313.7583312988281,
        0.8572303056716919,
        1459.461669921875,
        294.4767150878906,
        0.8702977299690247,
        1434.8284529075174,
        149.51403983935626,
        72.05375098536842,
        179.49432478409284
    ],
    "3": [
        956.5557250976562,
        206.9095458984375,
        0.9742745161056519,
        960.5979614257812,
        202.86732482910156,
        0.9542912840843201,
        954.5346069335938,
        202.86732482910156,
        0.974596381187439,
        968.6824340820312,
        204.88844299316406,
        0.9184075593948364,
        952.5134887695312,
        204.88844299316406,
        0.8354732394218445,
        976.766845703125,
        223.07846069335938,
        0.8255760073661804,
        946.4501953125,
        223.07846069335938,
        0.8919690847396851,
        984.851318359375,
        221.05734252929688,
        0.8778462409973145,
        926.239013671875,
        233.1840362548828,
        0.7869576215744019,
        974.7457275390625,
        196.80398559570312,
        0.8344448208808899,
        918.1546020507812,
        217.01512145996094,
        0.640894889831543,
        972.7246704101562,
        279.6696472167969,
        0.7974144220352173,
        952.5134887695312,
        281.6907653808594,
        0.8293727040290833,
        974.7457275390625,
        326.1552734375,
        0.9012013077735901,
        954.5346069335938,
        326.1552734375,
        0.8811782598495483,
        978.7879638671875,
        366.5775451660156,
        0.8466408252716064,
        958.5768432617188,
        364.5564270019531,
        0.9126328229904175,
        921.0956021466932,
        175.17805548680352,
        81.02588537578345,
        206.96208722868207
    ],
    "1": [
        1326.155029296875,
        152.1360321044922,
        0.871354877948761,
        1328.9656982421875,
        149.32537841796875,
        0.8792657852172852,
        1324.749755859375,
        149.32537841796875,
        0.8868985772132874,
        1335.9923095703125,
        150.730712890625,
        0.8752447366714478,
        1321.9390869140625,
        150.730712890625,
        0.8731793761253357,
        1343.0189208984375,
        166.18927001953125,
        0.8809393644332886,
        1319.12841796875,
        167.5946044921875,
        0.9071879982948303,
        1348.6402587890625,
        187.26913452148438,
        0.8785495162010193,
        1313.507080078125,
        184.45849609375,
        0.8595451712608337,
        1328.9656982421875,
        195.70108032226562,
        0.8583202958106995,
        1317.72314453125,
        192.89044189453125,
        0.837373673915863,
        1337.3975830078125,
        211.15965270996094,
        0.7760043144226074,
        1320.53369140625,
        211.15965270996094,
        0.7841511368751526,
        1340.208251953125,
        240.6714630126953,
        0.8331641554832458,
        1323.3443603515625,
        242.0767822265625,
        0.8143656253814697,
        1345.82958984375,
        268.7779541015625,
        0.817633867263794,
        1326.155029296875,
        267.37261962890625,
        0.8797067999839783,
        1303.461475305228,
        137.09912368507452,
        58.03514956918957,
        143.90507969821732
    ],
    "10": [
        289.0430908203125,
        308.8919677734375,
        0.922573447227478,
        286.5601501464844,
        303.92608642578125,
        0.7625831961631775,
        289.0430908203125,
        303.92608642578125,
        0.9376485347747803,
        259.2477722167969,
        308.8919677734375,
        0.8199160695075989,
        281.5942687988281,
        308.8919677734375,
        0.925090491771698,
        244.35011291503906,
        336.204345703125,
        0.911038875579834,
        281.5942687988281,
        343.6531677246094,
        0.8946037292480469,
        241.86717224121094,
        375.9314270019531,
        0.6731008291244507,
        286.5601501464844,
        383.3802795410156,
        0.8794702887535095,
        241.86717224121094,
        413.17559814453125,
        0.4102603793144226,
        294.00897216796875,
        420.6244201660156,
        0.9174160957336426,
        244.35011291503906,
        415.6585388183594,
        0.809912919998169,
        271.6624755859375,
        415.6585388183594,
        0.7613414525985718,
        259.2477722167969,
        465.3173828125,
        0.9137329459190369,
        289.0430908203125,
        460.35150146484375,
        0.8634610772132874,
        259.2477722167969,
        517.459228515625,
        0.9186672568321228,
        298.974853515625,
        507.5274353027344,
        0.8769307136535645,
        220.18853971484307,
        282.3244837120087,
        105.43082820826581,
        254.2533509834085
    ],
    "4": [
        1072.947998046875,
        200.99978637695312,
        0.6377841234207153,
        1074.937255859375,
        197.02120971679688,
        0.6839358806610107,
        1072.947998046875,
        197.02120971679688,
        0.6707085371017456,
        1078.9158935546875,
        197.02120971679688,
        0.8339514136314392,
        1068.969482421875,
        197.02120971679688,
        0.7274208664894104,
        1090.8515625,
        218.90333557128906,
        0.9409695267677307,
        1055.04443359375,
        218.90333557128906,
        0.9189441204071045,
        1090.8515625,
        240.7854461669922,
        0.872713565826416,
        1047.0872802734375,
        250.73187255859375,
        0.9138922095298767,
        1078.9158935546875,
        222.88189697265625,
        0.8538556694984436,
        1041.1195068359375,
        276.5925598144531,
        0.8877588510513306,
        1082.8944091796875,
        278.5818176269531,
        0.8218078017234802,
        1061.0123291015625,
        278.5818176269531,
        0.8153524994850159,
        1092.8408203125,
        318.36749267578125,
        0.8963671326637268,
        1061.0123291015625,
        324.3353576660156,
        0.8627384305000305,
        1088.8623046875,
        358.1531677246094,
        0.8814515471458435,
        1063.0015869140625,
        362.1317138671875,
        0.8836020827293396,
        1030.0219018645594,
        175.73587249068913,
        83.86289875582133,
        203.70260270033248
    ],