{
    "2": [
        1460.599609375,
        167.2578125,
        0.9509735703468323,
        1465.770263671875,
        163.81076049804688,
        0.9477245807647705,
        1458.8760986328125,
        163.81076049804688,
        0.9424169063568115,
        1472.664306640625,
        168.9813232421875,
        0.9416124820709229,
        1455.4290771484375,
        167.2578125,
        0.9401881098747253,
        1477.8349609375,
        189.66363525390625,
        0.9300422668457031,
        1448.5350341796875,
        189.66363525390625,
        0.923226535320282,
        1483.0054931640625,
        217.24005126953125,
        0.9308808445930481,
        1445.087890625,
        215.51654052734375,
        0.8890102505683899,
        1488.176025390625,
        243.09295654296875,
        0.8790740966796875,
        1439.9173583984375,
        239.64590454101562,
        0.843273937702179,
        1470.9407958984375,
        241.36941528320312,
        0.8062256574630737,
        1450.258544921875,
        239.64590454101562,
        0.8114737272262573,
        1470.9407958984375,
        277.5634765625,
        0.8837623596191406,
        1446.8114013671875,
        277.5634765625,
        0.8749724626541138,
        1472.664306640625,
        313.75750732421875,
        0.8683260083198547,
        1445.087890625,
        313.75750732421875,
        0.8745302557945251,
        1425.161318866683,
        150.53965792885356,
        72.60032169091232,
        176.48894895686414
    ],
    "4": [
        1081.5428466796875,
        200.55902099609375,
        0.7493742108345032,
        1085.5709228515625,
        196.5309600830078,
        0.7964929342269897,
        1079.5289306640625,
        196.5309600830078,
        0.789891242980957,
        1091.613037109375,
        198.54498291015625,
        0.9091407060623169,
        1073.48681640625,
        198.54498291015625,
        0.8588365316390991,
        1095.64111328125,
        216.67123413085938,
        0.9072547554969788,
        1063.4166259765625,
        220.6992950439453,
        0.8992764949798584,
        1095.64111328125,
        234.7974853515625,
        0.8446752429008484,
        1057.37451171875,
        250.9097137451172,
        0.9078596830368042,
        1081.5428466796875,
        212.6431884765625,
        0.8925973773002625,
        1057.37451171875,
        281.1201171875,
        0.9123822450637817,
        1091.613037109375,
        277.0920715332031,
        0.8029123544692993,
        1069.458740234375,
        279.1061096191406,
        0.8237980604171753,
        1099.669189453125,
        319.38665771484375,
        0.8824617266654968,
        1065.4306640625,
        323.41473388671875,
        0.8823784589767456,
        1103.697265625,
        363.6952819824219,
        0.8862954378128052,
        1065.4306640625,
        361.6812438964844,
        0.8803410530090332,
        1038.1330648204669,
        174.98085810609214,
        84.80573571500781,
        206.23647771653268
    ],
    "1": [
        1322.0313720703125,
        150.6988983154297,
        0.861583411693573,
        1324.8814697265625,
        147.84881591796875,
        0.8542230725288391,
        1320.6063232421875,
        147.84881591796875,
        0.8811688423156738,
        1332.0067138671875,
        149.27386474609375,
        0.9125362634658813,
        1319.1812744140625,
        149.27386474609375,
        0.8600274324417114,
        1341.98193359375,
        163.52427673339844,
        0.870291531085968,
        1316.331298828125,
        166.37435913085938,
        0.8956312537193298,
        1347.68212890625,
        184.89988708496094,
        0.8560824990272522,
        1312.05615234375,
        184.89988708496094,
        0.8490003943443298,
        1330.5816650390625,
        193.45013427734375,
        0.87186199426651,
        1319.1812744140625,
        194.87518310546875,
        0.828097403049469,
        1337.7069091796875,
        209.12559509277344,
        0.7879271507263184,
        1320.6063232421875,
        209.12559509277344,
        0.8268201947212219,
        1332.0067138671875,
        239.05145263671875,
        0.8486557006835938,
        1323.4564208984375,
        239.05145263671875,
        0.8845033645629883,
        1332.0067138671875,
        267.5522766113281,
        0.8526809215545654,
        1324.8814697265625,
        266.1272277832031,
        0.7733898162841797,
        1300.29799860129,
        135.45094813434667,
        59.142297158185784,
        145.92423283071685
    ],
    "10": [
        308.7767639160156,
        302.4489440917969,
        0.9156301021575928,
        306.3920593261719,
        297.67950439453125,
        0.681400716304779,
        306.3920593261719,
        297.67950439453125,
        0.9418334364891052,
        277.77545166015625,
        302.4489440917969,
        0.8853787183761597,
        301.62261962890625,
        302.4489440917969,
        0.9514537453651428,
        261.0824279785156,
        326.2961120605469,
        0.8476205468177795,
        299.2378845214844,
        335.8349609375,
        0.8757908344268799,
        253.9282989501953,
        362.06683349609375,
        0.712427020072937,
        311.1614685058594,
        373.99041748046875,
        0.8717443943023682,
        256.3130187988281,
        395.4528503417969,
        0.41949397325515747,
        325.46978759765625,
        404.9917297363281,
        0.9334904551506042,
        253.9282989501953,
        402.6070251464844,
        0.8179939985275269,
        282.5448913574219,
        404.9917297363281,
        0.7710075378417969,
        263.4671630859375,
        447.9166259765625,
        0.8812140226364136,
        296.8531799316406,
        450.30133056640625,
        0.9032120704650879,
        261.0824279785156,
        495.6109313964844,
        0.8752121925354004,
        301.62261962890625,
        502.76507568359375,
        0.882672131061554,
        232.3636502708409,
        276.9324668623392,
        102.74718991339856,
        244.19494045265378
    ],
    "3": [
        963.669921875,
        201.08221435546875,
        0.9315556883811951,
        967.7177734375,
        197.03439331054688,
        0.8925138115882874,
        957.5982055664062,
        197.03439331054688,
        0.8962849378585815,
        971.765625,
        201.08221435546875,
        0.9108753204345703,
        951.5264282226562,
        201.08221435546875,
        0.952202320098877,
        973.78955078125,
        223.34530639648438,
        0.8771097660064697,
        943.4307861328125,
        221.32139587402344,
        0.8597259521484375,
        973.78955078125,
        245.6083984375,
        0.7783176898956299,
        917.119873046875,
        217.2735595703125,
        0.6936470866203308,
        957.5982055664062,
        227.3931427001953,
        0.6029953956604004,
        929.2633666992188,
        201.08221435546875,
        0.5455913543701172,
        967.7177734375,
        282.0389099121094,
        0.8249394297599792,
        947.4786376953125,
        280.0149841308594,
        0.8407649397850037,
        973.78955078125,
        322.5172424316406,
        0.8703218698501587,
        941.4068603515625,
        324.5411376953125,
        0.8597031235694885,
        981.8851928710938,
        365.0195007324219,
        0.8704427480697632,
        939.3829345703125,
        362.9955749511719,
        0.8705114722251892,
        915.0859287616869,
        175.37847778289853,
        83.00061739837759,
        207.24906787139906
    ],