{
    "2": [
        1446.7081298828125,
        166.82388305664062,
        0.9115426540374756,
        1450.1839599609375,
        165.08599853515625,
        0.9267570376396179,
        1444.97021484375,
        163.3480987548828,
        0.9311130046844482,
        1458.8734130859375,
        168.56178283691406,
        0.9126670360565186,
        1443.2322998046875,
        166.82388305664062,
        0.8674725890159607,
        1467.5628662109375,
        189.4165496826172,
        0.9105557799339294,
        1439.7564697265625,
        189.4165496826172,
        0.9177929162979126,
        1469.30078125,
        217.22291564941406,
        0.9012003540992737,
        1434.5428466796875,
        215.48501586914062,
        0.9125755429267883,
        1472.776611328125,
        245.02926635742188,
        0.9141778945922852,
        1425.8533935546875,
        241.553466796875,
        0.8702949285507202,
        1462.3492431640625,
        243.29136657714844,
        0.8094745874404907,
        1441.494384765625,
        241.553466796875,
        0.8157781958580017,
        1464.0870361328125,
        279.7872009277344,
        0.8721063733100891,
        1443.2322998046875,
        279.7872009277344,
        0.8574288487434387,
        1465.824951171875,
        316.2830505371094,
        0.8815139532089233,
        1446.7081298828125,
        312.8072509765625,
        0.8785877227783203,
        1413.9740950035405,
        149.9663185662244,
        74.15749957185972,
        177.96061272786739
    ],
    "4": [
        1113.0994873046875,
        202.620361328125,
        0.9369869828224182,
        1117.0299072265625,
        198.68997192382812,
        0.9267224669456482,
        1111.13427734375,
        198.68997192382812,
        0.9523329138755798,
        1124.890625,
        200.65516662597656,
        0.9292593002319336,
        1107.2039794921875,
        200.65516662597656,
        0.9155465960502625,
        1134.7166748046875,
        224.2374725341797,
        0.9105579853057861,
        1097.3779296875,
        222.27227783203125,
        0.8926790356636047,
        1144.5426025390625,
        253.71536254882812,
        0.8000375032424927,
        1087.552001953125,
        251.7501678466797,
        0.9156988859176636,
        1126.8558349609375,
        253.71536254882812,
        0.9048311710357666,
        1081.656494140625,
        281.2280578613281,
        0.8809829354286194,
        1124.890625,
        285.158447265625,
        0.7820469737052917,
        1101.308349609375,
        283.1932373046875,
        0.8369536995887756,
        1118.9951171875,
        328.3926696777344,
        0.8109229207038879,
        1103.2735595703125,
        326.4274597167969,
        0.8836639523506165,
        1111.13427734375,
        369.66168212890625,
        0.8597179651260376,
        1089.5172119140625,
        363.76611328125,
        0.8921076655387878,
        1069.3814472607478,
        179.6276283663654,
        81.54056681656789,
        201.23567471861764
    ],
    "3": [
        951.7490844726562,
        203.83102416992188,
        0.9105675220489502,
        953.6778564453125,
        199.97344970703125,
        0.915587842464447,
        947.8915405273438,
        199.97344970703125,
        0.9142287969589233,
        957.5354614257812,
        201.90223693847656,
        0.8614565134048462,
        940.1763916015625,
        203.83102416992188,
        0.9134816527366638,
        963.32177734375,
        225.0476531982422,
        0.8958141803741455,
        932.4612426757812,
        223.11886596679688,
        0.9026820659637451,
        980.6808471679688,
        248.19305419921875,
        0.9212952852249146,
        913.1734008789062,
        240.47792053222656,
        0.8634623289108276,
        969.108154296875,
        236.62034606933594,
        0.7505388855934143,
        911.24462890625,
        232.76278686523438,
        0.6611948609352112,
        959.4642333984375,
        282.9111633300781,
        0.8532900810241699,
        940.1763916015625,
        282.9111633300781,
        0.8346902132034302,
        961.3930053710938,
        323.4156494140625,
        0.8893958330154419,
        940.1763916015625,
        323.4156494140625,
        0.8702841997146606,
        967.1793823242188,
        363.92010498046875,
        0.8713552355766296,
        942.1051635742188,
        361.9913024902344,
        0.8846594095230103,
        907.393995964509,
        183.1930561010493,
        79.06628601441003,
        197.50744183305164
    ],
    "8": [
        1272.5467529296875,
        261.7499694824219,
        0.7858811020851135,
        1274.917724609375,
        257.00811767578125,
        0.7581116557121277,
        1277.28857421875,
        257.00811767578125,
        0.6584945321083069,
        1274.917724609375,
        261.7499694824219,
        0.8963505029678345,
        1296.2559814453125,
        261.7499694824219,
        0.9167426228523254,
        1272.5467529296875,
        292.5718994140625,
        0.8633065819740295,
        1300.997802734375,
        290.20098876953125,
        0.8930695056915283,
        1263.0631103515625,
        330.506591796875,
        0.937928318977356,
        1308.1104736328125,
        323.3938293457031,
        0.8713068962097168,
        1248.8375244140625,
        354.2157897949219,
        0.8834991455078125,
        1303.36865234375,
        347.10302734375,
        0.8237826228141785,
        1274.917724609375,
        363.699462890625,
        0.8332003355026245,
        1296.2559814453125,
        361.3285217285156,
        0.8301616907119751,
        1263.0631103515625,
        408.74688720703125,
        0.9179368615150452,
        1289.1431884765625,
        401.6341552734375,
        0.848222017288208,
        1272.5467529296875,
        463.27801513671875,
        0.9367539286613464,
        1291.51416015625,
        449.0525207519531,
        0.908875584602356,
        1232.4820313644445,
        236.3810947289054,
        96.72584104352882,
        242.78212582449498
    ],
    "15": [
        1128.0897216796875,
        76.14488983154297,
        0.8568192720413208,
        1132.435791015625,
        74.69620513916016,
        0.891624391078949,
        1128.0897216796875,
        71.79883575439453,
        0.8388949632644653,
        1138.2305908203125,
        79.0422592163086,
        0.9476054906845093,
        1126.64111328125,
        74.69620513916016,
        0.7118948698043823,
        1138.2305908203125,
        94.97779083251953,
        0.8962973952293396,
        1117.948974609375,
        84.83699798583984,
        0.8708685040473938,
        1141.1279296875,
        113.8106918334961,
        0.8610647320747375,
        1106.3594970703125,
        67.4527816772461,
        0.8567308187484741,
        1141.1279296875,
        103.6698989868164,
        0.8841010928153992,
        1122.2950439453125,
        67.4527816772461,
        0.8841207027435303,
        1125.1923828125,
        132.64358520507812,
        0.8100233674049377,
        1110.70556640625,
        131.19491577148438,
        0.7976308465003967,
        1126.64111328125,
        164.5146484375,
        0.8308320641517639,
        1109.2568359375,
        163.06597900390625,
        0.8046302795410156,
        1128.0897216796875,
        192.0396728515625,
        0.728644847869873,
        1115.0516357421875,
        189.14230346679688,
        0.7029833793640137,
        1091.6686641909816,
        57.74664728819664,
        59.80412991407161,
        148.3452166247949
    ],