{
    "2": [
        1446.47265625,
        167.81143188476562,
        0.9197814464569092,
        1449.9517822265625,
        164.3323516845703,
        0.940090000629425,
        1444.733154296875,
        164.3323516845703,
        0.9689639806747437,
        1458.6494140625,
        169.55096435546875,
        0.9302380084991455,
        1442.99365234375,
        167.81143188476562,
        0.8465724587440491,
        1467.34716796875,
        188.6859130859375,
        0.9202277064323425,
        1437.7750244140625,
        188.6859130859375,
        0.9301428198814392,
        1469.086669921875,
        216.5185546875,
        0.9003471732139587,
        1434.2958984375,
        214.7790069580078,
        0.9040969014167786,
        1470.8262939453125,
        242.6116485595703,
        0.9090356230735779,
        1427.3377685546875,
        240.8721160888672,
        0.8732621669769287,
        1462.1285400390625,
        242.6116485595703,
        0.8009633421897888,
        1442.99365234375,
        240.8721160888672,
        0.8373591899871826,
        1465.607666015625,
        279.1419982910156,
        0.8647973537445068,
        1442.99365234375,
        279.1419982910156,
        0.8640226125717163,
        1465.607666015625,
        313.93280029296875,
        0.8583367466926575,
        1446.47265625,
        312.1932678222656,
        0.8868829011917114,
        1413.7537478596548,
        149.19836639632973,
        74.13565507875342,
        178.12887048310932
    ],
    "3": [
        950.2747802734375,
        202.98199462890625,
        0.9182004928588867,
        952.2215576171875,
        199.08843994140625,
        0.9160040020942688,
        946.3812255859375,
        199.08843994140625,
        0.9269487857818604,
        958.0618896484375,
        201.03521728515625,
        0.8902573585510254,
        938.5941162109375,
        202.98199462890625,
        0.9309870004653931,
        965.8489379882812,
        224.39649963378906,
        0.915584146976471,
        934.7006225585938,
        222.44972229003906,
        0.9219411611557007,
        981.4231567382812,
        249.7045440673828,
        0.8864132165908813,
        917.1796264648438,
        241.91744995117188,
        0.8399818539619446,
        967.7957153320312,
        239.97067260742188,
        0.8819901347160339,
        911.33935546875,
        234.13035583496094,
        0.7150606513023376,
        960.0086059570312,
        280.8529052734375,
        0.8468412756919861,
        940.5408935546875,
        280.8529052734375,
        0.8525628447532654,
        963.9021606445312,
        321.7351379394531,
        0.9091423153877258,
        940.5408935546875,
        323.6819152832031,
        0.8614830374717712,
        965.8489379882812,
        364.56414794921875,
        0.8727619647979736,
        940.5408935546875,
        362.61737060546875,
        0.8757146596908569,
        907.9500637617753,
        182.15149256427995,
        78.80913571770714,
        199.3495792751206
    ],
    "4": [
        1120.26806640625,
        203.98001098632812,
        0.9254778623580933,
        1124.2513427734375,
        199.99722290039062,
        0.9194694757461548,
        1117.27001953125,
        199.99078369140625,
        0.9359198808670044,
        1132.21484375,
        200.9906768798828,
        0.9311961531639099,
        1113.2896728515625,
        200.99746704101562,
        0.9433332681655884,
        1142.18017578125,
        224.90048217773438,
        0.8872883319854736,
        1104.3363037109375,
        223.88978576660156,
        0.8883181810379028,
        1149.123046875,
        252.8096923828125,
        0.7859857082366943,
        1094.376708984375,
        252.79745483398438,
        0.8932735919952393,
        1132.216552734375,
        255.76007080078125,
        0.7462282180786133,
        1086.4071044921875,
        281.6614990234375,
        0.9073255062103271,
        1134.99267578125,
        285.6361083984375,
        0.7531883716583252,
        1111.268310546875,
        286.59130859375,
        0.7986522912979126,
        1134.2652587890625,
        328.32330322265625,
        0.6464941501617432,
        1117.255615234375,
        328.4404296875,
        0.8361231088638306,
        1128.52490234375,
        367.7007141113281,
        0.42674896121025085,
        1111.2021484375,
        371.090087890625,
        0.7903043627738953,
        1076.408156472563,
        179.9487575917198,
        82.19222780141945,
        205.1846408056782
    ],
    "10": [
        311.59039306640625,
        303.46173095703125,
        0.9280843734741211,
        306.9101867675781,
        298.7815246582031,
        0.774858295917511,
        309.25030517578125,
        298.7815246582031,
        0.9473782181739807,
        285.8491516113281,
        305.8018493652344,
        0.7405360341072083,
        302.2299499511719,
        303.46173095703125,
        0.9556078314781189,
        274.1485595703125,
        329.2030029296875,
        0.900138258934021,
        299.88983154296875,
        333.88323974609375,
        0.9161955714225769,
        267.12823486328125,
        371.3250732421875,
        0.7087274789810181,
        299.88983154296875,
        368.9849548339844,
        0.8886401653289795,
        297.5497131347656,
        392.3861083984375,
        0.47695955634117126,
        311.59039306640625,
        404.086669921875,
        0.9462171196937561,
        253.08753967285156,
        397.0663146972656,
        0.7617591023445129,
        278.82879638671875,
        399.40643310546875,
        0.7314454317092896,
        267.12823486328125,
        443.8686218261719,
        0.92763751745224,
        316.2706298828125,
        439.1883850097656,
        0.9304043650627136,
        260.1078796386719,
        490.6708984375,
        0.9028127193450928,
        323.2909851074219,
        495.35113525390625,
        0.8716808557510376,
        241.02087570492975,
        273.74227131280435,
        101.3570949838531,
        239.62775520466727
    ],
    "8": [
        1275.0528564453125,
        268.031982421875,
        0.6373932957649231,
        1277.358154296875,
        263.4213562011719,
        0.6487216353416443,
        1279.6634521484375,
        261.11602783203125,
        0.5304170250892639,
        1275.0528564453125,
        265.7266540527344,
        0.8888955116271973,
        1298.1060791015625,
        265.7266540527344,
        0.95662921667099,
        1270.442138671875,
        298.0011901855469,
        0.8808229565620422,
        1305.02197265625,
        293.3905334472656,
        0.9199130535125732,
        1258.91552734375,
        332.5810546875,
        0.8678358197212219,
        1311.93798828125,
        325.6650695800781,
        0.8985533714294434,
        1245.0836181640625,
        357.9396057128906,
        0.9141857028007507,
        1311.93798828125,
        353.3289489746094,
        0.9208254814147949,
        1275.0528564453125,
        364.8555603027344,
        0.8175267577171326,
        1298.1060791015625,
        364.8555603027344,
        0.8403097987174988,
        1270.442138671875,
        415.57269287109375,
        0.8848857879638672,
        1295.80078125,
        404.0460510253906,
        0.8177406787872314,
        1275.0528564453125,
        468.5951232910156,
        0.8810303807258606,
        1293.495361328125,
        445.5418701171875,
        0.8726667165756226,
        1235.5890599255329,
        243.36498617646237,
        95.06477923237298,
        236.06519227323815
    ],