{
    "3": [
        951.0545654296875,
        202.731201171875,
        0.9031816720962524,
        953.0146484375,
        198.81109619140625,
        0.9396534562110901,
        947.1344604492188,
        198.81109619140625,
        0.9166335463523865,
        956.9347534179688,
        200.77114868164062,
        0.9128105044364929,
        939.2942504882812,
        202.731201171875,
        0.940990149974823,
        964.7750244140625,
        224.29185485839844,
        0.9346666932106018,
        933.4140625,
        224.29185485839844,
        0.9141476154327393,
        980.4555053710938,
        249.7726287841797,
        0.8944075107574463,
        917.7335815429688,
        241.93240356445312,
        0.8626919984817505,
        968.6951293945312,
        239.9723358154297,
        0.9039323329925537,
        909.893310546875,
        234.0921630859375,
        0.8225427865982056,
        960.8549194335938,
        281.1335754394531,
        0.8260942101478577,
        941.2542724609375,
        281.1335754394531,
        0.8318508863449097,
        962.81494140625,
        322.2948303222656,
        0.90175461769104,
        939.2942504882812,
        322.2948303222656,
        0.8866075873374939,
        966.7350463867188,
        365.4161376953125,
        0.8776172399520874,
        941.2542724609375,
        361.49603271484375,
        0.8955636620521545,
        908.5428989413202,
        181.7585387157785,
        79.14330738546539,
        200.7101490683375
    ],
    "2": [
        1444.7576904296875,
        167.96473693847656,
        0.914110541343689,
        1449.9696044921875,
        164.4901123046875,
        0.918750524520874,
        1444.7576904296875,
        164.4901123046875,
        0.9670618772506714,
        1458.6561279296875,
        169.70205688476562,
        0.9233989119529724,
        1443.0203857421875,
        167.96473693847656,
        0.8306480050086975,
        1467.3427734375,
        188.8125457763672,
        0.9170124530792236,
        1437.808349609375,
        188.8125457763672,
        0.9344187378883362,
        1469.080078125,
        216.60963439941406,
        0.9054290056228638,
        1432.596435546875,
        214.872314453125,
        0.8953692317008972,
        1469.080078125,
        242.6693878173828,
        0.9239434599876404,
        1427.384521484375,
        240.93206787109375,
        0.8774570822715759,
        1462.130859375,
        242.6693878173828,
        0.8105009198188782,
        1443.0203857421875,
        240.93206787109375,
        0.8433948159217834,
        1465.60546875,
        279.1530456542969,
        0.8649977445602417,
        1443.0203857421875,
        279.1530456542969,
        0.8563315868377686,
        1465.60546875,
        313.8994140625,
        0.8515537977218628,
        1446.4949951171875,
        312.1620788574219,
        0.9038437604904175,
        1413.8302967772677,
        149.37551216456734,
        74.01581662201875,
        177.90115926127226
    ],
    "1": [
        1320.487548828125,
        150.3201446533203,
        0.8846893310546875,
        1323.358154296875,
        147.44960021972656,
        0.8785601854324341,
        1319.05224609375,
        147.44960021972656,
        0.9254281520843506,
        1330.534423828125,
        150.3201446533203,
        0.8963866233825684,
        1316.1817626953125,
        148.88487243652344,
        0.8828160762786865,
        1336.2755126953125,
        166.10813903808594,
        0.8621182441711426,
        1313.3111572265625,
        164.67286682128906,
        0.9263810515403748,
        1336.2755126953125,
        189.07249450683594,
        0.8344181180000305,
        1307.570068359375,
        181.89613342285156,
        0.8617163300514221,
        1321.9228515625,
        196.2488555908203,
        0.6948577165603638,
        1311.8759765625,
        191.9430389404297,
        0.7543678283691406,
        1329.0992431640625,
        209.1663055419922,
        0.7662509083747864,
        1313.3111572265625,
        207.7310333251953,
        0.776604413986206,
        1321.9228515625,
        240.74229431152344,
        0.8572288751602173,
        1313.3111572265625,
        237.8717498779297,
        0.7887656688690186,
        1319.05224609375,
        270.88299560546875,
        0.8711891770362854,
        1324.7933349609375,
        260.83612060546875,
        0.7469768524169922,
        1291.6080840387501,
        134.96275095964353,
        59.19421689345518,
        146.97184395202095
    ],
    "4": [
        1122.1201171875,
        205.08270263671875,
        0.9356681108474731,
        1126.118896484375,
        201.0841522216797,
        0.9196820855140686,
        1118.12060546875,
        201.08139038085938,
        0.9599040746688843,
        1133.118896484375,
        201.08401489257812,
        0.9422272443771362,
        1115.125244140625,
        201.08270263671875,
        0.924054741859436,
        1144.1163330078125,
        226.09213256835938,
        0.902802050113678,
        1105.12939453125,
        223.07664489746094,
        0.9179909229278564,
        1151.0960693359375,
        255.07391357421875,
        0.7934838533401489,
        1098.1229248046875,
        253.0724639892578,
        0.9090918302536011,
        1138.19580078125,
        263.20391845703125,
        0.45760107040405273,
        1088.125732421875,
        280.05413818359375,
        0.8972310423851013,
        1137.1015625,
        286.0553894042969,
        0.7786762118339539,
        1113.099609375,
        286.0096130371094,
        0.8233068585395813,
        1135.542236328125,
        327.7698974609375,
        0.650740921497345,
        1120.0745849609375,
        327.02459716796875,
        0.8528444766998291,
        1113.1357421875,
        366.0104064941406,
        0.5583304762840271,
        1114.11669921875,
        366.05712890625,
        0.7242741584777832,
        1077.6747523968843,
        177.21021094004192,
        82.74231596556524,
        206.96163801227215
    ],
    "15": [
        1122.748291015625,
        100.84498596191406,
        0.9350946545600891,
        1126.9556884765625,
        99.44253540039062,
        0.9120509028434753,
        1122.748291015625,
        98.04008483886719,
        0.9681211709976196,
        1132.5654296875,
        105.05235290527344,
        0.9332402348518372,
        1118.5408935546875,
        99.44253540039062,
        0.9009801745414734,
        1131.1629638671875,
        121.88179016113281,
        0.8989108800888062,
        1111.5286865234375,
        110.66216278076172,
        0.9027243256568909,
        1125.55322265625,
        141.51612854003906,
        0.7593122720718384,
        1101.71142578125,
        106.45480346679688,
        0.8693156838417053,
        1115.7359619140625,
        127.4916000366211,
        0.6736034154891968,
        1097.504150390625,
        102.24744415283203,
        0.7344640493392944,
        1118.5408935546875,
        155.54066467285156,
        0.7547974586486816,
        1105.9188232421875,
        152.73574829101562,
        0.775546133518219,
        1114.33349609375,
        189.1995391845703,
        0.8153858184814453,
        1101.71142578125,
        189.1995391845703,
        0.7833849787712097,
        1112.93115234375,
        220.05349731445312,
        0.6078189611434937,
        1101.71142578125,
        221.45596313476562,
        0.8072320222854614,
        1084.890344923865,
        81.63138154570396,
        57.483879437273345,
        143.61119159633182
    ],