{
    "2": [
        1444.872314453125,
        168.51150512695312,
        0.9545959830284119,
        1448.334716796875,
        166.7803192138672,
        0.9468884468078613,
        1443.14111328125,
        165.0491180419922,
        0.9702557921409607,
        1458.721923828125,
        170.24270629882812,
        0.928899347782135,
        1443.14111328125,
        168.51150512695312,
        0.7979198098182678,
        1467.3778076171875,
        189.28582763671875,
        0.920600950717926,
        1437.947509765625,
        189.28582763671875,
        0.9436377882957458,
        1469.1090087890625,
        216.98492431640625,
        0.9059867262840271,
        1432.7540283203125,
        216.98492431640625,
        0.9187549948692322,
        1469.1090087890625,
        242.9528350830078,
        0.9267566800117493,
        1429.2916259765625,
        241.2216339111328,
        0.8873783349990845,
        1462.184326171875,
        242.9528350830078,
        0.8036393523216248,
        1443.14111328125,
        242.9528350830078,
        0.8364619016647339,
        1465.6466064453125,
        279.3078918457031,
        0.856024444103241,
        1444.872314453125,
        279.3078918457031,
        0.8590925335884094,
        1465.6466064453125,
        313.9317626953125,
        0.8496198058128357,
        1446.603515625,
        312.2005615234375,
        0.8990297317504883,
        1414.115488553361,
        149.98773474702472,
        73.63194493907076,
        177.27426224785808
    ],
    "3": [
        949.9085083007812,
        202.21127319335938,
        0.9513571858406067,
        953.8084106445312,
        198.31138610839844,
        0.960515022277832,
        946.0086059570312,
        198.31138610839844,
        0.9483948349952698,
        957.7083129882812,
        202.21127319335938,
        0.9064024686813354,
        940.1587524414062,
        202.21127319335938,
        0.9436421394348145,
        965.508056640625,
        223.6606903076172,
        0.9467427730560303,
        936.2588500976562,
        223.6606903076172,
        0.9166474342346191,
        981.107666015625,
        249.010009765625,
        0.9310494065284729,
        918.7093505859375,
        241.21022033691406,
        0.8816248774528503,
        967.4580078125,
        239.26026916503906,
        0.9039707779884338,
        908.9595947265625,
        233.41043090820312,
        0.7953981757164001,
        961.6082153320312,
        280.20916748046875,
        0.8615279793739319,
        940.1587524414062,
        280.20916748046875,
        0.8546417951583862,
        963.5581665039062,
        321.1580505371094,
        0.8852879405021667,
        940.1587524414062,
        321.1580505371094,
        0.870749294757843,
        965.508056640625,
        360.1570129394531,
        0.7111555933952332,
        942.1087036132812,
        362.1069641113281,
        0.9120316505432129,
        909.6563652212102,
        181.34681333476004,
        78.55428727612673,
        199.6746546227604
    ],
    "8": [
        1277.44384765625,
        267.8416442871094,
        0.6196705102920532,
        1279.7886962890625,
        263.1518859863281,
        0.6406262516975403,
        1284.4783935546875,
        263.1518859863281,
        0.4895361661911011,
        1279.7886962890625,
        265.49676513671875,
        0.8847149014472961,
        1300.892578125,
        265.49676513671875,
        0.9321042895317078,
        1272.7540283203125,
        298.3250427246094,
        0.8989008665084839,
        1307.92724609375,
        295.98016357421875,
        0.9245530366897583,
        1263.37451171875,
        331.1533203125,
        0.8961751461029053,
        1314.9617919921875,
        326.46356201171875,
        0.8936353325843811,
        1249.3052978515625,
        359.2918395996094,
        0.9233388304710388,
        1314.9617919921875,
        356.94696044921875,
        0.9397484064102173,
        1279.7886962890625,
        366.3264465332031,
        0.8217533230781555,
        1303.2374267578125,
        366.3264465332031,
        0.8276450634002686,
        1272.7540283203125,
        415.5688781738281,
        0.9007428288459778,
        1298.5477294921875,
        406.1893615722656,
        0.8571444749832153,
        1275.098876953125,
        469.50103759765625,
        0.9313881993293762,
        1300.892578125,
        455.4317626953125,
        0.8623283505439758,
        1236.9213690556671,
        242.75147153005327,
        97.45909504709016,
        240.1153209690894
    ],
    "15": [
        1121.4183349609375,
        108.23523712158203,
        0.922095775604248,
        1124.1387939453125,
        106.87499237060547,
        0.9121422171592712,
        1120.05810546875,
        105.51473999023438,
        0.9769168496131897,
        1129.579833984375,
        112.31598663330078,
        0.9519428610801697,
        1117.3375244140625,
        108.23523712158203,
        0.9435552954673767,
        1130.9400634765625,
        128.6389923095703,
        0.8181400895118713,
        1109.176025390625,
        120.47748565673828,
        0.8963484168052673,
        1129.579833984375,
        146.32223510742188,
        0.8308985233306885,
        1102.374755859375,
        135.4402313232422,
        0.7002968192100525,
        1115.977294921875,
        140.88124084472656,
        0.7386224269866943,
        1120.05810546875,
        146.32223510742188,
        0.5670504570007324,
        1117.3375244140625,
        162.64523315429688,
        0.8112757205963135,
        1102.374755859375,
        159.9247283935547,
        0.8222565054893494,
        1110.5362548828125,
        195.29122924804688,
        0.8394272923469543,
        1096.933837890625,
        192.5707244873047,
        0.8354012370109558,
        1109.176025390625,
        223.85647583007812,
        0.7327907681465149,
        1102.374755859375,
        222.49623107910156,
        0.7917696833610535,
        1083.2312837876261,
        90.96001526487653,
        55.97037288352817,
        139.2896955546102
    ],
    "10": [
        320.6455993652344,
        316.2515869140625,
        0.9373807907104492,
        316.185546875,
        311.79156494140625,
        0.7816423773765564,
        316.185546875,
        311.79156494140625,
        0.9482872486114502,
        291.65533447265625,
        318.48162841796875,
        0.7601729035377502,
        311.72552490234375,
        318.48162841796875,
        0.9282993674278259,
        280.5052490234375,
        340.78179931640625,
        0.8606972098350525,
        307.2654724121094,
        347.47186279296875,
        0.9016842246055603,
        280.5052490234375,
        380.92218017578125,
        0.5414433479309082,
        309.4954833984375,
        387.61224365234375,
        0.8917493224143982,
        298.34539794921875,
        407.6824035644531,
        0.4462871253490448,
        322.8756103515625,
        418.83251953125,
        0.9920409321784973,
        255.9750213623047,
        412.1424560546875,
        0.7374148964881897,
        282.7352600097656,
        414.3724670410156,
        0.7302093505859375,
        273.815185546875,
        445.5927429199219,
        0.9000630974769592,
        322.8756103515625,
        443.36273193359375,
        0.9228264689445496,
        260.43505859375,
        490.1931457519531,
        0.8920720219612122,
        325.1056213378906,
        499.11322021484375,
        0.897685706615448,
        246.26304854091075,
        287.93034834773573,
        97.47463083626837,
        228.35399611673427
    ],