{
    "2": [
        1444.463134765625,
        168.1088409423828,
        0.9315545558929443,
        1447.891845703125,
        166.3944549560547,
        0.9354057312011719,
        1444.463134765625,
        164.6800537109375,
        0.9478465914726257,
        1458.17822265625,
        169.8232421875,
        0.8969163298606873,
        1442.7486572265625,
        168.1088409423828,
        0.7794529795646667,
        1466.7501220703125,
        188.68153381347656,
        0.8972451090812683,
        1437.6055908203125,
        190.39593505859375,
        0.9346304535865784,
        1470.178955078125,
        217.82618713378906,
        0.9123277068138123,
        1434.1767578125,
        217.82618713378906,
        0.8820676207542419,
        1471.893310546875,
        241.82766723632812,
        0.9265719056129456,
        1430.7479248046875,
        241.82766723632812,
        0.9079236388206482,
        1463.3214111328125,
        241.82766723632812,
        0.8091671466827393,
        1444.463134765625,
        241.82766723632812,
        0.8588625192642212,
        1468.464599609375,
        277.8298645019531,
        0.8338233828544617,
        1446.177490234375,
        279.54425048828125,
        0.8458287715911865,
        1466.7501220703125,
        313.83209228515625,
        0.8372577428817749,
        1447.891845703125,
        312.1177062988281,
        0.8858781456947327,
        1415.743578642396,
        151.47922961413133,
        72.8684495024313,
        175.55366520642684
    ],
    "3": [
        951.4814453125,
        202.84945678710938,
        0.948333740234375,
        954.40478515625,
        200.73825073242188,
        0.8881715536117554,
        947.5191040039062,
        200.69776916503906,
        0.8695225715637207,
        959.41748046875,
        201.83901977539062,
        0.9054487943649292,
        939.5543212890625,
        202.8453369140625,
        0.9286527037620544,
        967.6907958984375,
        225.13916015625,
        0.8400589227676392,
        936.12451171875,
        224.02493286132812,
        0.8127315044403076,
        981.7382202148438,
        250.96556091308594,
        0.8687704801559448,
        922.1822509765625,
        242.00721740722656,
        0.8650192022323608,
        969.8456420898438,
        240.0333709716797,
        0.8579682111740112,
        912.2222900390625,
        232.839599609375,
        0.7328386306762695,
        961.7808227539062,
        284.353515625,
        0.7573831677436829,
        941.1040649414062,
        283.5987548828125,
        0.7716938257217407,
        965.9572143554688,
        324.02386474609375,
        0.7358640432357788,
        942.0465087890625,
        323.23297119140625,
        0.7314121723175049,
        966.6538696289062,
        361.3340148925781,
        0.5981178879737854,
        939.0325927734375,
        362.1646423339844,
        0.7650532722473145,
        911.9635897835067,
        183.95302997817623,
        77.04253315894914,
        194.09307655422822
    ],
    "15": [
        1118.4832763671875,
        111.4951171875,
        0.9584908485412598,
        1122.391845703125,
        110.19227600097656,
        0.9274645447731018,
        1115.8775634765625,
        110.19227600097656,
        0.9400305151939392,
        1126.3004150390625,
        114.10081481933594,
        0.9365405440330505,
        1113.2718505859375,
        111.4951171875,
        0.9697226285934448,
        1128.906005859375,
        132.3406982421875,
        0.8482351303100586,
        1104.1519775390625,
        128.43215942382812,
        0.7916736006736755,
        1130.2088623046875,
        153.186279296875,
        0.8556410670280457,
        1093.7291259765625,
        147.97488403320312,
        0.8619815111160278,
        1119.7861328125,
        164.91192626953125,
        0.903843343257904,
        1088.5177001953125,
        167.5176239013672,
        0.8382090926170349,
        1114.57470703125,
        166.2147674560547,
        0.795049250125885,
        1100.243408203125,
        164.91192626953125,
        0.8202415108680725,
        1111.968994140625,
        196.1802978515625,
        0.8488175868988037,
        1096.3348388671875,
        193.57460021972656,
        0.8563854694366455,
        1108.0604248046875,
        224.8429718017578,
        0.826309084892273,
        1096.3348388671875,
        223.5401153564453,
        0.8442772030830383,
        1080.181387090237,
        100.16028738254279,
        54.45527914068748,
        133.41180454271
    ],
    "8": [
        1283.1065673828125,
        270.49774169921875,
        0.721258282661438,
        1285.5152587890625,
        265.6804504394531,
        0.7412837147712708,
        1285.5152587890625,
        263.27178955078125,
        0.5297499895095825,
        1285.5152587890625,
        270.49774169921875,
        0.9284910559654236,
        1309.6016845703125,
        270.49774169921875,
        0.9203179478645325,
        1280.697998046875,
        301.81011962890625,
        0.8714690208435059,
        1314.4189453125,
        299.4014892578125,
        0.9107617735862732,
        1271.0633544921875,
        340.34844970703125,
        0.9369223713874817,
        1319.236328125,
        335.5311584472656,
        0.883171558380127,
        1261.4288330078125,
        371.6608581542969,
        0.8880230188369751,
        1312.0103759765625,
        357.208984375,
        0.7922244668006897,
        1285.5152587890625,
        371.6608581542969,
        0.7963138818740845,
        1307.193115234375,
        371.6608581542969,
        0.7933666706085205,
        1275.880615234375,
        422.2424011230469,
        0.8831228613853455,
        1304.784423828125,
        417.42510986328125,
        0.8989994525909424,
        1275.880615234375,
        470.4153137207031,
        0.9100121259689331,
        1314.4189453125,
        468.0066833496094,
        0.8925405740737915,
        1241.1344206268855,
        244.72524559401919,
        100.80482700334119,
        246.64524617467586
    ],
    "10": [
        324.4610290527344,
        325.28912353515625,
        0.9140737652778625,
        322.35052490234375,
        321.0681457519531,
        0.8261786699295044,
        322.35052490234375,
        323.1786193847656,
        0.9572556018829346,
        303.3561706542969,
        327.39959716796875,
        0.8042176961898804,
        316.0190734863281,
        327.39959716796875,
        0.9839004874229431,
        286.4722900390625,
        346.3939514160156,
        0.8662805557250977,
        309.6876220703125,
        356.9463806152344,
        0.8917648196220398,
        284.36181640625,
        388.6036682128906,
        0.4613204598426819,
        313.9085998535156,
        394.93511962890625,
        0.9003415703773499,
        316.0190734863281,
        422.3714294433594,
        0.29641667008399963,
        328.6819763183594,
        426.5924072265625,
        0.9067255258560181,
        256.9255065917969,
        413.9294738769531,
        0.7804886102676392,
        282.2513122558594,
        420.26092529296875,
        0.7838017344474792,
        284.36181640625,
        439.25531005859375,
        0.8422579765319824,
        328.6819763183594,
        445.5867614746094,
        0.9429694414138794,
        263.2569580078125,
        481.4649963378906,
        0.8978027701377869,
        326.5715026855469,
        500.4593811035156,
        0.8759114742279053,
        251.1700251708976,
        298.485941741447,
        93.81983728532748,
        216.11368340737607
    ],