{
    "2": [
        1443.9119873046875,
        168.0595703125,
        0.9284664988517761,
        1447.3428955078125,
        166.34408569335938,
        0.9227853417396545,
        1443.9119873046875,
        166.34408569335938,
        0.9416103363037109,
        1457.6358642578125,
        169.7750701904297,
        0.9160887002944946,
        1443.9119873046875,
        168.0595703125,
        0.7558202147483826,
        1467.928955078125,
        188.64553833007812,
        0.9060413241386414,
        1438.765380859375,
        190.3610382080078,
        0.9284548163414001,
        1471.35986328125,
        217.8090057373047,
        0.9125353097915649,
        1435.33447265625,
        217.8090057373047,
        0.890427827835083,
        1471.35986328125,
        241.82595825195312,
        0.9266800284385681,
        1431.9034423828125,
        243.5414581298828,
        0.9142946600914001,
        1464.4979248046875,
        241.82595825195312,
        0.8060261011123657,
        1445.62744140625,
        241.82595825195312,
        0.856305718421936,
        1469.6444091796875,
        277.8514099121094,
        0.8342535495758057,
        1447.3428955078125,
        279.56689453125,
        0.8377947807312012,
        1469.6444091796875,
        313.8768615722656,
        0.8627351522445679,
        1447.3428955078125,
        312.1613464355469,
        0.8905554413795471,
        1416.8957073116392,
        151.41927572817096,
        72.90295372434798,
        175.6668739445635
    ],
    "3": [
        950.3827514648438,
        202.13031005859375,
        0.9315459728240967,
        953.225830078125,
        198.25949096679688,
        0.9314603805541992,
        945.4869995117188,
        198.2611083984375,
        0.9463366270065308,
        959.0343017578125,
        201.21237182617188,
        0.9130445718765259,
        940.7083740234375,
        202.13595581054688,
        0.9186997413635254,
        968.6984252929688,
        224.32955932617188,
        0.9204944372177124,
        936.8294677734375,
        223.4328155517578,
        0.9282361268997192,
        981.2281494140625,
        251.31973266601562,
        0.9298330545425415,
        922.382080078125,
        240.723388671875,
        0.8955286145210266,
        969.6202392578125,
        239.69839477539062,
        0.9046306014060974,
        911.7440185546875,
        230.0855712890625,
        0.7585901021957397,
        962.9031982421875,
        285.24169921875,
        0.809998631477356,
        941.728271484375,
        284.31036376953125,
        0.8090310096740723,
        966.7662963867188,
        327.6881408691406,
        0.8315577507019043,
        943.5789794921875,
        328.61041259765625,
        0.7927477359771729,
        971.44873046875,
        365.5523986816406,
        0.7068400382995605,
        944.5696411132812,
        364.0159912109375,
        0.7069788575172424,
        915.3283340944199,
        182.77351479992882,
        74.86073631433464,
        187.6722673094518
    ],
    "15": [
        1115.7330322265625,
        112.3625259399414,
        0.9393638372421265,
        1119.8046875,
        109.64811706542969,
        0.9240937829017639,
        1114.3758544921875,
        109.64811706542969,
        0.9465110898017883,
        1125.2335205078125,
        113.71973419189453,
        0.9142412543296814,
        1110.3043212890625,
        111.00532531738281,
        0.91590416431427,
        1126.5906982421875,
        132.72061157226562,
        0.8343875408172607,
        1103.5181884765625,
        128.6490020751953,
        0.8078573942184448,
        1129.30517578125,
        150.36428833007812,
        0.8564857244491577,
        1094.017822265625,
        149.007080078125,
        0.8449673056602478,
        1123.8763427734375,
        166.6507568359375,
        0.8769165277481079,
        1087.2318115234375,
        169.36517333984375,
        0.8979501724243164,
        1114.3758544921875,
        168.00796508789062,
        0.800248920917511,
        1099.4466552734375,
        165.29354858398438,
        0.819421112537384,
        1108.947021484375,
        196.50927734375,
        0.8436736464500427,
        1096.732177734375,
        195.15206909179688,
        0.8482608795166016,
        1107.58984375,
        225.01060485839844,
        0.7057533264160156,
        1094.017822265625,
        226.36781311035156,
        0.8434561491012573,
        1078.5388477241856,
        96.48318578034787,
        56.74488723932268,
        138.97793031419246
    ],
    "8": [
        1288.124755859375,
        274.2892150878906,
        0.9006912112236023,
        1288.124755859375,
        271.8778076171875,
        0.8750241994857788,
        1288.124755859375,
        271.8778076171875,
        0.7529885768890381,
        1292.9476318359375,
        274.2892150878906,
        0.9366323947906494,
        1312.23876953125,
        274.2892150878906,
        0.8977946043014526,
        1285.71337890625,
        305.63739013671875,
        0.8831782341003418,
        1319.4730224609375,
        303.22601318359375,
        0.9043199419975281,
        1280.890625,
        344.21978759765625,
        0.9128919839859009,
        1317.0616455078125,
        339.3970031738281,
        0.8146679401397705,
        1271.2449951171875,
        375.5679931640625,
        0.9590790867805481,
        1314.650146484375,
        370.7452087402344,
        0.4263327419757843,
        1290.5362548828125,
        375.5679931640625,
        0.8091614246368408,
        1312.23876953125,
        375.5679931640625,
        0.7815490365028381,
        1276.0677490234375,
        423.7959899902344,
        0.860522449016571,
        1309.827392578125,
        423.7959899902344,
        0.8871579766273499,
        1276.0677490234375,
        469.6125793457031,
        0.8791650533676147,
        1321.8843994140625,
        474.4353942871094,
        0.9174537658691406,
        1246.0017433542903,
        248.48726467650067,
        101.12583291440274,
        246.92727724039344
    ],
    "1": [
        1318.804931640625,
        150.79104614257812,
        0.8639413714408875,
        1321.726318359375,
        147.86964416503906,
        0.8495222926139832,
        1317.34423828125,
        147.86964416503906,
        0.8961127996444702,
        1330.4906005859375,
        149.33033752441406,
        0.8729620575904846,
        1315.883544921875,
        149.33033752441406,
        0.8712466359138489,
        1334.8726806640625,
        165.3981170654297,
        0.8660774827003479,
        1312.962158203125,
        165.3981170654297,
        0.9244045615196228,
        1333.4119873046875,
        188.7694091796875,
        0.821520984172821,
        1307.1192626953125,
        182.9265899658203,
        0.8708479404449463,
        1317.34423828125,
        193.15151977539062,
        0.6179676055908203,
        1315.883544921875,
        188.7694091796875,
        0.7026975750923157,
        1326.1083984375,
        210.67999267578125,
        0.7732828259468079,
        1311.5013427734375,
        209.21929931640625,
        0.7734761238098145,
        1321.726318359375,
        242.81553649902344,
        0.8369487524032593,
        1308.5799560546875,
        241.35482788085938,
        0.817997932434082,
        1320.265625,
        270.5689392089844,
        0.814535915851593,
        1311.5013427734375,
        267.64752197265625,
        0.6238486766815186,
        1289.7696670211521,
        135.16144245061315,
        59.531181837040776,
        149.5763728751778
    ],