{
    "3": [
        947.1443481445312,
        202.5565948486328,
        0.9368931651115417,
        951.021728515625,
        198.67918395996094,
        0.9463278651237488,
        943.2669067382812,
        198.67918395996094,
        0.9367937445640564,
        956.8378295898438,
        202.5565948486328,
        0.9480330348014832,
        939.3895263671875,
        202.5565948486328,
        0.9108423590660095,
        968.469970703125,
        225.8209686279297,
        0.9311777949333191,
        937.4508056640625,
        223.88226318359375,
        0.9429396390914917,
        980.1021728515625,
        251.0240478515625,
        0.9688714146614075,
        925.8186645507812,
        243.26925659179688,
        0.9170900583267212,
        968.469970703125,
        243.26925659179688,
        0.9022983908653259,
        912.2477416992188,
        233.5757598876953,
        0.887060821056366,
        960.7152099609375,
        280.1045227050781,
        0.8386338353157043,
        941.3282470703125,
        280.1045227050781,
        0.8161844611167908,
        964.5925903320312,
        320.81719970703125,
        0.8735016584396362,
        941.3282470703125,
        322.7558898925781,
        0.8563216924667358,
        968.469970703125,
        361.52984619140625,
        0.877007782459259,
        943.2669067382812,
        359.5911560058594,
        0.7920487523078918,
        910.5237128786423,
        183.75123819150704,
        79.0571446142543,
        198.5226684234644
    ],
    "2": [
        1450.470947265625,
        169.0484619140625,
        0.9507569670677185,
        1453.8369140625,
        167.36549377441406,
        0.9599714279174805,
        1448.7879638671875,
        167.36549377441406,
        0.9593489170074463,
        1462.251708984375,
        170.7314453125,
        0.9304482340812683,
        1448.7879638671875,
        169.0484619140625,
        0.7161996364593506,
        1472.349609375,
        189.24420166015625,
        0.8901001214981079,
        1447.10498046875,
        190.92718505859375,
        0.9340764880180359,
        1475.715576171875,
        216.17185974121094,
        0.8647641539573669,
        1442.0560302734375,
        216.17185974121094,
        0.9143229126930237,
        1475.715576171875,
        244.78250122070312,
        0.9082348942756653,
        1438.6900634765625,
        239.73355102539062,
        0.8866385817527771,
        1472.349609375,
        239.73355102539062,
        0.7671189308166504,
        1452.1539306640625,
        239.73355102539062,
        0.8113546967506409,
        1480.7645263671875,
        275.07611083984375,
        0.8518562912940979,
        1450.470947265625,
        276.75909423828125,
        0.865481972694397,
        1485.8134765625,
        308.73565673828125,
        0.8653944730758667,
        1447.10498046875,
        312.10162353515625,
        0.8673646450042725,
        1423.7196497958207,
        151.04057020938365,
        72.01518064432753,
        172.33704623673725
    ],
    "15": [
        1109.2735595703125,
        115.31969451904297,
        0.935883104801178,
        1113.4404296875,
        113.9307632446289,
        0.9229640960693359,
        1107.8846435546875,
        112.54183959960938,
        0.9332514405250549,
        1117.607177734375,
        116.70862579345703,
        0.9138834476470947,
        1103.7178955078125,
        115.31969451904297,
        0.938568651676178,
        1121.77392578125,
        131.98683166503906,
        0.9049506783485413,
        1096.773193359375,
        130.59791564941406,
        0.877795934677124,
        1130.1075439453125,
        147.26504516601562,
        0.901794970035553,
        1085.661865234375,
        147.26504516601562,
        0.8557154536247253,
        1134.2742919921875,
        161.1543426513672,
        0.8577958345413208,
        1077.3282470703125,
        165.3211212158203,
        0.8950878977775574,
        1113.4404296875,
        169.4879150390625,
        0.8348770141601562,
        1098.1622314453125,
        169.4879150390625,
        0.8148236274719238,
        1113.4404296875,
        198.65541076660156,
        0.8474754691123962,
        1096.773193359375,
        197.2664794921875,
        0.7902783155441284,
        1110.6624755859375,
        222.26719665527344,
        0.7938182353973389,
        1098.1622314453125,
        222.26719665527344,
        0.7603572607040405,
        1075.0992699226542,
        99.06920196011471,
        58.62608148959589,
        142.22635117581615
    ],
    "1": [
        1317.519287109375,
        150.5848846435547,
        0.8712976574897766,
        1320.383056640625,
        147.72108459472656,
        0.8850564360618591,
        1314.655517578125,
        147.72108459472656,
        0.9045169949531555,
        1326.110595703125,
        149.15298461914062,
        0.9312042593955994,
        1313.2236328125,
        150.5848846435547,
        0.9200072884559631,
        1331.8382568359375,
        164.90382385253906,
        0.8690502643585205,
        1310.35986328125,
        164.90382385253906,
        0.907133162021637,
        1333.2701416015625,
        180.65467834472656,
        0.8220494985580444,
        1304.6322021484375,
        183.51846313476562,
        0.8416076302528381,
        1331.8382568359375,
        197.83741760253906,
        0.8260572552680969,
        1311.791748046875,
        184.9503631591797,
        0.7799889445304871,
        1324.6787109375,
        209.29257202148438,
        0.7578679323196411,
        1308.9278564453125,
        207.8606719970703,
        0.7845587730407715,
        1323.246826171875,
        240.7942657470703,
        0.805754542350769,
        1301.7684326171875,
        239.36236572265625,
        0.8087141513824463,
        1321.81494140625,
        268.0002746582031,
        0.6679741740226746,
        1296.0408935546875,
        268.0002746582031,
        0.7819033265113831,
        1289.0497435159032,
        133.83170746989884,
        58.37106911925298,
        146.6260359176863
    ],
    "10": [
        286.8025817871094,
        301.99346923828125,
        0.9327474236488342,
        284.5271301269531,
        295.1671142578125,
        0.8506653308868408,
        282.2516784667969,
        297.44256591796875,
        0.9327975511550903,
        270.8743896484375,
        301.99346923828125,
        0.7500127553939819,
        270.8743896484375,
        301.99346923828125,
        0.9739813208580017,
        259.4971008300781,
        327.02349853515625,
        0.7646695375442505,
        261.7725524902344,
        331.57440185546875,
        0.9162029027938843,
        261.7725524902344,
        367.9817199707031,
        0.6577091813087463,
        254.94619750976562,
        370.2571716308594,
        0.9269826412200928,
        275.42529296875,
        393.0117492675781,
        0.9475270509719849,
        261.7725524902344,
        402.11358642578125,
        0.9150063991546631,
        252.6707305908203,
        397.5626525878906,
        0.6162834167480469,
        250.39527893066406,
        402.11358642578125,
        0.6583296656608582,
        277.70074462890625,
        438.5208740234375,
        0.6943270564079285,
        286.8025817871094,
        436.24542236328125,
        0.891761064529419,
        273.14984130859375,
        484.030029296875,
        0.8669178485870361,
        291.3534851074219,
        490.85638427734375,
        0.8619195222854614,
        221.66497485811368,
        277.64608300185296,
        100.69429417405803,
        233.00674104497824
    ],