{
    "3": [
        940.6802978515625,
        203.3180389404297,
        0.9559184312820435,
        944.598388671875,
        199.3999481201172,
        0.9519503712654114,
        938.7212524414062,
        199.3999481201172,
        0.9410479664802551,
        954.3935546875,
        201.35899353027344,
        0.9512630701065063,
        936.76220703125,
        203.3180389404297,
        0.8702229857444763,
        966.1478271484375,
        224.8675079345703,
        0.9275846481323242,
        934.8031616210938,
        224.8675079345703,
        0.9082678556442261,
        979.8611450195312,
        248.3760223388672,
        0.8708564639091492,
        928.926025390625,
        248.3760223388672,
        0.8831911683082581,
        964.1887817382812,
        248.3760223388672,
        0.9156074523925781,
        915.2127075195312,
        240.5398406982422,
        0.9317826628684998,
        958.3116455078125,
        279.720703125,
        0.8200216889381409,
        940.6802978515625,
        281.67974853515625,
        0.800199031829834,
        962.229736328125,
        322.81964111328125,
        0.8560436964035034,
        940.6802978515625,
        324.7786865234375,
        0.8598195910453796,
        968.1068725585938,
        365.9185791015625,
        0.8707316517829895,
        942.6393432617188,
        362.0005187988281,
        0.9036218523979187,
        910.7077611294425,
        180.39725631314522,
        77.57643685521157,
        200.60591077359712
    ],
    "2": [
        1476.16455078125,
        172.60916137695312,
        0.8900112509727478,
        1481.025390625,
        169.3685760498047,
        0.8861920833587646,
        1476.16455078125,
        170.98886108398438,
        0.9216956496238708,
        1489.126953125,
        172.60916137695312,
        0.9052709341049194,
        1474.544189453125,
        172.60916137695312,
        0.8148616552352905,
        1500.468994140625,
        192.05270385742188,
        0.9009798169136047,
        1469.683349609375,
        190.43240356445312,
        0.9174017310142517,
        1503.7095947265625,
        219.59771728515625,
        0.8921270966529846,
        1468.0631103515625,
        214.73684692382812,
        0.8779322504997253,
        1506.9501953125,
        247.1427459716797,
        0.9467869997024536,
        1466.4427490234375,
        235.80067443847656,
        0.8136389255523682,
        1495.6080322265625,
        237.4209747314453,
        0.8176432251930237,
        1474.544189453125,
        235.80067443847656,
        0.8102234601974487,
        1498.8486328125,
        273.0674743652344,
        0.8418757915496826,
        1464.822509765625,
        271.4471740722656,
        0.8769245147705078,
        1497.2283935546875,
        308.7139587402344,
        0.8478310704231262,
        1461.5819091796875,
        307.0936584472656,
        0.8680396676063538,
        1446.5213101166325,
        153.65170711471364,
        70.62851455966529,
        165.9182437551499
    ],
    "15": [
        1104.5653076171875,
        117.65351104736328,
        0.9370567798614502,
        1107.5406494140625,
        114.67821502685547,
        0.925751805305481,
        1101.5899658203125,
        113.19056701660156,
        0.9158023595809937,
        1113.4912109375,
        116.16586303710938,
        0.9246161580085754,
        1098.61474609375,
        114.67821502685547,
        0.909249484539032,
        1117.9541015625,
        134.01763916015625,
        0.8909950852394104,
        1092.6641845703125,
        131.04234313964844,
        0.9024830460548401,
        1122.4171142578125,
        153.3570556640625,
        0.881572425365448,
        1085.225830078125,
        150.3817596435547,
        0.8638997077941895,
        1119.4417724609375,
        171.20883178710938,
        0.9241635799407959,
        1083.73828125,
        166.7458953857422,
        0.8933016061782837,
        1110.515869140625,
        177.159423828125,
        0.8221533298492432,
        1094.1517333984375,
        175.67178344726562,
        0.8257256150245667,
        1109.0281982421875,
        208.40003967285156,
        0.835821270942688,
        1097.1270751953125,
        208.40003967285156,
        0.8522157073020935,
        1107.5406494140625,
        241.12828063964844,
        0.7660295367240906,
        1104.5653076171875,
        239.64064025878906,
        0.7429115772247314,
        1070.0819025780281,
        97.27274688883499,
        61.5285236100558,
        152.33512998603118
    ],
    "27": [
        1173.7589111328125,
        208.59190368652344,
        0.9356446266174316,
        1178.0308837890625,
        206.4559326171875,
        0.9271301627159119,
        1173.7589111328125,
        206.4559326171875,
        0.9463930130004883,
        1190.8466796875,
        206.4559326171875,
        0.9184598922729492,
        1173.7589111328125,
        206.4559326171875,
        0.7398577928543091,
        1203.662353515625,
        232.08749389648438,
        0.9029712080955505,
        1169.4869384765625,
        229.9515380859375,
        0.9250051975250244,
        1218.6141357421875,
        257.71905517578125,
        0.8984322547912598,
        1169.4869384765625,
        257.71905517578125,
        0.9270375370979309,
        1210.0703125,
        283.3506164550781,
        0.9094715714454651,
        1165.215087890625,
        279.0787048339844,
        0.9039038419723511,
        1199.3905029296875,
        296.1664123535156,
        0.8198938965797424,
        1175.8948974609375,
        296.1664123535156,
        0.8431406617164612,
        1210.0703125,
        338.88568115234375,
        0.8753142356872559,
        1163.0791015625,
        334.6137390136719,
        0.8692354559898376,
        1212.206298828125,
        381.6049499511719,
        0.896348237991333,
        1154.5352783203125,
        375.1970520019531,
        0.5099076628684998,
        1143.3701981324343,
        185.73710014960142,
        84.2729862278029,
        218.72265869296604
    ],
    "8": [
        1310.74853515625,
        295.2348327636719,
        0.9518039226531982,
        1313.38427734375,
        289.96356201171875,
        0.9617660641670227,
        1310.74853515625,
        289.96356201171875,
        0.9018423557281494,
        1323.9267578125,
        292.5992126464844,
        0.9383387565612793,
        1334.4693603515625,
        295.2348327636719,
        0.7980878353118896,
        1313.38427734375,
        324.2269287109375,
        0.87035071849823,
        1347.6475830078125,
        324.2269287109375,
        0.9052308201789856,
        1308.1129150390625,
        366.397216796875,
        0.9238359928131104,
        1350.283203125,
        363.7615661621094,
        0.8583465814590454,
        1292.299072265625,
        395.3892822265625,
        0.919005811214447,
        1342.3763427734375,
        387.48236083984375,
        0.5955116748809814,
        1321.2911376953125,
        403.29620361328125,
        0.7903807163238525,
        1342.3763427734375,
        400.6605529785156,
        0.7907689213752747,
        1321.2911376953125,
        456.0090637207031,
        0.8947120904922485,
        1331.833740234375,
        450.73779296875,
        0.8669448494911194,
        1326.5625,
        511.3575744628906,
        0.8914894461631775,
        1334.4693603515625,
        506.0862731933594,
        0.7783073782920837,
        1271.773373478303,
        264.39784331020866,
        106.94260488697796,
        269.88979765749576
    ],