{
    "27": [
        1177.6622314453125,
        210.07431030273438,
        0.9584863781929016,
        1183.7327880859375,
        208.05076599121094,
        0.9740790724754333,
        1177.6622314453125,
        206.02723693847656,
        0.9593065977096558,
        1193.8505859375,
        210.07431030273438,
        0.97346031665802,
        1175.638671875,
        208.05076599121094,
        0.7930026054382324,
        1203.96826171875,
        236.3803253173828,
        0.8986493945121765,
        1171.591552734375,
        230.30970764160156,
        0.9248128533363342,
        1220.156494140625,
        262.68634033203125,
        0.9039086103439331,
        1167.5445556640625,
        256.61572265625,
        0.9652453660964966,
        1210.038818359375,
        288.9923400878906,
        0.9036129117012024,
        1155.4033203125,
        274.82757568359375,
        0.9114851951599121,
        1195.8740234375,
        295.0629577636719,
        0.8315537571907043,
        1169.568115234375,
        291.015869140625,
        0.8501548767089844,
        1203.96826171875,
        337.5572814941406,
        0.8791582584381104,
        1153.3797607421875,
        329.463134765625,
        0.9011814594268799,
        1212.0623779296875,
        380.0516052246094,
        0.8819336891174316,
        1139.2149658203125,
        369.93389892578125,
        0.901210606098175,
        1140.832037096723,
        188.42245837951606,
        83.77797837194589,
        207.2104044016732
    ],
    "2": [
        1478.4788818359375,
        169.9071044921875,
        0.9187938570976257,
        1481.771240234375,
        166.61471557617188,
        0.9359847903251648,
        1476.8326416015625,
        166.61471557617188,
        0.9507642388343811,
        1490.002197265625,
        168.2609100341797,
        0.9409400820732117,
        1475.1865234375,
        169.9071044921875,
        0.8267521858215332,
        1499.87939453125,
        188.0152130126953,
        0.9189132452011108,
        1471.89404296875,
        188.0152130126953,
        0.9311404228210449,
        1506.464111328125,
        214.35427856445312,
        0.9053930044174194,
        1468.6016845703125,
        212.70809936523438,
        0.9143023490905762,
        1519.6336669921875,
        240.693359375,
        0.9219582080841064,
        1463.6630859375,
        234.10858154296875,
        0.8657037615776062,
        1496.5869140625,
        235.75477600097656,
        0.8223902583122253,
        1475.1865234375,
        235.75477600097656,
        0.8406835198402405,
        1498.233154296875,
        271.97100830078125,
        0.8297672271728516,
        1470.2479248046875,
        270.3247985839844,
        0.830254852771759,
        1498.233154296875,
        308.1872253417969,
        0.8266655206680298,
        1471.89404296875,
        304.89483642578125,
        0.8685365915298462,
        1450.3789354186508,
        149.00052089608295,
        71.01546494075592,
        168.56993115205591
    ],
    "15": [
        1092.7548828125,
        117.93083953857422,
        0.9356499910354614,
        1095.802734375,
        114.88304138183594,
        0.9304817318916321,
        1091.23095703125,
        114.88304138183594,
        0.9308552742004395,
        1101.8983154296875,
        116.40693664550781,
        0.9258824586868286,
        1088.1832275390625,
        116.40693664550781,
        0.8546660542488098,
        1111.041748046875,
        136.2176513671875,
        0.8690075278282166,
        1083.6114501953125,
        134.69375610351562,
        0.8952687978744507,
        1118.6612548828125,
        156.0283660888672,
        0.8584216833114624,
        1075.991943359375,
        154.5044708251953,
        0.9121900200843811,
        1123.23291015625,
        175.83908081054688,
        0.898095428943634,
        1072.9442138671875,
        174.31517028808594,
        0.9071397185325623,
        1101.8983154296875,
        180.41078186035156,
        0.807884693145752,
        1083.6114501953125,
        178.8868865966797,
        0.8189478516578674,
        1104.946044921875,
        212.41270446777344,
        0.8465563654899597,
        1080.563720703125,
        213.9365997314453,
        0.8973952531814575,
        1107.993896484375,
        242.89071655273438,
        0.8428162336349487,
        1079.039794921875,
        245.9385223388672,
        0.828418493270874,
        1061.7399428586814,
        98.57729126973841,
        63.553755392419816,
        156.04747024972897
    ],
    "3": [
        940.120849609375,
        200.97320556640625,
        0.9223613142967224,
        944.0065307617188,
        197.08749389648438,
        0.9349498748779297,
        938.177978515625,
        197.08749389648438,
        0.960026741027832,
        953.7207641601562,
        200.97320556640625,
        0.9503738880157471,
        936.235107421875,
        200.97320556640625,
        0.8516241312026978,
        963.43505859375,
        222.3445587158203,
        0.9244847893714905,
        932.3494262695312,
        224.28741455078125,
        0.8571855425834656,
        980.920654296875,
        245.65878295898438,
        0.9255093932151794,
        926.5208740234375,
        257.3158874511719,
        0.7946523427963257,
        961.4921875,
        241.7730712890625,
        0.9027788043022156,
        918.7494506835938,
        243.71592712402344,
        0.8156558871269226,
        959.54931640625,
        280.6300964355469,
        0.7824835777282715,
        940.120849609375,
        278.687255859375,
        0.7952839732170105,
        963.43505859375,
        321.42999267578125,
        0.8870713710784912,
        940.120849609375,
        321.42999267578125,
        0.885776937007904,
        967.3207397460938,
        362.2298583984375,
        0.8874114751815796,
        942.0636596679688,
        360.2870178222656,
        0.8806095123291016,
        910.2045301357609,
        182.12751528159833,
        77.31820861043627,
        198.94802562448797
    ],
    "8": [
        1314.84228515625,
        326.52716064453125,
        0.8780454397201538,
        1317.5712890625,
        323.79815673828125,
        0.9252966642379761,
        1314.84228515625,
        323.79815673828125,
        0.8158143758773804,
        1325.7584228515625,
        329.2561950683594,
        0.9128079414367676,
        1342.132568359375,
        331.9851989746094,
        0.7397285103797913,
        1309.38427734375,
        362.0044250488281,
        0.9054061770439148,
        1353.048583984375,
        362.0044250488281,
        0.8903602361679077,
        1295.7391357421875,
        400.210693359375,
        0.9497072696685791,
        1366.6937255859375,
        400.210693359375,
        0.9324247241020203,
        1284.8231201171875,
        430.2298889160156,
        0.9078181385993958,
        1353.048583984375,
        416.5848083496094,
        0.8795225024223328,
        1320.3004150390625,
        441.1459655761719,
        0.839531660079956,
        1347.590576171875,
        441.1459655761719,
        0.8730537295341492,
        1314.84228515625,
        501.18438720703125,
        0.9555508494377136,
        1353.048583984375,
        484.8102722167969,
        0.7670400142669678,
        1331.2164306640625,
        561.2228393554688,
        0.8967617750167847,
        1347.590576171875,
        517.5585327148438,
        0.8297714591026306,
        1274.530967725234,
        300.0556470428621,
        110.64198417743569,
        279.45161216547217
    ],