{
    "2": [
        1473.7513427734375,
        172.51153564453125,
        0.9126872420310974,
        1476.9979248046875,
        169.2650146484375,
        0.9176329374313354,
        1470.5048828125,
        169.2650146484375,
        0.9365540146827698,
        1483.490966796875,
        172.51153564453125,
        0.9536417722702026,
        1468.881591796875,
        172.51153564453125,
        0.8770217895507812,
        1493.23046875,
        191.99069213867188,
        0.9075978994369507,
        1465.635009765625,
        190.367431640625,
        0.9198805689811707,
        1494.853759765625,
        219.58616638183594,
        0.9025998711585999,
        1462.3885498046875,
        214.7163848876953,
        0.87496417760849,
        1493.23046875,
        245.55838012695312,
        0.8960800170898438,
        1457.5186767578125,
        237.4420623779297,
        0.9058532118797302,
        1489.9840087890625,
        235.8188018798828,
        0.7690490484237671,
        1470.5048828125,
        235.8188018798828,
        0.822685718536377,
        1494.853759765625,
        269.9073181152344,
        0.8433675765991211,
        1455.8955078125,
        266.6607971191406,
        0.8657909631729126,
        1496.47705078125,
        307.24237060546875,
        0.8540022969245911,
        1446.1558837890625,
        300.74932861328125,
        0.8956406116485596,
        1439.5473255050917,
        153.51940188412567,
        70.03144186296709,
        166.22205773232213
    ],
    "3": [
        937.629150390625,
        201.83694458007812,
        0.9083714485168457,
        941.4453735351562,
        198.020751953125,
        0.8929407000541687,
        935.7210693359375,
        198.020751953125,
        0.9408435225486755,
        950.98583984375,
        201.83694458007812,
        0.9292730093002319,
        933.81298828125,
        201.83694458007812,
        0.831337034702301,
        962.4344482421875,
        222.8260498046875,
        0.9187315702438354,
        931.9048461914062,
        226.64224243164062,
        0.8774999976158142,
        977.6992797851562,
        247.63134765625,
        0.9116159677505493,
        926.1805419921875,
        249.53944396972656,
        0.8919240236282349,
        962.4344482421875,
        245.72325134277344,
        0.9030089378356934,
        916.6400756835938,
        249.53944396972656,
        0.8657929301261902,
        962.4344482421875,
        278.16094970703125,
        0.7966338396072388,
        943.3534545898438,
        278.16094970703125,
        0.8054195642471313,
        966.2506713867188,
        320.13916015625,
        0.879462718963623,
        941.4453735351562,
        320.13916015625,
        0.8813777565956116,
        971.9749755859375,
        362.11737060546875,
        0.8598188161849976,
        941.4453735351562,
        360.2092590332031,
        0.9118927121162415,
        910.3648899414247,
        183.32842798077115,
        75.51764581405018,
        195.38937501466557
    ],
    "15": [
        1081.917236328125,
        119.47415161132812,
        0.9250038862228394,
        1084.9150390625,
        117.97522735595703,
        0.9168482422828674,
        1080.418212890625,
        117.97522735595703,
        0.9265246391296387,
        1090.9107666015625,
        119.47415161132812,
        0.9323590397834778,
        1075.9215087890625,
        119.47415161132812,
        0.8791955709457397,
        1098.4053955078125,
        137.46128845214844,
        0.8900918364524841,
        1069.92578125,
        137.46128845214844,
        0.8920511603355408,
        1102.9022216796875,
        158.44627380371094,
        0.8879671692848206,
        1062.43115234375,
        158.44627380371094,
        0.8835585713386536,
        1104.401123046875,
        179.43125915527344,
        0.9099506139755249,
        1057.934326171875,
        177.9323272705078,
        0.8619557023048401,
        1090.9107666015625,
        180.93017578125,
        0.7806931734085083,
        1071.4246826171875,
        180.93017578125,
        0.79234778881073,
        1089.411865234375,
        213.90658569335938,
        0.8568518161773682,
        1072.923583984375,
        215.405517578125,
        0.8007128238677979,
        1093.9085693359375,
        245.38406372070312,
        0.7934675812721252,
        1078.9193115234375,
        248.3819122314453,
        0.8226544857025146,
        1049.0014729709023,
        100.43775262300912,
        64.33257939062719,
        153.49022773101728
    ],
    "8": [
        1306.3572998046875,
        342.36114501953125,
        0.9004920125007629,
        1309.3035888671875,
        339.414794921875,
        0.8889515995979309,
        1309.3035888671875,
        339.414794921875,
        0.7355940937995911,
        1312.2498779296875,
        342.36114501953125,
        0.9265053272247314,
        1338.766845703125,
        342.36114501953125,
        0.8902939558029175,
        1297.518310546875,
        374.7706298828125,
        0.9002775549888611,
        1347.605712890625,
        377.71697998046875,
        0.9084739685058594,
        1282.7867431640625,
        418.9654541015625,
        0.9356418251991272,
        1350.5521240234375,
        418.9654541015625,
        0.9348261952400208,
        1271.00146484375,
        457.267578125,
        0.9206975698471069,
        1329.9278564453125,
        427.80438232421875,
        0.6289539337158203,
        1306.3572998046875,
        460.21392822265625,
        0.8230244517326355,
        1338.766845703125,
        457.267578125,
        0.844498336315155,
        1315.1962890625,
        525.032958984375,
        0.9072975516319275,
        1335.8204345703125,
        525.032958984375,
        0.873005211353302,
        1318.142578125,
        586.9056396484375,
        0.8378275036811829,
        1332.8741455078125,
        583.9593505859375,
        0.8583471775054932,
        1258.7607572210036,
        310.8354941537598,
        121.70982747388848,
        301.70317893252195
    ],
    "13": [
        768.3302001953125,
        311.0716247558594,
        0.907368540763855,
        763.658935546875,
        308.7359924316406,
        0.8021300435066223,
        765.9945068359375,
        308.7359924316406,
        0.9173911809921265,
        742.63818359375,
        313.4072570800781,
        0.9277803301811218,
        761.3232421875,
        311.0716247558594,
        0.9160636067390442,
        726.288818359375,
        341.4348449707031,
        0.9267426133155823,
        773.00146484375,
        341.4348449707031,
        0.8729780912399292,
        721.6175537109375,
        381.1405944824219,
        0.9541056156158447,
        784.6795654296875,
        381.1405944824219,
        0.9024814963340759,
        733.295654296875,
        383.4762268066406,
        0.5417652130126953,
        791.6865234375,
        413.8394470214844,
        0.916684091091156,
        740.3026123046875,
        409.1681823730469,
        0.8036659359931946,
        770.665771484375,
        409.1681823730469,
        0.8446421027183533,
        754.31640625,
        458.2164611816406,
        0.843040943145752,
        751.980712890625,
        451.2095642089844,
        0.8332428336143494,
        777.6727294921875,
        509.6003723144531,
        0.893903911113739,
        742.63818359375,
        490.9153137207031,
        0.8481097221374512,
        705.7158063101134,
        288.4159548418874,
        99.53677040586274,
        239.16879418392529
    ],