{
    "7": [
        826.8204956054688,
        194.0235137939453,
        0.9451482892036438,
        830.4164428710938,
        190.42758178710938,
        0.9716588854789734,
        823.2245483398438,
        190.42758178710938,
        0.908311128616333,
        837.6083374023438,
        194.0235137939453,
        0.9708377718925476,
        819.6286010742188,
        194.0235137939453,
        0.9050859212875366,
        846.5982055664062,
        213.80120849609375,
        0.8814591765403748,
        817.8306274414062,
        208.4073028564453,
        0.864436149597168,
        864.5779418945312,
        237.1748504638672,
        0.8938097357749939,
        798.0529174804688,
        199.4174346923828,
        0.8577349185943604,
        844.8002319335938,
        256.9525451660156,
        0.8769320845603943,
        778.2752685546875,
        186.83163452148438,
        0.90203857421875,
        844.8002319335938,
        265.9424133300781,
        0.8260166049003601,
        828.6184692382812,
        264.1444396972656,
        0.8103429675102234,
        834.0123901367188,
        305.497802734375,
        0.9265091419219971,
        817.8306274414062,
        301.90185546875,
        0.8772968649864197,
        843.0022583007812,
        346.8511657714844,
        0.8590415716171265,
        823.2245483398438,
        334.2653503417969,
        0.8625403046607971,
        793.5794102817057,
        174.78522140202523,
        71.87613601847579,
        184.11236471396802
    ],
    "27": [
        1124.4423828125,
        205.80616760253906,
        0.9470893144607544,
        1128.5733642578125,
        201.6752471923828,
        0.9130446314811707,
        1122.376953125,
        201.6752471923828,
        0.910305917263031,
        1138.900634765625,
        205.80616760253906,
        0.9634889960289001,
        1120.3115234375,
        205.80616760253906,
        0.7713176608085632,
        1147.1624755859375,
        230.59169006347656,
        0.8744434118270874,
        1116.1805419921875,
        224.3953094482422,
        0.9236574769020081,
        1163.6861572265625,
        259.50811767578125,
        0.9184805154800415,
        1089.32958984375,
        216.1334686279297,
        0.9190579652786255,
        1153.35888671875,
        282.22821044921875,
        0.9474000334739685,
        1066.6094970703125,
        193.4134063720703,
        0.8796724677085876,
        1143.031494140625,
        292.55548095703125,
        0.831191897392273,
        1120.3115234375,
        290.49005126953125,
        0.8220822215080261,
        1151.2933349609375,
        335.93017578125,
        0.8749171495437622,
        1107.918701171875,
        331.79925537109375,
        0.889075517654419,
        1163.6861572265625,
        375.17388916015625,
        0.8400275111198425,
        1101.7222900390625,
        371.04296875,
        0.8780657052993774,
        1088.2268605844965,
        177.5093876540478,
        86.88930354251625,
        211.5030905909513
    ],
    "2": [
        1448.768310546875,
        179.43157958984375,
        0.9146351218223572,
        1453.3309326171875,
        176.3897705078125,
        0.90794837474823,
        1447.2474365234375,
        176.3897705078125,
        0.9350671768188477,
        1460.935546875,
        179.43157958984375,
        0.9133672714233398,
        1445.7264404296875,
        179.43157958984375,
        0.7563645243644714,
        1471.581787109375,
        197.68240356445312,
        0.8852768540382385,
        1444.20556640625,
        197.68240356445312,
        0.9517959952354431,
        1473.1026611328125,
        223.53773498535156,
        0.8912315368652344,
        1439.642822265625,
        222.01683044433594,
        0.8920974135398865,
        1476.14453125,
        247.87216186523438,
        0.8012726306915283,
        1432.038330078125,
        246.35125732421875,
        0.8903784155845642,
        1470.0609130859375,
        237.22584533691406,
        0.7862088084220886,
        1450.2891845703125,
        237.22584533691406,
        0.8279131650924683,
        1474.6236572265625,
        267.6438903808594,
        0.8537145256996155,
        1441.163818359375,
        269.164794921875,
        0.868691086769104,
        1486.7908935546875,
        304.1455383300781,
        0.8661553859710693,
        1438.1219482421875,
        304.1455383300781,
        0.8550314903259277,
        1426.8353037426123,
        161.63702930941332,
        66.67957971120359,
        155.74034359659964
    ],
    "15": [
        1077.656982421875,
        128.0042266845703,
        0.9016990065574646,
        1080.8594970703125,
        124.80171203613281,
        0.8950360417366028,
        1076.0557861328125,
        123.20045471191406,
        0.8958694934844971,
        1085.663330078125,
        124.80171203613281,
        0.8949741721153259,
        1071.251953125,
        124.80171203613281,
        0.9051549434661865,
        1092.068359375,
        144.01683044433594,
        0.891632616519928,
        1063.2457275390625,
        142.4155731201172,
        0.8912477493286133,
        1096.8721923828125,
        166.43447875976562,
        0.8704730868339539,
        1055.2393798828125,
        161.6306915283203,
        0.8778858184814453,
        1092.068359375,
        185.64959716796875,
        0.9230398535728455,
        1053.6380615234375,
        177.64329528808594,
        0.7979127168655396,
        1082.4608154296875,
        188.85211181640625,
        0.8367799520492554,
        1064.846923828125,
        187.2508544921875,
        0.8585977554321289,
        1080.8594970703125,
        222.47857666015625,
        0.8490612506866455,
        1069.6507568359375,
        222.47857666015625,
        0.8469655513763428,
        1076.0557861328125,
        257.706298828125,
        0.8149452805519104,
        1072.853271484375,
        254.50376892089844,
        0.7344379425048828,
        1041.8601377114803,
        106.06697002832252,
        66.78988888134131,
        163.96899999277608
    ],
    "10": [
        108.62674713134766,
        263.3318786621094,
        0.9413355588912964,
        108.62674713134766,
        258.7090148925781,
        0.908194363117218,
        104.0038833618164,
        261.02044677734375,
        0.9860080480575562,
        92.44673156738281,
        265.643310546875,
        0.5844738483428955,
        92.44673156738281,
        265.643310546875,
        0.9629550576210022,
        94.75816345214844,
        286.4461669921875,
        0.7724215984344482,
        85.51243591308594,
        291.06903076171875,
        0.8863428831100464,
        101.69245147705078,
        318.80621337890625,
        0.9406386017799377,
        64.70955657958984,
        318.80621337890625,
        0.9408261179924011,
        127.11819458007812,
        337.29766845703125,
        0.9223225712776184,
        57.775264739990234,
        351.166259765625,
        0.925741970539093,
        73.95528411865234,
        355.7890930175781,
        0.6661991477012634,
        83.20100402832031,
        358.10052490234375,
        0.7197098135948181,
        64.70955657958984,
        399.706298828125,
        0.829105794429779,
        101.69245147705078,
        395.08343505859375,
        0.9048725962638855,
        53.15240478515625,
        445.9349060058594,
        0.8515214323997498,
        73.95528411865234,
        434.37774658203125,
        0.8855237364768982,
        36.93269440377555,
        236.28815338372704,
        99.47090789191236,
        236.6905023484901
    ],