{
    "3": [
        944.2132568359375,
        203.64852905273438,
        0.9476184248924255,
        947.9991455078125,
        201.7555694580078,
        0.9656574726104736,
        940.4273681640625,
        199.86260986328125,
        0.9459106922149658,
        955.5709838867188,
        205.54147338867188,
        0.9446538090705872,
        936.6414184570312,
        203.64852905273438,
        0.9088062644004822,
        963.142822265625,
        228.25694274902344,
        0.87723308801651,
        930.9625854492188,
        228.25694274902344,
        0.8628266453742981,
        976.3934936523438,
        254.75833129882812,
        0.9211192727088928,
        919.6047973632812,
        252.86537170410156,
        0.9095814228057861,
        965.0357666015625,
        247.18650817871094,
        0.9052028059959412,
        898.7822875976562,
        239.61468505859375,
        0.7391093969345093,
        957.4639282226562,
        285.0456237792969,
        0.8615609407424927,
        938.5343627929688,
        283.1526794433594,
        0.8367652297019958,
        965.0357666015625,
        321.01177978515625,
        0.896062970161438,
        929.069580078125,
        321.01177978515625,
        0.8949490189552307,
        983.96533203125,
        360.76385498046875,
        0.8918452858924866,
        929.069580078125,
        355.0849914550781,
        0.9015073180198669,
        906.1817153378304,
        183.39387661601205,
        77.9560657837983,
        193.83868263351832
    ],
    "27": [
        1119.59521484375,
        208.4886016845703,
        0.929404616355896,
        1123.6461181640625,
        204.43763732910156,
        0.9324953556060791,
        1117.5697021484375,
        204.43763732910156,
        0.9566479325294495,
        1133.7735595703125,
        206.46311950683594,
        0.9610140919685364,
        1115.544189453125,
        204.43763732910156,
        0.7709667682647705,
        1143.9010009765625,
        230.76890563964844,
        0.8970439434051514,
        1113.5186767578125,
        230.76890563964844,
        0.9145532846450806,
        1160.1048583984375,
        257.10015869140625,
        0.9063399434089661,
        1111.4932861328125,
        253.04920959472656,
        0.8921677470207214,
        1145.9263916015625,
        281.40594482421875,
        0.8810160160064697,
        1107.4422607421875,
        273.30401611328125,
        0.8714948296546936,
        1143.9010009765625,
        291.53338623046875,
        0.8267138600349426,
        1119.59521484375,
        291.53338623046875,
        0.8562287092208862,
        1154.0283203125,
        334.0684814453125,
        0.8947199583053589,
        1107.4422607421875,
        330.01751708984375,
        0.8979926109313965,
        1160.1048583984375,
        376.6036376953125,
        0.8579860329627991,
        1101.3658447265625,
        372.55267333984375,
        0.8573297262191772,
        1086.1651012198347,
        184.79052245804803,
        85.08938658223428,
        207.409262410618
    ],
    "7": [
        802.2706909179688,
        192.52806091308594,
        0.9367541670799255,
        805.9099731445312,
        188.8887939453125,
        0.9359558820724487,
        798.6314697265625,
        188.8887939453125,
        0.9460565447807312,
        813.1884765625,
        190.70843505859375,
        0.9316959977149963,
        794.9921875,
        192.52806091308594,
        0.9204440116882324,
        825.9259033203125,
        208.90475463867188,
        0.8646856546401978,
        794.9921875,
        212.5440216064453,
        0.89937824010849,
        838.663330078125,
        236.19923400878906,
        0.884491503238678,
        796.8118286132812,
        234.37960815429688,
        0.8438428640365601,
        815.0081176757812,
        243.47776794433594,
        0.8949287533760071,
        791.3529052734375,
        248.93666076660156,
        0.8749422430992126,
        825.9259033203125,
        259.8544616699219,
        0.8021761775016785,
        807.7296142578125,
        261.674072265625,
        0.7781977653503418,
        827.7455444335938,
        305.3452453613281,
        0.902978777885437,
        798.6314697265625,
        303.525634765625,
        0.877097487449646,
        840.4829711914062,
        343.5575256347656,
        0.897095799446106,
        800.4510498046875,
        339.91827392578125,
        0.8832025527954102,
        775.8174157547235,
        171.2383795800763,
        72.92255310983364,
        186.3303061626799
    ],
    "2": [
        1442.6478271484375,
        181.6439666748047,
        0.9158474802970886,
        1445.719482421875,
        178.57229614257812,
        0.9337239861488342,
        1441.112060546875,
        178.57229614257812,
        0.9342712759971619,
        1453.398681640625,
        180.10813903808594,
        0.9020270109176636,
        1439.576171875,
        180.10813903808594,
        0.7491495013237,
        1465.685302734375,
        198.5381317138672,
        0.894753098487854,
        1438.040283203125,
        198.5381317138672,
        0.9237499237060547,
        1470.2928466796875,
        224.64727783203125,
        0.8965314626693726,
        1434.9686279296875,
        221.57562255859375,
        0.9219603538513184,
        1462.6136474609375,
        247.68478393554688,
        0.8810286521911621,
        1424.2178955078125,
        243.0772705078125,
        0.8930985331535339,
        1464.1495361328125,
        241.54144287109375,
        0.7711429595947266,
        1445.719482421875,
        241.54144287109375,
        0.8012210130691528,
        1465.685302734375,
        270.7222595214844,
        0.84581458568573,
        1434.9686279296875,
        270.7222595214844,
        0.8865970373153687,
        1471.82861328125,
        309.1180725097656,
        0.865114152431488,
        1436.5045166015625,
        306.0464172363281,
        0.856165885925293,
        1415.6821233742016,
        162.13886811412934,
        67.7539005339188,
        157.26932615878113
    ],
    "15": [
        1054.635986328125,
        134.59535217285156,
        0.898116946220398,
        1058.991943359375,
        131.69134521484375,
        0.906995415687561,
        1053.1839599609375,
        131.69134521484375,
        0.8941092491149902,
        1063.3480224609375,
        133.1433563232422,
        0.888454020023346,
        1048.8280029296875,
        133.1433563232422,
        0.8899856805801392,
        1072.0599365234375,
        150.56735229492188,
        0.9071623086929321,
        1041.5679931640625,
        150.56735229492188,
        0.905523419380188,
        1079.3199462890625,
        172.3473663330078,
        0.8437760472297668,
        1038.6639404296875,
        173.7993621826172,
        0.8671940565109253,
        1080.77197265625,
        191.22335815429688,
        0.831244945526123,
        1035.760009765625,
        194.1273651123047,
        0.8228825926780701,
        1066.251953125,
        195.57936096191406,
        0.8168532848358154,
        1047.3759765625,
        194.1273651123047,
        0.7959630489349365,
        1067.7039794921875,
        227.52337646484375,
        0.8316088318824768,
        1044.471923828125,
        228.97537231445312,
        0.8741220831871033,
        1070.6080322265625,
        258.015380859375,
        0.839309811592102,
        1047.3759765625,
        263.8233642578125,
        0.8682113885879517,
        1025.9067475773138,
        124.86696471088732,
        61.814522613656436,
        148.68479321746662
    ],