{
    "2": [
        1445.0546875,
        177.59765625,
        0.9580379724502563,
        1448.1678466796875,
        174.48455810546875,
        0.9573935270309448,
        1443.4981689453125,
        174.48455810546875,
        0.9483961462974548,
        1455.9505615234375,
        176.04110717773438,
        0.9179808497428894,
        1441.941650390625,
        176.04110717773438,
        0.8120589852333069,
        1468.4029541015625,
        194.71966552734375,
        0.8605088591575623,
        1440.3851318359375,
        194.71966552734375,
        0.9372046589851379,
        1488.6380615234375,
        211.8416748046875,
        0.8966891765594482,
        1435.7154541015625,
        214.95477294921875,
        0.9217909574508667,
        1476.1856689453125,
        233.63333129882812,
        0.8926934003829956,
        1429.4892578125,
        233.63333129882812,
        0.9242455363273621,
        1465.289794921875,
        239.85951232910156,
        0.7972823977470398,
        1446.611328125,
        238.30296325683594,
        0.8482305407524109,
        1466.846435546875,
        272.5469970703125,
        0.8716835975646973,
        1437.27197265625,
        269.43389892578125,
        0.9179481863975525,
        1471.5159912109375,
        308.3475646972656,
        0.8453357815742493,
        1435.7154541015625,
        305.2344665527344,
        0.8893479704856873,
        1417.5173807463332,
        159.38606259051937,
        69.08368422724266,
        159.3903636758654
    ],
    "27": [
        1121.0023193359375,
        212.1021728515625,
        0.9428688287734985,
        1125.0267333984375,
        208.07777404785156,
        0.9452107548713684,
        1118.9901123046875,
        208.07777404785156,
        0.9588940739631653,
        1135.0877685546875,
        212.1021728515625,
        0.9889097213745117,
        1121.0023193359375,
        210.08998107910156,
        0.7160311341285706,
        1147.1610107421875,
        234.2364044189453,
        0.8351816534996033,
        1121.0023193359375,
        234.2364044189453,
        0.8793275952339172,
        1165.270751953125,
        258.3828125,
        0.9232340455055237,
        1121.0023193359375,
        262.4072265625,
        0.8665971159934998,
        1147.1610107421875,
        278.5048522949219,
        0.9255049228668213,
        1114.9656982421875,
        282.52923583984375,
        0.9202532172203064,
        1149.1732177734375,
        290.57806396484375,
        0.8328796029090881,
        1129.0511474609375,
        290.57806396484375,
        0.853183388710022,
        1147.1610107421875,
        330.82208251953125,
        0.8947218656539917,
        1108.9290771484375,
        330.82208251953125,
        0.8638388514518738,
        1159.234130859375,
        373.0783386230469,
        0.8342374563217163,
        1102.892578125,
        369.0539245605469,
        0.8840633034706116,
        1089.8380407187572,
        184.53502554037212,
        84.46280411452062,
        206.04946661937456
    ],
    "7": [
        798.938232421875,
        193.11660766601562,
        0.9209588766098022,
        802.52734375,
        189.52748107910156,
        0.9065753817558289,
        795.34912109375,
        189.52748107910156,
        0.921995997428894,
        809.70556640625,
        193.11660766601562,
        0.8978397846221924,
        791.7599487304688,
        193.11660766601562,
        0.926774263381958,
        818.6783447265625,
        212.8567657470703,
        0.8696789145469666,
        793.5545043945312,
        214.6513214111328,
        0.8566687107086182,
        834.8294067382812,
        237.9805908203125,
        0.8927189111709595,
        793.5545043945312,
        234.3914794921875,
        0.8491028547286987,
        809.70556640625,
        243.36427307128906,
        0.8651065230369568,
        786.3762817382812,
        246.95338439941406,
        0.8868843913078308,
        824.0620727539062,
        263.10443115234375,
        0.7921760082244873,
        806.116455078125,
        263.10443115234375,
        0.799980878829956,
        825.8566284179688,
        306.1738586425781,
        0.8958965539932251,
        791.7599487304688,
        300.7901611328125,
        0.9094021320343018,
        840.2130737304688,
        343.8595886230469,
        0.897758960723877,
        791.7599487304688,
        338.4759216308594,
        0.8910747766494751,
        772.2671446356882,
        173.91483356516784,
        73.08222995721474,
        183.76284801919638
    ],
    "3": [
        952.4887084960938,
        205.697265625,
        0.9073278307914734,
        957.9099731445312,
        202.08306884765625,
        0.9365386366844177,
        950.6815795898438,
        202.08306884765625,
        0.9373214840888977,
        963.331298828125,
        205.697265625,
        0.9240378141403198,
        947.0673828125,
        205.697265625,
        0.9161990880966187,
        972.3667602539062,
        229.1895294189453,
        0.8792015910148621,
        941.6461181640625,
        229.1895294189453,
        0.8826881051063538,
        985.0164184570312,
        256.29595947265625,
        0.9193123579025269,
        930.8035278320312,
        252.68177795410156,
        0.8918970823287964,
        975.98095703125,
        247.26048278808594,
        0.9066500067710876,
        921.76806640625,
        250.8746795654297,
        0.7036006450653076,
        966.9454345703125,
        285.2095031738281,
        0.8399168848991394,
        945.2603149414062,
        285.2095031738281,
        0.8240919709205627,
        974.173828125,
        323.1585388183594,
        0.8723477125167847,
        934.417724609375,
        321.3514404296875,
        0.8730635046958923,
        992.2448120117188,
        362.9146728515625,
        0.8708626627922058,
        930.8035278320312,
        353.8791809082031,
        0.8609539866447449,
        917.4402802714421,
        188.16845193430572,
        75.518020978952,
        185.0466254957363
    ],
    "15": [
        1050.432861328125,
        136.0595703125,
        0.9120775461196899,
        1053.3580322265625,
        133.1343994140625,
        0.939215362071991,
        1048.9703369140625,
        133.1343994140625,
        0.9131745100021362,
        1060.6710205078125,
        134.59698486328125,
        0.9071109294891357,
        1046.045166015625,
        134.59698486328125,
        0.8938947916030884,
        1067.98388671875,
        152.14801025390625,
        0.901276171207428,
        1040.19482421875,
        150.6854248046875,
        0.8811244368553162,
        1075.296875,
        175.54937744140625,
        0.8503545522689819,
        1037.2696533203125,
        168.2364501953125,
        0.8808075189590454,
        1072.3717041015625,
        197.4881591796875,
        0.8398930430412292,
        1032.8818359375,
        181.39971923828125,
        0.8732232451438904,
        1062.133544921875,
        196.02557373046875,
        0.7938267588615417,
        1044.58251953125,
        196.02557373046875,
        0.801670253276825,
        1063.59619140625,
        231.12762451171875,
        0.8297016024589539,
        1043.1199951171875,
        229.6650390625,
        0.8646211624145508,
        1065.0587158203125,
        264.76708984375,
        0.8444741368293762,
        1046.045166015625,
        264.76708984375,
        0.8409402370452881,
        1022.7851349126486,
        126.26021214697039,
        62.60855762053461,
        149.7688000359521
    ],