{
    "15": [
        1017.6664428710938,
        144.5026397705078,
        0.9377920031547546,
        1021.8804931640625,
        143.09796142578125,
        0.9531732797622681,
        1017.6664428710938,
        141.69326782226562,
        0.9400123357772827,
        1030.30859375,
        144.5026397705078,
        0.9615269303321838,
        1016.26171875,
        143.09796142578125,
        0.7316930294036865,
        1040.141357421875,
        161.35887145996094,
        0.8680157661437988,
        1013.4523315429688,
        158.54949951171875,
        0.9202709794044495,
        1049.9742431640625,
        181.02447509765625,
        0.8732895255088806,
        1009.23828125,
        181.02447509765625,
        0.9009638428688049,
        1048.5694580078125,
        202.0947723388672,
        0.9518534541130066,
        1005.0242309570312,
        199.285400390625,
        0.852266788482666,
        1037.33203125,
        199.285400390625,
        0.8555343747138977,
        1019.0711059570312,
        196.4760284423828,
        0.8433464169502258,
        1049.9742431640625,
        230.18849182128906,
        0.835522472858429,
        1002.21484375,
        223.16505432128906,
        0.8689628839492798,
        1058.40234375,
        265.3056335449219,
        0.8348709940910339,
        998.0007934570312,
        258.2821960449219,
        0.8618658781051636,
        995.4575134949445,
        126.66316186391415,
        62.678793011394305,
        143.8397698255284
    ],
    "7": [
        744.6026611328125,
        196.53985595703125,
        0.9077087640762329,
        748.0424194335938,
        193.10003662109375,
        0.9028353691101074,
        744.6026611328125,
        193.10003662109375,
        0.8927100300788879,
        758.3618774414062,
        196.53985595703125,
        0.8915680050849915,
        754.9220581054688,
        196.53985595703125,
        0.5813756585121155,
        768.6812744140625,
        218.89859008789062,
        0.8818536996841431,
        746.3225708007812,
        215.4587860107422,
        0.8172138333320618,
        787.6002197265625,
        237.81753540039062,
        0.9045425653457642,
        749.7623291015625,
        236.09762573242188,
        0.790032148361206,
        777.2808227539062,
        261.89617919921875,
        0.9046744704246521,
        744.6026611328125,
        249.8568572998047,
        0.9269189238548279,
        775.5609130859375,
        267.0558776855469,
        0.8035393953323364,
        760.081787109375,
        265.3359680175781,
        0.8284226059913635,
        777.2808227539062,
        308.33355712890625,
        0.9128257632255554,
        742.8827514648438,
        298.01416015625,
        0.9138810634613037,
        804.7992553710938,
        332.4122009277344,
        0.8808695077896118,
        748.0424194335938,
        335.8520202636719,
        0.9044569730758667,
        728.469126686064,
        172.97720470643242,
        71.82475651704863,
        176.11804428240612
    ],
    "8": [
        1244.4830322265625,
        333.73858642578125,
        0.7462997436523438,
        1246.516357421875,
        329.16796875,
        0.7717483639717102,
        1246.5159912109375,
        329.16558837890625,
        0.5549842715263367,
        1248.998291015625,
        329.9862060546875,
        0.7922922372817993,
        1269.7261962890625,
        328.4886779785156,
        0.7607215642929077,
        1237.106689453125,
        356.76202392578125,
        0.775669515132904,
        1284.82177734375,
        359.04052734375,
        0.7319669127464294,
        1228.5283203125,
        398.6675720214844,
        0.9107407927513123,
        1297.9471435546875,
        388.38330078125,
        0.8867678046226501,
        1233.67041015625,
        398.6675720214844,
        0.6064409613609314,
        1305.6602783203125,
        414.093994140625,
        0.9264265298843384,
        1238.8126220703125,
        434.66253662109375,
        0.7983710169792175,
        1269.7091064453125,
        429.76995849609375,
        0.6889665126800537,
        1241.007080078125,
        490.60308837890625,
        0.7755390405654907,
        1269.7237548828125,
        481.0379638671875,
        0.7180418372154236,
        1233.67041015625,
        527.220947265625,
        0.8700279593467712,
        1274.8074951171875,
        537.5052490234375,
        0.9054308533668518,
        1203.1265112970723,
        296.5962299734032,
        109.93804194097152,
        263.2772713452274
    ],
    "2": [
        1482.09423828125,
        182.9436798095703,
        0.9189652800559998,
        1485.12548828125,
        179.9124298095703,
        0.9306432008743286,
        1482.09423828125,
        179.9124298095703,
        0.8993774056434631,
        1492.70361328125,
        182.9436798095703,
        0.8691303133964539,
        1485.12548828125,
        181.4280548095703,
        0.5250084400177002,
        1506.34423828125,
        201.13121032714844,
        0.8853287100791931,
        1489.67236328125,
        199.61558532714844,
        0.8174847364425659,
        1509.37548828125,
        229.92813110351562,
        0.8962281942367554,
        1489.67236328125,
        222.35000610351562,
        0.9135140776634216,
        1489.67236328125,
        245.08441162109375,
        0.8475070595741272,
        1476.03173828125,
        235.9906463623047,
        0.8630378842353821,
        1518.46923828125,
        239.0218963623047,
        0.8113570213317871,
        1504.82861328125,
        239.0218963623047,
        0.7895049452781677,
        1509.37548828125,
        272.36572265625,
        0.8457774519920349,
        1486.64111328125,
        266.3031921386719,
        0.849165141582489,
        1524.53173828125,
        310.25640869140625,
        0.9059532284736633,
        1500.28173828125,
        299.6470031738281,
        0.8986970782279968,
        1467.5049849457705,
        166.72646916827082,
        67.06922990667272,
        155.20028538865037
    ],
    "13": [
        647.026611328125,
        273.391845703125,
        0.48085954785346985,
        648.9574584960938,
        271.4609680175781,
        0.5694298148155212,
        664.4044189453125,
        269.53009033203125,
        0.551232635974884,
        647.026611328125,
        275.32269287109375,
        0.8984185457229614,
        666.3352661132812,
        273.391845703125,
        0.9442622661590576,
        639.3031005859375,
        300.4239807128906,
        0.8577131032943726,
        679.851318359375,
        296.562255859375,
        0.8932439684867859,
        635.44140625,
        333.24871826171875,
        0.9424585700035095,
        697.2291259765625,
        327.45611572265625,
        0.8901593685150146,
        648.9574584960938,
        342.903076171875,
        0.8316196799278259,
        710.7452392578125,
        350.62652587890625,
        0.9068024158477783,
        656.680908203125,
        356.41912841796875,
        0.8174795508384705,
        681.7822265625,
        352.5574035644531,
        0.7857527732849121,
        652.8192138671875,
        395.0364990234375,
        0.8820979595184326,
        701.0908813476562,
        385.38214111328125,
        0.8557031750679016,
        650.8883056640625,
        439.4464416503906,
        0.8647385835647583,
        712.6760864257812,
        423.99951171875,
        0.9012748599052429,
        625.5131312937865,
        250.80068896318434,
        87.43685404605571,
        197.72082934396067
    ],