{
    "8": [
        1217.394775390625,
        267.00274658203125,
        0.8862800002098083,
        1219.3721923828125,
        263.0480041503906,
        0.9025585651397705,
        1217.394775390625,
        263.0480041503906,
        0.7405893206596375,
        1223.326904296875,
        267.00274658203125,
        0.881028413772583,
        1241.1231689453125,
        267.00274658203125,
        0.8387115001678467,
        1217.394775390625,
        296.66326904296875,
        0.8753476738929749,
        1247.0552978515625,
        290.7311706542969,
        0.9151477813720703,
        1217.394775390625,
        332.2558898925781,
        0.9105584025382996,
        1256.942138671875,
        320.3916931152344,
        0.917062520980835,
        1213.4400634765625,
        359.9390563964844,
        0.9606991410255432,
        1251.010009765625,
        342.1427307128906,
        0.8479394912719727,
        1225.30419921875,
        354.0069580078125,
        0.7641767263412476,
        1243.1005859375,
        352.0295715332031,
        0.7657315731048584,
        1211.462646484375,
        387.6222229003906,
        0.856060266494751,
        1233.2137451171875,
        381.69012451171875,
        0.8638564944267273,
        1209.4853515625,
        429.14697265625,
        0.9055094718933105,
        1243.1005859375,
        421.23748779296875,
        0.9005003571510315,
        1187.8753839198712,
        243.86754317841104,
        84.7445654469866,
        202.482484045205
    ],
    "15": [
        1008.4051513671875,
        150.45468139648438,
        0.9129179120063782,
        1012.4034423828125,
        147.78915405273438,
        0.9467868208885193,
        1007.0723876953125,
        147.78915405273438,
        0.9686293005943298,
        1019.0672607421875,
        150.45468139648438,
        0.9049689173698425,
        1004.4068603515625,
        149.12191772460938,
        0.7390746474266052,
        1028.3966064453125,
        169.11338806152344,
        0.8550634980201721,
        1001.7413330078125,
        167.78062438964844,
        0.8653882741928101,
        1035.0604248046875,
        193.1031494140625,
        0.819617748260498,
        996.4102783203125,
        190.4376220703125,
        0.8710936307907104,
        1032.3948974609375,
        211.7618408203125,
        0.7231307029724121,
        988.4136962890625,
        210.4290771484375,
        0.9229117035865784,
        1029.7293701171875,
        203.7652587890625,
        0.7863521575927734,
        1012.4034423828125,
        202.4324951171875,
        0.8524190187454224,
        1045.7225341796875,
        229.08778381347656,
        0.8297367691993713,
        992.4119873046875,
        223.75672912597656,
        0.8525179624557495,
        1055.0518798828125,
        262.4068908691406,
        0.8398582339286804,
        993.7447509765625,
        257.0758361816406,
        0.8926275372505188,
        985.4744043687753,
        132.19584480338887,
        63.187309314934396,
        136.4749994334702
    ],
    "2": [
        1488.403564453125,
        193.55374145507812,
        0.892875611782074,
        1491.135498046875,
        192.18775939941406,
        0.9151424765586853,
        1488.403564453125,
        190.82179260253906,
        0.8712405562400818,
        1497.96533203125,
        194.91970825195312,
        0.8692874908447266,
        1493.867431640625,
        194.91970825195312,
        0.5863696932792664,
        1511.625,
        211.31137084960938,
        0.854131281375885,
        1492.50146484375,
        209.94540405273438,
        0.8624834418296814,
        1507.527099609375,
        238.63079833984375,
        0.8725742697715759,
        1492.50146484375,
        231.8009490966797,
        0.9092731475830078,
        1485.6715087890625,
        242.72872924804688,
        0.8237772583961487,
        1481.5736083984375,
        241.3627471923828,
        0.7869611978530884,
        1521.1868896484375,
        245.46066284179688,
        0.7753728032112122,
        1504.795166015625,
        245.46066284179688,
        0.8498088121414185,
        1519.82080078125,
        271.41412353515625,
        0.8375200629234314,
        1478.8416748046875,
        261.8523254394531,
        0.8743276596069336,
        1545.7742919921875,
        302.83148193359375,
        0.8316665291786194,
        1480.2076416015625,
        293.2696838378906,
        0.8802876472473145,
        1473.873183609733,
        174.8399630585831,
        60.47805979660802,
        139.87543171834656
    ],
    "32": [
        557.6055908203125,
        171.27874755859375,
        0.9183717966079712,
        555.8185424804688,
        167.7046356201172,
        0.8453558087348938,
        554.031494140625,
        167.7046356201172,
        0.9239882230758667,
        539.7350463867188,
        173.06581115722656,
        0.638476550579071,
        545.09619140625,
        171.27874755859375,
        0.9453926682472229,
        545.09619140625,
        196.29751586914062,
        0.7865195870399475,
        552.2444458007812,
        190.9363555908203,
        0.8366156816482544,
        566.5408325195312,
        219.5292205810547,
        0.6556440591812134,
        582.6243286132812,
        198.08456420898438,
        0.8930923938751221,
        587.9855346679688,
        221.3162841796875,
        0.8446410298347473,
        609.43017578125,
        208.80690002441406,
        0.9026325345039368,
        561.1796875,
        244.54798889160156,
        0.7250537872314453,
        571.9020385742188,
        240.973876953125,
        0.7988245487213135,
        580.8372802734375,
        287.43731689453125,
        0.7444963455200195,
        595.1337280273438,
        283.8631896972656,
        0.7966170310974121,
        589.7725830078125,
        333.9007263183594,
        0.7166786789894104,
        613.0042724609375,
        326.75250244140625,
        0.7878293395042419,
        527.1102683069272,
        152.15726053196374,
        84.2223489751151,
        182.9943977245191
    ],
    "6": [
        931.6986083984375,
        262.94805908203125,
        0.4343971312046051,
        929.7440185546875,
        260.99346923828125,
        0.5506045818328857,
        949.2899780273438,
        262.94805908203125,
        0.48087847232818604,
        929.7440185546875,
        264.90264892578125,
        0.9563614130020142,
        949.2899780273438,
        266.85723876953125,
        0.8449466824531555,
        916.0618896484375,
        286.4031982421875,
        0.8825964331626892,
        955.1537475585938,
        292.2669677734375,
        0.9050149917602539,
        906.2888793945312,
        311.81292724609375,
        0.9029554128646851,
        955.1537475585938,
        321.5859069824219,
        0.880844235420227,
        919.9710693359375,
        323.5404968261719,
        0.7250963449478149,
        941.4716186523438,
        327.4496765136719,
        0.7101679444313049,
        914.1072387695312,
        343.0864562988281,
        0.7650215029716492,
        937.5623779296875,
        346.9956359863281,
        0.8086868524551392,
        898.4705200195312,
        386.0875244140625,
        0.856699526309967,
        943.4262084960938,
        386.0875244140625,
        0.8392006754875183,
        884.788330078125,
        431.043212890625,
        0.8858732581138611,
        951.2445678710938,
        431.043212890625,
        0.8801347017288208,
        885.0388350737552,
        245.94310712324193,
        83.54655876927438,
        200.15044186567252
    ],