{
    "15": [
        1051.5087890625,
        160.75413513183594,
        0.945626437664032,
        1054.3958740234375,
        157.866943359375,
        0.9448347687721252,
        1048.62158203125,
        157.866943359375,
        0.9541035890579224,
        1055.8394775390625,
        159.310546875,
        0.8919798135757446,
        1039.9599609375,
        159.310546875,
        0.9591292142868042,
        1061.6138916015625,
        176.6336669921875,
        0.8783473968505859,
        1031.2984619140625,
        175.1900634765625,
        0.898624837398529,
        1071.718994140625,
        199.7311553955078,
        0.8978095054626465,
        1018.3060913085938,
        193.956787109375,
        0.8780390024185181,
        1058.7266845703125,
        208.39271545410156,
        0.930744469165802,
        1008.200927734375,
        212.72349548339844,
        0.8658857345581055,
        1052.9522705078125,
        215.61068725585938,
        0.8602497577667236,
        1035.629150390625,
        212.72349548339844,
        0.7894859910011292,
        1050.065185546875,
        243.03895568847656,
        0.8517719507217407,
        1035.629150390625,
        244.4825439453125,
        0.8514122366905212,
        1045.734375,
        257.4748840332031,
        0.8963135480880737,
        1042.84716796875,
        273.35443115234375,
        0.914801299571991,
        1010.9766228929102,
        140.97689009674468,
        65.18465951543021,
        147.8239937968508
    ],
    "8": [
        1259.2127685546875,
        238.44161987304688,
        0.9080456495285034,
        1257.0052490234375,
        234.0264892578125,
        0.7221975326538086,
        1259.2127685546875,
        236.23403930664062,
        0.9066292643547058,
        1234.9295654296875,
        238.44161987304688,
        0.8863429427146912,
        1254.7977294921875,
        238.44161987304688,
        0.926814079284668,
        1226.099365234375,
        267.13995361328125,
        0.9486390948295593,
        1265.8355712890625,
        264.9324035644531,
        0.9488405585289001,
        1223.8917236328125,
        300.2534484863281,
        0.9050614833831787,
        1276.873291015625,
        295.83831787109375,
        0.894727349281311,
        1223.8917236328125,
        326.7442321777344,
        0.9059240818023682,
        1274.665771484375,
        322.3291015625,
        0.8982291221618652,
        1241.55224609375,
        328.9517822265625,
        0.8339855670928955,
        1265.8355712890625,
        328.9517822265625,
        0.8114306330680847,
        1232.7220458984375,
        373.10308837890625,
        0.9008291959762573,
        1261.42041015625,
        375.3106689453125,
        0.8999176621437073,
        1228.306884765625,
        419.46197509765625,
        0.9075582027435303,
        1254.7977294921875,
        421.6695251464844,
        0.8805812001228333,
        1196.3216718862902,
        217.02820328467277,
        97.0840620471356,
        226.05472526294432
    ],
    "14": [
        708.2337646484375,
        343.62823486328125,
        0.9268280267715454,
        708.2337646484375,
        339.28790283203125,
        0.8387577533721924,
        708.2337646484375,
        339.28790283203125,
        0.9355196356773376,
        682.1917114257812,
        337.11773681640625,
        0.842789888381958,
        699.5531005859375,
        341.45806884765625,
        0.9423092007637024,
        664.830322265625,
        358.8194580078125,
        0.8886451125144958,
        701.7232666015625,
        363.1597900390625,
        0.8686389923095703,
        643.1286010742188,
        391.3720397949219,
        0.8831393122673035,
        701.7232666015625,
        400.052734375,
        0.8865056037902832,
        638.7882690429688,
        421.75445556640625,
        0.9366254210472107,
        710.4039306640625,
        428.2649841308594,
        0.8972761631011963,
        651.8092651367188,
        423.92462158203125,
        0.7817168831825256,
        675.6812133789062,
        421.75445556640625,
        0.7471538782119751,
        671.3408203125,
        469.49822998046875,
        0.8377633094787598,
        699.5531005859375,
        469.49822998046875,
        0.8744529485702515,
        671.3408203125,
        517.2420654296875,
        0.8309271931648254,
        708.2337646484375,
        517.2420654296875,
        0.885414183139801,
        634.3248692093523,
        311.7266969023808,
        97.9038729694771,
        222.2257067877847
    ],
    "7": [
        756.9813232421875,
        187.19935607910156,
        0.9627550840377808,
        758.7229614257812,
        183.71620178222656,
        0.9726307988166809,
        753.4981689453125,
        183.71620178222656,
        0.9716174602508545,
        758.7229614257812,
        187.19935607910156,
        0.7096347212791443,
        744.790283203125,
        185.45777893066406,
        0.9387009739875793,
        762.2061157226562,
        206.35675048828125,
        0.8895939588546753,
        730.857666015625,
        202.87359619140625,
        0.8692802786827087,
        769.1724243164062,
        228.99729919433594,
        0.7295376658439636,
        716.9249877929688,
        227.25572204589844,
        0.8572441339492798,
        763.9476928710938,
        242.92994689941406,
        0.8294769525527954,
        715.1834106445312,
        244.67153930664062,
        0.7999704480171204,
        755.23974609375,
        256.86260986328125,
        0.8220348954200745,
        732.5992431640625,
        256.86260986328125,
        0.7914974689483643,
        758.7229614257812,
        295.1773681640625,
        0.8787748217582703,
        727.3744506835938,
        293.435791015625,
        0.8952042460441589,
        770.9140014648438,
        323.04266357421875,
        0.8792282342910767,
        725.6328735351562,
        333.4921569824219,
        0.8720959424972534,
        707.9269090294229,
        165.08126776663767,
        71.98515147040871,
        178.33791984867094
    ],
    "2": [
        1571.196044921875,
        186.9095916748047,
        0.9279134273529053,
        1575.77197265625,
        185.38429260253906,
        0.9496384263038635,
        1569.6707763671875,
        183.8590087890625,
        0.9438716173171997,
        1580.3477783203125,
        188.43487548828125,
        0.9188863039016724,
        1565.0948486328125,
        186.9095916748047,
        0.9102906584739685,
        1584.9237060546875,
        206.7384033203125,
        0.9004544615745544,
        1555.943115234375,
        200.63723754882812,
        0.9037672281265259,
        1592.5501708984375,
        229.61782836914062,
        0.7822281122207642,
        1543.74072265625,
        218.94076538085938,
        0.8528439402580261,
        1591.02490234375,
        234.19369506835938,
        0.6929105520248413,
        1531.5384521484375,
        234.19369506835938,
        0.8016195297241211,
        1578.822509765625,
        246.39605712890625,
        0.8124655485153198,
        1557.4683837890625,
        246.39605712890625,
        0.8319743275642395,
        1591.02490234375,
        275.37664794921875,
        0.8334946036338806,
        1537.6395263671875,
        269.27545166015625,
        0.8416686058044434,
        1616.954833984375,
        308.93310546875,
        0.8533164858818054,
        1536.1142578125,
        304.35723876953125,
        0.9041340947151184,
        1532.4544411260663,
        167.5383074203723,
        69.85663802656836,
        156.19020023975787
    ],