{
    "11": [
        466.4112854003906,
        276.2414245605469,
        0.9278098344802856,
        466.4112854003906,
        272.13909912109375,
        0.9192456603050232,
        462.3089599609375,
        272.13909912109375,
        0.9202260971069336,
        464.3601379394531,
        274.19024658203125,
        0.6694092750549316,
        450.0019836425781,
        274.19024658203125,
        0.9384145140647888,
        470.51361083984375,
        298.8042297363281,
        0.8999862670898438,
        435.643798828125,
        302.90655517578125,
        0.8553609251976013,
        472.5647888183594,
        325.4693908691406,
        0.9133102893829346,
        421.28564453125,
        329.57171630859375,
        0.9325670003890991,
        484.87176513671875,
        343.92987060546875,
        0.9015790820121765,
        425.38800048828125,
        352.134521484375,
        0.9381986856460571,
        466.4112854003906,
        360.3392028808594,
        0.8223909735679626,
        441.79730224609375,
        362.3903503417969,
        0.8228987455368042,
        476.6671142578125,
        403.4136657714844,
        0.8655402660369873,
        437.6949768066406,
        401.36248779296875,
        0.8834741115570068,
        480.7694396972656,
        448.539306640625,
        0.885199785232544,
        429.4903259277344,
        440.3346252441406,
        0.9033970236778259,
        411.13170900770314,
        256.3451337052056,
        87.99643240392743,
        210.03931477881292
    ],
    "15": [
        1108.238037109375,
        155.60284423828125,
        0.960242748260498,
        1110.089599609375,
        151.8995361328125,
        0.9219479560852051,
        1104.53466796875,
        151.8995361328125,
        0.936708927154541,
        1111.9412841796875,
        153.75119018554688,
        0.7069778442382812,
        1095.2763671875,
        157.45449829101562,
        0.946628212928772,
        1111.9412841796875,
        175.97105407714844,
        0.8728262782096863,
        1087.8697509765625,
        177.8227081298828,
        0.9067537188529968,
        1108.238037109375,
        198.19090270996094,
        0.7367765307426453,
        1076.7598876953125,
        203.74586486816406,
        0.9377169609069824,
        1115.6446533203125,
        207.44918823242188,
        0.8910961151123047,
        1095.2763671875,
        218.55911254882812,
        0.8824262022972107,
        1106.3863525390625,
        231.52069091796875,
        0.8467011451721191,
        1087.8697509765625,
        231.52069091796875,
        0.8211186528205872,
        1104.53466796875,
        274.1087646484375,
        0.8863577246665955,
        1080.463134765625,
        270.4054260253906,
        0.8402464985847473,
        1089.721435546875,
        311.141845703125,
        0.9017128944396973,
        1073.0565185546875,
        307.43853759765625,
        0.857420027256012,
        1056.8576556125302,
        133.9384600029127,
        74.98598030368726,
        189.60949024867776
    ],
    "6": [
        1037.417236328125,
        294.6861267089844,
        0.940891683101654,
        1037.417236328125,
        292.40899658203125,
        0.9454095363616943,
        1032.863037109375,
        292.40899658203125,
        0.9689334034919739,
        1028.3087158203125,
        294.6861267089844,
        0.6020559668540955,
        1021.4774169921875,
        299.2403259277344,
        0.9670068621635437,
        1037.417236328125,
        317.4572448730469,
        0.9005996584892273,
        1010.0918579101562,
        326.565673828125,
        0.8913512229919434,
        1037.417236328125,
        351.6138916015625,
        0.8673906922340393,
        1003.2605590820312,
        360.72235107421875,
        0.8944178223609924,
        1048.802734375,
        376.6621398925781,
        0.8975153565406799,
        1019.2003173828125,
        385.77056884765625,
        0.8447835445404053,
        1035.14013671875,
        392.6019287109375,
        0.8337457776069641,
        1010.0918579101562,
        394.8790283203125,
        0.7725282311439514,
        1039.6943359375,
        442.6983642578125,
        0.8557146191596985,
        996.42919921875,
        438.1441650390625,
        0.8916112184524536,
        1039.6943359375,
        490.5177307128906,
        0.88700932264328,
        971.3809814453125,
        472.3008117675781,
        0.8696308135986328,
        971.1212043141836,
        272.5980943499945,
        93.88129685436866,
        233.1762951092881
    ],
    "8": [
        1389.9586181640625,
        270.1525573730469,
        0.9418205618858337,
        1387.5107421875,
        267.7047119140625,
        0.8472295999526978,
        1387.5107421875,
        267.7047119140625,
        0.9311590194702148,
        1365.4801025390625,
        275.0482482910156,
        0.8533916473388672,
        1377.7193603515625,
        272.60040283203125,
        0.9164814949035645,
        1355.688720703125,
        301.9745178222656,
        0.9393152594566345,
        1392.4063720703125,
        301.9745178222656,
        0.9120906591415405,
        1355.688720703125,
        338.6921691894531,
        0.8853946328163147,
        1397.3021240234375,
        338.6921691894531,
        0.9164429306983948,
        1365.4801025390625,
        355.8270568847656,
        0.5506558418273926,
        1407.093505859375,
        360.7227478027344,
        0.9251968860626221,
        1363.0323486328125,
        370.51409912109375,
        0.8108362555503845,
        1387.5107421875,
        370.51409912109375,
        0.7927796840667725,
        1367.927978515625,
        414.5752868652344,
        0.9036814570426941,
        1402.19775390625,
        421.9188232421875,
        0.8721024990081787,
        1360.58447265625,
        463.5321350097656,
        0.8784840703010559,
        1414.43701171875,
        475.7713623046875,
        0.9171627759933472,
        1329.5958388071454,
        243.9605942931937,
        103.59045819003404,
        250.65920272377662
    ],
    "2": [
        1781.822998046875,
        226.48779296875,
        0.9254121780395508,
        1784.9375,
        224.9305419921875,
        0.912392258644104,
        1778.70849609375,
        223.37327575683594,
        0.9569999575614929,
        1789.6092529296875,
        228.0450439453125,
        0.8845076560974121,
        1769.3648681640625,
        226.48779296875,
        0.8883323669433594,
        1795.8382568359375,
        248.28933715820312,
        0.88289475440979,
        1756.9068603515625,
        238.94581604003906,
        0.8173907399177551,
        1805.1817626953125,
        274.76263427734375,
        0.899697482585907,
        1738.2198486328125,
        246.73208618164062,
        0.865858256816864,
        1795.8382568359375,
        302.793212890625,
        0.8912487626075745,
        1727.319091796875,
        265.41912841796875,
        0.8544738292694092,
        1780.2657470703125,
        285.6634216308594,
        0.8141119480133057,
        1760.0213623046875,
        280.9916687011719,
        0.8444230556488037,
        1767.8076171875,
        313.6940002441406,
        0.6493372917175293,
        1764.693115234375,
        312.13671875,
        0.8289546966552734,
        1755.349609375,
        315.2512512207031,
        0.9536628127098083,
        1777.1512451171875,
        347.95355224609375,
        0.8115150928497314,
        1737.7781834123505,
        205.15341120399955,
        67.84522246608981,
        159.46274027160746
    ],