{
    "8": [
        1417.897216796875,
        275.268310546875,
        0.9084118008613586,
        1415.398681640625,
        272.769775390625,
        0.8136143088340759,
        1417.897216796875,
        272.769775390625,
        0.9007076621055603,
        1390.413330078125,
        277.766845703125,
        0.9106568694114685,
        1407.903076171875,
        277.766845703125,
        0.9248037934303284,
        1380.419189453125,
        307.74932861328125,
        0.9647451043128967,
        1422.894287109375,
        307.74932861328125,
        0.8910509943962097,
        1377.920654296875,
        345.2274475097656,
        0.9061633348464966,
        1430.389892578125,
        345.2274475097656,
        0.942474365234375,
        1385.416259765625,
        365.21575927734375,
        0.7480254769325256,
        1440.3841552734375,
        372.7113952636719,
        0.9303718209266663,
        1390.413330078125,
        380.2070007324219,
        0.8053402304649353,
        1417.897216796875,
        380.2070007324219,
        0.7834698557853699,
        1385.416259765625,
        425.18072509765625,
        0.9036878943443298,
        1417.897216796875,
        432.6763610839844,
        0.8884008526802063,
        1372.9234619140625,
        472.6529846191406,
        0.9126437902450562,
        1412.900146484375,
        487.64422607421875,
        0.9194414615631104,
        1352.3784636407806,
        251.03244942090038,
        103.55363364504501,
        255.8505939030348
    ],
    "2": [
        1848.8541259765625,
        245.1610565185547,
        0.9182416200637817,
        1852.392822265625,
        241.62240600585938,
        0.9448453783988953,
        1845.3155517578125,
        241.62240600585938,
        0.9480109214782715,
        1857.7008056640625,
        243.3917236328125,
        0.8697844743728638,
        1834.6995849609375,
        245.1610565185547,
        0.8885579705238342,
        1857.7008056640625,
        257.54632568359375,
        0.8460033535957336,
        1820.544921875,
        264.6236267089844,
        0.8676750063896179,
        1861.2393798828125,
        264.6236267089844,
        0.8328470587730408,
        1806.390380859375,
        291.16351318359375,
        0.8899635672569275,
        1871.8553466796875,
        282.31689453125,
        0.9262052178382874,
        1827.622314453125,
        300.0101318359375,
        0.7731043696403503,
        1838.2381591796875,
        307.0874328613281,
        0.8263200521469116,
        1815.2369384765625,
        308.85675048828125,
        0.7770736813545227,
        1850.62353515625,
        338.935302734375,
        0.9140807390213013,
        1804.6209716796875,
        337.16595458984375,
        0.9069133400917053,
        1861.2393798828125,
        388.4764099121094,
        0.8458541631698608,
        1786.927734375,
        338.935302734375,
        0.9207151532173157,
        1791.4327097915932,
        219.15195572463574,
        77.68704299802835,
        181.1789230824544
    ],
    "15": [
        1135.5673828125,
        166.58848571777344,
        0.9526074528694153,
        1135.5673828125,
        162.83921813964844,
        0.9421119689941406,
        1131.818115234375,
        164.71385192871094,
        0.9352988600730896,
        1137.4420166015625,
        166.58848571777344,
        0.6600959897041321,
        1120.5704345703125,
        168.46311950683594,
        0.9578527808189392,
        1139.316650390625,
        189.0840606689453,
        0.9021404981613159,
        1111.197265625,
        189.0840606689453,
        0.9129424095153809,
        1139.316650390625,
        211.5796356201172,
        0.8657772541046143,
        1096.2001953125,
        213.4542694091797,
        0.8625649213790894,
        1146.815185546875,
        226.57667541503906,
        0.8855708837509155,
        1113.0718994140625,
        228.45130920410156,
        0.9122802019119263,
        1131.818115234375,
        243.4483642578125,
        0.8167417049407959,
        1113.0718994140625,
        243.4483642578125,
        0.7957377433776855,
        1129.9434814453125,
        284.69024658203125,
        0.8372442126274109,
        1111.197265625,
        284.69024658203125,
        0.883844792842865,
        1111.197265625,
        322.182861328125,
        0.8921831250190735,
        1088.70166015625,
        312.8097229003906,
        0.8638055324554443,
        1083.597079894671,
        146.52998485792074,
        75.82111198148868,
        191.96213233062127
    ],
    "6": [
        1074.108154296875,
        296.47137451171875,
        0.9280165433883667,
        1074.108154296875,
        291.7273864746094,
        0.903938353061676,
        1069.3641357421875,
        291.7273864746094,
        0.9546117186546326,
        1066.9921875,
        291.7273864746094,
        0.6854978799819946,
        1057.504150390625,
        296.47137451171875,
        0.917609691619873,
        1074.108154296875,
        317.8194580078125,
        0.8779961466789246,
        1045.64404296875,
        324.9354553222656,
        0.9038049578666687,
        1078.8521728515625,
        351.02752685546875,
        0.8955060839653015,
        1036.156005859375,
        360.51556396484375,
        0.9311330914497375,
        1095.4561767578125,
        372.3756103515625,
        0.9312918186187744,
        1043.2720947265625,
        396.0956726074219,
        0.9139884114265442,
        1069.3641357421875,
        391.3516540527344,
        0.766167402267456,
        1052.7601318359375,
        391.3516540527344,
        0.8277446627616882,
        1055.132080078125,
        441.1637878417969,
        0.8268267512321472,
        1069.3641357421875,
        441.1637878417969,
        0.8552413582801819,
        1040.9000244140625,
        488.60394287109375,
        0.811085045337677,
        1043.2720947265625,
        488.60394287109375,
        0.820701539516449,
        1012.1179817797018,
        271.09090160041393,
        97.88820082052541,
        242.8935340597131
    ],
    "1": [
        1371.6485595703125,
        153.8848419189453,
        0.9364221096038818,
        1374.580322265625,
        150.95315551757812,
        0.9240743517875671,
        1368.7169189453125,
        150.95315551757812,
        0.930350124835968,
        1378.977783203125,
        153.8848419189453,
        0.8957903981208801,
        1364.3194580078125,
        153.8848419189453,
        0.9104273915290833,
        1386.3070068359375,
        171.4748992919922,
        0.8920875191688538,
        1356.990234375,
        171.4748992919922,
        0.8870518207550049,
        1390.7044677734375,
        190.53079223632812,
        0.8889674544334412,
        1348.1951904296875,
        190.53079223632812,
        0.8879731297492981,
        1380.443603515625,
        194.9282989501953,
        0.8668950796127319,
        1359.921875,
        196.39414978027344,
        0.8546825647354126,
        1378.977783203125,
        215.45004272460938,
        0.7691090703010559,
        1359.921875,
        213.9842071533203,
        0.7801491022109985,
        1371.6485595703125,
        246.23263549804688,
        0.8110339045524597,
        1358.4560546875,
        244.7667999267578,
        0.8509778380393982,
        1365.7852783203125,
        274.08355712890625,
        0.8343989253044128,
        1356.990234375,
        269.68603515625,
        0.7835868000984192,
        1336.7800499537334,
        138.20037324201667,
        62.40800290027278,
        150.1018235624644
    ],