{
    "8": [
        1435.0792236328125,
        290.1526184082031,
        0.9319271445274353,
        1432.5113525390625,
        287.58477783203125,
        0.8192365169525146,
        1432.5113525390625,
        287.58477783203125,
        0.9606378078460693,
        1406.8330078125,
        290.1526184082031,
        0.8529407978057861,
        1424.807861328125,
        292.7204284667969,
        0.9285494685173035,
        1393.993896484375,
        320.96661376953125,
        0.9235731363296509,
        1437.6470947265625,
        320.96661376953125,
        0.8881741762161255,
        1388.8582763671875,
        356.916259765625,
        0.972522497177124,
        1442.78271484375,
        359.4841003417969,
        0.922996997833252,
        1406.8330078125,
        364.6197509765625,
        0.6497150659561157,
        1450.4862060546875,
        392.8659362792969,
        0.924245297908783,
        1401.6973876953125,
        395.4337463378906,
        0.8096991181373596,
        1429.943603515625,
        395.4337463378906,
        0.77716463804245,
        1404.2652587890625,
        451.92608642578125,
        0.8918737769126892,
        1427.375732421875,
        449.3582458496094,
        0.8566104769706726,
        1406.8330078125,
        508.41839599609375,
        0.9196822047233582,
        1422.2401123046875,
        485.30792236328125,
        0.9477412700653076,
        1365.6990726029373,
        262.6768347593843,
        105.37844470307391,
        262.94598146210353
    ],
    "14": [
        797.4130249023438,
        370.1080322265625,
        0.9330556392669678,
        794.64892578125,
        367.3439636230469,
        0.9390183091163635,
        791.8848876953125,
        367.3439636230469,
        0.9427262544631958,
        786.3567504882812,
        367.3439636230469,
        0.6722988486289978,
        778.0645141601562,
        372.8721008300781,
        0.9734713435173035,
        789.1207885742188,
        394.98468017578125,
        0.9211606383323669,
        769.7722778320312,
        403.2768859863281,
        0.9024714231491089,
        794.64892578125,
        436.44573974609375,
        0.7711657285690308,
        775.3004760742188,
        447.5020446777344,
        0.9235143661499023,
        816.7615356445312,
        433.6816711425781,
        0.6869200468063354,
        808.4692993164062,
        433.6816711425781,
        0.9172187447547913,
        789.1207885742188,
        480.6708984375,
        0.7658672332763672,
        775.3004760742188,
        483.4349670410156,
        0.8555065393447876,
        780.82861328125,
        535.9523315429688,
        0.8820057511329651,
        800.1770629882812,
        538.7163696289062,
        0.8659504652023315,
        769.7722778320312,
        591.2337036132812,
        0.8964965343475342,
        808.4692993164062,
        599.5259399414062,
        0.8576135039329529,
        728.9874213424298,
        335.0043726256134,
        117.50275227173108,
        283.040829440699
    ],
    "6": [
        1132.461181640625,
        304.4460144042969,
        0.9041722416877747,
        1132.461181640625,
        302.05322265625,
        0.9072416424751282,
        1130.068359375,
        302.05322265625,
        0.9323716759681702,
        1120.4971923828125,
        302.05322265625,
        0.6138383150100708,
        1115.7115478515625,
        306.8388366699219,
        0.9351762533187866,
        1125.2828369140625,
        328.37408447265625,
        0.8663069605827332,
        1108.5330810546875,
        337.9453125,
        0.8863001465797424,
        1130.068359375,
        364.2662048339844,
        0.9411091208457947,
        1101.354736328125,
        376.230224609375,
        0.9221048355102539,
        1149.2108154296875,
        388.19427490234375,
        0.9178863167762756,
        1108.5330810546875,
        414.51513671875,
        0.9214080572128296,
        1125.2828369140625,
        404.94390869140625,
        0.7604518532752991,
        1115.7115478515625,
        407.33673095703125,
        0.7839743494987488,
        1120.4971923828125,
        455.19287109375,
        0.7892811894416809,
        1127.675537109375,
        457.5856628417969,
        0.8310529589653015,
        1082.2122802734375,
        474.3353271484375,
        0.8500217199325562,
        1120.4971923828125,
        507.8346252441406,
        0.8744693994522095,
        1067.1654435269602,
        278.84297286026504,
        99.48503249728105,
        245.02349630738172
    ],
    "1": [
        1370.22412109375,
        157.3199005126953,
        0.9410886764526367,
        1373.11474609375,
        154.42921447753906,
        0.9400945901870728,
        1367.3333740234375,
        155.8745574951172,
        0.9412234425544739,
        1377.4508056640625,
        157.3199005126953,
        0.9080755710601807,
        1362.997314453125,
        158.76524353027344,
        0.9074947237968445,
        1384.677490234375,
        173.21864318847656,
        0.8857348561286926,
        1355.7706298828125,
        174.6639862060547,
        0.9065825343132019,
        1390.4588623046875,
        192.00807189941406,
        0.7949714660644531,
        1347.0986328125,
        193.4534149169922,
        0.9010095000267029,
        1381.7867431640625,
        197.7894287109375,
        0.8025102019309998,
        1360.106689453125,
        200.68011474609375,
        0.8926628232002258,
        1377.4508056640625,
        219.46954345703125,
        0.7823626399040222,
        1358.661376953125,
        218.02420043945312,
        0.7536782026290894,
        1371.66943359375,
        249.82168579101562,
        0.8103142380714417,
        1357.216064453125,
        248.3763427734375,
        0.8198766112327576,
        1362.997314453125,
        275.83782958984375,
        0.8063721060752869,
        1357.216064453125,
        277.28314208984375,
        0.8279682397842407,
        1336.193209375558,
        141.85469183081705,
        60.83508283914193,
        148.0029918601577
    ],
    "15": [
        1169.262939453125,
        176.96435546875,
        0.9673600792884827,
        1171.1895751953125,
        173.11106872558594,
        0.9364144206047058,
        1165.40966796875,
        173.11106872558594,
        0.9625421762466431,
        1173.1162109375,
        176.96435546875,
        0.7375634908676147,
        1155.7764892578125,
        176.96435546875,
        0.9494010806083679,
        1176.969482421875,
        198.1574249267578,
        0.8959518671035767,
        1146.1431884765625,
        200.08407592773438,
        0.9158935546875,
        1175.0428466796875,
        221.2771453857422,
        0.755727231502533,
        1128.803466796875,
        228.9837188720703,
        0.889445960521698,
        1176.969482421875,
        232.83700561523438,
        0.9154345989227295,
        1144.216552734375,
        238.616943359375,
        0.7816768884658813,
        1167.3363037109375,
        255.95672607421875,
        0.8436762094497681,
        1149.9964599609375,
        255.95672607421875,
        0.7997925877571106,
        1165.40966796875,
        296.4162292480469,
        0.8292585015296936,
        1149.9964599609375,
        298.3428955078125,
        0.8030471801757812,
        1144.216552734375,
        317.60931396484375,
        0.7096356749534607,
        1142.2899169921875,
        336.8757629394531,
        0.9035376906394958,
        1116.0242695412137,
        156.3492243015446,
        77.5776312772141,
        197.28837082846132
    ],