{
    "45": [
        495.3375244140625,
        291.9895935058594,
        0.9152806401252747,
        497.51220703125,
        285.465576171875,
        0.9522684216499329,
        488.8135070800781,
        287.6402587890625,
        0.9134690165519714,
        499.6868896484375,
        287.6402587890625,
        0.8370723128318787,
        480.11480712890625,
        291.9895935058594,
        0.9524272680282593,
        508.3855895996094,
        311.5616760253906,
        0.8998366594314575,
        469.2414245605469,
        318.085693359375,
        0.9059386253356934,
        517.0842895507812,
        344.1817932128906,
        0.8972487449645996,
        462.7174072265625,
        350.705810546875,
        0.9039584398269653,
        525.782958984375,
        370.27789306640625,
        0.9038645625114441,
        469.2414245605469,
        378.9765930175781,
        0.9106861352920532,
        510.56024169921875,
        378.9765930175781,
        0.7999786138534546,
        486.6388244628906,
        383.3259582519531,
        0.8236051797866821,
        523.6082763671875,
        420.29541015625,
        0.9162454009056091,
        497.51220703125,
        428.9941101074219,
        0.8566622138023376,
        523.6082763671875,
        461.6142578125,
        0.871938169002533,
        508.3855895996094,
        468.1382751464844,
        0.8319493532180786,
        449.7106768827507,
        260.0218856443422,
        93.42836855973712,
        222.68669197258583
    ],
    "8": [
        1439.927978515625,
        291.44390869140625,
        0.9126768708229065,
        1437.3558349609375,
        286.29962158203125,
        0.760614275932312,
        1437.3558349609375,
        288.87176513671875,
        0.9596490263938904,
        1409.0621337890625,
        291.44390869140625,
        0.8994282484054565,
        1432.2115478515625,
        291.44390869140625,
        0.9329562187194824,
        1398.7735595703125,
        322.3096923828125,
        0.8969852328300476,
        1442.5001220703125,
        322.3096923828125,
        0.8678142428398132,
        1393.6292724609375,
        360.8919372558594,
        0.9509009122848511,
        1450.216552734375,
        360.8919372558594,
        0.9261305928230286,
        1416.778564453125,
        371.1805114746094,
        0.5945531129837036,
        1452.7886962890625,
        394.3298645019531,
        0.9593742489814758,
        1403.9178466796875,
        396.9020080566406,
        0.8100351095199585,
        1434.78369140625,
        396.9020080566406,
        0.8079014420509338,
        1406.489990234375,
        456.0614318847656,
        0.8932114243507385,
        1434.78369140625,
        450.9171447753906,
        0.8725509643554688,
        1406.489990234375,
        510.0765380859375,
        0.943249523639679,
        1432.2115478515625,
        494.6436462402344,
        0.8344961404800415,
        1368.1469876041526,
        263.92194001981574,
        104.97967131356631,
        263.38801857097457
    ],
    "1": [
        1372.437744140625,
        159.53466796875,
        0.8514450192451477,
        1375.3743896484375,
        155.1296844482422,
        0.8509060144424438,
        1369.5010986328125,
        155.1296844482422,
        0.8642231225967407,
        1379.7794189453125,
        158.0663299560547,
        0.9196450710296631,
        1363.6278076171875,
        158.0663299560547,
        0.9102638363838196,
        1387.12109375,
        172.7495880126953,
        0.8835567235946655,
        1357.7545166015625,
        174.21791076660156,
        0.8969019055366516,
        1392.994384765625,
        193.30613708496094,
        0.8405930995941162,
        1347.4761962890625,
        193.30613708496094,
        0.8754621744155884,
        1382.716064453125,
        196.2427978515625,
        0.8682307600975037,
        1362.1595458984375,
        200.64776611328125,
        0.8944590091705322,
        1379.7794189453125,
        219.73599243164062,
        0.797214925289154,
        1360.691162109375,
        219.73599243164062,
        0.7770491242408752,
        1376.8427734375,
        250.57083129882812,
        0.8865005373954773,
        1359.222900390625,
        250.57083129882812,
        0.8253080248832703,
        1372.437744140625,
        277.00067138671875,
        0.8454108238220215,
        1357.7545166015625,
        278.4690246582031,
        0.8585206270217896,
        1337.8180493232524,
        140.88694972771833,
        61.89774829392104,
        150.35643878088325
    ],
    "33": [
        936.4501342773438,
        202.65428161621094,
        0.9419949650764465,
        936.4501342773438,
        199.02520751953125,
        0.9507653117179871,
        932.8211059570312,
        199.02520751953125,
        0.9408705234527588,
        932.8211059570312,
        200.83973693847656,
        0.5807294249534607,
        923.7484130859375,
        200.83973693847656,
        0.9571282267570496,
        931.0065307617188,
        222.61415100097656,
        0.8499120473861694,
        912.8612060546875,
        224.42869567871094,
        0.8614566326141357,
        932.8211059570312,
        251.64671325683594,
        0.8749709725379944,
        912.8612060546875,
        257.0903015136719,
        0.8549379706382751,
        954.5955200195312,
        253.46124267578125,
        0.8729256391525269,
        921.9338989257812,
        284.3083190917969,
        0.9237669110298157,
        938.2647094726562,
        273.4211120605469,
        0.7462550401687622,
        925.5629272460938,
        278.8647155761719,
        0.7693131566047668,
        938.2647094726562,
        320.5990295410156,
        0.8476003408432007,
        929.1920166015625,
        320.5990295410156,
        0.8515365719795227,
        936.4501342773438,
        364.1478576660156,
        0.8894476890563965,
        907.4176025390625,
        347.8170471191406,
        0.8884261250495911,
        890.9668815473455,
        190.49691755385254,
        71.0066553795366,
        185.80831894714083
    ],
    "14": [
        810.874755859375,
        375.3978271484375,
        0.9000489711761475,
        808.1664428710938,
        369.9811706542969,
        0.9098172783851624,
        805.4581298828125,
        372.6894836425781,
        0.9005628228187561,
        794.6248168945312,
        372.6894836425781,
        0.7251608371734619,
        791.9164428710938,
        375.3978271484375,
        0.9454097151756287,
        802.749755859375,
        399.77276611328125,
        0.875440239906311,
        783.79150390625,
        407.8977355957031,
        0.8957350850105286,
        810.874755859375,
        437.6893310546875,
        0.7786788940429688,
        791.9164428710938,
        451.2309875488281,
        0.9370601773262024,
        829.8330688476562,
        432.272705078125,
        0.7607863545417786,
        824.4163818359375,
        434.98101806640625,
        0.8836737275123596,
        802.749755859375,
        486.4392395019531,
        0.7105963230133057,
        794.6248168945312,
        489.1475524902344,
        0.8338410258293152,
        791.9164428710938,
        537.8974609375,
        0.8822435140609741,
        818.999755859375,
        543.3140869140625,
        0.8663625121116638,
        770.2498779296875,
        589.3556518554688,
        0.881037175655365,
        832.5413818359375,
        605.6055908203125,
        0.8698122501373291,
        746.485451299598,
        343.7103499068677,
        115.23697803368509,
        277.3327557482784
    ],