{
    "45": [
        496.64715576171875,
        296.8764953613281,
        0.9325337409973145,
        501.16314697265625,
        292.3605041503906,
        0.924813985824585,
        492.1311340332031,
        294.6184997558594,
        0.901170015335083,
        503.421142578125,
        290.1025085449219,
        0.8779701590538025,
        480.8411560058594,
        296.8764953613281,
        0.9362434148788452,
        512.453125,
        319.45648193359375,
        0.915493905544281,
        474.067138671875,
        323.9725036621094,
        0.8772133588790894,
        521.4851684570312,
        346.552490234375,
        0.8691059350967407,
        467.29315185546875,
        353.32647705078125,
        0.9342406988143921,
        530.5171508789062,
        375.9064636230469,
        0.9047425985336304,
        471.80914306640625,
        378.16448974609375,
        0.9092270731925964,
        514.7111206054688,
        384.9384765625,
        0.8139938116073608,
        489.8731384277344,
        387.19647216796875,
        0.7954809665679932,
        523.7431640625,
        430.09844970703125,
        0.864203929901123,
        496.64715576171875,
        432.3564758300781,
        0.881708025932312,
        530.5171508789062,
        475.2584533691406,
        0.8452593684196472,
        507.9371337890625,
        468.4844665527344,
        0.8974694609642029,
        453.3350873203334,
        252.39387381525256,
        97.91414317996168,
        231.21918973380286
    ],
    "3": [
        1052.759765625,
        240.327392578125,
        0.9557881951332092,
        1052.759765625,
        236.076416015625,
        0.9513696432113647,
        1048.5087890625,
        238.201904296875,
        0.9632813334465027,
        1052.759765625,
        238.201904296875,
        0.5984998345375061,
        1035.755859375,
        240.327392578125,
        0.9820834398269653,
        1048.5087890625,
        261.582275390625,
        0.8602818846702576,
        1029.37939453125,
        267.958740234375,
        0.8718289136886597,
        1052.759765625,
        293.464599609375,
        0.8796069025993347,
        1023.0029296875,
        301.966552734375,
        0.8892271518707275,
        1063.38720703125,
        318.970458984375,
        0.9221178889274597,
        1035.755859375,
        333.848876953125,
        0.921696126461029,
        1050.63427734375,
        325.346923828125,
        0.8226044178009033,
        1031.5048828125,
        327.472412109375,
        0.7121972441673279,
        1061.26171875,
        367.856689453125,
        0.8789023160934448,
        1035.755859375,
        372.107666015625,
        0.8960322737693787,
        1040.0068359375,
        397.613525390625,
        0.8841896057128906,
        1037.88134765625,
        414.617431640625,
        0.9754749536514282,
        1001.6571963642567,
        213.33368267104223,
        83.07563611694297,
        217.65003618062175
    ],
    "8": [
        1444.30029296875,
        291.5213928222656,
        0.9286738634109497,
        1439.0869140625,
        288.9147033691406,
        0.7959163188934326,
        1441.693603515625,
        288.9147033691406,
        0.9565869569778442,
        1413.02001953125,
        291.5213928222656,
        0.8720241785049438,
        1436.480224609375,
        291.5213928222656,
        0.9190453886985779,
        1402.59326171875,
        320.1949768066406,
        0.9299696683883667,
        1449.513671875,
        322.8016662597656,
        0.8743259310722351,
        1399.986572265625,
        359.2953186035156,
        0.9392191767692566,
        1454.72705078125,
        361.9020080566406,
        0.9587193727493286,
        1415.626708984375,
        369.7220764160156,
        0.5632085800170898,
        1457.333740234375,
        393.1822814941406,
        0.9661369323730469,
        1407.806640625,
        398.3956604003906,
        0.7883775234222412,
        1439.0869140625,
        398.3956604003906,
        0.8076614737510681,
        1407.806640625,
        455.7428283691406,
        0.9087805151939392,
        1446.906982421875,
        453.1361389160156,
        0.8737693428993225,
        1407.806640625,
        510.4833068847656,
        0.8948009610176086,
        1449.513671875,
        507.8766174316406,
        0.9100964069366455,
        1374.1647095484564,
        263.6297907896716,
        106.38419156336158,
        266.9250722744183
    ],
    "1": [
        1376.71630859375,
        158.076416015625,
        0.842359721660614,
        1379.65478515625,
        156.60714721679688,
        0.8656806945800781,
        1373.7777099609375,
        156.60714721679688,
        0.8481826186180115,
        1382.5933837890625,
        158.076416015625,
        0.8947815299034119,
        1367.900634765625,
        158.076416015625,
        0.8925914168357849,
        1388.470458984375,
        172.76907348632812,
        0.9147568345069885,
        1359.0850830078125,
        175.70761108398438,
        0.8739850521087646,
        1394.3475341796875,
        188.93099975585938,
        0.794826865196228,
        1351.73876953125,
        194.80807495117188,
        0.8904757499694824,
        1382.5933837890625,
        199.2158660888672,
        0.8026986122131348,
        1364.962158203125,
        202.15440368652344,
        0.8725017309188843,
        1382.5933837890625,
        218.3163299560547,
        0.7806812524795532,
        1363.492919921875,
        218.3163299560547,
        0.7820772528648376,
        1382.5933837890625,
        250.6401824951172,
        0.8425818681716919,
        1360.5543212890625,
        250.6401824951172,
        0.8659668564796448,
        1381.1240234375,
        281.4947814941406,
        0.8667751550674438,
        1359.0850830078125,
        278.5562438964844,
        0.845419704914093,
        1340.6705616587865,
        142.35531399392295,
        61.8065113747291,
        150.45275299396928
    ],
    "14": [
        825.091064453125,
        380.78790283203125,
        0.9317736625671387,
        822.327880859375,
        375.261474609375,
        0.9325146079063416,
        819.564697265625,
        375.261474609375,
        0.9219041466712952,
        811.2750244140625,
        375.261474609375,
        0.6832221150398254,
        805.7486572265625,
        380.78790283203125,
        1.0034303665161133,
        814.0382690429688,
        402.8935546875,
        0.8595001101493835,
        797.458984375,
        413.9464111328125,
        0.9070698618888855,
        825.091064453125,
        444.3417053222656,
        0.7875819206237793,
        808.5118408203125,
        455.39453125,
        0.9037566184997559,
        844.4335327148438,
        433.28887939453125,
        0.6511125564575195,
        841.6703491210938,
        436.05206298828125,
        0.9062233567237854,
        819.564697265625,
        488.55303955078125,
        0.6812427639961243,
        814.0382690429688,
        491.3162536621094,
        0.8518710136413574,
        819.564697265625,
        541.0540161132812,
        0.8304645419120789,
        833.3807373046875,
        546.5804443359375,
        0.8089670538902283,
        780.8797607421875,
        579.7389526367188,
        0.8784301280975342,
        833.3807373046875,
        610.1342163085938,
        0.844731867313385,
        756.388200369779,
        342.93192414438363,
        118.06335597688485,
        282.9526100092269
    ],