{
    "5": [
        880.9133605957031,
        286.6602783203125
    ],
    "13": [
        1057.2824096679688,
        324.1864013671875
    ],
    "17": [
        544.1160583496094,
        321.75274658203125
    ],
    "12": [
        761.4945983886719,
        229.51947021484375
    ],
    "7": [
        679.4414672851562,
        323.96083068847656
    ],
    "9": [
        630.0561218261719,
        595.2393188476562
    ],
    "1": [
        236.84512329101562,
        248.7681121826172
    ],
    "15": [
        1371.7139282226562,
        312.88116455078125
    ],
    "8": [
        1486.9410400390625,
        458.2539825439453
    ],
    "2": [
        524.8321838378906,
        251.9089584350586
    ],
    "6": [
        1152.0867919921875,
        488.18060302734375
    ]
}