{"4": [875.4961547851562, 288.4519348144531], "7": [523.060546875, 328.8671875], "12": [1052.8052368164062, 330.04876708984375], "3": [758.9064331054688, 226.05948638916016], "6": [675.9537353515625, 323.1202697753906], "10": [605.3805541992188, 613.724365234375], "1": [228.75226593017578, 246.392578125], "13": [1403.407470703125, 313.3762512207031], "9": [1491.0657958984375, 455.1013641357422], "2": [515.255126953125, 241.37252044677734], "11": [1158.1835327148438, 478.1773681640625], "15": [1128.8657836914062, 408.52301025390625]}