{
    "5": [
        875.1753845214844,
        289.2103271484375
    ],
    "13": [
        1052.49755859375,
        330.03587341308594
    ],
    "17": [
        528.7711486816406,
        329.8788757324219
    ],
    "7": [
        678.7897338867188,
        324.1935272216797
    ],
    "12": [
        760.8948059082031,
        228.2830047607422
    ],
    "9": [
        608.9840698242188,
        612.6366271972656
    ],
    "1": [
        242.47364044189453,
        251.27693939208984
    ],
    "15": [
        1399.1084594726562,
        315.2414245605469
    ],
    "8": [
        1485.0262451171875,
        455.83087158203125
    ],
    "10": [
        1156.5563354492188,
        479.3820343017578
    ],
    "2": [
        522.7034912109375,
        247.51602172851562
    ],
    "6": [
        1126.6241455078125,
        406.1216735839844
    ]
}