{
    "5": [
        863.1812133789062,
        293.8943786621094
    ],
    "13": [
        1035.3543395996094,
        334.7878875732422
    ],
    "17": [
        511.91217041015625,
        342.52647399902344
    ],
    "9": [
        568.7549133300781,
        633.6978149414062
    ],
    "7": [
        676.0589904785156,
        323.9189453125
    ],
    "12": [
        759.0412902832031,
        226.9416961669922
    ],
    "1": [
        249.18140411376953,
        255.19136810302734
    ],
    "8": [
        1482.2841186523438,
        455.48240661621094
    ],
    "15": [
        1443.431884765625,
        307.83026123046875
    ],
    "2": [
        524.0281677246094,
        251.60987854003906
    ],
    "6": [
        1117.1470336914062,
        407.62022399902344
    ],
    "10": [
        1189.348388671875,
        466.5276641845703
    ]
}