{
    "5": [
        859.3634033203125,
        293.6383056640625
    ],
    "13": [
        1032.5429992675781,
        339.125732421875
    ],
    "12": [
        758.4232177734375,
        226.68981170654297
    ],
    "7": [
        675.9236450195312,
        324.112548828125
    ],
    "9": [
        554.291259765625,
        636.9942016601562
    ],
    "8": [
        1480.3309936523438,
        454.99998474121094
    ],
    "17": [
        508.5473327636719,
        343.7113342285156
    ],
    "1": [
        250.87979125976562,
        254.29774475097656
    ],
    "15": [
        1450.6023559570312,
        307.6706848144531
    ],
    "2": [
        525.4664916992188,
        251.0651397705078
    ],
    "6": [
        1112.9104614257812,
        410.05914306640625
    ],
    "10": [
        1196.1704711914062,
        463.5236511230469
    ]
}