{"12": [1032.3899536132812, 339.7185974121094], "4": [858.7054443359375, 292.493408203125], "3": [756.2554321289062, 224.4981689453125], "6": [673.8948974609375, 321.37278747558594], "10": [551.0309448242188, 636.6768493652344], "9": [1485.846923828125, 453.99920654296875], "18": [502.6722106933594, 340.27752685546875], "1": [237.36597442626953, 249.9794921875], "13": [1454.4087524414062, 306.41278076171875], "15": [1114.214599609375, 411.17152404785156], "2": [519.5699005126953, 247.1010971069336], "11": [1196.5172119140625, 465.40997314453125]}