{
    "5": [
        855.3874206542969,
        291.79527282714844
    ],
    "9": [
        540.6558227539062,
        638.1491088867188
    ],
    "7": [
        675.7556457519531,
        324.0692138671875
    ],
    "12": [
        757.7223205566406,
        227.3438491821289
    ],
    "13": [
        1030.5494384765625,
        341.43994140625
    ],
    "25": [
        505.87945556640625,
        347.32818603515625
    ],
    "8": [
        1477.4096069335938,
        455.84922790527344
    ],
    "1": [
        250.6739273071289,
        253.93607330322266
    ],
    "2": [
        525.3442687988281,
        250.74977111816406
    ],
    "6": [
        1110.0425415039062,
        409.84051513671875
    ],
    "10": [
        1202.1343994140625,
        463.40516662597656
    ],
    "15": [
        1455.6529541015625,
        311.13133239746094
    ]
}