{
    "8": [
        1478.0172729492188,
        453.9829406738281
    ],
    "5": [
        852.5972900390625,
        290.3110656738281
    ],
    "12": [
        757.23974609375,
        228.13610076904297
    ],
    "9": [
        525.9197540283203,
        637.9765930175781
    ],
    "7": [
        675.732666015625,
        323.74342346191406
    ],
    "17": [
        504.7964324951172,
        346.243896484375
    ],
    "13": [
        1028.5595397949219,
        343.59442138671875
    ],
    "1": [
        253.3378448486328,
        254.50341033935547
    ],
    "2": [
        525.9545288085938,
        248.88650512695312
    ],
    "10": [
        1208.2205200195312,
        462.4452667236328
    ],
    "15": [
        1461.4249267578125,
        318.49835205078125
    ],
    "6": [
        1105.7401123046875,
        408.16998291015625
    ]
}