{
    "5": [
        842.29345703125,
        286.55780029296875
    ],
    "17": [
        505.2878112792969,
        346.24200439453125
    ],
    "7": [
        679.748291015625,
        319.93418884277344
    ],
    "8": [
        1470.3116455078125,
        444.3874816894531
    ],
    "12": [
        749.1440734863281,
        232.8065948486328
    ],
    "10": [
        1243.44091796875,
        466.5044860839844
    ],
    "2": [
        528.6624450683594,
        250.46397399902344
    ],
    "9": [
        461.0090026855469,
        644.3585815429688
    ],
    "1": [
        263.8320083618164,
        258.9469757080078
    ],
    "15": [
        1515.4005126953125,
        323.3651428222656
    ],
    "13": [
        1003.0716247558594,
        351.5132751464844
    ],
    "6": [
        1069.916259765625,
        414.8675079345703
    ]
}