{
    "5": [
        838.7882080078125,
        292.600830078125
    ],
    "17": [
        510.7510070800781,
        346.7342224121094
    ],
    "7": [
        679.2345581054688,
        317.3041687011719
    ],
    "1": [
        270.73504638671875,
        261.8112487792969
    ],
    "9": [
        412.05006408691406,
        635.982666015625
    ],
    "10": [
        1252.2532348632812,
        465.9767761230469
    ],
    "12": [
        745.6372680664062,
        231.25579071044922
    ],
    "15": [
        1543.3477783203125,
        334.53021240234375
    ],
    "13": [
        986.9579772949219,
        355.73851013183594
    ],
    "8": [
        1460.7921752929688,
        443.2545166015625
    ],
    "2": [
        529.6175537109375,
        252.4059600830078
    ],
    "6": [
        1057.5347900390625,
        413.6313018798828
    ]
}