{
    "5": [
        829.6044006347656,
        295.5717468261719
    ],
    "17": [
        516.5101776123047,
        342.39202880859375
    ],
    "7": [
        675.3844909667969,
        321.16717529296875
    ],
    "12": [
        743.134033203125,
        231.6267852783203
    ],
    "1": [
        280.69879150390625,
        257.70228576660156
    ],
    "9": [
        341.92811584472656,
        658.761962890625
    ],
    "8": [
        1434.39306640625,
        436.5161895751953
    ],
    "15": [
        1566.0567626953125,
        337.49517822265625
    ],
    "13": [
        962.9695129394531,
        357.25506591796875
    ],
    "10": [
        1254.69677734375,
        475.38104248046875
    ],
    "2": [
        530.7803039550781,
        258.6185607910156
    ],
    "6": [
        1023.2915344238281,
        417.61993408203125
    ]
}