{
    "5": [
        830.730224609375,
        294.76490783691406
    ],
    "17": [
        507.3072052001953,
        342.4084777832031
    ],
    "7": [
        663.4842529296875,
        325.3734436035156
    ],
    "12": [
        743.5949096679688,
        233.65448760986328
    ],
    "8": [
        1388.5279541015625,
        415.34324645996094
    ],
    "9": [
        266.2057876586914,
        617.7698669433594
    ],
    "1": [
        288.44093322753906,
        262.01683044433594
    ],
    "10": [
        1217.2078247070312,
        473.52867126464844
    ],
    "15": [
        1591.9830322265625,
        356.68218994140625
    ],
    "2": [
        525.771484375,
        257.1632080078125
    ],
    "6": [
        986.1497802734375,
        416.4912109375
    ]
}