{"4": [831.011474609375, 293.7235870361328], "9": [1388.1873168945312, 413.3729248046875], "6": [660.6285400390625, 323.3648986816406], "18": [499.54327392578125, 340.0097198486328], "3": [742.2676696777344, 231.0127182006836], "10": [247.5037078857422, 618.0393676757812], "1": [277.52032470703125, 259.1055145263672], "11": [1209.6864624023438, 479.5704803466797], "13": [1596.5828247070312, 354.60888671875], "2": [519.4107360839844, 253.07254028320312], "8": [982.2549133300781, 416.01849365234375]}