{
    "5": [
        833.1131591796875,
        294.6833801269531
    ],
    "8": [
        1385.0349731445312,
        414.97642517089844
    ],
    "7": [
        663.0775146484375,
        324.28489685058594
    ],
    "17": [
        505.09210205078125,
        342.356689453125
    ],
    "9": [
        259.3159408569336,
        618.0114135742188
    ],
    "12": [
        743.8372192382812,
        233.86104583740234
    ],
    "1": [
        288.2466583251953,
        263.06150817871094
    ],
    "15": [
        1590.763427734375,
        357.273193359375
    ],
    "10": [
        1208.8162841796875,
        479.1562194824219
    ],
    "2": [
        525.5684204101562,
        258.3263244628906
    ],
    "6": [
        979.8295288085938,
        416.4393615722656
    ]
}