{"4": [837.5808410644531, 292.422607421875], "18": [497.8275604248047, 339.5326690673828], "6": [663.003662109375, 324.4091339111328], "9": [1358.69677734375, 412.3912048339844], "3": [743.5648803710938, 232.1521453857422], "1": [280.86302185058594, 262.34034729003906], "11": [1170.7969360351562, 476.4641876220703], "10": [219.48554229736328, 589.40869140625], "13": [1573.0722045898438, 348.6307830810547], "8": [958.4488830566406, 416.7283020019531], "2": [513.2566986083984, 254.26658630371094]}