{
    "17": [
        503.49560546875,
        343.2244873046875
    ],
    "8": [
        1339.9703369140625,
        410.7354278564453
    ],
    "5": [
        838.7661437988281,
        292.29444885253906
    ],
    "7": [
        669.469482421875,
        327.9810333251953
    ],
    "1": [
        292.6205291748047,
        266.24427795410156
    ],
    "12": [
        746.5041809082031,
        234.38848876953125
    ],
    "15": [
        1556.013671875,
        351.3352966308594
    ],
    "10": [
        1146.93212890625,
        473.7391357421875
    ],
    "9": [
        225.05442810058594,
        574.7275390625
    ],
    "2": [
        516.9767913818359,
        258.3326721191406
    ],
    "6": [
        945.6683044433594,
        420.48219299316406
    ]
}