{"4": [843.222412109375, 293.95184326171875], "6": [677.7204284667969, 325.53700256347656], "3": [746.4204406738281, 231.6327362060547], "1": [283.57664489746094, 262.4858703613281], "7": [492.84429931640625, 342.59283447265625], "13": [1545.8950805664062, 353.1058807373047], "9": [1319.2113037109375, 403.76202392578125], "10": [205.2622833251953, 568.7500305175781], "11": [1102.8824462890625, 474.4964599609375], "2": [508.2003936767578, 248.46306610107422], "8": [926.5693664550781, 413.54832458496094], "12": [915.6018981933594, 336.6352233886719]}