{
    "7": [
        682.11279296875,
        326.00390625
    ],
    "5": [
        846.1075744628906,
        295.4049377441406
    ],
    "12": [
        747.7299194335938,
        232.61905670166016
    ],
    "1": [
        294.2288360595703,
        266.6161346435547
    ],
    "17": [
        495.5141906738281,
        347.4485168457031
    ],
    "9": [
        218.55929565429688,
        561.6334228515625
    ],
    "15": [
        1531.0469970703125,
        351.90240478515625
    ],
    "10": [
        1095.2728881835938,
        480.50567626953125
    ],
    "2": [
        514.7854156494141,
        253.88504028320312
    ],
    "8": [
        1310.6300659179688,
        404.51625061035156
    ],
    "6": [
        921.0863952636719,
        411.7201385498047
    ],
    "13": [
        914.0430297851562,
        335.0571594238281
    ]
}