{
    "7": [
        682.9281005859375,
        324.20782470703125
    ],
    "1": [
        295.2779541015625,
        266.865966796875
    ],
    "12": [
        748.537353515625,
        232.28011322021484
    ],
    "17": [
        489.8494567871094,
        349.97315979003906
    ],
    "5": [
        849.6492309570312,
        296.09832763671875
    ],
    "9": [
        224.57329559326172,
        543.5198669433594
    ],
    "15": [
        1513.1013793945312,
        341.7761688232422
    ],
    "8": [
        1298.8222045898438,
        404.7497253417969
    ],
    "2": [
        513.3422546386719,
        252.6399688720703
    ],
    "10": [
        1074.6654663085938,
        478.4931945800781
    ],
    "13": [
        915.2142333984375,
        334.9123840332031
    ]
}