{
    "1": [
        294.1585235595703,
        268.4778747558594
    ],
    "7": [
        683.2330322265625,
        328.69981384277344
    ],
    "17": [
        480.82408142089844,
        347.89283752441406
    ],
    "12": [
        750.6887817382812,
        233.48889923095703
    ],
    "5": [
        853.0874633789062,
        299.8042755126953
    ],
    "15": [
        1494.1122436523438,
        336.4840545654297
    ],
    "10": [
        1053.2079467773438,
        469.8639373779297
    ],
    "8": [
        1286.2053833007812,
        404.17674255371094
    ],
    "9": [
        233.1836166381836,
        522.8426818847656
    ],
    "2": [
        513.4507141113281,
        253.33335876464844
    ],
    "6": [
        898.3658752441406,
        414.2926940917969
    ],
    "13": [
        915.57861328125,
        339.36424255371094
    ]
}