{"3": [754.6687622070312, 234.02830505371094], "1": [276.9851989746094, 265.64227294921875], "6": [684.0733947753906, 341.3683319091797], "18": [457.79344177246094, 344.8302764892578], "2": [512.1936645507812, 252.34983825683594], "10": [234.9390106201172, 522.2381896972656], "9": [1254.829345703125, 404.6645050048828], "11": [1001.7582702636719, 466.4098205566406], "4": [862.063720703125, 298.2583465576172], "12": [914.3180236816406, 358.28773498535156], "13": [1462.5174560546875, 334.14996337890625], "8": [881.1309509277344, 412.8585205078125]}