{
    "1": [
        288.0544891357422,
        273.1180114746094
    ],
    "17": [
        459.1377258300781,
        346.9980926513672
    ],
    "12": [
        761.054931640625,
        235.40550231933594
    ],
    "7": [
        677.3718872070312,
        344.4219665527344
    ],
    "9": [
        253.23104858398438,
        519.2890625
    ],
    "26": [
        915.9804382324219,
        358.9917297363281
    ],
    "2": [
        522.0877380371094,
        255.6082000732422
    ],
    "6": [
        872.3489990234375,
        415.28761291503906
    ],
    "10": [
        978.6233215332031,
        471.08570861816406
    ],
    "15": [
        1436.5925903320312,
        330.974365234375
    ],
    "8": [
        1239.0932006835938,
        402.6002502441406
    ],
    "13": [
        864.4913024902344,
        302.70530700683594
    ]
}