{
    "1": [
        286.0252227783203,
        274.3861999511719
    ],
    "12": [
        764.1972351074219,
        233.9183349609375
    ],
    "17": [
        457.0167236328125,
        348.1485595703125
    ],
    "9": [
        259.71427154541016,
        511.14178466796875
    ],
    "7": [
        671.5244445800781,
        342.14617919921875
    ],
    "2": [
        523.7810363769531,
        256.2532196044922
    ],
    "15": [
        1425.0689086914062,
        329.74049377441406
    ],
    "6": [
        867.9751281738281,
        412.2543487548828
    ],
    "10": [
        965.8358154296875,
        469.76031494140625
    ],
    "26": [
        914.35107421875,
        357.5448455810547
    ],
    "5": [
        863.1492309570312,
        295.08314514160156
    ],
    "8": [
        1233.8884887695312,
        401.9204406738281
    ],
    "13": [
        862.8319702148438,
        300.2053985595703
    ]
}