{
    "12": [
        770.8109741210938,
        230.8235321044922
    ],
    "17": [
        442.4876708984375,
        355.28515625
    ],
    "1": [
        273.09315490722656,
        280.7283935546875
    ],
    "7": [
        640.3470153808594,
        339.80833435058594
    ],
    "9": [
        292.615478515625,
        494.6511688232422
    ],
    "10": [
        900.0413208007812,
        451.7687683105469
    ],
    "5": [
        860.3566589355469,
        284.5997314453125
    ],
    "2": [
        541.6423645019531,
        257.13929748535156
    ],
    "26": [
        920.377197265625,
        357.76861572265625
    ],
    "15": [
        1376.5839233398438,
        314.06858825683594
    ],
    "6": [
        847.6900024414062,
        414.8282470703125
    ],
    "8": [
        1203.2349243164062,
        394.17364501953125
    ]
}