{"18": [420.89691162109375, 360.4163055419922], "3": [769.2442626953125, 227.4921112060547], "1": [248.4512939453125, 270.06097412109375], "23": [924.8320007324219, 358.5970764160156], "13": [1340.0783081054688, 320.6578674316406], "4": [859.0321960449219, 269.97174072265625], "6": [595.1183776855469, 333.78900146484375], "2": [548.7867736816406, 246.81887817382812], "9": [1174.367431640625, 400.8294677734375], "10": [305.6088562011719, 492.1755065917969], "8": [845.9151306152344, 460.4652404785156]}