{
    "17": [
        423.00408935546875,
        369.8629455566406
    ],
    "12": [
        767.9498901367188,
        228.66570281982422
    ],
    "1": [
        257.1274642944336,
        279.2048034667969
    ],
    "5": [
        858.9462280273438,
        273.19622802734375
    ],
    "26": [
        928.1735229492188,
        361.2408752441406
    ],
    "8": [
        1165.0828857421875,
        400.88250732421875
    ],
    "7": [
        581.17333984375,
        344.7757263183594
    ],
    "28": [
        560.8539428710938,
        251.3860321044922
    ],
    "6": [
        822.715576171875,
        464.11607360839844
    ],
    "9": [
        325.9715118408203,
        479.13543701171875
    ],
    "15": [
        1322.601806640625,
        323.2151184082031
    ]
}