{
    "12": [
        763.4530334472656,
        228.3871078491211
    ],
    "17": [
        419.194091796875,
        373.5350799560547
    ],
    "1": [
        251.77149963378906,
        283.89122009277344
    ],
    "7": [
        564.2156677246094,
        354.16505432128906
    ],
    "26": [
        934.6966857910156,
        361.4666290283203
    ],
    "8": [
        1157.6215209960938,
        403.87269592285156
    ],
    "5": [
        856.7915649414062,
        275.12158203125
    ],
    "10": [
        804.6663513183594,
        452.6984558105469
    ],
    "2": [
        565.2572021484375,
        255.18868255615234
    ],
    "9": [
        339.0111999511719,
        471.1836395263672
    ],
    "15": [
        1304.204345703125,
        319.9568786621094
    ]
}