{
    "12": [
        760.7430419921875,
        228.58291625976562
    ],
    "7": [
        549.44677734375,
        362.28155517578125
    ],
    "1": [
        245.3977813720703,
        286.3168487548828
    ],
    "17": [
        416.54481506347656,
        380.6567077636719
    ],
    "26": [
        939.5482482910156,
        360.9053955078125
    ],
    "5": [
        855.1222534179688,
        275.4666442871094
    ],
    "9": [
        347.6084747314453,
        449.79087829589844
    ],
    "8": [
        1154.9351196289062,
        403.79847717285156
    ],
    "2": [
        571.2916870117188,
        246.9421157836914
    ],
    "15": [
        1273.5288696289062,
        316.6722412109375
    ],
    "10": [
        780.101318359375,
        454.4499206542969
    ]
}