{
    "5": [
        851.5767211914062,
        277.2327880859375
    ],
    "12": [
        758.80126953125,
        227.82852935791016
    ],
    "1": [
        241.9278793334961,
        286.8387145996094
    ],
    "17": [
        413.4350280761719,
        378.8155975341797
    ],
    "26": [
        944.2323303222656,
        359.40869140625
    ],
    "8": [
        1146.4534301757812,
        406.5343475341797
    ],
    "7": [
        536.5912475585938,
        366.03062438964844
    ],
    "15": [
        1250.174560546875,
        313.7535400390625
    ],
    "9": [
        359.69102478027344,
        411.903564453125
    ],
    "2": [
        575.8809509277344,
        245.10330200195312
    ],
    "10": [
        755.0822143554688,
        453.59364318847656
    ],
    "6": [
        811.2812194824219,
        406.42335510253906
    ]
}