{"3": [752.0845336914062, 225.48477172851562], "1": [224.05779266357422, 283.1259460449219], "23": [941.9932250976562, 354.4353942871094], "4": [834.6185302734375, 261.1985626220703], "9": [1129.7107543945312, 406.62696838378906], "6": [499.3286437988281, 341.76190185546875], "13": [1166.281005859375, 307.6462860107422], "8": [696.4071044921875, 464.9612121582031], "11": [789.6659851074219, 400.19598388671875], "2": [586.4450988769531, 244.62071228027344], "10": [375.9776916503906, 332.9936065673828]}