{
    "12": [
        753.6848754882812,
        228.26067352294922
    ],
    "1": [
        235.42061614990234,
        287.7987060546875
    ],
    "7": [
        504.5686340332031,
        342.69749450683594
    ],
    "26": [
        940.9241943359375,
        355.8186492919922
    ],
    "8": [
        1130.0328979492188,
        406.8079071044922
    ],
    "5": [
        835.8470764160156,
        263.31158447265625
    ],
    "10": [
        697.5685424804688,
        465.6654052734375
    ],
    "15": [
        1164.527099609375,
        308.6231384277344
    ],
    "2": [
        590.8475952148438,
        247.74755859375
    ],
    "6": [
        788.4810791015625,
        401.61627197265625
    ],
    "9": [
        384.2378692626953,
        334.8727264404297
    ]
}