{
    "1": [
        233.83931732177734,
        285.17506408691406
    ],
    "12": [
        750.0146789550781,
        228.70733642578125
    ],
    "26": [
        939.9164123535156,
        354.92771911621094
    ],
    "5": [
        831.8301696777344,
        252.84413146972656
    ],
    "6": [
        780.4112854003906,
        406.8173370361328
    ],
    "8": [
        1124.4930419921875,
        409.7039489746094
    ],
    "10": [
        659.160400390625,
        469.27345275878906
    ],
    "2": [
        594.8251037597656,
        241.2148666381836
    ],
    "13": [
        1122.3370361328125,
        309.37762451171875
    ],
    "9": [
        392.9222412109375,
        331.19891357421875
    ],
    "7": [
        497.240966796875,
        293.8992614746094
    ]
}