{
    "7": [
        489.5847473144531,
        314.608154296875
    ],
    "15": [
        1040.53173828125,
        305.2527313232422
    ],
    "5": [
        832.647216796875,
        258.3701934814453
    ],
    "12": [
        767.1940002441406,
        240.63662719726562
    ],
    "1": [
        262.48827362060547,
        274.0644226074219
    ],
    "17": [
        393.8911437988281,
        365.6927795410156
    ],
    "26": [
        946.51416015625,
        361.8534240722656
    ],
    "6": [
        775.8209838867188,
        393.57643127441406
    ],
    "2": [
        591.6030883789062,
        243.0642547607422
    ],
    "8": [
        1109.4718017578125,
        429.99456787109375
    ],
    "10": [
        580.6283264160156,
        473.5597229003906
    ],
    "9": [
        437.8683319091797,
        436.01710510253906
    ]
}