{"6": [482.48388671875, 311.5733642578125], "13": [1040.7763671875, 303.20277404785156], "4": [831.9877014160156, 257.28607177734375], "3": [764.7215576171875, 237.42700958251953], "1": [248.33409881591797, 270.7879333496094], "11": [774.7719421386719, 393.16322326660156], "23": [946.5263977050781, 361.76683044433594], "9": [1109.6859741210938, 429.8358459472656], "2": [587.7991027832031, 239.93985748291016], "8": [577.7254943847656, 471.8454895019531], "10": [431.02301025390625, 434.2464904785156], "18": [379.167236328125, 365.46778869628906]}