{
    "12": [
        778.6716003417969,
        232.1422576904297
    ],
    "1": [
        273.806396484375,
        273.3200378417969
    ],
    "7": [
        489.4647521972656,
        356.95989990234375
    ],
    "5": [
        845.843017578125,
        255.40394592285156
    ],
    "2": [
        581.9972229003906,
        239.74063873291016
    ],
    "6": [
        779.3914794921875,
        384.63702392578125
    ],
    "15": [
        1037.3560791015625,
        309.14337158203125
    ],
    "9": [
        438.4901428222656,
        439.0266571044922
    ],
    "26": [
        950.958251953125,
        347.98223876953125
    ],
    "8": [
        1116.3015747070312,
        434.41819763183594
    ],
    "10": [
        571.1124877929688,
        470.4710388183594
    ],
    "34": [
        376.19142150878906,
        378.43797302246094
    ]
}