{
    "12": [
        782.4878540039062,
        225.41949462890625
    ],
    "7": [
        491.0578918457031,
        365.22740173339844
    ],
    "9": [
        434.51702880859375,
        439.0509490966797
    ],
    "5": [
        854.798583984375,
        256.40985107421875
    ],
    "1": [
        282.71949768066406,
        274.39727783203125
    ],
    "15": [
        1036.9125366210938,
        309.09681701660156
    ],
    "2": [
        578.6077880859375,
        237.9224395751953
    ],
    "6": [
        780.9811096191406,
        379.92572021484375
    ],
    "10": [
        570.3521728515625,
        471.9405212402344
    ],
    "26": [
        952.5372924804688,
        348.9203643798828
    ],
    "8": [
        1123.47900390625,
        435.0318908691406
    ],
    "17": [
        374.56141662597656,
        375.9846954345703
    ]
}