{"10": [431.85472106933594, 438.5672607421875], "6": [486.5211486816406, 345.9247283935547], "3": [804.1176147460938, 225.61500549316406], "13": [1064.7452392578125, 281.83091735839844], "8": [584.7203369140625, 482.582763671875], "18": [347.6341094970703, 354.3903045654297], "2": [570.2723083496094, 235.09082794189453], "23": [980.8041076660156, 358.29229736328125], "11": [788.9158630371094, 366.3605041503906], "9": [1156.3480834960938, 428.4319152832031], "7": [341.2657775878906, 325.4169464111328]}