{"10": [429.2576446533203, 437.6844024658203], "7": [330.0712432861328, 349.0215148925781], "6": [490.1571960449219, 346.7414093017578], "11": [792.9373474121094, 361.03753662109375], "23": [1008.0449523925781, 346.72222900390625], "2": [565.9686279296875, 231.24065399169922], "9": [1178.6165161132812, 441.2710418701172], "13": [1079.43701171875, 287.7644348144531], "3": [832.108154296875, 218.59799194335938], "8": [591.6426696777344, 475.17462158203125]}