{"9": [1226.5835571289062, 441.1490783691406], "11": [806.8966674804688, 356.26576232910156], "3": [858.1363220214844, 210.42266082763672], "2": [562.263671875, 228.58528900146484], "6": [502.06373596191406, 356.57447814941406], "10": [428.46923828125, 442.37196350097656], "1": [404.3935546875, 270.0478973388672], "13": [1102.4161987304688, 296.6556396484375], "23": [1037.64111328125, 358.6632537841797], "18": [299.9253234863281, 350.2197265625], "8": [611.0835876464844, 502.745849609375]}