{
    "9": [
        434.4671325683594,
        448.65771484375
    ],
    "6": [
        826.8998718261719,
        348.8211212158203
    ],
    "1": [
        458.08514404296875,
        271.49249267578125
    ],
    "2": [
        562.6763000488281,
        234.24198150634766
    ],
    "8": [
        1254.582275390625,
        464.1597442626953
    ],
    "17": [
        296.7649230957031,
        346.0679016113281
    ],
    "5": [
        881.1388854980469,
        225.35323333740234
    ],
    "13": [
        1074.7044067382812,
        359.96630859375
    ],
    "10": [
        647.4232788085938,
        497.27476501464844
    ],
    "15": [
        1132.26220703125,
        290.5945587158203
    ],
    "7": [
        524.2446899414062,
        343.22901916503906
    ]
}