{"11": [830.6303100585938, 344.9888000488281], "18": [277.72377014160156, 335.75152587890625], "1": [466.80926513671875, 264.8616943359375], "10": [425.79222106933594, 451.8165740966797], "2": [556.0646057128906, 230.91149139404297], "9": [1271.430908203125, 464.28871154785156], "13": [1146.12939453125, 284.8288116455078], "8": [657.797119140625, 490.73439025878906], "12": [1084.517822265625, 355.48883056640625], "3": [892.5436401367188, 224.05577850341797], "6": [532.1788635253906, 338.47462463378906]}