{"1": [474.9145050048828, 263.23683166503906], "11": [833.6136474609375, 343.2212829589844], "10": [425.40711975097656, 451.4812469482422], "18": [280.7945251464844, 336.7616882324219], "2": [555.4862670898438, 231.19463348388672], "12": [1087.24365234375, 352.3561706542969], "9": [1279.5342407226562, 462.4620361328125], "6": [534.556884765625, 335.8281707763672], "8": [662.734375, 485.81005859375], "13": [1150.2835083007812, 282.1934356689453]}