{
    "9": [
        435.91075134277344,
        455.7663879394531
    ],
    "6": [
        845.0510864257812,
        335.9092102050781
    ],
    "8": [
        1304.3231201171875,
        442.48741149902344
    ],
    "10": [
        690.8456420898438,
        481.8910217285156
    ],
    "13": [
        1107.0169677734375,
        345.6707763671875
    ],
    "15": [
        1172.05029296875,
        278.7749938964844
    ],
    "17": [
        279.21815490722656,
        335.5327911376953
    ],
    "5": [
        939.6148986816406,
        220.4267120361328
    ],
    "2": [
        562.5830078125,
        231.46168518066406
    ],
    "7": [
        552.9610290527344,
        330.1363983154297
    ],
    "1": [
        526.0745544433594,
        275.0973663330078
    ]
}