{"10": [428.7176513671875, 454.524169921875], "11": [844.3853149414062, 335.34564208984375], "8": [688.6813354492188, 482.16796875], "9": [1306.8740844726562, 442.5972900390625], "12": [1107.2484130859375, 344.5766296386719], "2": [556.0322265625, 230.32494354248047], "18": [266.66908264160156, 332.30523681640625], "13": [1173.9498901367188, 276.19654846191406], "3": [939.4218444824219, 218.04173278808594], "1": [520.1156311035156, 271.8096618652344], "6": [549.0785827636719, 328.2162170410156]}