{
    "9": [
        437.3792724609375,
        456.0141296386719
    ],
    "6": [
        846.9784851074219,
        334.99261474609375
    ],
    "8": [
        1306.65869140625,
        438.8202209472656
    ],
    "10": [
        696.0168151855469,
        480.63987731933594
    ],
    "13": [
        1110.0012817382812,
        344.8908996582031
    ],
    "15": [
        1177.2219848632812,
        280.23216247558594
    ],
    "17": [
        276.75250244140625,
        333.6535339355469
    ],
    "2": [
        561.958251953125,
        233.16043090820312
    ],
    "1": [
        533.8663024902344,
        275.9832458496094
    ],
    "7": [
        555.7444152832031,
        331.4831085205078
    ]
}