{
    "9": [
        445.44883728027344,
        457.1870880126953
    ],
    "6": [
        858.2713623046875,
        334.3818054199219
    ],
    "10": [
        732.9287414550781,
        475.00921630859375
    ],
    "8": [
        1324.9569091796875,
        424.99835205078125
    ],
    "17": [
        267.7379608154297,
        328.1044464111328
    ],
    "15": [
        1202.524169921875,
        284.0145568847656
    ],
    "13": [
        1136.40869140625,
        344.6519470214844
    ],
    "5": [
        997.657958984375,
        219.0586700439453
    ],
    "1": [
        568.707275390625,
        280.1313018798828
    ]
}