{"5": [856.9193115234375, 272.18072509765625], "6": [683.875244140625, 306.07496643066406], "10": [961.648681640625, 538.3483581542969], "1": [75.7197494506836, 203.22888946533203], "8": [1339.231201171875, 316.9653778076172], "2": [504.8776397705078, 224.3946990966797], "7": [750.2402954101562, 285.5502624511719], "9": [1601.2699584960938, 392.04150390625], "3": [757.8558654785156, 215.791748046875], "11": [1294.4876708984375, 499.3031463623047], "4": [1064.6982421875, 293.52613830566406]}