{
    "9": [
        450.1883087158203,
        459.26556396484375
    ],
    "6": [
        863.2247314453125,
        333.2238464355469
    ],
    "17": [
        265.7570037841797,
        326.27130126953125
    ],
    "8": [
        1333.011962890625,
        423.1171569824219
    ],
    "10": [
        747.1644897460938,
        481.1869354248047
    ],
    "13": [
        1148.5820922851562,
        344.1174011230469
    ],
    "15": [
        1213.7103881835938,
        284.0049285888672
    ],
    "5": [
        1019.9478149414062,
        218.55406188964844
    ],
    "7": [
        579.6289672851562,
        276.39300537109375
    ]
}