{
    "9": [
        452.4964294433594,
        460.15647888183594
    ],
    "6": [
        865.2301330566406,
        333.09661865234375
    ],
    "17": [
        265.27247619628906,
        327.80186462402344
    ],
    "8": [
        1336.6260375976562,
        421.80633544921875
    ],
    "10": [
        752.2514953613281,
        478.6009063720703
    ],
    "13": [
        1151.1932983398438,
        344.05039978027344
    ],
    "15": [
        1221.0558471679688,
        283.38525390625
    ],
    "5": [
        1032.5628662109375,
        222.54287719726562
    ],
    "1": [
        576.1116943359375,
        260.7530212402344
    ]
}