{
    "9": [
        454.8481750488281,
        460.3899383544922
    ],
    "6": [
        867.3994445800781,
        332.85760498046875
    ],
    "17": [
        264.94482421875,
        323.2818298339844
    ],
    "8": [
        1343.3014526367188,
        420.0924377441406
    ],
    "13": [
        1155.041748046875,
        343.7904052734375
    ],
    "10": [
        757.8273620605469,
        472.7365264892578
    ],
    "2": [
        570.6196594238281,
        236.33382415771484
    ],
    "15": [
        1226.2439575195312,
        283.47361755371094
    ],
    "5": [
        1039.8151245117188,
        220.44976806640625
    ],
    "7": [
        605.0573425292969,
        331.36546325683594
    ],
    "34": [
        598.9447021484375,
        270.2787628173828
    ]
}