{"10": [459.7605285644531, 460.5531311035156], "11": [873.2183227539062, 326.4322204589844], "18": [254.51126098632812, 319.0199890136719], "13": [1243.5213623046875, 278.9138488769531], "8": [773.3796691894531, 466.55609130859375], "9": [1361.4596557617188, 418.8370056152344], "2": [570.0330810546875, 229.73485565185547], "12": [1168.1698608398438, 339.1407165527344], "3": [1081.0927734375, 215.27914428710938], "7": [619.2302551269531, 264.13438415527344], "6": [609.0163879394531, 331.4088592529297]}