{
    "9": [
        469.9552459716797,
        459.4403839111328
    ],
    "6": [
        880.07421875,
        324.501953125
    ],
    "17": [
        268.7754821777344,
        320.559326171875
    ],
    "2": [
        577.8385009765625,
        232.1455535888672
    ],
    "10": [
        788.2427368164062,
        471.5249328613281
    ],
    "8": [
        1366.762451171875,
        419.0391387939453
    ],
    "15": [
        1247.6317749023438,
        278.62481689453125
    ],
    "13": [
        1174.3190307617188,
        338.49195861816406
    ],
    "5": [
        1104.3265380859375,
        221.25404357910156
    ],
    "7": [
        613.090576171875,
        328.89366149902344
    ],
    "1": [
        633.5852355957031,
        263.9897918701172
    ]
}