{"11": [880.9046630859375, 323.0380554199219], "13": [1256.8048706054688, 277.4039611816406], "18": [258.6520690917969, 316.8047790527344], "3": [1131.6350708007812, 221.97264862060547], "10": [468.5136413574219, 457.2039489746094], "2": [573.6208190917969, 226.9233169555664], "8": [798.510009765625, 472.40087890625], "12": [1182.9657592773438, 337.7270202636719], "7": [642.2690734863281, 258.6699676513672], "9": [1374.92724609375, 416.5309143066406], "6": [613.8104858398438, 323.7657470703125]}