{
    "6": [
        884.1103820800781,
        323.31114196777344
    ],
    "17": [
        271.4221649169922,
        323.3987731933594
    ],
    "15": [
        1257.8340454101562,
        280.6914978027344
    ],
    "9": [
        479.6483459472656,
        459.3407440185547
    ],
    "2": [
        580.2757568359375,
        230.3238525390625
    ],
    "10": [
        803.8064575195312,
        472.0365753173828
    ],
    "34": [
        652.7279663085938,
        260.6448974609375
    ],
    "13": [
        1186.8983154296875,
        338.72955322265625
    ],
    "8": [
        1375.0975341796875,
        413.8681640625
    ],
    "5": [
        1139.9822387695312,
        221.9985809326172
    ],
    "7": [
        622.825439453125,
        327.9830627441406
    ]
}