{
    "17": [
        275.7371826171875,
        322.6558837890625
    ],
    "6": [
        890.6549072265625,
        323.898681640625
    ],
    "2": [
        583.6818542480469,
        232.3086929321289
    ],
    "15": [
        1265.2503662109375,
        280.51861572265625
    ],
    "9": [
        483.0959777832031,
        454.5824737548828
    ],
    "1": [
        668.6305541992188,
        258.13356018066406
    ],
    "10": [
        821.9394836425781,
        474.466064453125
    ],
    "8": [
        1381.7107543945312,
        413.7828674316406
    ],
    "13": [
        1196.90087890625,
        339.1351013183594
    ],
    "5": [
        1159.1484375,
        220.88169860839844
    ],
    "34": [
        628.4906921386719,
        327.28627014160156
    ]
}