{
    "17": [
        280.0244598388672,
        322.3136291503906
    ],
    "6": [
        893.787353515625,
        323.5986633300781
    ],
    "1": [
        677.1940307617188,
        260.61354064941406
    ],
    "2": [
        585.8309936523438,
        232.70285034179688
    ],
    "15": [
        1267.7608642578125,
        280.0553894042969
    ],
    "9": [
        487.5233459472656,
        457.7592315673828
    ],
    "10": [
        831.360595703125,
        472.5268249511719
    ],
    "7": [
        632.4147033691406,
        327.5534973144531
    ],
    "8": [
        1382.9963989257812,
        412.3746337890625
    ],
    "13": [
        1200.9628295898438,
        338.2101745605469
    ],
    "5": [
        1172.6203002929688,
        220.11988830566406
    ]
}