{"18": [270.3060302734375, 318.3984069824219], "11": [896.9329528808594, 321.534912109375], "8": [841.3494262695312, 473.75616455078125], "6": [632.5444030761719, 326.79425048828125], "2": [582.1481323242188, 229.2907943725586], "1": [678.971923828125, 260.31494140625], "10": [483.0025634765625, 453.91455078125], "12": [1206.9352416992188, 335.5042724609375], "13": [1274.7705078125, 278.5843200683594], "3": [1189.2530517578125, 218.3762664794922], "9": [1391.4097290039062, 410.0915222167969]}