{
    "10": [
        841.8518676757812,
        471.6786651611328
    ],
    "17": [
        282.3538055419922,
        322.62359619140625
    ],
    "6": [
        897.3082580566406,
        322.5915832519531
    ],
    "1": [
        683.7797241210938,
        262.3426513671875
    ],
    "9": [
        489.8752899169922,
        455.7382507324219
    ],
    "5": [
        1186.8773193359375,
        221.16746520996094
    ],
    "2": [
        587.2966003417969,
        233.4220428466797
    ],
    "15": [
        1271.6633911132812,
        280.9307861328125
    ],
    "7": [
        637.1251831054688,
        329.1755828857422
    ],
    "13": [
        1205.8569946289062,
        337.47528076171875
    ],
    "8": [
        1386.0877075195312,
        411.16107177734375
    ]
}