{"18": [286.63771057128906, 314.04083251953125], "11": [915.6665344238281, 320.34527587890625], "2": [589.7941284179688, 230.3693389892578], "1": [711.718994140625, 261.5566711425781], "10": [509.7333221435547, 459.66705322265625], "12": [1223.6376342773438, 329.2890930175781], "6": [652.271484375, 323.6429443359375], "13": [1294.4260864257812, 280.21728515625], "9": [1404.6672973632812, 408.74212646484375], "8": [867.89111328125, 458.612060546875], "3": [1248.8863525390625, 226.99559020996094]}