{"6": [685.1383972167969, 312.7010803222656], "1": [78.75199127197266, 219.62728881835938], "10": [919.3419494628906, 529.7864074707031], "5": [856.9702453613281, 275.0863952636719], "11": [1275.6456298828125, 504.89459228515625], "8": [1338.2391357421875, 327.39593505859375], "2": [506.81756591796875, 226.85498046875], "12": [1069.000732421875, 303.31666564941406], "9": [1605.147705078125, 402.59423828125], "4": [1087.462890625, 287.1922607421875], "7": [758.2540893554688, 288.31829833984375], "3": [761.7270812988281, 224.87632751464844]}