{"6": [675.2191467285156, 318.95794677734375], "12": [1035.1674194335938, 312.4962158203125], "13": [1162.6544189453125, 290.5751647949219], "4": [817.8393859863281, 287.89801025390625], "2": [520.6160430908203, 235.5186004638672], "3": [763.423583984375, 230.2183380126953], "10": [886.7461853027344, 550.6623229980469], "11": [1233.1553955078125, 510.4702911376953], "1": [118.2579460144043, 228.05919647216797], "8": [1244.4635009765625, 361.7472381591797], "9": [1530.84033203125, 420.61505126953125], "7": [788.2474365234375, 280.83253479003906]}