{"6": [677.3219299316406, 319.66888427734375], "12": [1029.3804321289062, 314.0285949707031], "4": [834.1863098144531, 289.5462188720703], "10": [880.9273071289062, 562.0114440917969], "2": [522.5292053222656, 234.3870849609375], "8": [1219.310302734375, 369.5566864013672], "1": [138.07138061523438, 237.5048065185547], "11": [1216.1416015625, 516.9447326660156], "9": [1519.78125, 432.42095947265625], "13": [1182.475341796875, 290.12071228027344], "14": [763.7376098632812, 228.58364868164062], "7": [768.7161865234375, 286.94775390625]}