{"8": [1340.6342163085938, 314.0799560546875], "5": [847.0096740722656, 275.33570861816406], "7": [743.8795471191406, 283.64031982421875], "1": [68.6694564819336, 200.66383361816406], "10": [1005.5685729980469, 541.5005187988281], "11": [1279.97412109375, 499.01902770996094], "9": [1588.8800048828125, 399.093017578125], "2": [502.25025939941406, 224.45750427246094], "6": [693.1034545898438, 309.1334991455078], "3": [744.2547302246094, 214.63274383544922], "4": [1045.1328125, 290.5257263183594]}