{"6": [677.7522583007812, 322.3328552246094], "3": [764.4657897949219, 229.84320068359375], "12": [1031.8690795898438, 315.67095947265625], "10": [842.3965759277344, 563.6238098144531], "2": [524.5265502929688, 237.4681854248047], "4": [855.9412841796875, 285.4951629638672], "13": [1213.1649169921875, 299.02911376953125], "1": [153.0579833984375, 235.84922790527344], "8": [1185.8540649414062, 373.58460998535156], "11": [1204.4385375976562, 524.9776306152344], "9": [1510.776123046875, 436.5846252441406], "7": [726.9220886230469, 284.8000030517578]}