{"12": [1034.839111328125, 320.3859558105469], "13": [1242.3297119140625, 297.3545227050781], "4": [867.6510314941406, 286.0761260986328], "3": [765.0158386230469, 231.29312133789062], "1": [172.4330062866211, 239.69955444335938], "6": [679.4684448242188, 321.4306640625], "2": [524.3331604003906, 236.85234832763672], "10": [798.7035217285156, 556.0288391113281], "9": [1501.284423828125, 449.4585723876953], "15": [1165.71875, 372.29820251464844], "11": [1190.5850219726562, 519.9198303222656]}