{"12": [1040.3506469726562, 326.31463623046875], "4": [874.7754821777344, 284.48358154296875], "13": [1268.5784301757812, 303.3018493652344], "10": [759.2411804199219, 569.7959594726562], "1": [187.51083374023438, 238.77035522460938], "3": [765.21484375, 232.35478973388672], "6": [678.3857116699219, 323.15199279785156], "2": [524.742431640625, 238.72781372070312], "15": [1158.2835083007812, 375.70635986328125], "9": [1499.0900268554688, 459.43650817871094], "18": [655.1099548339844, 296.2242126464844], "8": [1174.694580078125, 521.3603210449219]}