{"4": [876.7294311523438, 284.7111511230469], "12": [1041.9541015625, 326.8785095214844], "6": [679.5247802734375, 322.1473388671875], "13": [1274.361572265625, 303.7403869628906], "10": [750.3053588867188, 575.2820739746094], "1": [188.95630645751953, 239.72450256347656], "3": [765.5311889648438, 231.3909912109375], "2": [524.1224060058594, 239.58908081054688], "15": [1155.7393798828125, 376.9947509765625], "9": [1498.7811279296875, 460.00624084472656], "18": [645.6196899414062, 302.122802734375], "8": [1170.8897705078125, 522.49560546875]}