{"27": [1182.7210693359375, 293.03941345214844], "2": [1485.88671875, 235.75477600097656], "15": [1092.7548828125, 179.64883422851562], "3": [949.8350830078125, 279.65867614746094], "8": [1333.9454956054688, 441.1459655761719], "10": [124.27520751953125, 370.1435241699219], "13": [818.0149841308594, 412.17625427246094], "1": [1293.031494140625, 215.2701416015625], "14": [592.6192321777344, 524.458740234375], "12": [1118.400634765625, 358.3580627441406], "7": [903.2552185058594, 259.0804443359375], "28": [591.5436401367188, 522.1224975585938], "25": [1682.9762573242188, 373.7181701660156]}