{"27": [1178.8236083984375, 295.6561737060547], "8": [1332.5056762695312, 448.8564453125], "2": [1485.6103515625, 236.3243408203125], "3": [949.5450134277344, 280.29193115234375], "15": [1089.3590087890625, 182.10595703125], "10": [116.97486114501953, 370.17149353027344], "12": [1109.1336059570312, 363.35113525390625], "1": [1291.610107421875, 215.302490234375], "13": [806.1831665039062, 413.6767120361328], "7": [889.4973754882812, 262.2999267578125], "14": [596.7593383789062, 522.6295166015625], "28": [580.3395080566406, 470.0562744140625], "25": [1741.4818115234375, 329.2841033935547]}