{"7": [833.0780639648438, 264.7286071777344], "27": [1126.08251953125, 293.0577697753906], "2": [1457.5089721679688, 236.30935668945312], "8": [1283.7951049804688, 517.4581298828125], "15": [1073.029296875, 189.70358276367188], "11": [555.2705688476562, 469.4867401123047], "1": [1279.5364990234375, 222.1054458618164], "10": [87.80359649658203, 355.9144592285156], "12": [972.4634094238281, 358.7815856933594], "28": [689.6965026855469, 503.59596252441406], "3": [954.9497375488281, 283.4318389892578], "13": [697.0241394042969, 394.6119689941406]}