{"27": [1124.0886840820312, 289.37335205078125], "15": [1067.2503051757812, 191.07323455810547], "13": [674.5728149414062, 385.3260803222656], "2": [1454.7042236328125, 237.59759521484375], "7": [827.251708984375, 264.4739990234375], "10": [102.88116455078125, 347.156494140625], "8": [1254.6519775390625, 528.599853515625], "1": [1275.39404296875, 221.26434326171875], "11": [528.4881896972656, 471.3184356689453], "14": [731.3321228027344, 493.73143005371094], "6": [937.3568725585938, 353.4936218261719]}