{"27": [1125.5444946289062, 290.751708984375], "7": [824.6869201660156, 264.50457763671875], "15": [1065.381591796875, 192.6226043701172], "2": [1454.900146484375, 238.34741973876953], "13": [671.26708984375, 380.8822326660156], "10": [115.36457443237305, 340.4506378173828], "1": [1273.548828125, 221.6359405517578], "8": [1242.7839965820312, 542.2091674804688], "11": [520.7393951416016, 462.4826965332031], "3": [949.0255126953125, 284.64039611816406], "14": [739.3181762695312, 488.9106140136719], "6": [929.9509582519531, 352.6103973388672]}