{"8": [1259.06494140625, 381.45494079589844], "2": [1516.1209716796875, 237.87120056152344], "15": [1022.2152099609375, 206.00692749023438], "13": [707.0418701171875, 340.298828125], "14": [795.4292602539062, 421.2301330566406], "6": [922.2759094238281, 343.62286376953125], "27": [1370.135498046875, 280.95831298828125], "11": [538.7553405761719, 357.36761474609375], "3": [743.2311096191406, 253.53226470947266], "1": [1345.6802368164062, 228.06256866455078]}