{"2": [1472.339599609375, 238.99395751953125], "4": [1075.6248779296875, 278.60784912109375], "3": [964.0820922851562, 280.0157165527344], "10": [253.09136199951172, 417.2621765136719], "15": [1191.9556884765625, 146.9959259033203], "14": [895.7203979492188, 557.9086608886719], "11": [385.46929931640625, 482.3514099121094], "1": [1329.0670776367188, 212.30516052246094], "13": [1218.989013671875, 432.1289825439453], "8": [1245.5426635742188, 339.5064392089844], "6": [1155.4223022460938, 358.39013671875], "7": [1185.8051147460938, 292.87574768066406]}