{"2": [1645.5172119140625, 243.81015014648438], "15": [1057.1744384765625, 213.53176879882812], "7": [765.7760009765625, 246.91990661621094], "32": [521.6428527832031, 299.85182189941406], "8": [1289.593017578125, 352.8521423339844], "11": [438.8304138183594, 351.6891784667969], "1": [1376.447998046875, 209.51824951171875], "3": [877.4251708984375, 322.46087646484375], "33": [811.5581970214844, 275.7140350341797], "6": [949.5933227539062, 371.8174133300781], "14": [631.9338684082031, 444.6949768066406]}