{"15": [1063.6199951171875, 220.22410583496094], "32": [505.73931884765625, 301.00440979003906], "8": [1312.474609375, 359.2936553955078], "1": [1374.72216796875, 208.75015258789062], "14": [625.5532531738281, 466.18479919433594], "11": [433.8337707519531, 355.68328857421875], "6": [965.1971435546875, 380.23992919921875], "3": [900.3762817382812, 322.45701599121094], "7": [772.0697021484375, 241.0289077758789], "33": [823.8600463867188, 273.30731201171875], "2": [1665.64794921875, 260.61767578125]}