{"11": [454.1042938232422, 361.3647766113281], "15": [1097.1280517578125, 231.52069091796875], "6": [1022.6159973144531, 393.740478515625], "8": [1375.2715454101562, 370.51409912109375], "2": [1770.1435546875, 283.3275451660156], "14": [693.7838745117188, 466.414306640625], "7": [804.4446716308594, 233.48934936523438], "33": [874.3353271484375, 270.6761169433594], "1": [1367.606689453125, 215.17813110351562], "32": [486.1031951904297, 303.5721893310547], "3": [960.7461242675781, 316.4955291748047]}