{"15": [1148.288330078125, 247.2868423461914], "6": [1103.3604736328125, 405.50022888183594], "1": [1368.1254272460938, 217.31549072265625], "8": [1412.6367797851562, 390.8302001953125], "3": [1015.0984802246094, 322.62107849121094], "11": [490.7145690917969, 373.239013671875], "14": [773.5007019042969, 476.2830352783203], "2": [1873.5441284179688, 331.492431640625], "33": [910.9502868652344, 276.6479187011719], "7": [839.1520690917969, 228.07650756835938], "32": [474.4292297363281, 314.3164367675781]}