{"2": [1468.0382690429688, 239.3761978149414], "4": [1072.5374755859375, 277.09344482421875], "11": [389.6809387207031, 477.28517150878906], "1": [1330.015625, 210.73727416992188], "14": [912.4079284667969, 558.792236328125], "10": [261.3959045410156, 408.5818786621094], "15": [1175.219970703125, 152.53138732910156], "8": [1253.3618774414062, 348.6525573730469], "13": [1214.120849609375, 430.5058135986328], "3": [963.6784362792969, 281.1642761230469], "9": [1160.7095947265625, 353.39373779296875], "6": [1192.8323974609375, 288.89463806152344], "20": [1680.5930786132812, 373.99183654785156]}