{"2": [1466.650390625, 241.85867309570312], "4": [1073.479248046875, 277.7222900390625], "3": [963.516845703125, 282.06097412109375], "1": [1329.514404296875, 210.4128875732422], "11": [386.0780029296875, 476.9514923095703], "14": [910.2670593261719, 562.8130798339844], "12": [1204.8270263671875, 428.0355224609375], "8": [1256.8099365234375, 348.41143798828125], "10": [265.23912048339844, 407.0294189453125], "15": [1165.5693359375, 151.60655212402344], "9": [1158.3175048828125, 351.8913879394531], "7": [1195.2709350585938, 286.9473876953125]}