{"2": [1465.6993408203125, 241.9644317626953], "4": [1075.1121826171875, 276.21630859375], "1": [1329.9288940429688, 209.71942138671875], "11": [384.2530059814453, 476.67315673828125], "14": [910.2579650878906, 563.4439392089844], "3": [963.0634765625, 281.9692687988281], "10": [265.96031188964844, 406.0], "12": [1201.2297973632812, 430.0568389892578], "8": [1257.7384033203125, 347.32513427734375], "15": [1162.9127197265625, 152.730224609375], "6": [1158.5869750976562, 352.7569122314453], "7": [1196.1168823242188, 288.8980712890625], "21": [1682.663818359375, 371.1142578125]}