{"4": [1090.21240234375, 275.8460998535156], "2": [1469.5415649414062, 237.36203002929688], "3": [974.7645874023438, 285.13525390625], "1": [1324.7098999023438, 209.79299926757812], "8": [1240.08447265625, 339.54547119140625], "15": [1203.314697265625, 141.72434997558594], "13": [1217.86376953125, 424.8025665283203], "14": [882.33447265625, 554.8914794921875], "9": [1125.4570922851562, 354.9351043701172], "10": [259.62194061279297, 424.50933837890625], "11": [367.75811767578125, 476.46563720703125], "7": [1170.9599609375, 285.4062805175781]}