{"2": [1460.5996704101562, 240.50765991210938], "4": [1080.535888671875, 278.0990905761719], "1": [1329.1566162109375, 209.12559509277344], "10": [268.2365951538086, 403.79937744140625], "3": [957.5982055664062, 281.0269470214844], "11": [381.12255859375, 477.46726989746094], "15": [1150.2699584960938, 154.37567901611328], "14": [902.0982360839844, 570.0573120117188], "8": [1264.082275390625, 349.5953369140625], "7": [1197.332763671875, 282.036865234375], "12": [1184.411376953125, 435.7593994140625], "9": [1155.9713134765625, 354.8790283203125]}