{"2": [1459.1597290039062, 240.87081146240234], "4": [1082.1798095703125, 278.10028076171875], "1": [1328.9451904296875, 209.31471252441406], "10": [266.97228240966797, 403.3132019042969], "11": [382.41578674316406, 479.17742919921875], "3": [957.4371337890625, 281.00323486328125], "14": [898.5600891113281, 571.1065063476562], "8": [1265.5537109375, 350.45252990722656], "7": [1197.4781494140625, 283.1466064453125], "15": [1149.0518188476562, 155.45899963378906], "13": [1181.9807739257812, 437.8632049560547], "5": [1154.264892578125, 361.83319091796875]}