{"2": [1453.8169555664062, 241.8150177001953], "4": [1091.4244995117188, 280.0824432373047], "3": [951.2315673828125, 283.0827331542969], "1": [1327.10107421875, 209.32836151123047], "15": [1133.801513671875, 141.28225708007812], "10": [262.8474578857422, 404.2821350097656], "11": [380.08351135253906, 477.4965057373047], "14": [874.7658081054688, 564.2936096191406], "12": [1144.203125, 438.1500701904297], "8": [1275.999755859375, 353.2391357421875], "7": [1198.6755981445312, 283.4618835449219], "6": [1152.871826171875, 353.3162536621094]}