{"3": [951.0545959472656, 281.1335754394531], "2": [1452.5756225585938, 241.80072784423828], "1": [1321.2052001953125, 208.44866943359375], "4": [1125.1005859375, 286.0325012207031], "15": [1112.2298583984375, 154.1382064819336], "8": [1289.37255859375, 364.73797607421875], "10": [267.5853958129883, 402.43455505371094], "11": [404.1591339111328, 469.86700439453125], "14": [812.4042358398438, 533.7601928710938], "13": [1027.5309753417969, 432.93255615234375], "12": [1155.5385131835938, 347.71009826660156], "7": [1174.501220703125, 277.81103515625]}