{"3": [951.5549621582031, 280.3150634765625], "15": [1103.86376953125, 170.13422393798828], "2": [1469.5931396484375, 242.08990478515625], "10": [234.21202850341797, 386.5531921386719], "8": [1325.2598876953125, 390.6900329589844], "1": [1316.8550415039062, 207.77513122558594], "13": [935.5594787597656, 408.9192657470703], "12": [1174.21630859375, 350.80682373046875], "14": [662.3858947753906, 534.3958435058594], "6": [1166.1721801757812, 294.927490234375], "7": [1070.5894165039062, 261.8783874511719], "11": [478.3048858642578, 479.997314453125], "25": [1732.1752319335938, 370.9430847167969]}