{"2": [1487.3192138671875, 237.01541137695312], "27": [1189.690185546875, 294.42486572265625], "15": [1097.873046875, 176.41614532470703], "3": [948.7904052734375, 279.5939636230469], "13": [844.5130615234375, 411.2243957519531], "10": [151.83910369873047, 380.3833465576172], "8": [1337.56298828125, 431.26043701171875], "12": [1133.525634765625, 358.18467712402344], "1": [1298.7205810546875, 213.18231201171875], "14": [587.9969177246094, 524.222412109375], "11": [568.7942199707031, 468.33250427246094], "28": [577.6295776367188, 471.94354248046875], "25": [1683.075927734375, 373.43104553222656]}