{
    "8": [
        1337.8719482421875,
        234.09848022460938,
        0.923073947429657,
        1341.919921875,
        228.02658081054688,
        0.9317672252655029,
        1333.8240966796875,
        230.050537109375,
        0.9232600927352905,
        1352.039794921875,
        230.050537109375,
        0.9336039423942566,
        1331.800048828125,
        230.050537109375,
        0.8913307785987854,
        1364.18359375,
        254.33819580078125,
        0.8729463815689087,
        1327.752197265625,
        250.29025268554688,
        0.9098906517028809,
        1372.279541015625,
        286.72174072265625,
        0.8881880044937134,
        1319.65625,
        280.64984130859375,
        0.9154937267303467,
        1372.279541015625,
        315.0573425292969,
        0.8785967230796814,
        1309.536376953125,
        306.9614562988281,
        0.885767936706543,
        1354.063720703125,
        315.0573425292969,
        0.8055222630500793,
        1329.776123046875,
        313.03338623046875,
        0.816569983959198,
        1352.039794921875,
        357.5607604980469,
        0.8757476806640625,
        1325.7281494140625,
        355.5367736816406,
        0.8914628028869629,
        1350.015869140625,
        400.06414794921875,
        0.8956422805786133,
        1323.7042236328125,
        393.99224853515625,
        0.9081436395645142,
        1300.5383067721518,
        208.3940216064453,
        80.73918235413362,
        207.25473327636715
    ],
    "5": [
        832.8531494140625,
        198.6072235107422,
        0.9289762377738953,
        834.8099975585938,
        194.6935577392578,
        0.9428532719612122,
        830.8963012695312,
        194.6935577392578,
        0.9409770965576172,
        846.5509643554688,
        196.650390625,
        0.9274486899375916,
        832.8531494140625,
        196.650390625,
        0.7248337268829346,
        858.2919311523438,
        220.13235473632812,
        0.8626374006271362,
        830.8963012695312,
        214.26187133789062,
        0.9197853803634644,
        864.1624145507812,
        249.4848175048828,
        0.8516901135444641,
        828.939453125,
        241.65748596191406,
        0.8046818971633911,
        858.2919311523438,
        274.9236145019531,
        0.9410322904586792,
        826.982666015625,
        265.13946533203125,
        0.845075249671936,
        852.4214477539062,
        278.8372802734375,
        0.8038482069969177,
        832.8531494140625,
        276.88043212890625,
        0.8488710522651672,
        856.3350830078125,
        319.9306945800781,
        0.8967593908309937,
        828.939453125,
        316.01702880859375,
        0.9277891516685486,
        858.2919311523438,
        359.06732177734375,
        0.882951557636261,
        830.8963012695312,
        355.1536560058594,
        0.9287946224212646,
        802.3532289957926,
        173.75548400878907,
        78.6113276529461,
        200.37939758300783
    ],
    "1": [
        58.75969696044922,
        135.3252716064453,
        0.9069762825965881,
        61.882991790771484,
        132.2019805908203,
        0.9415614008903503,
        55.63640213012695,
        132.2019805908203,
        0.9219189882278442,
        65.00628662109375,
        133.7636260986328,
        0.8750938773155212,
        50.95146179199219,
        135.3252716064453,
        0.9482811093330383,
        75.93781280517578,
        150.94174194335938,
        0.9255112409591675,
        44.704872131347656,
        154.06503295898438,
        0.9299815893173218,
        83.74604797363281,
        169.68150329589844,
        0.8332516551017761,
        43.143226623535156,
        174.36643981933594,
        0.8447021245956421,
        82.18440246582031,
        182.1746826171875,
        0.8598352670669556,
        49.38981246948242,
        183.736328125,
        0.8108524084091187,
        75.93781280517578,
        196.22950744628906,
        0.7940741777420044,
        58.75969696044922,
        197.79115295410156,
        0.8314551115036011,
        82.18440246582031,
        227.4624481201172,
        0.8862121105194092,
        65.00628662109375,
        232.1473846435547,
        0.9016842842102051,
        88.43099212646484,
        260.2570495605469,
        0.8385140299797058,
        71.25287628173828,
        261.8186950683594,
        0.9068953990936279,
        36.22546712396941,
        117.05399475097656,
        62.2465717029889,
        159.91266174316402
    ],
    "3": [
        756.955078125,
        198.29547119140625,
        0.902834415435791,
        756.9473876953125,
        193.91604614257812,
        0.8795288801193237,
        752.5751342773438,
        194.7015380859375,
        0.9062886834144592,
        754.7999267578125,
        194.98703002929688,
        0.5653032660484314,
        740.9747314453125,
        196.48956298828125,
        0.9000275135040283,
        755.1240234375,
        217.13284301757812,
        0.8118761777877808,
        726.8076171875,
        220.38674926757812,
        0.7955251932144165,
        760.536376953125,
        246.60784912109375,
        0.7386654615402222,
        717.93994140625,
        252.41165161132812,
        0.6986875534057617,
        762.3663940429688,
        275.913330078125,
        0.8219210505485535,
        726.80859375,
        277.79901123046875,
        0.818699061870575,
        752.5625610351562,
        279.670166015625,
        0.7124596238136292,
        731.1259765625,
        281.5100402832031,
        0.6679707169532776,
        752.5574951171875,
        323.8846130371094,
        0.7416757345199585,
        727.4603271484375,
        323.2177734375,
        0.7781752347946167,
        752.4989013671875,
        361.62762451171875,
        0.8942970633506775,
        722.92822265625,
        359.65625,
        0.9291611909866333,
        705.0574088286832,
        174.93793334960935,
        77.14056564341479,
        201.86935424804688
    ],
    "11": [
        1233.9923095703125,
        395.4768371582031,
        0.8579185605049133,
        1236.7203369140625,
        390.02081298828125,
        0.8574970364570618,
        1236.7203369140625,
        387.2928161621094,
        0.6281306147575378,
        1239.4483642578125,
        392.74884033203125,
        0.9417478442192078,
        1264.00048828125,
        387.2928161621094,
        0.8902074098587036,
        1236.7203369140625,
        425.4850158691406,
        0.8591774702072144,
        1285.8245849609375,
        414.5729675292969,
        0.9194308519363403,
        1198.5281982421875,
        441.85308837890625,
        0.8550540208816528,
        1310.376708984375,
        452.7651672363281,
        0.9157726168632507,
        1154.8798828125,
        439.1250915527344,
        0.8312972784042358,
        1315.832763671875,
        482.7733154296875,
        0.8772825002670288,
        1269.45654296875,
        507.325439453125,
        0.7776654958724976,
        1299.4647216796875,
        499.14141845703125,
        0.7356309294700623,
        1258.54443359375,
        561.8857421875,
        0.8816272020339966,
        1299.4647216796875,
        556.4296875,
        0.8614899516105652,
        1244.9044189453125,
        621.9020385742188,
        0.9037379026412964,
        1313.104736328125,
        610.989990234375,
        0.8837196826934814,
        1204.0218057699637,
        363.559130859375,
        122.68527029601023,
        279.3486083984374
    ],