{
    "8": [
        1337.6097412109375,
        232.20957946777344,
        0.9263767004013062,
        1341.6572265625,
        228.16209411621094,
        0.9543324708938599,
        1333.562255859375,
        228.16209411621094,
        0.9222280979156494,
        1351.7760009765625,
        230.1858367919922,
        0.9319826364517212,
        1331.53857421875,
        230.1858367919922,
        0.8808435797691345,
        1363.91845703125,
        254.47071838378906,
        0.8824834227561951,
        1327.4910888671875,
        250.42323303222656,
        0.9161903858184814,
        1369.9896240234375,
        286.8505554199219,
        0.8853024840354919,
        1319.3961181640625,
        280.7793273925781,
        0.9135544896125793,
        1372.0133056640625,
        315.18292236328125,
        0.8789259791374207,
        1309.2774658203125,
        307.08795166015625,
        0.8895242214202881,
        1353.7996826171875,
        315.18292236328125,
        0.8151432871818542,
        1329.5147705078125,
        313.1591796875,
        0.8142223358154297,
        1351.7760009765625,
        357.68145751953125,
        0.87889164686203,
        1325.46728515625,
        355.65771484375,
        0.9005419611930847,
        1349.752197265625,
        400.17999267578125,
        0.8876791000366211,
        1323.443603515625,
        394.1087951660156,
        0.9078274369239807,
        1300.266923181554,
        208.53188026547866,
        80.75689473683951,
        207.23085302719437
    ],
    "1": [
        59.27189254760742,
        135.81655883789062,
        0.9123199582099915,
        60.83103561401367,
        132.69825744628906,
        0.9446045756340027,
        56.153602600097656,
        132.69825744628906,
        0.924665093421936,
        65.50846862792969,
        134.2574005126953,
        0.8908573389053345,
        51.47616958618164,
        135.81655883789062,
        0.9348202347755432,
        76.42247772216797,
        151.40798950195312,
        0.9152271151542664,
        45.239593505859375,
        154.52627563476562,
        0.9073595404624939,
        82.65904998779297,
        170.1177215576172,
        0.814582884311676,
        43.680450439453125,
        176.3542938232422,
        0.8288721442222595,
        81.09990692138672,
        182.5908660888672,
        0.8181719779968262,
        51.47616958618164,
        182.5908660888672,
        0.8331735730171204,
        76.42247772216797,
        196.6231689453125,
        0.8006308078765869,
        59.27189254760742,
        198.18231201171875,
        0.8379745483398438,
        82.65904998779297,
        229.3651885986328,
        0.8863801956176758,
        63.94932174682617,
        232.4834747314453,
        0.8978609442710876,
        88.8956298828125,
        262.1072082519531,
        0.8354709148406982,
        70.18589782714844,
        262.1072082519531,
        0.9066370725631714,
        36.76480734054928,
        117.5745761976725,
        62.16475667552916,
        159.6563298789024
    ],
    "5": [
        831.9681396484375,
        196.96188354492188,
        0.9395610690116882,
        835.8533935546875,
        195.01925659179688,
        0.9533951282501221,
        833.9107666015625,
        193.07662963867188,
        0.9375467300415039,
        847.5091552734375,
        196.96188354492188,
        0.9281259775161743,
        835.8533935546875,
        195.01925659179688,
        0.6689532995223999,
        861.1076049804688,
        220.27346801757812,
        0.8672099709510803,
        831.9681396484375,
        214.44558715820312,
        0.8852102756500244,
        864.9928588867188,
        249.4129638671875,
        0.8669233918190002,
        830.0254516601562,
        241.64242553710938,
        0.7836963534355164,
        861.1076049804688,
        276.60980224609375,
        0.9233932495117188,
        830.0254516601562,
        264.9540100097656,
        0.7969157099723816,
        853.3370361328125,
        278.55242919921875,
        0.8087445497512817,
        835.8533935546875,
        276.60980224609375,
        0.8258498311042786,
        857.2223510742188,
        319.34771728515625,
        0.920150101184845,
        830.0254516601562,
        315.4624328613281,
        0.9023924469947815,
        859.1649780273438,
        360.1429748535156,
        0.8932335376739502,
        830.0254516601562,
        356.2577209472656,
        0.9090120196342468,
        803.6340675810924,
        176.17573161357652,
        78.03698016336409,
        198.92550929940765
    ],
    "3": [
        756.6395263671875,
        198.9667510986328,
        0.771350622177124,
        757.188232421875,
        195.28607177734375,
        0.7910045385360718,
        752.9466552734375,
        195.84979248046875,
        0.7842220067977905,
        754.7503662109375,
        197.51010131835938,
        0.6313455104827881,
        743.11767578125,
        197.14163208007812,
        0.7858167886734009,
        756.7365112304688,
        219.35789489746094,
        0.8697739839553833,
        726.944091796875,
        221.34405517578125,
        0.899472713470459,
        762.6950073242188,
        249.15032958984375,
        0.8209388852119446,
        718.9994506835938,
        253.12266540527344,
        0.8471655249595642,
        764.6077270507812,
        279.1601257324219,
        0.7783901691436768,
        729.6865844726562,
        277.9729309082031,
        0.7448292970657349,
        752.7642211914062,
        282.91510009765625,
        0.814818263053894,
        730.9164428710938,
        282.91510009765625,
        0.7761558890342712,
        752.9310302734375,
        322.9508361816406,
        0.7244961261749268,
        729.059814453125,
        322.1453857421875,
        0.7686865329742432,
        752.7642211914062,
        362.3616027832031,
        0.8884220719337463,
        724.9579467773438,
        358.3892822265625,
        0.9210240244865417,
        704.9739573608125,
        174.2719694047305,
        77.7050615213617,
        203.38310536770973
    ],
    "11": [
        1229.4822998046875,
        396.0387878417969,
        0.831683874130249,
        1229.4822998046875,
        390.5862121582031,
        0.8495741486549377,
        1232.2086181640625,
        390.5862121582031,
        0.6268066167831421,
        1234.9349365234375,
        396.0387878417969,
        0.9454399943351746,
        1259.471435546875,
        390.5862121582031,
        0.8942883610725403,
        1234.9349365234375,
        426.0279235839844,
        0.8364086151123047,
        1281.28173828125,
        412.396484375,
        0.9036317467689514,
        1194.0406494140625,
        439.6593322753906,
        0.8283618688583374,
        1305.818359375,
        450.5644836425781,
        0.9203547239303589,
        1150.4200439453125,
        436.9330749511719,
        0.8574292063713074,
        1313.9971923828125,
        483.2799072265625,
        0.882533609867096,
        1267.650390625,
        507.81646728515625,
        0.7970366477966309,
        1297.6395263671875,
        499.63763427734375,
        0.7417268753051758,
        1256.7452392578125,
        562.3421630859375,
        0.878078281879425,
        1297.6395263671875,
        556.8895874023438,
        0.8522563576698303,
        1245.840087890625,
        622.3204345703125,
        0.9218789935112,
        1311.2708740234375,
        611.4153442382812,
        0.8792446851730347,
        1202.25403708406,
        364.14134256493367,
        122.61372401509789,
        279.1714780990985
    ],