{
    "5": [
        840.5616455078125,
        195.61224365234375,
        0.952147901058197,
        844.4743041992188,
        193.65591430664062,
        0.9465984106063843,
        840.5616455078125,
        193.65591430664062,
        0.9174738526344299,
        856.2122802734375,
        197.56857299804688,
        0.9304900765419006,
        838.6052856445312,
        195.61224365234375,
        0.6963564157485962,
        867.9502563476562,
        217.13185119628906,
        0.8607887029647827,
        836.6489868164062,
        213.21920776367188,
        0.8932545185089111,
        873.8192138671875,
        244.52044677734375,
        0.8670518398284912,
        828.8236694335938,
        238.65147399902344,
        0.8578430414199829,
        869.9065551757812,
        271.9090576171875,
        0.9270646572113037,
        824.9110107421875,
        262.1274108886719,
        0.8909586668014526,
        860.1249389648438,
        273.8653869628906,
        0.831627607345581,
        842.5179443359375,
        273.8653869628906,
        0.7900012731552124,
        858.1685791015625,
        316.90460205078125,
        0.8849184513092041,
        850.34326171875,
        314.9482727050781,
        0.8896929025650024,
        862.0812377929688,
        357.98748779296875,
        0.8964707851409912,
        854.2559204101562,
        352.1184997558594,
        0.8856824040412903,
        815.1087659293123,
        174.67953442583138,
        76.33805809012654,
        200.3279954131214
    ],
    "1": [
        77.0452651977539,
        141.6989288330078,
        0.923416018486023,
        80.06526947021484,
        138.67892456054688,
        0.924455463886261,
        74.0252685546875,
        138.67892456054688,
        0.9160155653953552,
        81.57527160644531,
        141.6989288330078,
        0.8708807826042175,
        67.98526000976562,
        141.6989288330078,
        0.9566473364830017,
        87.61528015136719,
        159.81893920898438,
        0.9183927178382874,
        55.905250549316406,
        156.7989501953125,
        0.8779183030128479,
        92.14527893066406,
        180.95896911621094,
        0.8231943249702454,
        46.845245361328125,
        173.40895080566406,
        0.8792741894721985,
        89.12527465820312,
        194.54898071289062,
        0.7243178486824036,
        55.905250549316406,
        188.50897216796875,
        0.8723809123039246,
        81.57527160644531,
        202.09898376464844,
        0.8218227028846741,
        61.945255279541016,
        202.09898376464844,
        0.7694264650344849,
        86.10527801513672,
        235.31900024414062,
        0.8450626730918884,
        66.47525787353516,
        235.31900024414062,
        0.8487364649772644,
        90.6352767944336,
        267.0290222167969,
        0.8508039712905884,
        71.00526428222656,
        260.989013671875,
        0.8409134149551392,
        45.58843799938494,
        124.03191445311978,
        61.40366043049322,
        154.62413034266825
    ],
    "8": [
        1325.9852294921875,
        233.49449157714844,
        0.9266560673713684,
        1329.93994140625,
        229.53976440429688,
        0.9304885864257812,
        1327.962646484375,
        229.53976440429688,
        0.8699013590812683,
        1341.80419921875,
        231.51712036132812,
        0.9322028756141663,
        1337.8494873046875,
        229.53976440429688,
        0.6386987566947937,
        1361.577880859375,
        255.24551391601562,
        0.8668496012687683,
        1327.962646484375,
        249.31341552734375,
        0.875548779964447,
        1365.5325927734375,
        288.8607482910156,
        0.8920883536338806,
        1318.0758056640625,
        278.9739074707031,
        0.8535972237586975,
        1359.6004638671875,
        318.521240234375,
        0.8967432379722595,
        1306.2115478515625,
        306.65704345703125,
        0.878566563129425,
        1349.713623046875,
        316.54388427734375,
        0.7999908924102783,
        1327.962646484375,
        314.5664978027344,
        0.7806511521339417,
        1349.713623046875,
        358.06854248046875,
        0.8420005440711975,
        1324.0079345703125,
        356.0911865234375,
        0.8558685779571533,
        1351.6910400390625,
        401.57061767578125,
        0.8887590765953064,
        1324.0079345703125,
        395.6385192871094,
        0.8972147703170776,
        1299.290752124374,
        212.33672415645353,
        79.0947898612169,
        202.48219086545956
    ],
    "7": [
        758.4420776367188,
        204.5759735107422,
        0.9346469640731812,
        758.4420776367188,
        200.52561950683594,
        0.9390223026275635,
        756.4168701171875,
        200.52561950683594,
        0.9405945539474487,
        758.4420776367188,
        200.52561950683594,
        0.6340119242668152,
        744.2658081054688,
        200.52561950683594,
        0.9478464126586914,
        756.4168701171875,
        220.7773895263672,
        0.8443842530250549,
        734.1399536132812,
        222.8025665283203,
        0.8725332021713257,
        762.492431640625,
        251.15504455566406,
        0.8834015130996704,
        728.0643920898438,
        257.2305908203125,
        0.8524041771888733,
        776.6686401367188,
        269.38165283203125,
        0.7494222521781921,
        730.089599609375,
        287.60821533203125,
        0.9117527008056641,
        754.3917236328125,
        283.557861328125,
        0.8155869245529175,
        738.1903076171875,
        285.58306884765625,
        0.8201916813850403,
        756.4168701171875,
        328.11175537109375,
        0.862831711769104,
        740.2154541015625,
        330.136962890625,
        0.8628734946250916,
        752.3665161132812,
        362.539794921875,
        0.8456640243530273,
        742.2406616210938,
        370.6405029296875,
        0.8747510313987732,
        707.7566853258253,
        172.7806796832676,
        79.09376341504776,
        207.3781602923033
    ],
    "10": [
        942.9257202148438,
        400.5447692871094,
        0.6424194574356079,
        942.9257202148438,
        394.11602783203125,
        0.7333089709281921,
        949.3544311523438,
        390.90167236328125,
        0.5386648178100586,
        942.9257202148438,
        400.5447692871094,
        0.9032851457595825,
        975.0693359375,
        397.3304138183594,
        0.9108306169509888,
        946.1400756835938,
        445.54583740234375,
        0.9061117172241211,
        1000.7842407226562,
        435.9027404785156,
        0.9277036786079407,
        946.1400756835938,
        490.5469055175781,
        0.94782555103302,
        1010.4273071289062,
        484.1181945800781,
        0.8905107378959656,
        930.0682373046875,
        506.6187438964844,
        0.9149425029754639,
        1000.7842407226562,
        519.4761962890625,
        0.9094589948654175,
        965.42626953125,
        541.9767456054688,
        0.8044876456260681,
        994.3555297851562,
        535.5479736328125,
        0.8427233099937439,
        965.42626953125,
        603.0496215820312,
        0.8786665201187134,
        981.498046875,
        590.192138671875,
        0.9012362360954285,
        978.28369140625,
        670.5512084960938,
        0.9526585936546326,
        997.5698852539062,
        644.8363037109375,
        0.8216444849967957,
        907.8638996385683,
        362.9367325986528,
        131.19663189552182,
        329.150761287105
    ],