{
    "5": [
        840.7511596679688,
        196.604248046875,
        0.9610045552253723,
        844.5958251953125,
        192.75955200195312,
        0.963894784450531,
        838.8287963867188,
        194.68190002441406,
        0.9435724020004272,
        854.2075805664062,
        194.68190002441406,
        0.9301560521125793,
        838.8287963867188,
        194.68190002441406,
        0.6942912936210632,
        869.5863037109375,
        213.90536499023438,
        0.8800233602523804,
        840.7511596679688,
        213.90536499023438,
        0.9270354509353638,
        881.1204223632812,
        242.74053955078125,
        0.8560799360275269,
        836.9064331054688,
        240.8181915283203,
        0.8776379227638245,
        877.2756958007812,
        269.65338134765625,
        0.9195104241371155,
        833.061767578125,
        265.8086853027344,
        0.8742926716804504,
        867.6640014648438,
        273.4980773925781,
        0.8140893578529358,
        848.4405517578125,
        273.4980773925781,
        0.7991275787353516,
        869.5863037109375,
        315.7896728515625,
        0.9008411169052124,
        854.2075805664062,
        313.8673095703125,
        0.9287779927253723,
        879.1980590820312,
        356.158935546875,
        0.9107309579849243,
        859.974609375,
        352.3142395019531,
        0.9210954308509827,
        821.4422723539341,
        174.11283892289296,
        75.14230215518012,
        196.8481033115829
    ],
    "6": [
        683.205078125,
        227.8027801513672,
        0.8976222276687622,
        685.2862548828125,
        223.64048767089844,
        0.963635265827179,
        679.0427856445312,
        223.64048767089844,
        0.9259501099586487,
        687.3673706054688,
        225.7216339111328,
        0.8991705775260925,
        670.7182006835938,
        225.7216339111328,
        0.9086219668388367,
        691.5296630859375,
        242.3708038330078,
        0.8940247297286987,
        660.3125,
        248.61424255371094,
        0.8902509212493896,
        714.4223022460938,
        236.1273651123047,
        0.8976290822029114,
        656.1502075195312,
        267.34454345703125,
        0.8475819230079651,
        706.0977172851562,
        211.1536102294922,
        0.8634124994277954,
        670.7182006835938,
        244.4519500732422,
        0.9262679219245911,
        693.61083984375,
        304.80517578125,
        0.8051537871360779,
        674.8804931640625,
        308.96746826171875,
        0.831747829914093,
        704.0165405273438,
        350.59039306640625,
        0.8601325750350952,
        674.8804931640625,
        354.752685546875,
        0.83273845911026,
        704.0165405273438,
        394.29449462890625,
        0.8781174421310425,
        679.0427856445312,
        398.456787109375,
        0.8863338232040405,
        640.6179285888624,
        203.45335972404143,
        87.25542436962348,
        213.10939799936602
    ],
    "10": [
        916.859130859375,
        397.8908996582031,
        0.8207760453224182,
        916.859130859375,
        394.65533447265625,
        0.8729318380355835,
        920.0946655273438,
        391.4197692871094,
        0.7306629419326782,
        920.0946655273438,
        401.1264343261719,
        0.9413093328475952,
        949.2146606445312,
        397.8908996582031,
        0.930363655090332,
        916.859130859375,
        446.4241638183594,
        0.9191123247146606,
        968.6279296875,
        439.95306396484375,
        0.8978022933006287,
        903.9169311523438,
        501.42852783203125,
        0.8766695261001587,
        984.8057250976562,
        485.2507629394531,
        0.9131729602813721,
        907.1524658203125,
        494.9574279785156,
        0.7632175087928772,
        997.7479248046875,
        527.3129272460938,
        0.9958623647689819,
        939.5079956054688,
        540.255126953125,
        0.8527819514274597,
        975.0990600585938,
        533.7840576171875,
        0.866106390953064,
        952.4501953125,
        604.9661865234375,
        0.9118442535400391,
        942.7435302734375,
        598.4950561523438,
        0.8793049454689026,
        981.5701293945312,
        669.6771850585938,
        0.9005637168884277,
        923.3302001953125,
        653.4994506835938,
        0.9113940596580505,
        881.2654673405607,
        366.5060720954832,
        132.66281265369435,
        331.3204214059617
    ],
    "1": [
        74.07479095458984,
        147.55552673339844,
        0.946627140045166,
        77.13814544677734,
        144.49217224121094,
        0.9402932524681091,
        71.01144409179688,
        144.49217224121094,
        0.9424625039100647,
        81.73316192626953,
        147.55552673339844,
        0.9605421423912048,
        66.41641998291016,
        147.55552673339844,
        0.9333069324493408,
        89.39154052734375,
        164.40394592285156,
        0.8923155069351196,
        58.75804901123047,
        162.8722686767578,
        0.8716520071029663,
        95.51823425292969,
        182.78404235839844,
        0.8007567524909973,
        58.75804901123047,
        184.3157196044922,
        0.8357353210449219,
        92.45488739013672,
        199.63246154785156,
        0.8722463250160217,
        66.41641998291016,
        199.63246154785156,
        0.8612232208251953,
        84.79651641845703,
        202.69580078125,
        0.7864240407943726,
        66.41641998291016,
        202.69580078125,
        0.7350783348083496,
        89.39154052734375,
        234.8609619140625,
        0.8500194549560547,
        71.01144409179688,
        236.39263916015625,
        0.83529132604599,
        90.92321014404297,
        267.026123046875,
        0.8274317979812622,
        77.13814544677734,
        270.0894775390625,
        0.8507155179977417,
        47.78479661840083,
        126.57158409622626,
        63.30170573504384,
        156.84345459591975
    ],
    "8": [
        1324.7999267578125,
        235.8765869140625,
        0.9384241700172424,
        1326.7965087890625,
        231.88340759277344,
        0.954547643661499,
        1324.7999267578125,
        231.88340759277344,
        0.9002277851104736,
        1336.779541015625,
        231.88340759277344,
        0.9160919189453125,
        1334.782958984375,
        231.88340759277344,
        0.6270753741264343,
        1358.7420654296875,
        255.84251403808594,
        0.8607249855995178,
        1328.793212890625,
        251.84933471679688,
        0.8496060967445374,
        1366.7283935546875,
        289.7845764160156,
        0.8854213356971741,
        1320.8067626953125,
        279.8016357421875,
        0.8965907692909241,
        1360.7386474609375,
        321.73004150390625,
        0.8827706575393677,
        1308.8272705078125,
        303.7607421875,
        0.8877196907997131,
        1350.755615234375,
        317.73687744140625,
        0.7967905402183533,
        1328.793212890625,
        315.74029541015625,
        0.7768852114677429,
        1350.755615234375,
        357.668701171875,
        0.8642297387123108,
        1326.7965087890625,
        355.672119140625,
        0.8529859185218811,
        1352.7523193359375,
        401.59375,
        0.8907091021537781,
        1324.7999267578125,
        395.6039733886719,
        0.8666430115699768,
        1300.33593107001,
        210.51978983723203,
        78.87684690801757,
        204.45117940227848
    ],