{
    "10": [
        912.9242553710938,
        400.1246032714844,
        0.8427392244338989,
        916.1865234375,
        393.60009765625,
        0.895844578742981,
        919.4487915039062,
        393.60009765625,
        0.7462442517280579,
        916.1865234375,
        400.1246032714844,
        0.9309571385383606,
        945.5467529296875,
        396.8623352050781,
        0.9148470759391785,
        909.6620483398438,
        442.5338439941406,
        0.9167288541793823,
        961.8580322265625,
        439.2716064453125,
        0.9232630729675293,
        899.875244140625,
        497.9920959472656,
        0.8418180346488953,
        978.1692504882812,
        484.9430847167969,
        0.9434624314308167,
        903.1375122070312,
        497.9920959472656,
        0.7058472037315369,
        994.4805297851562,
        520.827880859375,
        0.9850732684135437,
        929.2355346679688,
        537.1390991210938,
        0.8371224999427795,
        961.8580322265625,
        533.8768310546875,
        0.836584746837616,
        942.2845458984375,
        605.6463623046875,
        0.9478976726531982,
        939.0222778320312,
        599.1218872070312,
        0.8717760443687439,
        978.1692504882812,
        667.6290893554688,
        0.892348051071167,
        919.4487915039062,
        654.5801391601562,
        0.9154104590415955,
        876.5170060445757,
        365.2185163424389,
        134.79733105513242,
        334.05437151675653
    ],
    "5": [
        838.957763671875,
        197.13128662109375,
        0.9561792612075806,
        842.8004760742188,
        193.28854370117188,
        0.9527127146720886,
        838.957763671875,
        193.28854370117188,
        0.9340376257896423,
        854.3287353515625,
        195.20989990234375,
        0.9174239635467529,
        840.8790893554688,
        195.20989990234375,
        0.6312990784645081,
        869.69970703125,
        214.42361450195312,
        0.8686560392379761,
        842.8004760742188,
        214.42361450195312,
        0.9090374112129211,
        881.2279052734375,
        243.24420166015625,
        0.8502378463745117,
        838.957763671875,
        241.32281494140625,
        0.8728834390640259,
        877.3851928710938,
        272.06475830078125,
        0.9228144288063049,
        835.114990234375,
        264.3792724609375,
        0.8951343297958374,
        867.7783203125,
        273.98614501953125,
        0.7958909869194031,
        850.4859619140625,
        273.98614501953125,
        0.7977570295333862,
        871.6210327148438,
        316.2563171386719,
        0.8826502561569214,
        854.3287353515625,
        316.2563171386719,
        0.899813175201416,
        879.3065185546875,
        356.6051025390625,
        0.8991314768791199,
        858.1714477539062,
        352.7623596191406,
        0.9238160848617554,
        821.5063748353746,
        174.65120638393796,
        75.25149238668303,
        196.7484622202055
    ],
    "6": [
        681.91796875,
        226.61270141601562,
        0.904874861240387,
        684.0177612304688,
        222.41317749023438,
        0.9597402811050415,
        677.7184448242188,
        222.41317749023438,
        0.9237121343612671,
        688.21728515625,
        224.512939453125,
        0.9401093125343323,
        667.2196655273438,
        224.512939453125,
        0.9044296741485596,
        690.3170166015625,
        243.41079711914062,
        0.8589333891868591,
        663.0201416015625,
        247.6103057861328,
        0.846186101436615,
        713.4143676757812,
        235.01174926757812,
        0.8912366032600403,
        658.8206176757812,
        256.0093688964844,
        0.7280253171920776,
        707.1151123046875,
        209.8146209716797,
        0.8663230538368225,
        669.3193969726562,
        239.21127319335938,
        0.8517468571662903,
        694.5165405273438,
        306.40362548828125,
        0.8038889765739441,
        675.6187133789062,
        308.5033874511719,
        0.8270736932754517,
        705.015380859375,
        350.49859619140625,
        0.863010823726654,
        677.7184448242188,
        354.6981201171875,
        0.8502825498580933,
        705.015380859375,
        394.59356689453125,
        0.8741557598114014,
        679.8182373046875,
        398.7930908203125,
        0.8784044981002808,
        641.0399700087809,
        202.04551161486756,
        88.05528829455966,
        215.01550667521997
    ],
    "8": [
        1321.2547607421875,
        236.2478485107422,
        0.9507737159729004,
        1325.23583984375,
        232.266845703125,
        0.9609155058860779,
        1323.2452392578125,
        232.266845703125,
        0.9060342907905579,
        1335.1883544921875,
        234.25733947753906,
        0.9274643063545227,
        1333.19775390625,
        232.266845703125,
        0.6221235990524292,
        1357.0838623046875,
        256.1528625488281,
        0.8534715175628662,
        1327.226318359375,
        254.162353515625,
        0.8730180263519287,
        1367.036376953125,
        289.99139404296875,
        0.8674618601799011,
        1319.2642822265625,
        282.0293884277344,
        0.8826241493225098,
        1363.0552978515625,
        319.8489074707031,
        0.8549136519432068,
        1309.311767578125,
        305.9154052734375,
        0.8681852221488953,
        1349.121826171875,
        317.8583984375,
        0.7606499791145325,
        1329.216796875,
        315.8678894042969,
        0.7906022667884827,
        1349.121826171875,
        359.658935546875,
        0.8668418526649475,
        1327.226318359375,
        357.6684265136719,
        0.8359858393669128,
        1353.102783203125,
        401.45947265625,
        0.8957542777061462,
        1327.226318359375,
        393.4974670410156,
        0.8847604990005493,
        1300.8162312858478,
        212.95892580862204,
        78.69659759281421,
        203.8274222493938
    ],
    "1": [
        72.19686889648438,
        151.1791534423828,
        0.9244278073310852,
        75.20614624023438,
        146.6652374267578,
        0.9142172336578369,
        69.18759155273438,
        148.1698760986328,
        0.9193314909934998,
        81.22470092773438,
        149.6745147705078,
        0.9061703085899353,
        64.67367553710938,
        151.1791534423828,
        0.9201152920722961,
        90.25253295898438,
        164.7209014892578,
        0.86612868309021,
        60.159759521484375,
        166.2255401611328,
        0.8587954640388489,
        96.27108764648438,
        184.2812042236328,
        0.8148877024650574,
        54.141204833984375,
        182.7765655517578,
        0.8340507745742798,
        87.24325561523438,
        187.2904815673828,
        0.6392512321472168,
        67.68295288085938,
        185.7858428955078,
        0.6838731169700623,
        85.73861694335938,
        208.3554229736328,
        0.8204991221427917,
        67.68295288085938,
        208.3554229736328,
        0.786591649055481,
        88.74789428710938,
        239.9528350830078,
        0.8347892761230469,
        70.69223022460938,
        239.9528350830078,
        0.8250117897987366,
        90.25253295898438,
        267.03631591796875,
        0.844327986240387,
        73.70150756835938,
        270.04559326171875,
        0.8568816184997559,
        47.802867394650974,
        130.56560553209226,
        62.32974433713122,
        154.0749816700046
    ],