{
    "5": [
        839.2081909179688,
        196.78773498535156,
        0.9331629276275635,
        843.076171875,
        194.85374450683594,
        0.9169809222221375,
        839.2081909179688,
        194.85374450683594,
        0.9230311512947083,
        854.68017578125,
        194.85374450683594,
        0.920141339302063,
        841.1421508789062,
        196.78773498535156,
        0.6761600971221924,
        870.1522216796875,
        216.1277618408203,
        0.8556891679763794,
        843.076171875,
        216.1277618408203,
        0.9305887222290039,
        879.8222045898438,
        245.13778686523438,
        0.8528525233268738,
        841.1421508789062,
        241.26979064941406,
        0.8742825984954834,
        877.8882446289062,
        274.1478271484375,
        0.9480591416358948,
        837.274169921875,
        266.41180419921875,
        0.8770955801010132,
        868.2182006835938,
        274.1478271484375,
        0.8038636445999146,
        850.8121948242188,
        274.1478271484375,
        0.8098310232162476,
        872.086181640625,
        316.69586181640625,
        0.8931732177734375,
        852.7462158203125,
        314.7618713378906,
        0.8991212248802185,
        879.8222045898438,
        357.3099060058594,
        0.9214542508125305,
        858.5482177734375,
        353.44189453125,
        0.9230808019638062,
        821.6283844915903,
        174.1599097425696,
        75.77361832873203,
        198.04180998543785
    ],
    "6": [
        684.1572875976562,
        226.59619140625,
        0.9156166911125183,
        686.2632446289062,
        222.38429260253906,
        0.913497805595398,
        679.9453735351562,
        222.38429260253906,
        0.929393470287323,
        688.3692016601562,
        226.59619140625,
        0.8593645691871643,
        669.4156494140625,
        226.59619140625,
        0.9275297522544861,
        692.5810546875,
        245.54969787597656,
        0.8914143443107605,
        663.0978393554688,
        249.76158142089844,
        0.8586724996566772,
        715.7464599609375,
        237.12591552734375,
        0.8693456053733826,
        656.780029296875,
        253.97348022460938,
        0.7396544218063354,
        709.4286499023438,
        213.96051025390625,
        0.905902624130249,
        669.4156494140625,
        237.12591552734375,
        0.8299351930618286,
        696.79296875,
        306.62213134765625,
        0.8077089190483093,
        675.7335205078125,
        308.7280578613281,
        0.8495617508888245,
        703.1107788085938,
        350.84698486328125,
        0.873078465461731,
        677.8394775390625,
        355.0588684082031,
        0.8681113719940186,
        705.2167358398438,
        397.1777648925781,
        0.8608493208885193,
        679.9453735351562,
        399.2837219238281,
        0.8872041702270508,
        641.0659187649941,
        201.95660110082275,
        88.28872377630194,
        215.64887491796202
    ],
    "8": [
        1320.9500732421875,
        236.91796875,
        0.9278892874717712,
        1322.939453125,
        234.9285430908203,
        0.9449930787086487,
        1320.9500732421875,
        234.9285430908203,
        0.9099416732788086,
        1334.8759765625,
        234.9285430908203,
        0.9196181893348694,
        1332.8865966796875,
        232.93911743164062,
        0.6154863834381104,
        1356.759765625,
        258.80169677734375,
        0.8392642140388489,
        1326.9183349609375,
        254.82284545898438,
        0.8988312482833862,
        1366.7069091796875,
        290.6325988769531,
        0.8922969102859497,
        1318.9605712890625,
        284.664306640625,
        0.9119066596031189,
        1362.72802734375,
        322.4635009765625,
        0.8889271020889282,
        1309.013427734375,
        310.52691650390625,
        0.8905348777770996,
        1348.802001953125,
        320.47406005859375,
        0.7776092886924744,
        1328.90771484375,
        318.484619140625,
        0.8025338649749756,
        1346.8126220703125,
        362.2521057128906,
        0.8888852596282959,
        1326.9183349609375,
        360.2626953125,
        0.8654314875602722,
        1352.7808837890625,
        402.04071044921875,
        0.9083980917930603,
        1324.9288330078125,
        396.07244873046875,
        0.9035043716430664,
        1300.5172375615043,
        213.641565357954,
        78.6646726100305,
        203.71783688975967
    ],
    "10": [
        912.2815551757812,
        400.02569580078125,
        0.8135548830032349,
        912.2815551757812,
        396.7624816894531,
        0.8635141849517822,
        918.8079833984375,
        393.499267578125,
        0.7068892121315002,
        915.5447998046875,
        400.02569580078125,
        0.9330224990844727,
        941.6505126953125,
        400.02569580078125,
        0.8868997097015381,
        905.755126953125,
        442.447509765625,
        0.9362165331840515,
        961.2298583984375,
        439.1842956542969,
        0.9216257333755493,
        899.2286987304688,
        497.9222106933594,
        0.7257387042045593,
        977.5458984375,
        481.6061096191406,
        0.9059293270111084,
        899.2286987304688,
        504.4486389160156,
        0.7602203488349915,
        990.5987548828125,
        517.5015258789062,
        1.013838768005371,
        925.33447265625,
        537.080810546875,
        0.8426395654678345,
        957.9666137695312,
        537.080810546875,
        0.8121843338012695,
        938.3873291015625,
        605.6083374023438,
        0.927361249923706,
        935.1240844726562,
        602.3451538085938,
        0.8761817812919617,
        974.28271484375,
        661.0830078125,
        0.9179801940917969,
        918.8079833984375,
        654.5565795898438,
        0.9285691976547241,
        872.458154293378,
        365.109293862978,
        135.12157256940748,
        334.1533204067456
    ],
    "1": [
        71.5177230834961,
        151.37017822265625,
        0.9210518598556519,
        74.52018737792969,
        148.36770629882812,
        0.9103819131851196,
        68.51526641845703,
        148.36770629882812,
        0.9349910020828247,
        80.52511596679688,
        149.8689422607422,
        0.8888073563575745,
        65.51280212402344,
        151.37017822265625,
        0.9369815587997437,
        89.53250885009766,
        166.3824920654297,
        0.8744254112243652,
        59.50787353515625,
        166.3824920654297,
        0.8162317872047424,
        98.53990173339844,
        185.8985137939453,
        0.8193524479866028,
        52.001712799072266,
        184.39727783203125,
        0.8503950834274292,
        91.03373718261719,
        182.8960418701172,
        0.8332868218421936,
        64.01156616210938,
        176.89111328125,
        0.7914804816246033,
        86.53004455566406,
        208.4169921875,
        0.7892100214958191,
        67.01403045654297,
        208.4169921875,
        0.7964011430740356,
        89.53250885009766,
        241.444091796875,
        0.8400821089744568,
        70.01649475097656,
        241.444091796875,
        0.8079248666763306,
        91.03373718261719,
        269.9674987792969,
        0.8529632091522217,
        73.01895904541016,
        271.4687194824219,
        0.8582578897476196,
        47.25005160022033,
        132.30454066047724,
        62.04645103902513,
        153.72613890465806
    ],