{
    "6": [
        691.2103271484375,
        225.28663635253906,
        0.9181415438652039,
        691.2103271484375,
        221.09657287597656,
        0.909273087978363,
        684.9251708984375,
        221.09657287597656,
        0.920860230922699,
        693.3053588867188,
        225.28663635253906,
        0.7640771269798279,
        674.4500122070312,
        225.28663635253906,
        0.884499192237854,
        697.4954223632812,
        244.14195251464844,
        0.916989803314209,
        666.0698852539062,
        246.2369842529297,
        0.8986157178878784,
        720.540771484375,
        242.0469207763672,
        0.9340987205505371,
        653.4996948242188,
        248.33201599121094,
        0.913989782333374,
        710.0656127929688,
        223.1916046142578,
        0.9469899535179138,
        663.974853515625,
        229.47671508789062,
        0.8735411763191223,
        695.400390625,
        306.99298095703125,
        0.827557384967804,
        674.4500122070312,
        309.0880126953125,
        0.8369289636611938,
        701.6854858398438,
        353.083740234375,
        0.8939006924629211,
        678.6400756835938,
        357.2738037109375,
        0.8753217458724976,
        703.780517578125,
        397.0794372558594,
        0.8902145624160767,
        678.6400756835938,
        399.17449951171875,
        0.8554592132568359,
        641.9301965869385,
        202.86977442831142,
        88.08503742280811,
        214.5314931974582
    ],
    "10": [
        901.445068359375,
        399.512939453125,
        0.8324494361877441,
        904.61083984375,
        396.3471984863281,
        0.8605647087097168,
        904.61083984375,
        393.18145751953125,
        0.7328658699989319,
        907.7765502929688,
        399.512939453125,
        0.948697030544281,
        936.2681884765625,
        399.512939453125,
        0.8874990940093994,
        898.2793579101562,
        437.5018005371094,
        0.9189372658729553,
        952.0968627929688,
        434.3360595703125,
        0.9162300825119019,
        888.7821044921875,
        484.9878845214844,
        0.9150608777999878,
        964.7598266601562,
        475.49066162109375,
        0.8737511038780212,
        882.4506225585938,
        519.8109741210938,
        0.9197620749473572,
        967.9255981445312,
        510.31378173828125,
        0.914156436920166,
        914.1080322265625,
        535.6397094726562,
        0.8228499889373779,
        945.765380859375,
        532.4739379882812,
        0.8384153246879578,
        901.445068359375,
        602.1201782226562,
        0.8759369254112244,
        933.1024780273438,
        598.9544677734375,
        0.9776051640510559,
        952.0968627929688,
        652.7720336914062,
        0.9052174687385559,
        917.2737426757812,
        652.7720336914062,
        0.8636977076530457,
        859.8864220387411,
        365.63952784291973,
        130.60339916075816,
        324.1716755377345
    ],
    "5": [
        837.7435913085938,
        198.1655731201172,
        0.9146507382392883,
        841.6227416992188,
        196.2259979248047,
        0.927068829536438,
        837.7435913085938,
        196.2259979248047,
        0.9209764003753662,
        851.3206176757812,
        196.2259979248047,
        0.9026104807853699,
        843.5623168945312,
        198.1655731201172,
        0.6318893432617188,
        866.8372192382812,
        217.56130981445312,
        0.878070592880249,
        843.5623168945312,
        215.62173461914062,
        0.9125934839248657,
        876.5350952148438,
        246.65492248535156,
        0.8349876403808594,
        845.5018920898438,
        240.83619689941406,
        0.8853222131729126,
        868.7767944335938,
        269.9298095703125,
        0.9403529763221741,
        839.6831665039062,
        264.111083984375,
        0.9034843444824219,
        866.8372192382812,
        271.869384765625,
        0.7806932330131531,
        851.3206176757812,
        271.869384765625,
        0.8079837560653687,
        872.6559448242188,
        316.4795837402344,
        0.8684998154640198,
        851.3206176757812,
        314.5400085449219,
        0.8955036401748657,
        880.4142456054688,
        357.21063232421875,
        0.9291764497756958,
        857.1393432617188,
        353.33148193359375,
        0.9119866490364075,
        822.1083104464878,
        173.5329720136491,
        75.88073151796118,
        198.61238526736145
    ],
    "1": [
        70.08055114746094,
        156.029296875,
        0.911592423915863,
        73.10462188720703,
        151.49319458007812,
        0.9110854864120483,
        67.05648040771484,
        153.00523376464844,
        0.9028217196464539,
        77.6407241821289,
        154.51727294921875,
        0.923819363117218,
        62.520381927490234,
        154.51727294921875,
        0.9282565712928772,
        88.22496032714844,
        171.14964294433594,
        0.8602353930473328,
        54.960208892822266,
        171.14964294433594,
        0.8698218464851379,
        100.32123565673828,
        190.80609130859375,
        0.8593071103096008,
        42.86393737792969,
        190.80609130859375,
        0.8928595781326294,
        88.22496032714844,
        187.78201293945312,
        0.7993773818016052,
        54.960208892822266,
        184.75794982910156,
        0.8820174932479858,
        86.71292877197266,
        213.48660278320312,
        0.8132908940315247,
        68.56851959228516,
        214.99862670898438,
        0.8429548740386963,
        91.24903106689453,
        243.72727966308594,
        0.8601877689361572,
        73.10462188720703,
        246.7513427734375,
        0.8082670569419861,
        91.24903106689453,
        266.40777587890625,
        0.8073963522911072,
        77.6407241821289,
        281.52813720703125,
        0.8939298391342163,
        45.65936566399614,
        136.82647186847572,
        62.45067479096508,
        154.8322779494885
    ],
    "2": [
        496.5657043457031,
        169.49151611328125,
        0.7901870012283325,
        497.98284912109375,
        166.65724182128906,
        0.8223961591720581,
        492.3143005371094,
        166.65724182128906,
        0.7989360690116882,
        503.6513671875,
        166.65724182128906,
        0.8633396625518799,
        488.06292724609375,
        169.49151611328125,
        0.8503729701042175,
        512.1541748046875,
        180.82858276367188,
        0.9025604128837585,
        485.2286376953125,
        185.07997131347656,
        0.8947725296020508,
        522.0740966796875,
        200.66844177246094,
        0.8857528567314148,
        479.56011962890625,
        204.91983032226562,
        0.8660988211631775,
        507.90277099609375,
        210.58836364746094,
        0.8655468821525574,
        496.5657043457031,
        213.42263793945312,
        0.8486985564231873,
        514.9884643554688,
        223.34255981445312,
        0.8152168989181519,
        496.5657043457031,
        226.1768341064453,
        0.8052265644073486,
        523.4912719726562,
        254.5194854736328,
        0.8124591708183289,
        502.2342529296875,
        257.353759765625,
        0.8301575183868408,
        533.4111938476562,
        281.44500732421875,
        0.8466619253158569,
        507.90277099609375,
        282.8621520996094,
        0.8372248411178589,
        475.3890025470658,
        151.49391019900594,
        63.6104883026706,
        145.11443391009828
    ],