{
    "10": [
        881.8131103515625,
        400.75830078125,
        0.9250825643539429,
        881.8131103515625,
        397.5445556640625,
        0.8925960063934326,
        881.8131103515625,
        394.3308410644531,
        0.733969509601593,
        885.0267944335938,
        400.75830078125,
        0.938298761844635,
        913.950439453125,
        397.5445556640625,
        0.870678186416626,
        875.3856201171875,
        436.1094055175781,
        0.926671028137207,
        933.23291015625,
        436.1094055175781,
        0.8904196619987488,
        872.171875,
        487.5292053222656,
        0.9402461051940918,
        942.8740844726562,
        487.5292053222656,
        0.8699323534965515,
        862.5306396484375,
        532.5215454101562,
        0.9312112331390381,
        933.23291015625,
        519.6665649414062,
        0.8178873658180237,
        894.6680297851562,
        532.5215454101562,
        0.7662826180458069,
        930.0191650390625,
        532.5215454101562,
        0.8308029770851135,
        868.9581298828125,
        593.5825805664062,
        0.9187117218971252,
        920.3779296875,
        590.3688354492188,
        0.9105893969535828,
        868.9581298828125,
        667.49853515625,
        0.8798415064811707,
        920.3779296875,
        654.6435546875,
        0.8920637369155884,
        830.2845507139137,
        366.37135800464785,
        131.98069741658003,
        329.086665754126
    ],
    "1": [
        71.73764038085938,
        159.95713806152344,
        0.8635119199752808,
        74.74009704589844,
        158.45591735839844,
        0.8676839470863342,
        68.73519134521484,
        158.45591735839844,
        0.9021280407905579,
        80.7449951171875,
        162.9595947265625,
        0.9015116095542908,
        65.73274230957031,
        162.9595947265625,
        0.9195146560668945,
        91.25357818603516,
        179.47308349609375,
        0.8736276626586914,
        59.72783660888672,
        180.97430419921875,
        0.863252580165863,
        104.76461029052734,
        197.48779296875,
        0.8000726699829102,
        52.22170639038086,
        201.991455078125,
        0.9219015836715698,
        94.25602722167969,
        197.48779296875,
        0.8991467952728271,
        61.229061126708984,
        209.49758911132812,
        0.8723432421684265,
        91.25357818603516,
        221.5074005126953,
        0.7896041870117188,
        73.2388687133789,
        223.0086212158203,
        0.8259508609771729,
        94.25602722167969,
        251.53192138671875,
        0.8794611692428589,
        74.74009704589844,
        256.03558349609375,
        0.8436340689659119,
        100.26093292236328,
        286.06011962890625,
        0.8194489479064941,
        79.2437744140625,
        284.5588684082031,
        0.8651277422904968,
        48.66010218185511,
        145.39525922702504,
        62.66854618354526,
        153.7255150079403
    ],
    "6": [
        691.8645629882812,
        227.59783935546875,
        0.9281084537506104,
        691.8645629882812,
        223.36227416992188,
        0.9110000133514404,
        687.6289672851562,
        225.4800567626953,
        0.9187729358673096,
        687.6289672851562,
        227.59783935546875,
        0.6155273914337158,
        674.9222412109375,
        227.59783935546875,
        0.9208303093910217,
        693.9823608398438,
        250.89349365234375,
        0.8811107277870178,
        660.0977783203125,
        250.89349365234375,
        0.7897182703018188,
        719.3958129882812,
        267.8357849121094,
        0.9075596928596497,
        643.1554565429688,
        257.2468566894531,
        0.8335224390029907,
        704.5712890625,
        250.89349365234375,
        0.8548598289489746,
        668.5689086914062,
        242.42234802246094,
        0.8932047486305237,
        691.8645629882812,
        314.4270935058594,
        0.8386292457580566,
        670.6867065429688,
        314.4270935058594,
        0.8418843746185303,
        700.335693359375,
        356.7828063964844,
        0.8199821710586548,
        666.4511108398438,
        361.0184020996094,
        0.8491690158843994,
        704.5712890625,
        399.1385498046875,
        0.893612802028656,
        662.215576171875,
        407.60968017578125,
        0.8662514090538025,
        635.4844281530369,
        204.93753744116253,
        89.46460220120173,
        216.86130872595578
    ],
    "8": [
        1306.767578125,
        258.9983215332031,
        0.9302303194999695,
        1312.231689453125,
        257.17694091796875,
        0.9568080902099609,
        1308.5889892578125,
        255.3555450439453,
        0.9158394932746887,
        1323.1600341796875,
        260.8197021484375,
        0.9475039839744568,
        1321.338623046875,
        260.8197021484375,
        0.5925719738006592,
        1339.552490234375,
        284.49774169921875,
        0.81055748462677,
        1312.231689453125,
        277.2121887207031,
        0.8605159521102905,
        1352.30224609375,
        313.63995361328125,
        0.7914110422134399,
        1312.231689453125,
        302.7116394042969,
        0.8506638407707214,
        1348.6595458984375,
        344.60357666015625,
        0.8937197923660278,
        1304.9461669921875,
        322.7469177246094,
        0.852164089679718,
        1341.3739013671875,
        335.4966125488281,
        0.7481135129928589,
        1323.1600341796875,
        331.8538513183594,
        0.77838534116745,
        1337.731201171875,
        373.74578857421875,
        0.8713163733482361,
        1308.5889892578125,
        368.2816162109375,
        0.8874098062515259,
        1352.30224609375,
        406.53076171875,
        0.8980180025100708,
        1326.8028564453125,
        401.06658935546875,
        0.8900092244148254,
        1293.5777710775815,
        235.86673334645542,
        71.91425969084685,
        186.51009124096862
    ],
    "5": [
        832.4315795898438,
        199.71653747558594,
        0.9388638138771057,
        834.3194580078125,
        195.9407958984375,
        0.9717949032783508,
        834.3194580078125,
        195.9407958984375,
        0.8746829628944397,
        843.7588500976562,
        197.82867431640625,
        0.9346900582313538,
        839.9830932617188,
        197.82867431640625,
        0.6647019386291504,
        860.7496948242188,
        218.59527587890625,
        0.8704922795295715,
        838.09521484375,
        216.7073974609375,
        0.8730188012123108,
        860.7496948242188,
        248.80123901367188,
        0.7118456363677979,
        841.8709716796875,
        243.13763427734375,
        0.7959137558937073,
        838.09521484375,
        260.12847900390625,
        0.7692410349845886,
        834.3194580078125,
        260.12847900390625,
        0.8448765277862549,
        862.6375732421875,
        275.2314758300781,
        0.7778358459472656,
        847.5346069335938,
        275.2314758300781,
        0.8104104995727539,
        868.3012084960938,
        316.7646789550781,
        0.868828535079956,
        839.9830932617188,
        312.98895263671875,
        0.9273692965507507,
        879.62841796875,
        356.4100341796875,
        0.9058170318603516,
        845.646728515625,
        350.74639892578125,
        0.9346712827682495,
        817.1605081430736,
        177.62845633713994,
        73.96328248189081,
        193.31816835512222
    ],