{
    "10": [
        878.8987426757812,
        401.4082336425781,
        0.9238455295562744,
        875.702392578125,
        398.2118835449219,
        0.8934378027915955,
        875.702392578125,
        398.2118835449219,
        0.749763548374176,
        882.0950927734375,
        401.4082336425781,
        0.945155680179596,
        910.862060546875,
        401.4082336425781,
        0.8640050292015076,
        872.5060424804688,
        439.76422119140625,
        0.9263849854469299,
        930.0400390625,
        436.56787109375,
        0.8888221383094788,
        869.3097534179688,
        487.7091979980469,
        0.926849901676178,
        939.6290283203125,
        490.905517578125,
        0.8674107193946838,
        859.7207641601562,
        532.4578247070312,
        0.920127809047699,
        930.0400390625,
        519.6725463867188,
        0.8054693341255188,
        891.68408203125,
        535.6541748046875,
        0.7611201405525208,
        926.8436889648438,
        532.4578247070312,
        0.8187390565872192,
        869.3097534179688,
        599.580810546875,
        0.9010435342788696,
        920.4510498046875,
        589.9918212890625,
        0.9114131331443787,
        862.9170532226562,
        669.900146484375,
        0.89470374584198,
        920.4510498046875,
        653.91845703125,
        0.9000962376594543,
        827.5629736240271,
        367.2075164037741,
        131.438523782581,
        327.30438146607776
    ],
    "4": [
        1087.638671875,
        206.54617309570312,
        0.8929495811462402,
        1091.596435546875,
        203.60397338867188,
        0.9038268327713013,
        1087.6390380859375,
        202.582275390625,
        0.8476768732070923,
        1100.5174560546875,
        206.55484008789062,
        0.9122751951217651,
        1094.4801025390625,
        205.60935974121094,
        0.5969560742378235,
        1105.45166015625,
        230.32025146484375,
        0.8792821168899536,
        1091.5963134765625,
        229.3402099609375,
        0.8484036326408386,
        1107.4295654296875,
        260.9953918457031,
        0.8959853053092957,
        1086.72216796875,
        261.9084777832031,
        0.7422367334365845,
        1102.44580078125,
        288.6963195800781,
        0.921876072883606,
        1078.68603515625,
        280.80084228515625,
        0.812506914138794,
        1100.5029296875,
        288.70751953125,
        0.7595199346542358,
        1091.5960693359375,
        286.69769287109375,
        0.7550376653671265,
        1092.626953125,
        326.287841796875,
        0.834769606590271,
        1094.48583984375,
        326.2630310058594,
        0.8030009865760803,
        1095.5506591796875,
        366.65789794921875,
        0.7941749095916748,
        1103.73876953125,
        360.9547424316406,
        0.7644472122192383,
        1059.325913997194,
        185.00448608398435,
        70.4191925134246,
        200.85932617187498
    ],
    "1": [
        72.48262023925781,
        160.61094665527344,
        0.870106041431427,
        77.03850555419922,
        157.57369995117188,
        0.8645950555801392,
        69.44537353515625,
        159.0923309326172,
        0.8911177515983582,
        81.5943832397461,
        162.12957763671875,
        0.8813633322715759,
        67.92674255371094,
        163.64820861816406,
        0.9235965013504028,
        90.70613861083984,
        178.83447265625,
        0.898253321647644,
        61.85224151611328,
        180.35308837890625,
        0.8874686360359192,
        99.8178939819336,
        200.09523010253906,
        0.772113025188446,
        48.18460464477539,
        195.5393524169922,
        0.8280479907989502,
        105.89240264892578,
        221.3560028076172,
        0.8234384059906006,
        49.70323181152344,
        198.5766143798828,
        0.7864341735839844,
        92.22476196289062,
        222.8746337890625,
        0.8067197203636169,
        72.48262023925781,
        224.39324951171875,
        0.8350788950920105,
        95.26201629638672,
        253.2471466064453,
        0.861293613910675,
        75.5198745727539,
        256.2843933105469,
        0.845089852809906,
        102.85514831542969,
        288.1755676269531,
        0.7983412742614746,
        80.07575225830078,
        286.65692138671875,
        0.8334887027740479,
        49.040781313933266,
        145.88028340640523,
        63.58855414575366,
        155.50732797553218
    ],
    "8": [
        1303.205322265625,
        263.061279296875,
        0.9284979104995728,
        1308.5294189453125,
        259.5119323730469,
        0.955053448677063,
        1304.97998046875,
        259.5119323730469,
        0.9008448719978333,
        1319.1773681640625,
        263.061279296875,
        0.9486122727394104,
        1317.4027099609375,
        264.8359375,
        0.5384531617164612,
        1336.9239501953125,
        287.90655517578125,
        0.7992529273033142,
        1310.3040771484375,
        279.0332336425781,
        0.8417784571647644,
        1349.3466796875,
        321.6251525878906,
        0.8433443307876587,
        1310.3040771484375,
        305.6531982421875,
        0.7867681384086609,
        1338.6986083984375,
        350.019775390625,
        0.9153362512588501,
        1304.97998046875,
        326.94915771484375,
        0.822582483291626,
        1340.4732666015625,
        334.04779052734375,
        0.7792631387710571,
        1320.9520263671875,
        330.49847412109375,
        0.7692220211029053,
        1336.9239501953125,
        374.86505126953125,
        0.874607503414154,
        1304.97998046875,
        367.7663879394531,
        0.8960283994674683,
        1351.121337890625,
        406.8089904785156,
        0.8873192071914673,
        1322.7266845703125,
        405.0343322753906,
        0.9117412567138672,
        1292.0334683885353,
        240.52300416682218,
        70.2597156585125,
        181.72562694809037
    ],
    "5": [
        831.6163330078125,
        198.36326599121094,
        0.9438230991363525,
        835.3456420898438,
        196.4985809326172,
        0.9847537875175476,
        833.4810180664062,
        194.6339111328125,
        0.8754050135612488,
        842.8043823242188,
        198.36326599121094,
        0.9235625863075256,
        839.0750122070312,
        198.36326599121094,
        0.6420133113861084,
        857.7218017578125,
        218.87472534179688,
        0.8649933934211731,
        837.2103271484375,
        215.14537048339844,
        0.8582263588905334,
        857.7218017578125,
        246.84490966796875,
        0.7063518762588501,
        840.939697265625,
        243.1155548095703,
        0.7884529232978821,
        835.3456420898438,
        256.1683044433594,
        0.7764050364494324,
        831.6163330078125,
        259.8976745605469,
        0.8192133903503418,
        859.5864868164062,
        276.6797790527344,
        0.7797285318374634,
        844.6690673828125,
        276.6797790527344,
        0.801904559135437,
        867.0452270507812,
        317.70269775390625,
        0.886337161064148,
        839.0750122070312,
        313.9733581542969,
        0.9067736268043518,
        880.0979614257812,
        356.8609619140625,
        0.8918464183807373,
        846.5337524414062,
        349.4022521972656,
        0.910200834274292,
        816.5701700780469,
        178.41119024453593,
        72.979889383088,
        190.9431422024636
    ],