{
    "3": [
        759.72802734375,
        163.97250366210938,
        0.9245150685310364,
        762.7899780273438,
        159.3795928955078,
        0.9432247877120972,
        756.6660766601562,
        160.9105682373047,
        0.9399458765983582,
        767.3828735351562,
        162.4415283203125,
        0.914497971534729,
        752.0731201171875,
        163.97250366210938,
        0.969286322593689,
        775.0377807617188,
        180.81321716308594,
        0.932934045791626,
        747.480224609375,
        183.8751678466797,
        0.8975748419761658,
        781.1616821289062,
        205.30880737304688,
        0.8913902044296265,
        744.4182739257812,
        206.83978271484375,
        0.9072935581207275,
        782.692626953125,
        225.2114715576172,
        0.8461655378341675,
        744.4182739257812,
        229.8043975830078,
        0.8919821381568909,
        773.5067749023438,
        226.74244689941406,
        0.8182519674301147,
        756.6660766601562,
        228.27342224121094,
        0.8162721395492554,
        776.5687255859375,
        260.42388916015625,
        0.8019441962242126,
        759.72802734375,
        263.4858093261719,
        0.8893846869468689,
        778.0997314453125,
        289.51239013671875,
        0.8375687599182129,
        761.2589721679688,
        294.1053161621094,
        0.8861700296401978,
        735.688494473353,
        147.59111141329396,
        58.79580543495865,
        156.77173418735555
    ],
    "6": [
        684.3397216796875,
        231.94021606445312,
        0.9411630034446716,
        684.3397216796875,
        227.7256622314453,
        0.8982295989990234,
        680.1251831054688,
        227.7256622314453,
        0.9079676270484924,
        680.1251831054688,
        231.94021606445312,
        0.5987392067909241,
        671.696044921875,
        231.94021606445312,
        0.9057674407958984,
        686.447021484375,
        255.12026977539062,
        0.9196184277534485,
        654.8378295898438,
        257.2275390625,
        0.8445408940315247,
        703.3052368164062,
        278.3003234863281,
        0.8875452280044556,
        633.7650756835938,
        282.514892578125,
        0.9073309898376465,
        713.8416137695312,
        267.7639465332031,
        0.8508366346359253,
        646.40869140625,
        271.978515625,
        0.8463534712791443,
        684.3397216796875,
        318.338623046875,
        0.8586620688438416,
        661.15966796875,
        320.4458923339844,
        0.8062921166419983,
        692.7688598632812,
        362.5914611816406,
        0.8740993738174438,
        661.15966796875,
        366.8060302734375,
        0.8617998957633972,
        694.8760986328125,
        404.7370300292969,
        0.8937342762947083,
        663.2669677734375,
        408.9515686035156,
        0.8619655966758728,
        628.2189314536641,
        207.28510965667363,
        89.0615113749335,
        215.78521373972603
    ],
    "13": [
        1136.22216796875,
        212.43301391601562,
        0.9464876651763916,
        1138.14892578125,
        208.57943725585938,
        0.9475759267807007,
        1136.22216796875,
        208.57943725585938,
        0.9125738739967346,
        1147.782958984375,
        212.43301391601562,
        0.9536699652671814,
        1143.9293212890625,
        210.5062255859375,
        0.7244547605514526,
        1153.563232421875,
        237.48130798339844,
        0.8882380723953247,
        1140.0758056640625,
        231.700927734375,
        0.9113844633102417,
        1147.782958984375,
        268.3099670410156,
        0.8898625373840332,
        1136.22216796875,
        266.3831787109375,
        0.7329781651496887,
        1136.22216796875,
        293.3582458496094,
        0.9083304405212402,
        1130.4417724609375,
        291.43145751953125,
        0.6722004413604736,
        1151.636474609375,
        289.5046691894531,
        0.794893741607666,
        1138.14892578125,
        289.5046691894531,
        0.7896214127540588,
        1149.709716796875,
        333.8208312988281,
        0.9089897871017456,
        1126.5882568359375,
        326.1136779785156,
        0.9143555760383606,
        1168.9776611328125,
        372.3566589355469,
        0.8550009727478027,
        1118.881103515625,
        368.5030822753906,
        0.8701991438865662,
        1106.8992796110076,
        189.88961982077808,
        72.13338776322144,
        197.3032983147266
    ],
    "10": [
        829.0765991210938,
        403.02984619140625,
        0.7313040494918823,
        832.3359985351562,
        399.77044677734375,
        0.8242291808128357,
        835.5953979492188,
        399.77044677734375,
        0.5000532865524292,
        835.5953979492188,
        406.28924560546875,
        0.9371199011802673,
        864.929931640625,
        403.02984619140625,
        0.9145033359527588,
        829.0765991210938,
        448.6613464355469,
        0.8875242471694946,
        891.0050659179688,
        435.623779296875,
        0.943688154220581,
        829.0765991210938,
        494.2928466796875,
        0.8769651055335999,
        910.5614624023438,
        484.5146789550781,
        0.900664746761322,
        819.2984619140625,
        530.1461791992188,
        0.9241446852684021,
        907.3020629882812,
        517.1085815429688,
        0.8691326975822449,
        868.1893310546875,
        536.6649780273438,
        0.7918264865875244,
        904.0426635742188,
        530.1461791992188,
        0.8098642826080322,
        838.8547973632812,
        595.3340454101562,
        0.9213150143623352,
        900.7832641601562,
        575.7776489257812,
        0.924734354019165,
        842.1141967773438,
        670.300048828125,
        0.906414806842804,
        920.339599609375,
        640.9655151367188,
        0.8962994813919067,
        797.5166201004604,
        361.6355819757158,
        138.0860015567796,
        333.7618366450148
    ],
    "2": [
        514.0150756835938,
        173.4365234375,
        0.8389499187469482,
        516.759765625,
        169.3194122314453,
        0.8973507881164551,
        511.2702941894531,
        170.69178771972656,
        0.8551785945892334,
        519.5045166015625,
        170.69178771972656,
        0.8706415295600891,
        505.78082275390625,
        173.4365234375,
        0.8486414551734924,
        527.73876953125,
        187.16024780273438,
        0.9048093557357788,
        500.29132080078125,
        189.9049835205078,
        0.886569082736969,
        537.3453979492188,
        209.11819458007812,
        0.8831213712692261,
        493.4294738769531,
        210.4905548095703,
        0.8709274530410767,
        530.4835205078125,
        215.98004150390625,
        0.8191470503807068,
        512.6427001953125,
        218.72479248046875,
        0.8666098117828369,
        529.1111450195312,
        233.8208770751953,
        0.771912693977356,
        509.89794921875,
        233.8208770751953,
        0.77444988489151,
        530.4835205078125,
        264.0130615234375,
        0.8457892537117004,
        511.2702941894531,
        264.0130615234375,
        0.827578604221344,
        529.1111450195312,
        291.4604797363281,
        0.8486546277999878,
        511.2702941894531,
        288.71575927734375,
        0.8169847130775452,
        485.9123780674553,
        158.75216565050303,
        60.32248817114805,
        140.5308505994286
    ],