{
    "3": [
        760.3717651367188,
        163.72491455078125,
        0.9410762786865234,
        763.4307250976562,
        160.66592407226562,
        0.954115629196167,
        757.312744140625,
        160.66592407226562,
        0.9448912143707275,
        766.48974609375,
        163.72491455078125,
        0.8936100602149963,
        752.7242431640625,
        165.25439453125,
        0.9625879526138306,
        775.6666870117188,
        180.54934692382812,
        0.9357238411903381,
        748.1358032226562,
        183.60833740234375,
        0.9195023775100708,
        781.78466796875,
        203.49179077148438,
        0.8344646096229553,
        745.0767822265625,
        208.08026123046875,
        0.9100521206855774,
        783.3141479492188,
        223.37521362304688,
        0.6348754167556763,
        745.0767822265625,
        229.49319458007812,
        0.8648108243942261,
        774.13720703125,
        227.96371459960938,
        0.8155062794685364,
        757.312744140625,
        231.022705078125,
        0.7940064072608948,
        777.1961669921875,
        263.14208984375,
        0.8343096375465393,
        758.8422241210938,
        264.6716003417969,
        0.8722407221794128,
        777.1961669921875,
        290.6730041503906,
        0.854464054107666,
        761.9012451171875,
        293.73199462890625,
        0.868327796459198,
        736.3433439555314,
        147.35932521672441,
        58.76331721331837,
        156.62028529265376
    ],
    "6": [
        684.5816650390625,
        231.43020629882812,
        0.9378422498703003,
        684.5816650390625,
        227.20277404785156,
        0.9039041996002197,
        682.4679565429688,
        229.3164825439453,
        0.9095969200134277,
        680.354248046875,
        231.43020629882812,
        0.5871806144714355,
        671.8993530273438,
        233.54391479492188,
        0.9045799374580383,
        686.6953735351562,
        254.68106079101562,
        0.9247601628303528,
        654.9896850585938,
        258.9084777832031,
        0.8451051712036133,
        703.6051025390625,
        277.9319152832031,
        0.9019805192947388,
        633.8525390625,
        282.15936279296875,
        0.9215778708457947,
        712.0599365234375,
        267.36334228515625,
        0.8792024850845337,
        646.5347900390625,
        271.5907897949219,
        0.862047553062439,
        684.5816650390625,
        318.0924987792969,
        0.8703227043151855,
        663.4445190429688,
        320.20623779296875,
        0.8043643236160278,
        693.0364990234375,
        362.48052978515625,
        0.8670726418495178,
        661.330810546875,
        366.70794677734375,
        0.8576347827911377,
        695.1502685546875,
        404.75482177734375,
        0.8980191946029663,
        663.4445190429688,
        408.98223876953125,
        0.8552702069282532,
        628.3464046260966,
        206.6997261827056,
        89.21971666348793,
        216.44439507769312
    ],
    "11": [
        1176.1414794921875,
        417.1229248046875,
        0.8853234052658081,
        1176.1414794921875,
        412.0652770996094,
        0.938838005065918,
        1176.1414794921875,
        412.0652770996094,
        0.7253420948982239,
        1183.7279052734375,
        417.1229248046875,
        0.8820993304252625,
        1206.4874267578125,
        409.53643798828125,
        0.8891311287879944,
        1193.84326171875,
        442.41119384765625,
        0.8967136740684509,
        1224.189208984375,
        429.7670593261719,
        0.8966413736343384,
        1193.84326171875,
        485.4012145996094,
        0.9017972350120544,
        1229.246826171875,
        475.2859191894531,
        0.6018446087837219,
        1178.6702880859375,
        513.2183227539062,
        0.8879134058952332,
        1203.9586181640625,
        500.5741882324219,
        0.9015107154846191,
        1229.246826171875,
        508.1606750488281,
        0.7210568785667419,
        1257.06396484375,
        503.10302734375,
        0.7276753187179565,
        1191.314453125,
        556.2083740234375,
        0.8671471476554871,
        1246.9486083984375,
        561.2659912109375,
        0.8774758577346802,
        1178.6702880859375,
        619.4290161132812,
        0.8647259473800659,
        1249.4774169921875,
        611.842529296875,
        0.8763635754585266,
        1155.09954300996,
        379.9491159602493,
        110.36215367161594,
        258.95192799031486
    ],
    "13": [
        1139.443603515625,
        212.6498260498047,
        0.9330618381500244,
        1141.3570556640625,
        208.82298278808594,
        0.9404793381690979,
        1139.443603515625,
        208.82298278808594,
        0.8818747401237488,
        1152.837646484375,
        212.6498260498047,
        0.9350382685661316,
        1147.0972900390625,
        210.7364044189453,
        0.6882796883583069,
        1156.6644287109375,
        237.52430725097656,
        0.8927372097969055,
        1143.2705078125,
        231.78404235839844,
        0.9059481024742126,
        1150.9241943359375,
        268.1390380859375,
        0.9151362776756287,
        1141.3570556640625,
        264.31219482421875,
        0.7066733837127686,
        1137.5302734375,
        293.0135498046875,
        0.9193909764289856,
        1137.5302734375,
        291.10009765625,
        0.5761943459510803,
        1154.7509765625,
        289.18670654296875,
        0.7762789726257324,
        1143.2705078125,
        289.18670654296875,
        0.7820451259613037,
        1154.7509765625,
        333.19537353515625,
        0.9007442593574524,
        1133.703369140625,
        329.3685302734375,
        0.8465619683265686,
        1170.058349609375,
        375.2906494140625,
        0.830807626247406,
        1120.3094482421875,
        365.72357177734375,
        0.8539688587188721,
        1110.090673205734,
        190.26271692885535,
        72.09997426517498,
        195.93449755484602
    ],
    "2": [
        514.9583740234375,
        173.299560546875,
        0.8463072180747986,
        517.7384643554688,
        169.12939453125,
        0.8659288883209229,
        512.1782836914062,
        170.5194549560547,
        0.8505284786224365,
        521.9086303710938,
        171.9095001220703,
        0.8770413994789124,
        506.6180419921875,
        173.299560546875,
        0.8582395315170288,
        528.8589477539062,
        188.5901641845703,
        0.9063575863838196,
        502.4478759765625,
        188.5901641845703,
        0.8591703772544861,
        538.5892944335938,
        206.660888671875,
        0.8603917360305786,
        495.4975891113281,
        208.0509490966797,
        0.8585659265518188,
        534.4191284179688,
        215.001220703125,
        0.8236647248268127,
        509.3981628417969,
        213.6111602783203,
        0.6414806842803955,
        528.8589477539062,
        234.4619903564453,
        0.8081079721450806,
        510.7882080078125,
        234.4619903564453,
        0.8001967072486877,
        530.2489624023438,
        265.043212890625,
        0.8502010107040405,
        510.7882080078125,
        265.043212890625,
        0.8348232507705688,
        528.8589477539062,
        292.8443298339844,
        0.8406969904899597,
        512.1782836914062,
        288.6741638183594,
        0.834010899066925,
        486.5391322501887,
        158.4259873953591,
        61.00865910243988,
        142.3416057185464
    ],