{
    "6": [
        688.1925659179688,
        234.27590942382812,
        0.9390842914581299,
        688.1925659179688,
        230.0037078857422,
        0.9672299027442932,
        683.9203491210938,
        230.0037078857422,
        0.9533756375312805,
        688.1925659179688,
        234.27590942382812,
        0.6859188079833984,
        671.1036987304688,
        234.27590942382812,
        0.9707008004188538,
        690.32861328125,
        257.7730407714844,
        0.9114546179771423,
        658.287109375,
        257.7730407714844,
        0.8713611364364624,
        707.41748046875,
        279.13409423828125,
        0.9340901374816895,
        634.7899780273438,
        283.4062805175781,
        0.8986688852310181,
        715.9618530273438,
        270.58966064453125,
        0.8049594163894653,
        647.6065673828125,
        274.86187744140625,
        0.8452207446098328,
        688.1925659179688,
        317.5839538574219,
        0.8729764223098755,
        666.8314819335938,
        319.7200622558594,
        0.8021755218505859,
        694.600830078125,
        362.4421081542969,
        0.8849790096282959,
        664.6953735351562,
        366.7143249511719,
        0.8691739439964294,
        696.7369384765625,
        405.1641845703125,
        0.884514570236206,
        664.6953735351562,
        411.5724792480469,
        0.869425356388092,
        631.6818084488417,
        205.0113080864818,
        89.5242970466619,
        218.73695838191645
    ],
    "12": [
        1002.66552734375,
        245.4275360107422,
        0.8977879881858826,
        1006.20458984375,
        241.888427734375,
        0.9163981080055237,
        1004.43505859375,
        241.888427734375,
        0.8890427947044373,
        1015.0523681640625,
        245.4275360107422,
        0.9309283494949341,
        1009.7437133789062,
        245.4275360107422,
        0.6435236930847168,
        1027.439208984375,
        264.89263916015625,
        0.9221291542053223,
        1007.9741821289062,
        261.353515625,
        0.9085027575492859,
        1039.826171875,
        291.43597412109375,
        0.9147958755493164,
        1013.2828369140625,
        286.1272888183594,
        0.8569731116294861,
        1027.439208984375,
        314.440185546875,
        0.9267071485519409,
        1006.20458984375,
        305.5924072265625,
        0.8261624574661255,
        1036.2869873046875,
        314.440185546875,
        0.8120246529579163,
        1020.3610229492188,
        314.440185546875,
        0.80326908826828,
        1023.900146484375,
        355.1399230957031,
        0.8400991559028625,
        1013.2828369140625,
        353.3703918457031,
        0.8770480751991272,
        1027.439208984375,
        390.5310363769531,
        0.8044394850730896,
        1023.900146484375,
        386.9919128417969,
        0.7389073967933655,
        988.2702795272307,
        224.72374698986667,
        69.49022660379865,
        181.20242385647109
    ],
    "4": [
        845.080810546875,
        209.2713623046875,
        0.9361050724983215,
        847.0269775390625,
        205.37904357910156,
        0.9771682024002075,
        841.1885375976562,
        205.37904357910156,
        0.922616183757782,
        848.97314453125,
        207.32521057128906,
        0.880711019039154,
        833.4038696289062,
        209.2713623046875,
        0.9261787533760071,
        847.0269775390625,
        226.7868194580078,
        0.8678555488586426,
        831.4577026367188,
        230.67913818359375,
        0.8380650877952576,
        845.080810546875,
        252.08689880371094,
        0.5380608439445496,
        823.673095703125,
        261.8177185058594,
        0.8891214728355408,
        850.9193115234375,
        252.08689880371094,
        0.8295787572860718,
        819.78076171875,
        292.9562683105469,
        0.9018088579177856,
        843.1347045898438,
        287.1177978515625,
        0.710408627986908,
        835.3500366210938,
        289.06396484375,
        0.7983238697052002,
        829.5115356445312,
        331.8794860839844,
        0.8324312567710876,
        850.9193115234375,
        331.8794860839844,
        0.7904593348503113,
        804.2114868164062,
        364.9642333984375,
        0.8133889436721802,
        864.5424194335938,
        370.8027038574219,
        0.8125316500663757,
        795.6620407346422,
        186.5013040055319,
        77.42982744547999,
        199.28681125170124
    ],
    "2": [
        519.8589477539062,
        176.24017333984375,
        0.7667844295501709,
        522.6552734375,
        172.04566955566406,
        0.8322515487670898,
        517.0626220703125,
        173.44384765625,
        0.7550512552261353,
        525.4515991210938,
        172.04566955566406,
        0.860779881477356,
        511.4699401855469,
        174.84201049804688,
        0.854656457901001,
        533.8406372070312,
        188.8236846923828,
        0.9036088585853577,
        507.27545166015625,
        190.2218475341797,
        0.8923274874687195,
        542.2296142578125,
        206.99986267089844,
        0.8208999633789062,
        505.87725830078125,
        209.79620361328125,
        0.7997066974639893,
        546.4241333007812,
        219.5833740234375,
        0.8093540668487549,
        526.8497924804688,
        213.99070739746094,
        0.7348908185958862,
        532.4424438476562,
        234.9632110595703,
        0.763650119304657,
        512.8681030273438,
        234.9632110595703,
        0.7667511701583862,
        531.0443115234375,
        267.1210632324219,
        0.8604837656021118,
        512.8681030273438,
        265.722900390625,
        0.8433387875556946,
        531.0443115234375,
        293.6862487792969,
        0.8681370615959167,
        511.4699401855469,
        290.8899230957031,
        0.8339254260063171,
        492.8454073254825,
        161.27980586831796,
        61.01787020491679,
        143.17232134230716
    ],
    "10": [
        828.7911376953125,
        446.11932373046875,
        0.6433197855949402,
        828.7911376953125,
        437.66973876953125,
        0.6957646608352661,
        831.607666015625,
        440.48626708984375,
        0.43132853507995605,
        831.607666015625,
        443.30279541015625,
        0.9317411184310913,
        859.77294921875,
        440.48626708984375,
        0.9315046668052673,
        825.974609375,
        485.5507507324219,
        0.9098767638206482,
        885.1217041015625,
        474.2846374511719,
        0.9021602272987366,
        825.974609375,
        536.248291015625,
        0.8776293396949768,
        904.83740234375,
        524.982177734375,
        0.8843978047370911,
        828.7911376953125,
        572.8631591796875,
        0.8631018996238708,
        904.83740234375,
        558.780517578125,
        0.7352543473243713,
        859.77294921875,
        564.41357421875,
        0.7798309922218323,
        896.3878173828125,
        558.780517578125,
        0.7771950364112854,
        820.341552734375,
        603.844970703125,
        0.9348588585853577,
        904.83740234375,
        592.578857421875,
        0.8914375305175781,
        828.7911376953125,
        665.8086547851562,
        0.8919162154197693,
        930.1862182617188,
        646.0929565429688,
        0.8660157918930054,
        799.5123459008752,
        404.71633898531604,
        123.33770685569175,
        288.4126948191397
    ],