{
    "6": [
        687.77197265625,
        235.48960876464844,
        0.7866958379745483,
        687.7719116210938,
        232.03048706054688,
        0.8234992623329163,
        683.554443359375,
        232.03729248046875,
        0.8021957874298096,
        687.7784423828125,
        233.73556518554688,
        0.6970570683479309,
        670.0850830078125,
        235.4486083984375,
        0.8407888412475586,
        691.9970703125,
        256.64892578125,
        0.7764333486557007,
        658.2190551757812,
        259.4458923339844,
        0.7381404638290405,
        706.7744140625,
        279.1460266113281,
        0.7309517860412598,
        638.4796142578125,
        287.7153015136719,
        0.7977262139320374,
        717.2286376953125,
        273.6096496582031,
        0.6815173625946045,
        648.0203857421875,
        278.1967468261719,
        0.8326544761657715,
        688.3575439453125,
        320.7921142578125,
        0.7352862358093262,
        667.14697265625,
        323.87359619140625,
        0.6954284906387329,
        694.1937866210938,
        362.0426025390625,
        0.8717561960220337,
        665.8330078125,
        367.6593017578125,
        0.7999743819236755,
        696.193603515625,
        406.453857421875,
        0.7900444269180298,
        665.7979736328125,
        411.5538330078125,
        0.8283935785293579,
        633.677354737537,
        206.57723970669275,
        88.95608599228649,
        218.97737529638795
    ],
    "3": [
        758.5316162109375,
        166.79293823242188,
        0.9614888429641724,
        761.4987182617188,
        163.82586669921875,
        0.9559319019317627,
        755.5645751953125,
        165.30938720703125,
        0.9635528326034546,
        765.9493408203125,
        166.79293823242188,
        0.9320898056030273,
        751.1139526367188,
        168.27645874023438,
        0.9263462424278259,
        774.8505249023438,
        184.59536743164062,
        0.9424276947975159,
        746.663330078125,
        187.56243896484375,
        0.9105602502822876,
        779.3011474609375,
        208.33193969726562,
        0.8996135592460632,
        745.1798095703125,
        209.81546020507812,
        0.8680972456932068,
        782.2681884765625,
        229.1014404296875,
        0.8370367288589478,
        745.1798095703125,
        232.06851196289062,
        0.8025510907173157,
        773.3670043945312,
        229.1014404296875,
        0.808858335018158,
        755.5645751953125,
        230.5849609375,
        0.7925851345062256,
        777.817626953125,
        258.77215576171875,
        0.8255760073661804,
        760.0151977539062,
        263.2227478027344,
        0.8111645579338074,
        774.8505249023438,
        286.9593200683594,
        0.8290212154388428,
        764.4657592773438,
        294.37701416015625,
        0.8568099141120911,
        733.3927489265367,
        153.8861625955974,
        57.695469365711915,
        151.91406280816523
    ],
    "12": [
        1010.5093383789062,
        254.15493774414062,
        0.8543944954872131,
        1013.9269409179688,
        252.4461669921875,
        0.8476216197013855,
        1008.8005981445312,
        250.7373809814453,
        0.8877658247947693,
        1022.4708251953125,
        254.15493774414062,
        0.9213691353797913,
        1005.3829956054688,
        250.7373809814453,
        0.8475164175033569,
        1031.0146484375,
        269.533935546875,
        0.897551417350769,
        1005.3829956054688,
        266.11639404296875,
        0.9240713715553284,
        1044.6849365234375,
        293.45684814453125,
        0.9318689107894897,
        1008.8005981445312,
        290.0392761230469,
        0.900505542755127,
        1032.7235107421875,
        315.67095947265625,
        0.9411956667900085,
        1005.3829956054688,
        313.9621887207031,
        0.8717114329338074,
        1041.267333984375,
        315.67095947265625,
        0.7802764177322388,
        1022.4708251953125,
        315.67095947265625,
        0.8351619839668274,
        1025.8883056640625,
        356.681640625,
        0.8790993690490723,
        1012.2181396484375,
        356.681640625,
        0.8883691430091858,
        1029.305908203125,
        392.56597900390625,
        0.7514857649803162,
        1024.1795654296875,
        387.4396667480469,
        0.7403244376182556,
        989.8410094948317,
        230.74466233392502,
        66.96831977443162,
        174.9789129062566
    ],
    "10": [
        801.043212890625,
        432.1791687011719,
        0.694429874420166,
        801.043212890625,
        429.2253723144531,
        0.7889385223388672,
        803.9970092773438,
        429.2253723144531,
        0.4978785812854767,
        803.9970092773438,
        435.13299560546875,
        0.949856162071228,
        836.4889526367188,
        432.1791687011719,
        0.9386961460113525,
        792.1817626953125,
        482.39398193359375,
        0.8851906657218933,
        857.1656494140625,
        470.5787353515625,
        0.9132131934165955,
        798.0894165039062,
        535.5625610351562,
        0.8771433234214783,
        880.796142578125,
        511.9320983886719,
        0.9054626822471619,
        812.8584594726562,
        559.1930541992188,
        0.84098881483078,
        898.5189819335938,
        550.3316650390625,
        0.9112653732299805,
        821.7199096679688,
        565.1007080078125,
        0.8355196714401245,
        863.0732421875,
        562.1469116210938,
        0.8679297566413879,
        806.9508056640625,
        609.4078979492188,
        0.9426313042640686,
        892.6113891601562,
        603.500244140625,
        0.9084405303001404,
        812.8584594726562,
        674.3917236328125,
        0.903410792350769,
        928.05712890625,
        647.8074340820312,
        0.8672952055931091,
        777.839619534155,
        397.61956909556125,
        132.0677447285525,
        302.47032210258
    ],
    "2": [
        522.370361328125,
        175.6566162109375,
        0.8323954343795776,
        525.2453002929688,
        171.3441925048828,
        0.8614366054534912,
        519.495361328125,
        172.7816619873047,
        0.8379513621330261,
        528.1202392578125,
        174.21914672851562,
        0.8651700615882874,
        513.7454833984375,
        175.6566162109375,
        0.8561872243881226,
        535.3076171875,
        191.46888732910156,
        0.9105008840560913,
        509.4330139160156,
        191.46888732910156,
        0.8651970028877258,
        543.9324951171875,
        207.28114318847656,
        0.8975639939308167,
        505.12060546875,
        210.15609741210938,
        0.8485561013221741,
        553.994873046875,
        220.21844482421875,
        0.9324328899383545,
        525.2453002929688,
        210.15609741210938,
        0.804080069065094,
        533.8701782226562,
        237.4681854248047,
        0.7683500647544861,
        515.1829223632812,
        237.4681854248047,
        0.7735412120819092,
        532.4326782226562,
        269.09271240234375,
        0.8690697550773621,
        513.7454833984375,
        269.09271240234375,
        0.8754820227622986,
        532.4326782226562,
        296.4048156738281,
        0.8493677973747253,
        513.7454833984375,
        296.4048156738281,
        0.8684195876121521,
        492.98649134013425,
        160.27558835033523,
        63.08008427136912,
        147.19780742899468
    ],