{
    "4": [
        895.263671875,
        203.35922241210938,
        0.9232150316238403,
        899.2108764648438,
        201.38565063476562,
        0.9515901803970337,
        891.3165283203125,
        201.38565063476562,
        0.9429545402526855,
        901.1844482421875,
        203.35922241210938,
        0.9560735821723938,
        885.395751953125,
        203.35922241210938,
        0.9271737337112427,
        907.1051635742188,
        225.0686492919922,
        0.9274671673774719,
        873.5542602539062,
        225.0686492919922,
        0.8873690962791443,
        907.1051635742188,
        250.7252197265625,
        0.8818470239639282,
        861.7127685546875,
        246.77806091308594,
        0.8598431944847107,
        907.1051635742188,
        272.43463134765625,
        0.9301016330718994,
        863.6863403320312,
        272.43463134765625,
        0.8817973732948303,
        895.263671875,
        282.30255126953125,
        0.8481694459915161,
        873.5542602539062,
        282.30255126953125,
        0.8304054141044617,
        895.263671875,
        323.747802734375,
        0.8876279592514038,
        869.6071166992188,
        323.747802734375,
        0.8881151676177979,
        895.263671875,
        361.2458801269531,
        0.8890057802200317,
        863.6863403320312,
        367.1666259765625,
        0.9152912497520447,
        847.1948602247502,
        180.26833817606857,
        78.37542766171964,
        202.09486206379896
    ],
    "12": [
        1061.9371337890625,
        257.9952392578125,
        0.9606930017471313,
        1065.5181884765625,
        254.41419982910156,
        0.9424512386322021,
        1058.3560791015625,
        252.62367248535156,
        0.9556631445884705,
        1070.8896484375,
        256.2047119140625,
        0.9134414196014404,
        1052.9844970703125,
        254.41419982910156,
        0.9149051904678345,
        1079.84228515625,
        275.9004211425781,
        0.9273974299430847,
        1042.241455078125,
        274.1098937988281,
        0.9129406213760376,
        1088.794921875,
        299.1771545410156,
        0.9316216111183167,
        1033.288818359375,
        299.1771545410156,
        0.9103915691375732,
        1088.794921875,
        322.453857421875,
        0.9107433557510376,
        1026.1268310546875,
        320.6633605957031,
        0.8863754272460938,
        1072.68017578125,
        326.034912109375,
        0.8275519609451294,
        1047.613037109375,
        326.034912109375,
        0.8509271740913391,
        1081.6328125,
        365.4263000488281,
        0.8969628810882568,
        1036.869873046875,
        361.84527587890625,
        0.8392965197563171,
        1087.00439453125,
        403.02716064453125,
        0.8767502903938293,
        1024.3363037109375,
        385.12200927734375,
        0.830687940120697,
        1019.9774463082877,
        233.46512854110324,
        78.5477864418499,
        183.34904818578923
    ],
    "18": [
        571.9824829101562,
        233.14039611816406,
        0.9375501275062561,
        573.99365234375,
        229.1180877685547,
        0.972660481929779,
        567.960205078125,
        229.1180877685547,
        0.9537901282310486,
        578.0159301757812,
        231.12924194335938,
        0.8831152319908142,
        559.9155883789062,
        231.12924194335938,
        0.950222909450531,
        588.0717163085938,
        253.25192260742188,
        0.9096078872680664,
        551.8709716796875,
        255.2630615234375,
        0.9390685558319092,
        602.1497802734375,
        279.3968811035156,
        0.9181958436965942,
        545.8375244140625,
        279.3968811035156,
        0.6983984708786011,
        596.1163330078125,
        305.5418701171875,
        0.9659323692321777,
        549.85986328125,
        297.49725341796875,
        0.7559723854064941,
        584.0494384765625,
        313.58648681640625,
        0.7927820682525635,
        559.9155883789062,
        313.58648681640625,
        0.804899275302887,
        580.027099609375,
        359.84295654296875,
        0.9387851357460022,
        551.8709716796875,
        359.84295654296875,
        0.8779300451278687,
        604.1609497070312,
        371.9098815917969,
        0.9484295845031738,
        555.893310546875,
        400.0660095214844,
        0.8878990411758423,
        529.4409270636538,
        205.5875905070487,
        83.07206417110729,
        205.94198880825357
    ],
    "13": [
        1323.7313232421875,
        224.66729736328125,
        0.9250596761703491,
        1327.6317138671875,
        220.76693725585938,
        0.9415310025215149,
        1321.78125,
        220.76693725585938,
        0.9503941535949707,
        1335.432373046875,
        222.7171173095703,
        0.9273881912231445,
        1317.880859375,
        222.7171173095703,
        0.8885040879249573,
        1341.282958984375,
        246.11924743652344,
        0.8943079710006714,
        1317.880859375,
        244.1690673828125,
        0.8677176237106323,
        1345.183349609375,
        279.27227783203125,
        0.9098070859909058,
        1317.880859375,
        273.4217224121094,
        0.83526611328125,
        1335.432373046875,
        306.57476806640625,
        0.9308159947395325,
        1310.080078125,
        294.8736877441406,
        0.8569573760032654,
        1341.282958984375,
        306.57476806640625,
        0.8007527589797974,
        1325.6815185546875,
        304.62457275390625,
        0.8160604238510132,
        1335.432373046875,
        347.5284729003906,
        0.8793608546257019,
        1312.0302734375,
        341.6779479980469,
        0.8963031768798828,
        1358.8345947265625,
        384.58184814453125,
        0.9042044281959534,
        1323.7313232421875,
        382.6316833496094,
        0.9023070335388184,
        1289.8754383324735,
        201.85016523765728,
        77.46283449728048,
        199.6982607865334
    ],
    "3": [
        765.4200439453125,
        167.58192443847656,
        0.9409271478652954,
        768.2867431640625,
        164.71519470214844,
        0.9432134628295898,
        762.5532836914062,
        164.71519470214844,
        0.9241172075271606,
        771.1535034179688,
        167.58192443847656,
        0.937565267086029,
        756.81982421875,
        169.0153045654297,
        0.9301202297210693,
        776.886962890625,
        184.78236389160156,
        0.9132598638534546,
        749.6529541015625,
        184.78236389160156,
        0.9254473447799683,
        782.6204833984375,
        206.2829132080078,
        0.9323415756225586,
        745.3528442382812,
        207.71629333496094,
        0.88068026304245,
        791.220703125,
        224.91673278808594,
        0.9006240367889404,
        741.052734375,
        229.2168426513672,
        0.8092721700668335,
        769.7200927734375,
        230.65020751953125,
        0.8163407444953918,
        752.5196533203125,
        229.2168426513672,
        0.8177619576454163,
        771.1535034179688,
        259.3175964355469,
        0.8416152000427246,
        752.5196533203125,
        260.7509765625,
        0.822832465171814,
        769.7200927734375,
        286.5516357421875,
        0.8616325259208679,
        751.0863037109375,
        289.4183654785156,
        0.8736941814422607,
        734.624247303326,
        150.81148628360842,
        57.29138004471645,
        146.77711492873556
    ],