{
    "12": [
        1063.2506103515625,
        251.98995971679688,
        0.9504284262657166,
        1066.9251708984375,
        248.31536865234375,
        0.9367486238479614,
        1059.575927734375,
        248.31536865234375,
        0.9433008432388306,
        1072.43701171875,
        250.15264892578125,
        0.9472600221633911,
        1054.0640869140625,
        248.31536865234375,
        0.9326684474945068,
        1081.62353515625,
        270.3629150390625,
        0.9327202439308167,
        1043.040283203125,
        268.5256042480469,
        0.911331295967102,
        1090.81005859375,
        294.24774169921875,
        0.916226327419281,
        1033.8538818359375,
        294.24774169921875,
        0.9247333407402039,
        1090.81005859375,
        318.1325988769531,
        0.9328831434249878,
        1026.504638671875,
        316.2952880859375,
        0.8889992237091064,
        1072.43701171875,
        325.4817810058594,
        0.854963481426239,
        1048.55224609375,
        323.64447021484375,
        0.8490879535675049,
        1081.62353515625,
        364.0649719238281,
        0.8923539519309998,
        1037.5284423828125,
        360.390380859375,
        0.8502888679504395,
        1085.298095703125,
        400.8108825683594,
        0.8718001842498779,
        1028.3419189453125,
        387.9498291015625,
        0.8764402270317078,
        1020.097701955137,
        228.65629244361156,
        80.79379747388418,
        188.13907360940448
    ],
    "4": [
        896.7968139648438,
        203.08566284179688,
        0.9260863661766052,
        898.7777709960938,
        199.12374877929688,
        0.943273663520813,
        892.8348999023438,
        199.12374877929688,
        0.9245169758796692,
        902.73974609375,
        203.08566284179688,
        0.9576401114463806,
        884.9110717773438,
        203.08566284179688,
        0.9469904899597168,
        906.70166015625,
        224.87623596191406,
        0.9176763892173767,
        873.0253295898438,
        222.89527893066406,
        0.9101105332374573,
        908.6826171875,
        250.62872314453125,
        0.8959852457046509,
        861.1395263671875,
        246.66680908203125,
        0.864530086517334,
        906.70166015625,
        272.4192810058594,
        0.9368175268173218,
        863.1204833984375,
        272.4192810058594,
        0.8914070129394531,
        892.8348999023438,
        282.3240966796875,
        0.848577082157135,
        873.0253295898438,
        282.3240966796875,
        0.8199005722999573,
        896.7968139648438,
        323.9242858886719,
        0.901414692401886,
        867.0823974609375,
        323.9242858886719,
        0.8742273449897766,
        896.7968139648438,
        361.5625305175781,
        0.8932615518569946,
        859.1585693359375,
        365.5244445800781,
        0.9215113520622253,
        846.3782380589575,
        179.90840379274817,
        79.04666148461752,
        202.85041351529736
    ],
    "13": [
        1334.4254150390625,
        232.05931091308594,
        0.9500893950462341,
        1339.99267578125,
        228.34779357910156,
        0.9496223330497742,
        1334.4254150390625,
        228.34779357910156,
        0.9397746324539185,
        1349.271484375,
        230.20355224609375,
        0.942430853843689,
        1332.5697021484375,
        228.34779357910156,
        0.8021146059036255,
        1352.98291015625,
        252.47259521484375,
        0.8802142143249512,
        1332.5697021484375,
        246.90533447265625,
        0.8752782940864563,
        1354.8387451171875,
        285.87615966796875,
        0.9034036993980408,
        1332.5697021484375,
        278.4531555175781,
        0.8228221535682678,
        1347.415771484375,
        313.71246337890625,
        0.9485772848129272,
        1323.2908935546875,
        298.8664245605469,
        0.8368445634841919,
        1351.127197265625,
        311.8567199707031,
        0.7947031259536743,
        1334.4254150390625,
        310.0009460449219,
        0.858829915523529,
        1349.271484375,
        354.5390319824219,
        0.8934406638145447,
        1315.867919921875,
        343.4045104980469,
        0.9130393862724304,
        1384.53076171875,
        384.2311096191406,
        0.8930236101150513,
        1323.2908935546875,
        382.3753356933594,
        0.950370192527771,
        1301.842384780303,
        210.34695420851722,
        74.44492651619612,
        190.02922741451744
    ],
    "18": [
        560.8478393554688,
        236.4322509765625,
        0.9075670838356018,
        562.8131103515625,
        232.50164794921875,
        0.9388284683227539,
        556.917236328125,
        232.50164794921875,
        0.9425150156021118,
        566.7437744140625,
        232.50164794921875,
        0.8881189823150635,
        549.0559692382812,
        234.46694946289062,
        0.9374675154685974,
        578.5355834960938,
        256.0853271484375,
        0.9104574918746948,
        541.1947631835938,
        260.01593017578125,
        0.9161273837089539,
        590.3274536132812,
        283.599609375,
        0.900541365146637,
        537.26416015625,
        285.5649108886719,
        0.7806148529052734,
        590.3274536132812,
        309.1485900878906,
        0.9219209551811218,
        539.2294311523438,
        303.252685546875,
        0.8675953149795532,
        572.6396484375,
        317.00982666015625,
        0.7968817949295044,
        549.0559692382812,
        317.00982666015625,
        0.7917611598968506,
        562.8131103515625,
        364.17718505859375,
        0.912520706653595,
        545.1253662109375,
        364.17718505859375,
        0.897334098815918,
        580.5009155273438,
        383.83026123046875,
        0.9308095574378967,
        556.917236328125,
        401.51800537109375,
        0.9015706777572632,
        519.1948233041505,
        211.47285080261616,
        81.34075889671794,
        201.24738953437594
    ],
    "3": [
        764.6815185546875,
        166.87350463867188,
        0.9321625828742981,
        767.5870361328125,
        163.96798706054688,
        0.9360995888710022,
        761.7760009765625,
        163.96798706054688,
        0.9490618705749512,
        770.4925537109375,
        165.42074584960938,
        0.912277102470398,
        755.9649658203125,
        166.87350463867188,
        0.9350699782371521,
        776.3035888671875,
        184.30661010742188,
        0.9105791449546814,
        748.701171875,
        184.30661010742188,
        0.8964383602142334,
        783.5673828125,
        204.64523315429688,
        0.9239080548286438,
        742.89013671875,
        207.55075073242188,
        0.8579489588737488,
        789.37841796875,
        220.62557983398438,
        0.8905990719795227,
        739.984619140625,
        227.88937377929688,
        0.8307339549064636,
        769.039794921875,
        229.34213256835938,
        0.812358558177948,
        751.606689453125,
        227.88937377929688,
        0.8180974125862122,
        770.4925537109375,
        258.3973083496094,
        0.8428065180778503,
        751.606689453125,
        258.3973083496094,
        0.8266075253486633,
        769.039794921875,
        285.9997253417969,
        0.8561274409294128,
        750.1539306640625,
        288.9052429199219,
        0.8653461933135986,
        733.2964387197857,
        148.42348347888407,
        58.41184036315735,
        148.76247460024723
    ],