{
    "12": [
        1052.974365234375,
        248.41795349121094,
        0.9485536813735962,
        1056.8055419921875,
        246.5023956298828,
        0.9520182013511658,
        1051.058837890625,
        244.5868377685547,
        0.9561429023742676,
        1064.4677734375,
        250.33351135253906,
        0.9392644166946411,
        1045.3121337890625,
        248.41795349121094,
        0.909207820892334,
        1068.298828125,
        273.3201599121094,
        0.945591151714325,
        1033.81884765625,
        267.573486328125,
        0.9542034864425659,
        1074.0455322265625,
        302.0534362792969,
        0.9081085920333862,
        1024.2410888671875,
        286.72900390625,
        0.9033618569374084,
        1072.1298828125,
        328.8711853027344,
        0.9263656139373779,
        1012.747802734375,
        303.968994140625,
        0.9135278463363647,
        1058.7210693359375,
        332.7023010253906,
        0.830166757106781,
        1033.81884765625,
        330.7867431640625,
        0.8270801901817322,
        1074.0455322265625,
        369.0978088378906,
        0.8185882568359375,
        1020.4100341796875,
        371.01336669921875,
        0.8793068528175354,
        1089.369873046875,
        401.6622314453125,
        0.8426656723022461,
        1029.98779296875,
        401.6622314453125,
        0.9050431847572327,
        1007.6381145289748,
        227.9215290026993,
        84.92582979226142,
        196.1526877245741
    ],
    "4": [
        881.6847534179688,
        211.17486572265625,
        0.9655760526657104,
        885.5338134765625,
        207.32577514648438,
        0.9357660412788391,
        877.8356323242188,
        207.32577514648438,
        0.9437918663024902,
        889.3829345703125,
        211.17486572265625,
        0.9186879396438599,
        872.06201171875,
        209.25030517578125,
        0.9117112755775452,
        895.1565551757812,
        234.2694091796875,
        0.8989869952201843,
        860.5147094726562,
        232.3448486328125,
        0.8696212768554688,
        899.005615234375,
        257.36395263671875,
        0.9111788272857666,
        845.1183471679688,
        249.665771484375,
        0.9264596700668335,
        895.1565551757812,
        278.533935546875,
        0.890552282333374,
        841.269287109375,
        274.6848449707031,
        0.9362277388572693,
        883.6092529296875,
        292.0057678222656,
        0.8423739671707153,
        860.5147094726562,
        290.0812072753906,
        0.8365879058837891,
        897.0811157226562,
        324.7230224609375,
        0.9124192595481873,
        847.0429077148438,
        328.5721130371094,
        0.8957079648971558,
        895.1565551757812,
        363.21392822265625,
        0.9029829502105713,
        829.7219848632812,
        370.912109375,
        0.8335838317871094,
        830.5095006586994,
        192.50680975057395,
        81.18044689367605,
        197.0733715042337
    ],
    "18": [
        522.331298828125,
        249.39739990234375,
        0.9160816073417664,
        524.3103637695312,
        245.4392852783203,
        0.9027334451675415,
        518.3731689453125,
        245.4392852783203,
        0.9338128566741943,
        526.2893676757812,
        247.4183349609375,
        0.8318602442741394,
        508.4778747558594,
        251.37644958496094,
        0.9327593445777893,
        536.1846923828125,
        273.1460876464844,
        0.8936722874641418,
        498.58258056640625,
        275.1251525878906,
        0.905526876449585,
        548.0590209960938,
        296.894775390625,
        0.8819184899330139,
        480.7710876464844,
        296.894775390625,
        0.9171435236930847,
        552.0171508789062,
        326.58062744140625,
        0.8914669752120972,
        482.7501220703125,
        318.6643981933594,
        0.9166483879089355,
        528.2684326171875,
        334.4968566894531,
        0.8110855221748352,
        502.54071044921875,
        334.4968566894531,
        0.818488597869873,
        510.4569396972656,
        380.0151672363281,
        0.9303825497627258,
        488.68731689453125,
        378.0361022949219,
        0.9003990888595581,
        508.4778747558594,
        419.5963134765625,
        0.8604912757873535,
        490.6663513183594,
        413.65911865234375,
        0.8799788951873779,
        467.932719904686,
        216.34716802963797,
        83.06938967834583,
        202.65541536094756
    ],
    "3": [
        761.8295288085938,
        167.17959594726562,
        0.9539308547973633,
        764.6917114257812,
        164.3173828125,
        0.9389537572860718,
        758.96728515625,
        165.7484893798828,
        0.9449464678764343,
        767.553955078125,
        167.17959594726562,
        0.9425821304321289,
        753.242919921875,
        168.61068725585938,
        0.9381112456321716,
        774.7094116210938,
        185.78392028808594,
        0.9209165573120117,
        746.08740234375,
        184.3528289794922,
        0.9005125761032104,
        779.0027465820312,
        208.6815643310547,
        0.9185072183609009,
        740.3629760742188,
        207.25047302246094,
        0.8867201209068298,
        783.2960815429688,
        230.1481170654297,
        0.8724825978279114,
        736.0696411132812,
        228.71701049804688,
        0.8478143811225891,
        766.122802734375,
        225.85479736328125,
        0.7891878485679626,
        748.9495849609375,
        224.4237060546875,
        0.8107792735099792,
        770.4161376953125,
        255.907958984375,
        0.8291410803794861,
        747.5184936523438,
        257.33905029296875,
        0.8369263410568237,
        768.9850463867188,
        285.96112060546875,
        0.864783763885498,
        747.5184936523438,
        285.96112060546875,
        0.8355879783630371,
        730.791252336713,
        151.86675848876735,
        57.78322157403534,
        146.54497486459024
    ],
    "6": [
        677.1046142578125,
        236.14720153808594,
        0.9318481087684631,
        679.2024536132812,
        231.9514923095703,
        0.9341051578521729,
        672.9088745117188,
        231.9514923095703,
        0.9237531423568726,
        681.30029296875,
        234.04934692382812,
        0.7455460429191589,
        662.4196166992188,
        236.14720153808594,
        0.9387515187263489,
        685.4960327148438,
        257.1257629394531,
        0.937954306602478,
        651.9303588867188,
        263.4193420410156,
        0.9181534051895142,
        698.0831909179688,
        280.2021789550781,
        0.8256425857543945,
        639.3432006835938,
        292.789306640625,
        0.9208340048789978,
        700.1810302734375,
        276.0064697265625,
        0.8542917370796204,
        651.9303588867188,
        284.39788818359375,
        0.9033195376396179,
        685.4960327148438,
        322.1593017578125,
        0.8697029948234558,
        664.5174560546875,
        324.25714111328125,
        0.8242536783218384,
        693.887451171875,
        364.1164245605469,
        0.8757911324501038,
        664.5174560546875,
        370.40997314453125,
        0.8585993051528931,
        695.9852905273438,
        406.0735168457031,
        0.8842986226081848,
        664.5174560546875,
        412.3670959472656,
        0.8745037913322449,
        631.0714604742136,
        211.6023257429421,
        85.77269323176404,
        214.82038371482528
    ],