{
    "4": [
        874.7320556640625,
        211.43154907226562,
        0.9446566700935364,
        878.592041015625,
        207.57156372070312,
        0.9514639973640442,
        870.8720703125,
        207.57156372070312,
        0.9205459952354431,
        880.52197265625,
        211.43154907226562,
        0.9609503149986267,
        865.08203125,
        211.43154907226562,
        0.9275287389755249,
        888.241943359375,
        234.59146118164062,
        0.9164758324623108,
        853.5020751953125,
        232.66146850585938,
        0.9072396159172058,
        892.1019287109375,
        257.7513732910156,
        0.9241428375244141,
        834.2021484375,
        248.10140991210938,
        0.9094451665878296,
        890.1719970703125,
        278.9812927246094,
        0.9089812636375427,
        830.3421630859375,
        271.2613220214844,
        0.8826636672019958,
        878.592041015625,
        292.4912414550781,
        0.835382878780365,
        853.5020751953125,
        290.5612487792969,
        0.8394442796707153,
        892.1019287109375,
        325.3011169433594,
        0.9081215858459473,
        841.922119140625,
        331.0910949707031,
        0.9150291681289673,
        895.9619140625,
        363.9009704589844,
        0.9043711423873901,
        824.55224609375,
        371.6209411621094,
        0.8266869783401489,
        824.9899089963615,
        192.71062030684647,
        82.11424535739832,
        197.63122072457628
    ],
    "12": [
        1046.4251708984375,
        248.81085205078125,
        0.9256854057312012,
        1050.2052001953125,
        246.9208526611328,
        0.9482259750366211,
        1042.645263671875,
        245.03086853027344,
        0.9480668902397156,
        1057.76513671875,
        252.59083557128906,
        0.954482913017273,
        1038.865234375,
        248.81085205078125,
        0.8915787935256958,
        1061.545166015625,
        275.2707824707031,
        0.9177182912826538,
        1027.5252685546875,
        269.6007995605469,
        0.9106353521347046,
        1067.215087890625,
        301.7306823730469,
        0.9411651492118835,
        1014.2952880859375,
        290.3907165527344,
        0.883304238319397,
        1065.3251953125,
        326.3006286621094,
        0.9423245191574097,
        1001.0653076171875,
        307.4006652832031,
        0.8672863245010376,
        1050.2052001953125,
        331.9706115722656,
        0.823590874671936,
        1027.5252685546875,
        330.0805969238281,
        0.8075272440910339,
        1061.545166015625,
        369.7704772949219,
        0.9002535343170166,
        1018.0753173828125,
        373.55047607421875,
        0.7832490801811218,
        1082.3350830078125,
        394.3404235839844,
        0.8653906583786011,
        1035.085205078125,
        400.0104064941406,
        0.9109887480735779,
        1001.7403870599812,
        228.5879041602346,
        83.69964333434928,
        193.535453580188
    ],
    "3": [
        761.2459716796875,
        167.50535583496094,
        0.9520273804664612,
        762.6730346679688,
        164.65121459960938,
        0.9440470337867737,
        758.3917846679688,
        166.0782928466797,
        0.9420803785324097,
        766.9542236328125,
        167.50535583496094,
        0.9415591359138489,
        752.6835327148438,
        168.93243408203125,
        0.9283762574195862,
        774.089599609375,
        186.05726623535156,
        0.932767927646637,
        745.5482177734375,
        184.63018798828125,
        0.9077205061912537,
        778.3707885742188,
        208.89036560058594,
        0.88773113489151,
        739.8399047851562,
        207.4633026123047,
        0.8876935839653015,
        781.2249145507812,
        233.15054321289062,
        0.87416672706604,
        736.9857788085938,
        227.44227600097656,
        0.8420839309692383,
        766.9542236328125,
        224.588134765625,
        0.805206298828125,
        748.40234375,
        223.1610565185547,
        0.8135652542114258,
        769.808349609375,
        255.98365783691406,
        0.8282020688056946,
        745.5482177734375,
        254.5565948486328,
        0.8671718239784241,
        769.808349609375,
        285.9521179199219,
        0.8769224286079407,
        744.12109375,
        285.9521179199219,
        0.8606310486793518,
        730.1588378553713,
        152.23573966581893,
        57.89299032491647,
        146.13185347196946
    ],
    "18": [
        515.2691650390625,
        249.70213317871094,
        0.9273855686187744,
        517.2473754882812,
        245.74575805664062,
        0.891208291053772,
        509.3345947265625,
        247.7239532470703,
        0.945184588432312,
        519.2255249023438,
        249.70213317871094,
        0.8037091493606567,
        499.44366455078125,
        251.68031311035156,
        0.9483126997947693,
        529.116455078125,
        275.4185485839844,
        0.8783749341964722,
        489.552734375,
        275.4185485839844,
        0.8675171136856079,
        539.0073852539062,
        303.1131591796875,
        0.8378736972808838,
        465.81451416015625,
        295.2004089355469,
        0.9251532554626465,
        540.985595703125,
        326.8514099121094,
        0.9292666912078857,
        455.923583984375,
        314.9822692871094,
        0.8811663389205933,
        521.2037353515625,
        338.72052001953125,
        0.8333086371421814,
        495.4873046875,
        338.72052001953125,
        0.8183450102806091,
        509.3345947265625,
        380.2624206542969,
        0.914385974407196,
        481.6399841308594,
        382.2406005859375,
        0.929429292678833,
        507.3564147949219,
        419.8261413574219,
        0.880139172077179,
        471.7490539550781,
        427.7388916015625,
        0.8528120517730713,
        460.60418545588533,
        214.68824727142797,
        83.61353210490648,
        202.56626867489726
    ],
    "6": [
        676.48974609375,
        235.19992065429688,
        0.9450187683105469,
        678.5728759765625,
        233.11679077148438,
        0.9301931262016296,
        672.323486328125,
        233.11679077148438,
        0.9289852976799011,
        680.656005859375,
        235.19992065429688,
        0.7513428926467896,
        661.9078369140625,
        237.28305053710938,
        0.9485530853271484,
        684.822265625,
        258.1143493652344,
        0.9322618842124939,
        651.4921875,
        264.3637390136719,
        0.9194543361663818,
        697.321044921875,
        281.0287780761719,
        0.8287372589111328,
        636.9102783203125,
        293.5275573730469,
        0.9182873964309692,
        697.321044921875,
        276.8625183105469,
        0.8292636871337891,
        653.5753173828125,
        287.2781677246094,
        0.9008800387382507,
        684.822265625,
        320.6082458496094,
        0.8393003344535828,
        661.9078369140625,
        324.7745056152344,
        0.8263434171676636,
        693.15478515625,
        364.3539733886719,
        0.8783178329467773,
        663.990966796875,
        370.6033630371094,
        0.8598591089248657,
        697.321044921875,
        406.0165710449219,
        0.8771920204162598,
        663.990966796875,
        412.2659606933594,
        0.8643525838851929,
        630.629725443049,
        212.91039625864286,
        85.47059196296618,
        213.31254824436488
    ],