{
    "7": [
        503.2310791015625,
        257.6221923828125,
        0.8858623504638672,
        503.2286376953125,
        253.65133666992188,
        0.8621768355369568,
        497.27899169921875,
        253.65402221679688,
        0.8843321800231934,
        505.9500427246094,
        255.60842895507812,
        0.668937087059021,
        486.494384765625,
        260.455078125,
        0.879290759563446,
        511.18524169921875,
        281.50384521484375,
        0.8004628419876099,
        475.72869873046875,
        281.552978515625,
        0.7486083507537842,
        519.9606323242188,
        306.9775390625,
        0.843874454498291,
        445.1083068847656,
        280.2998046875,
        0.8287624716758728,
        519.964111328125,
        330.4892578125,
        0.8649125695228577,
        416.4455261230469,
        277.19146728515625,
        0.8061008453369141,
        508.35601806640625,
        343.27734375,
        0.771222710609436,
        482.5122375488281,
        345.26849365234375,
        0.7680220603942871,
        521.9432373046875,
        381.5785217285156,
        0.8951042890548706,
        473.731201171875,
        390.37542724609375,
        0.9143611788749695,
        520.3783569335938,
        419.7303466796875,
        0.8381894826889038,
        463.48175048828125,
        430.2259521484375,
        0.8497142195701599,
        447.2094574830811,
        237.1921210873311,
        88.74321055585835,
        214.78175478082824
    ],
    "9": [
        1452.637939453125,
        339.3060302734375,
        0.8355958461761475,
        1455.1236572265625,
        335.85064697265625,
        0.860750675201416,
        1454.1968994140625,
        335.97076416015625,
        0.7094578146934509,
        1463.4556884765625,
        339.29730224609375,
        0.8500248193740845,
        1478.4033203125,
        338.94085693359375,
        0.7191853523254395,
        1457.481201171875,
        370.74639892578125,
        0.7546560168266296,
        1493.8602294921875,
        370.83551025390625,
        0.8774428367614746,
        1457.3055419921875,
        412.61236572265625,
        0.9177948236465454,
        1506.91552734375,
        407.3902587890625,
        0.8871572017669678,
        1452.0833740234375,
        446.5560302734375,
        0.9377251863479614,
        1506.91552734375,
        436.11181640625,
        0.9286837577819824,
        1470.3607177734375,
        451.77813720703125,
        0.8296869993209839,
        1493.8602294921875,
        449.1671142578125,
        0.8048967719078064,
        1442.444091796875,
        494.4095458984375,
        0.7300360202789307,
        1482.963134765625,
        496.89630126953125,
        0.7870383262634277,
        1457.3055419921875,
        550.9981689453125,
        0.8863677382469177,
        1486.027099609375,
        548.3871459960938,
        0.8786005973815918,
        1419.5196522940423,
        311.564564344304,
        109.51540114132808,
        267.3719333296673
    ],
    "4": [
        855.89404296875,
        207.14443969726562,
        0.9370747208595276,
        857.9024047851562,
        203.1277313232422,
        0.9394646883010864,
        851.8773193359375,
        203.1277313232422,
        0.9331262707710266,
        861.9191284179688,
        207.14443969726562,
        0.9007629752159119,
        843.8439331054688,
        207.14443969726562,
        0.9138626456260681,
        869.9525146484375,
        229.23634338378906,
        0.9156880378723145,
        833.8021850585938,
        225.21963500976562,
        0.8782885074615479,
        871.9608764648438,
        253.3365936279297,
        0.8776006102561951,
        809.701904296875,
        231.24468994140625,
        0.7900909781455994,
        873.96923828125,
        273.4201354980469,
        0.8941319584846497,
        783.5933227539062,
        223.21127319335938,
        0.7174778580665588,
        859.9107666015625,
        287.4786071777344,
        0.8701595067977905,
        835.8104858398438,
        287.4786071777344,
        0.8305431008338928,
        875.9776000976562,
        319.6122741699219,
        0.9265875220298767,
        831.7938232421875,
        329.654052734375,
        0.945528507232666,
        882.002685546875,
        359.77935791015625,
        0.8806504011154175,
        823.7603759765625,
        371.8294982910156,
        0.8960420489311218,
        807.4469098013062,
        185.65502959781014,
        86.85257926153122,
        205.65549654309285
    ],
    "6": [
        677.7294311523438,
        237.2620391845703,
        0.9486473202705383,
        677.7294311523438,
        233.1163330078125,
        0.9167934060096741,
        671.5108642578125,
        233.1163330078125,
        0.9375087022781372,
        679.8023071289062,
        235.18917846679688,
        0.7670449614524841,
        661.1466064453125,
        237.2620391845703,
        0.9323237538337708,
        686.0208129882812,
        257.99053955078125,
        0.9211615324020386,
        652.855224609375,
        264.2091064453125,
        0.9235623478889465,
        692.2393798828125,
        284.9376220703125,
        0.8225350975990295,
        640.4180908203125,
        293.2290344238281,
        0.9082740545272827,
        698.4579467773438,
        278.71905517578125,
        0.9090109467506409,
        654.9280395507812,
        289.08331298828125,
        0.9074053764343262,
        683.947998046875,
        318.1032409667969,
        0.823691189289093,
        663.219482421875,
        322.24896240234375,
        0.7990680932998657,
        692.2393798828125,
        361.6331481933594,
        0.8676391839981079,
        663.219482421875,
        367.8516845703125,
        0.8536202311515808,
        692.2393798828125,
        403.0901794433594,
        0.8889367580413818,
        663.219482421875,
        411.381591796875,
        0.8693163394927979,
        630.1080606370596,
        213.0096304722178,
        84.8785116954009,
        212.2600806284911
    ],
    "3": [
        757.1505126953125,
        171.62510681152344,
        0.938471257686615,
        758.5691528320312,
        168.78778076171875,
        0.9386727809906006,
        754.3131713867188,
        170.20643615722656,
        0.9419353604316711,
        762.8251342773438,
        171.62510681152344,
        0.9196444749832153,
        748.6385498046875,
        173.04376220703125,
        0.9225289821624756,
        768.4998168945312,
        188.6490478515625,
        0.9410065412521362,
        741.5452270507812,
        188.6490478515625,
        0.9018984436988831,
        771.337158203125,
        209.92897033691406,
        0.8944576382637024,
        735.87060546875,
        211.34762573242188,
        0.9018158912658691,
        772.7557983398438,
        229.7902374267578,
        0.7158986926078796,
        731.6146240234375,
        234.0462188720703,
        0.8608813285827637,
        761.406494140625,
        228.37156677246094,
        0.817294716835022,
        744.382568359375,
        228.37156677246094,
        0.8175092339515686,
        769.91845703125,
        255.32614135742188,
        0.8215987086296082,
        738.7078857421875,
        258.1634826660156,
        0.8399200439453125,
        769.91845703125,
        286.5367126464844,
        0.894807755947113,
        733.0332641601562,
        290.7926940917969,
        0.8700315356254578,
        725.9068143201304,
        156.44546356805358,
        58.23137221151353,
        145.2708921918965
    ],