{
    "18": [
        502.5296936035156,
        255.96621704101562,
        0.9616037011146545,
        502.5296936035156,
        251.72915649414062,
        0.9280059933662415,
        496.17413330078125,
        251.72915649414062,
        0.9264732599258423,
        504.6482238769531,
        253.84768676757812,
        0.8176584243774414,
        485.5815124511719,
        258.0847473144531,
        0.9509804248809814,
        513.122314453125,
        279.2699890136719,
        0.8932635188102722,
        474.9888610839844,
        279.2699890136719,
        0.8262913823127747,
        519.4779052734375,
        304.6922912597656,
        0.9074981212615967,
        443.21099853515625,
        275.0329284667969,
        0.8820106983184814,
        517.359375,
        327.9960632324219,
        0.9401563405990601,
        413.5516357421875,
        266.558837890625,
        0.8906791806221008,
        508.8852844238281,
        342.82574462890625,
        0.8361650705337524,
        483.4629821777344,
        344.94427490234375,
        0.8251044154167175,
        525.83349609375,
        380.9591979980469,
        0.9353307485580444,
        472.870361328125,
        391.55181884765625,
        0.9247157573699951,
        532.1890258789062,
        427.5667419433594,
        0.9271056056022644,
        462.2777099609375,
        431.8038024902344,
        0.9112176895141602,
        447.9744735178611,
        235.41651479022659,
        90.04372693451745,
        216.93699660499573
    ],
    "4": [
        850.7823486328125,
        202.2261199951172,
        0.9368676543235779,
        852.8130493164062,
        200.19544982910156,
        0.9556522965431213,
        846.7210083007812,
        200.19544982910156,
        0.9415403604507446,
        856.8743896484375,
        202.2261199951172,
        0.8969724774360657,
        838.5982666015625,
        204.25680541992188,
        0.9575143456459045,
        864.9970703125,
        226.59426879882812,
        0.9132729768753052,
        830.4755859375,
        220.5022430419922,
        0.8723760843276978,
        869.0584716796875,
        250.96241760253906,
        0.9011971950531006,
        804.0767211914062,
        222.5329132080078,
        0.796873927116394,
        869.0584716796875,
        273.2998962402344,
        0.9260445237159729,
        779.7085571289062,
        208.3181610107422,
        0.7180182933807373,
        854.8436889648438,
        285.4839782714844,
        0.8752235770225525,
        832.5062255859375,
        285.4839782714844,
        0.8378201723098755,
        871.089111328125,
        317.9748229980469,
        0.916244387626648,
        826.4141845703125,
        328.12823486328125,
        0.937196671962738,
        871.089111328125,
        360.61907958984375,
        0.9018975496292114,
        820.3221435546875,
        370.7724914550781,
        0.900977611541748,
        803.9908263565083,
        180.497838692185,
        87.49100999291579,
        207.9415879086844
    ],
    "9": [
        1449.9808349609375,
        336.0316467285156,
        0.9535514116287231,
        1452.564208984375,
        330.8649597167969,
        0.9226972460746765,
        1452.564208984375,
        330.8649597167969,
        0.8053799271583557,
        1462.8975830078125,
        336.0316467285156,
        0.9080910086631775,
        1478.397705078125,
        336.0316467285156,
        0.8238105177879333,
        1455.1475830078125,
        369.6152038574219,
        0.9291739463806152,
        1493.8978271484375,
        367.0318603515625,
        0.9400435090065002,
        1455.1475830078125,
        410.9488220214844,
        0.9261752963066101,
        1504.231201171875,
        405.7821350097656,
        0.9230340719223022,
        1452.564208984375,
        444.53240966796875,
        0.8872950077056885,
        1501.6478271484375,
        431.6156311035156,
        0.8353816270828247,
        1468.0643310546875,
        449.6990966796875,
        0.8307985663414001,
        1493.8978271484375,
        447.1157531738281,
        0.7988442778587341,
        1437.0640869140625,
        488.4493713378906,
        0.8958804607391357,
        1483.564453125,
        496.1994323730469,
        0.8333290219306946,
        1455.1475830078125,
        540.1163940429688,
        0.8730450868606567,
        1486.147705078125,
        550.4497680664062,
        0.8720453381538391,
        1417.8562412336228,
        310.9731841037153,
        108.16607259806096,
        264.5350520872612
    ],
    "6": [
        678.2392578125,
        237.31556701660156,
        0.9357736110687256,
        680.3087158203125,
        233.17669677734375,
        0.9300729632377625,
        674.1004028320312,
        233.17669677734375,
        0.9336034059524536,
        682.378173828125,
        235.2461395263672,
        0.7854738831520081,
        661.6837768554688,
        237.31556701660156,
        0.9214564561843872,
        688.5864868164062,
        258.00994873046875,
        0.9182327389717102,
        653.406005859375,
        264.2182922363281,
        0.9059503674507141,
        694.7947998046875,
        284.91265869140625,
        0.8129135966300964,
        643.058837890625,
        291.1209716796875,
        0.8805795311927795,
        692.725341796875,
        280.7738037109375,
        0.8891522884368896,
        657.5448608398438,
        289.0515441894531,
        0.9020828008651733,
        684.4475708007812,
        318.023681640625,
        0.8175665736198425,
        663.753173828125,
        322.1625671386719,
        0.7932261824607849,
        692.725341796875,
        357.343017578125,
        0.8665586709976196,
        663.753173828125,
        367.6902160644531,
        0.8460813164710999,
        690.6558837890625,
        402.8706970214844,
        0.9004727005958557,
        663.753173828125,
        409.0790100097656,
        0.8703548312187195,
        630.7554278902458,
        213.10312384322458,
        84.62054766637823,
        211.91058987589543
    ],
    "10": [
        467.3492126464844,
        484.8436279296875,
        0.8212154507637024,
        459.7420654296875,
        484.8436279296875,
        0.5921849012374878,
        467.3492126464844,
        484.8436279296875,
        0.8425748348236084,
        429.31353759765625,
        496.25433349609375,
        0.8887572884559631,
        463.545654296875,
        488.647216796875,
        0.9517924785614014,
        414.0992431640625,
        545.7007446289062,
        0.9334942102432251,
        486.3670654296875,
        534.2900390625,
        0.906149685382843,
        406.49212646484375,
        598.95068359375,
        0.887586772441864,
        509.1884765625,
        591.3435668945312,
        0.9155102968215942,
        417.90283203125,
        629.3792724609375,
        0.9474298357963562,
        528.206298828125,
        636.9863891601562,
        0.9422951936721802,
        455.9385070800781,
        656.0042114257812,
        0.7949721217155457,
        497.77777099609375,
        644.593505859375,
        0.8166844844818115,
        455.9385070800781,
        735.879150390625,
        0.9425874948501587,
        512.9920654296875,
        701.6470336914062,
        0.878689706325531,
        486.3670654296875,
        808.14697265625,
        0.9277418255805969,
        539.6170043945312,
        762.504150390625,
        0.8883904218673706,
        387.45968809549225,
        451.7526080955889,
        171.18973613379063,
        389.4854344036154
    ],