{
    "4": [
        837.7333984375,
        212.023193359375,
        0.9783608913421631,
        841.7081909179688,
        208.04837036132812,
        0.9458379745483398,
        833.7586059570312,
        208.04837036132812,
        0.9474186897277832,
        843.6956176757812,
        212.023193359375,
        0.9365116953849792,
        827.7963256835938,
        212.023193359375,
        0.9521127939224243,
        851.645263671875,
        233.8846893310547,
        0.9330400228500366,
        817.8593139648438,
        233.8846893310547,
        0.8708252310752869,
        857.6074829101562,
        259.72100830078125,
        0.9309407472610474,
        797.9852294921875,
        243.8217315673828,
        0.8455967307090759,
        857.6074829101562,
        281.58251953125,
        0.9240139126777649,
        803.9474487304688,
        241.83433532714844,
        0.8185036778450012,
        843.6956176757812,
        293.5069580078125,
        0.8514897227287292,
        819.8467407226562,
        293.5069580078125,
        0.8245565295219421,
        857.6074829101562,
        329.28033447265625,
        0.9010876417160034,
        813.8844604492188,
        335.2425537109375,
        0.9274280071258545,
        857.6074829101562,
        367.0411071777344,
        0.8791227340698242,
        803.9474487304688,
        376.9781494140625,
        0.8665881156921387,
        788.3585862363614,
        188.77054632258682,
        84.83778778569399,
        203.51062886127067
    ],
    "6": [
        679.4981689453125,
        234.2613525390625,
        0.9426446557044983,
        681.596435546875,
        230.06475830078125,
        0.9253751039505005,
        675.3015747070312,
        232.16305541992188,
        0.9330204725265503,
        687.891357421875,
        234.2613525390625,
        0.914240300655365,
        666.9083862304688,
        234.2613525390625,
        0.9399198293685913,
        694.186279296875,
        257.3426513671875,
        0.9373053908348083,
        658.51513671875,
        259.4409484863281,
        0.8893952369689941,
        698.3828735351562,
        286.7188415527344,
        0.8886945843696594,
        652.2202758789062,
        288.817138671875,
        0.8741282224655151,
        687.891357421875,
        282.5222473144531,
        0.8266602754592896,
        669.0066528320312,
        286.7188415527344,
        0.9274792671203613,
        685.7930297851562,
        316.09503173828125,
        0.8099450469017029,
        664.81005859375,
        318.193359375,
        0.7994945645332336,
        689.9896850585938,
        360.1593322753906,
        0.863277018070221,
        660.6134643554688,
        364.3559265136719,
        0.8857715129852295,
        692.0879516601562,
        402.1253356933594,
        0.9043480753898621,
        658.51513671875,
        408.42022705078125,
        0.8524978756904602,
        633.581665533434,
        209.71123348601213,
        85.53807500386597,
        214.86592178808974
    ],
    "18": [
        517.1862182617188,
        253.0262908935547,
        0.9449626207351685,
        517.1862182617188,
        248.61102294921875,
        0.8858017921447754,
        510.5633544921875,
        250.81866455078125,
        0.9295907020568848,
        519.3938598632812,
        250.81866455078125,
        0.7407774925231934,
        499.5251770019531,
        255.23391723632812,
        0.9371877908706665,
        528.2244262695312,
        272.8949890136719,
        0.8832237124443054,
        488.48699951171875,
        275.1026306152344,
        0.8205580115318298,
        541.47021484375,
        297.1789245605469,
        0.9025539755821228,
        457.5801696777344,
        275.1026306152344,
        0.9076707363128662,
        537.054931640625,
        321.462890625,
        0.9249952435493469,
        428.88092041015625,
        266.2720947265625,
        0.8954505920410156,
        523.8091430664062,
        341.3315734863281,
        0.8371639847755432,
        497.3175354003906,
        341.3315734863281,
        0.8370522856712341,
        537.054931640625,
        385.4842224121094,
        0.9274762272834778,
        488.48699951171875,
        389.8995056152344,
        0.9077779054641724,
        543.6778564453125,
        431.8445129394531,
        0.9397297501564026,
        473.0335998535156,
        429.6368713378906,
        0.8464162945747375,
        459.1471314702576,
        231.61227433709868,
        96.2095290264158,
        226.06151844092122
    ],
    "10": [
        375.75518798828125,
        487.382568359375,
        0.7972124814987183,
        368.0514221191406,
        483.53070068359375,
        0.6359436511993408,
        375.75518798828125,
        483.53070068359375,
        0.7981390357017517,
        337.2364807128906,
        487.382568359375,
        0.9662156105041504,
        371.9032897949219,
        487.382568359375,
        0.9684306979179382,
        314.125244140625,
        537.4568481445312,
        0.9509205222129822,
        387.310791015625,
        537.4568481445312,
        0.8964926600456238,
        310.27337646484375,
        595.2349243164062,
        0.9107882380485535,
        395.0145263671875,
        595.2349243164062,
        0.9221299886703491,
        314.125244140625,
        637.60546875,
        0.882402241230011,
        398.86639404296875,
        641.4573364257812,
        0.9618450403213501,
        333.3846130371094,
        649.1611328125,
        0.8057985901832581,
        375.75518798828125,
        645.3092651367188,
        0.8020060062408447,
        325.68084716796875,
        726.198486328125,
        0.8760666251182556,
        352.6439514160156,
        726.198486328125,
        1.059694766998291,
        375.75518798828125,
        776.2728271484375,
        0.8507396578788757,
        329.5327453613281,
        810.9396362304688,
        0.7929801344871521,
        268.94979416255654,
        446.16758309683456,
        163.53645112572718,
        394.43148838993346
    ],
    "3": [
        746.2440185546875,
        179.22291564941406,
        0.9546008110046387,
        749.0098876953125,
        175.07418823242188,
        0.9554999470710754,
        743.4782104492188,
        176.45709228515625,
        0.9524837732315063,
        751.7756958007812,
        177.8400115966797,
        0.9276058077812195,
        737.9465942382812,
        179.22291564941406,
        0.9078705906867981,
        757.3073120117188,
        194.43495178222656,
        0.8886855244636536,
        731.0320434570312,
        194.43495178222656,
        0.8852218985557556,
        760.0731811523438,
        215.17861938476562,
        0.8645790815353394,
        726.88330078125,
        219.32736206054688,
        0.8649778366088867,
        766.9877319335938,
        238.68812561035156,
        0.6716862916946411,
        725.5003662109375,
        241.45394897460938,
        0.8753433227539062,
        750.3927612304688,
        229.0077362060547,
        0.8499926328659058,
        733.7978515625,
        230.39065551757812,
        0.8415248990058899,
        760.0731811523438,
        255.28306579589844,
        0.8391478061676025,
        733.7978515625,
        262.1976318359375,
        0.8644367456436157,
        761.4560546875,
        288.4729309082031,
        0.8588075637817383,
        733.7978515625,
        292.6216735839844,
        0.8676414489746094,
        715.3596567722863,
        163.04281483816175,
        57.62000342430554,
        141.61020574732487
    ],