{
    "6": [
        689.2409057617188,
        240.07382202148438,
        0.9455915093421936,
        691.21337890625,
        236.12881469726562,
        0.9536058306694031,
        685.2958984375,
        238.101318359375,
        0.9491194486618042,
        693.1858520507812,
        242.04632568359375,
        0.8048242926597595,
        673.4608764648438,
        242.04632568359375,
        0.9181756973266602,
        695.1583862304688,
        267.6888427734375,
        0.9166613817214966,
        665.5708618164062,
        269.6613464355469,
        0.9085118174552917,
        706.993408203125,
        289.3863525390625,
        0.9025202393531799,
        649.7908325195312,
        293.33135986328125,
        0.892741858959198,
        716.8558959960938,
        281.496337890625,
        0.9017982482910156,
        665.5708618164062,
        295.3038635253906,
        0.9074130654335022,
        693.1858520507812,
        324.891357421875,
        0.8508143424987793,
        669.515869140625,
        324.891357421875,
        0.7950636148452759,
        714.8834228515625,
        360.3963928222656,
        0.8966790437698364,
        661.6258544921875,
        368.286376953125,
        0.8914477825164795,
        718.828369140625,
        395.9013977050781,
        0.9111591577529907,
        647.818359375,
        407.7364196777344,
        0.8796108961105347,
        637.2283596620263,
        218.96808194566893,
        86.27247068719942,
        201.9840405988682
    ],
    "1": [
        296.5751037597656,
        197.14321899414062,
        0.9207706451416016,
        300.1164245605469,
        193.6019287109375,
        0.9222152233123779,
        293.0338134765625,
        193.6019287109375,
        0.9326906204223633,
        301.8870544433594,
        197.14321899414062,
        0.8659493923187256,
        284.1805725097656,
        195.37257385253906,
        0.9379329681396484,
        307.1990051269531,
        218.3909912109375,
        0.9140787124633789,
        270.0154113769531,
        214.84970092773438,
        0.8741816282272339,
        308.96966552734375,
        243.1800537109375,
        0.8861797451972961,
        261.16217041015625,
        237.8681182861328,
        0.8920922875404358,
        308.96966552734375,
        266.198486328125,
        0.8889912962913513,
        266.47412109375,
        259.1158752441406,
        0.929388701915741,
        294.8044738769531,
        262.6571960449219,
        0.8469247817993164,
        271.7860412597656,
        264.4278259277344,
        0.8093022108078003,
        310.74029541015625,
        299.8407897949219,
        0.8837463855743408,
        271.7860412597656,
        305.1527404785156,
        0.8385913372039795,
        316.05224609375,
        340.565673828125,
        0.8689678311347961,
        282.4099426269531,
        342.3363342285156,
        0.8429707288742065,
        255.99283001790542,
        176.42662273540742,
        72.31134454666159,
        181.31434800414297
    ],
    "3": [
        747.3190307617188,
        175.446044921875,
        0.9607324600219727,
        750.1026000976562,
        172.66249084472656,
        0.9545378088951111,
        743.1437377929688,
        172.66249084472656,
        0.9415795207023621,
        752.8861694335938,
        175.446044921875,
        0.9029746651649475,
        738.9683837890625,
        176.8378143310547,
        0.9151747226715088,
        761.23681640625,
        189.36380004882812,
        0.8606745600700378,
        732.009521484375,
        192.14735412597656,
        0.8850746154785156,
        770.979248046875,
        199.10623168945312,
        0.8426772952079773,
        722.26708984375,
        206.0651092529297,
        0.8748421669006348,
        766.8038940429688,
        218.59109497070312,
        0.8624495267868042,
        725.0506591796875,
        224.158203125,
        0.8287029266357422,
        757.0614624023438,
        228.33352661132812,
        0.8348272442817688,
        738.9683837890625,
        231.11708068847656,
        0.812275767326355,
        772.3710327148438,
        253.38548278808594,
        0.8469541072845459,
        737.5765991210938,
        261.73614501953125,
        0.8665947914123535,
        772.3710327148438,
        285.3963317871094,
        0.8478866219520569,
        733.4013061523438,
        293.7469787597656,
        0.8705631494522095,
        717.2420895595085,
        159.16225602268304,
        58.76220738371478,
        142.51785964873494
    ],
    "18": [
        480.6485290527344,
        258.3687744140625,
        0.9548001289367676,
        480.6485290527344,
        253.87928771972656,
        0.9038552045822144,
        476.1590270996094,
        253.87928771972656,
        0.9497875571250916,
        482.8932800292969,
        256.1240234375,
        0.661351203918457,
        464.935302734375,
        260.613525390625,
        0.8933364748954773,
        489.62750244140625,
        280.81622314453125,
        0.880174994468689,
        453.71160888671875,
        285.3056945800781,
        0.8853484392166138,
        509.8302001953125,
        312.2426452636719,
        0.8773758411407471,
        437.9983825683594,
        316.73211669921875,
        0.9226391315460205,
        503.0959777832031,
        303.2636413574219,
        0.8764951825141907,
        458.2010803222656,
        316.73211669921875,
        0.879460871219635,
        494.11700439453125,
        345.9137878417969,
        0.8154729008674622,
        464.935302734375,
        348.1585388183594,
        0.7830554842948914,
        514.3197021484375,
        390.8086853027344,
        0.9219109416007996,
        455.9563293457031,
        397.54290771484375,
        0.8635495901107788,
        530.0328979492188,
        431.21405029296875,
        0.918485164642334,
        451.46685791015625,
        446.9272766113281,
        0.8879823088645935,
        430.42129957077054,
        232.1052551753747,
        98.20969746710603,
        229.8618249858205
    ],
    "4": [
        843.46923828125,
        228.80722045898438,
        0.937143087387085,
        847.1161499023438,
        225.1603546142578,
        0.9383911490440369,
        839.8223876953125,
        225.1603546142578,
        0.9397776126861572,
        854.409912109375,
        228.80722045898438,
        0.959273099899292,
        837.9989624023438,
        228.80722045898438,
        0.8823605179786682,
        865.3505249023438,
        252.51190185546875,
        0.8869951367378235,
        832.5286254882812,
        250.68846130371094,
        0.8946150541305542,
        876.2911376953125,
        272.5697021484375,
        0.8580514788627625,
        827.058349609375,
        278.0400085449219,
        0.9049708247184753,
        868.9973754882812,
        290.8040771484375,
        0.8213844299316406,
        823.4114379882812,
        303.5681457519531,
        0.9184146523475647,
        861.70361328125,
        298.0978088378906,
        0.8267899751663208,
        839.8223876953125,
        296.2743835449219,
        0.8313668370246887,
        870.82080078125,
        330.919677734375,
        0.7271290421485901,
        827.058349609375,
        330.919677734375,
        0.904708981513977,
        878.1145629882812,
        363.7415466308594,
        0.5923780202865601,
        817.941162109375,
        372.8587341308594,
        0.8851526379585266,
        805.6220625149966,
        207.4730284679859,
        77.51785910111175,
        186.71988366728095
    ],