{
    "3": [
        754.3781127929688,
        178.09844970703125,
        0.9328317046165466,
        757.1543579101562,
        175.32220458984375,
        0.9384583830833435,
        751.6018676757812,
        176.7103271484375,
        0.9466598033905029,
        761.3186645507812,
        178.09844970703125,
        0.9274370074272156,
        747.4375,
        179.486572265625,
        0.9270280599594116,
        772.4236450195312,
        193.36773681640625,
        0.910994827747345,
        744.6612548828125,
        194.755859375,
        0.9441922307014465,
        782.1404418945312,
        211.41326904296875,
        0.902641773223877,
        741.8850708007812,
        214.1894989013672,
        0.8926035165786743,
        777.97607421875,
        230.84690856933594,
        0.8570923805236816,
        740.4969482421875,
        230.84690856933594,
        0.8614943027496338,
        771.0355224609375,
        232.2350311279297,
        0.8193631172180176,
        752.989990234375,
        232.2350311279297,
        0.8281722068786621,
        783.528564453125,
        258.6092529296875,
        0.8582875728607178,
        747.4375,
        261.385498046875,
        0.8955175280570984,
        796.0216064453125,
        283.5953674316406,
        0.8882231712341309,
        736.3325805664062,
        290.53594970703125,
        0.8756952285766602,
        730.8931240703834,
        160.469339371062,
        59.462964435102776,
        142.14324778003225
    ],
    "1": [
        288.9773254394531,
        199.99905395507812,
        0.9259340167045593,
        290.77703857421875,
        196.399658203125,
        0.9380477666854858,
        283.5782165527344,
        196.399658203125,
        0.9335518479347229,
        294.3764343261719,
        199.99905395507812,
        0.9225054979324341,
        276.3794250488281,
        199.99905395507812,
        0.945041298866272,
        299.7755432128906,
        219.79576110839844,
        0.9225507378578186,
        261.9818115234375,
        219.79576110839844,
        0.8763235211372375,
        306.9743347167969,
        243.19186401367188,
        0.8973574042320251,
        251.18362426757812,
        244.99156188964844,
        0.9028078317642212,
        315.97283935546875,
        264.78826904296875,
        0.8746823072433472,
        251.18362426757812,
        270.1873779296875,
        0.89166259765625,
        287.1776428222656,
        270.1873779296875,
        0.8057097792625427,
        261.9818115234375,
        270.1873779296875,
        0.773263692855835,
        306.9743347167969,
        300.78228759765625,
        0.8412043452262878,
        245.78451538085938,
        307.9810791015625,
        0.8270724415779114,
        317.7725524902344,
        340.3757019042969,
        0.8348398208618164,
        225.98782348632812,
        349.37420654296875,
        0.863881528377533,
        240.71324409085256,
        175.34318388340193,
        76.73147234299935,
        184.28929127826166
    ],
    "18": [
        445.0770568847656,
        257.62451171875,
        0.9441941380500793,
        449.63739013671875,
        253.0641632080078,
        0.9595714211463928,
        440.5167236328125,
        253.0641632080078,
        0.9444285035133362,
        454.1977233886719,
        255.34432983398438,
        0.9134411215782166,
        433.67620849609375,
        255.34432983398438,
        0.9068616032600403,
        463.31842041015625,
        278.14599609375,
        0.8875787854194641,
        424.5555419921875,
        280.4261779785156,
        0.8992161750793457,
        476.9994201660156,
        303.22784423828125,
        0.8763918876647949,
        426.8357238769531,
        305.5080261230469,
        0.8161514401435852,
        465.59857177734375,
        282.70635986328125,
        0.9114781618118286,
        445.0770568847656,
        284.98651123046875,
        0.7918074131011963,
        461.0382385253906,
        344.2708740234375,
        0.8211191296577454,
        435.9563903808594,
        346.5510559082031,
        0.8194606304168701,
        474.71923828125,
        394.4345703125,
        0.8725806474685669,
        438.236572265625,
        401.27508544921875,
        0.8603963255882263,
        465.59857177734375,
        426.35693359375,
        0.8284102082252502,
        447.35723876953125,
        444.5982666015625,
        0.8600632548332214,
        399.9925285140527,
        230.94653519592728,
        97.00955490056663,
        233.4891908955776
    ],
    "10": [
        283.8425598144531,
        392.2449035644531,
        0.8997961282730103,
        281.2154846191406,
        386.99072265625,
        0.7087725400924683,
        281.2154846191406,
        389.6177978515625,
        0.8982978463172913,
        254.9447021484375,
        394.8719787597656,
        0.8199875950813293,
        275.9613342285156,
        394.8719787597656,
        0.9485698342323303,
        236.55516052246094,
        426.39691162109375,
        0.8625444173812866,
        289.0967102050781,
        431.65106201171875,
        0.9072753190994263,
        215.5385284423828,
        468.4301452636719,
        0.873909592628479,
        302.2320861816406,
        476.3113708496094,
        0.8752939105033875,
        207.6573028564453,
        507.8363037109375,
        0.8620736598968506,
        315.36749267578125,
        510.46337890625,
        0.9245719313621521,
        231.30099487304688,
        507.8363037109375,
        0.7918320894241333,
        262.825927734375,
        510.46337890625,
        0.80731600522995,
        244.43638610839844,
        557.7507934570312,
        0.9150643944740295,
        286.4696350097656,
        549.8695678710938,
        0.8635931015014648,
        223.41976928710938,
        612.91943359375,
        0.8304396271705627,
        247.06346130371094,
        591.9027709960938,
        0.9172869920730591,
        202.25068268478833,
        366.76218314690266,
        108.01508801162834,
        269.01278140955026
    ],
    "6": [
        648.2764892578125,
        264.9241027832031,
        0.8443819284439087,
        651.8049926757812,
        261.39556884765625,
        0.8564276695251465,
        646.51220703125,
        261.39556884765625,
        0.8703460693359375,
        662.3905639648438,
        261.39556884765625,
        0.8759722709655762,
        642.983642578125,
        263.1598205566406,
        0.7787346243858337,
        676.504638671875,
        282.56671142578125,
        0.8987728953361511,
        639.4551391601562,
        286.0952453613281,
        0.8605983257293701,
        683.5617065429688,
        303.73785400390625,
        0.8518599271774292,
        630.6338500976562,
        309.0306396484375,
        0.8952333331108093,
        680.033203125,
        317.8519592285156,
        0.8594738245010376,
        628.8695678710938,
        333.7303161621094,
        0.9145318865776062,
        681.7974243164062,
        340.787353515625,
        0.8040271401405334,
        657.0977783203125,
        342.5516052246094,
        0.8225693106651306,
        708.2613525390625,
        369.0155334472656,
        0.8624389171600342,
        646.51220703125,
        376.0726013183594,
        0.8970414400100708,
        734.7252807617188,
        397.2437438964844,
        0.89073246717453,
        650.0407104492188,
        414.8863525390625,
        0.8564087152481079,
        627.4531539449714,
        242.51799945926825,
        78.69614971532462,
        180.6603707062684
    ],