{
    "4": [
        832.7920532226562,
        211.59608459472656,
        0.9121266007423401,
        835.6846313476562,
        208.7034912109375,
        0.9425163269042969,
        831.3457641601562,
        208.7034912109375,
        0.9573985934257507,
        845.8087768554688,
        211.59608459472656,
        0.9547496438026428,
        828.453125,
        211.59608459472656,
        0.8076990246772766,
        857.379150390625,
        231.84429931640625,
        0.8773372173309326,
        828.453125,
        228.95169067382812,
        0.9484824538230896,
        867.5032958984375,
        250.6461944580078,
        0.869366466999054,
        827.0068359375,
        250.6461944580078,
        0.8839908838272095,
        868.9495849609375,
        270.8944091796875,
        0.892838180065155,
        821.2216796875,
        268.0018005371094,
        0.8874087333679199,
        857.379150390625,
        275.2333068847656,
        0.8072810769081116,
        840.0235595703125,
        275.2333068847656,
        0.8490024209022522,
        866.0569458007812,
        299.8204040527344,
        0.8596898913383484,
        824.1142578125,
        299.8204040527344,
        0.9087427258491516,
        879.0736694335938,
        331.6390380859375,
        0.8794445395469666,
        821.2216796875,
        315.729736328125,
        0.8682528138160706,
        817.999047451834,
        193.22808202599958,
        59.95836765472325,
        148.10115651918363
    ],
    "3": [
        749.7656860351562,
        178.70480346679688,
        0.9602164030075073,
        752.324462890625,
        174.8666534423828,
        0.9585388898849487,
        745.927490234375,
        176.14602661132812,
        0.9503591060638428,
        757.4420166015625,
        177.4254150390625,
        0.9219969511032104,
        743.3687133789062,
        178.70480346679688,
        0.9237748384475708,
        765.1183471679688,
        192.77806091308594,
        0.8883414268493652,
        740.8099365234375,
        192.77806091308594,
        0.9069842100143433,
        771.5152587890625,
        210.68948364257812,
        0.8900417685508728,
        738.251220703125,
        211.9688720703125,
        0.8641692399978638,
        770.23583984375,
        226.04212951660156,
        0.8649566769599915,
        738.251220703125,
        228.6009063720703,
        0.8399179577827454,
        763.8389282226562,
        224.7627410888672,
        0.7958782911300659,
        747.2069091796875,
        226.04212951660156,
        0.7950270771980286,
        768.9564819335938,
        252.9092559814453,
        0.8298962116241455,
        745.927490234375,
        254.1886444091797,
        0.8529488444328308,
        772.7946166992188,
        281.0557861328125,
        0.8287761807441711,
        751.0450439453125,
        282.3351745605469,
        0.8882128000259399,
        726.9416814332953,
        163.73596817031006,
        54.603752171423594,
        131.00926513913004
    ],
    "1": [
        232.84695434570312,
        225.33795166015625,
        0.9365528225898743,
        235.88047790527344,
        220.78765869140625,
        0.9468234181404114,
        228.29664611816406,
        222.30441284179688,
        0.9422771334648132,
        240.4307861328125,
        223.82118225097656,
        0.9391151070594788,
        220.7128143310547,
        226.85472106933594,
        0.9154977202415466,
        251.04815673828125,
        243.53916931152344,
        0.8849744200706482,
        213.12896728515625,
        248.08946228027344,
        0.8557954430580139,
        261.66552734375,
        267.80743408203125,
        0.9166492819786072,
        202.5115966796875,
        276.9080505371094,
        0.8493586778640747,
        273.7996826171875,
        290.5589599609375,
        0.8099423050880432,
        194.92776489257812,
        299.6595764160156,
        0.8471966981887817,
        240.4307861328125,
        282.9751281738281,
        0.8158865571022034,
        216.16250610351562,
        284.49188232421875,
        0.8092384934425354,
        272.28289794921875,
        298.1427917480469,
        0.865642249584198,
        199.47805786132812,
        311.793701171875,
        0.8186643719673157,
        279.8667297363281,
        342.1290588378906,
        0.8566151261329651,
        188.86068725585938,
        352.7464294433594,
        0.8610461354255676,
        200.6299567836337,
        204.5582260972302,
        68.98429423498044,
        155.31702464239277
    ],
    "6": [
        514.8899536132812,
        287.3078308105469,
        0.8881118893623352,
        520.2223510742188,
        283.75286865234375,
        0.908102810382843,
        511.33502197265625,
        285.5303649902344,
        0.8930773138999939,
        527.332275390625,
        292.6402282714844,
        0.9177640080451965,
        506.0025939941406,
        290.8627624511719,
        0.887967586517334,
        537.9971313476562,
        317.52484130859375,
        0.9085890650749207,
        500.6701965332031,
        317.52484130859375,
        0.8901450037956238,
        548.6619262695312,
        345.96441650390625,
        0.7826467156410217,
        493.560302734375,
        345.96441650390625,
        0.8804107308387756,
        539.7745971679688,
        358.4067077636719,
        0.8681053519248962,
        486.4504089355469,
        367.2940673828125,
        0.7912759184837341,
        536.2196044921875,
        367.2940673828125,
        0.7800049781799316,
        513.1124877929688,
        365.5166015625,
        0.7778486609458923,
        518.4448852539062,
        395.7336120605469,
        0.9084417819976807,
        495.3377685546875,
        399.28857421875,
        0.8441194295883179,
        527.332275390625,
        438.3929443359375,
        0.8682586550712585,
        484.6729431152344,
        438.3929443359375,
        0.8801146745681763,
        472.72922889173185,
        275.39873438226766,
        78.98909453595127,
        182.01318590807017
    ],
    "9": [
        1085.847412109375,
        340.2099914550781,
        0.8928219676017761,
        1087.79833984375,
        336.3079528808594,
        0.9456440806388855,
        1085.847412109375,
        334.35693359375,
        0.8298090100288391,
        1099.5045166015625,
        342.1610412597656,
        0.9263327717781067,
        1103.4066162109375,
        340.2099914550781,
        0.7023770809173584,
        1115.1126708984375,
        363.62225341796875,
        0.8433493375778198,
        1111.210693359375,
        355.81817626953125,
        0.7828255295753479,
        1113.16162109375,
        402.6427001953125,
        0.9434778094291687,
        1101.45556640625,
        385.08349609375,
        0.8581753373146057,
        1087.79833984375,
        418.2508850097656,
        0.8751721978187561,
        1076.09228515625,
        404.5937194824219,
        0.8915093541145325,
        1148.280029296875,
        408.4957580566406,
        0.7989250421524048,
        1138.52490234375,
        406.54473876953125,
        0.6582406163215637,
        1113.16162109375,
        445.565185546875,
        0.7340545654296875,
        1107.30859375,
        433.8590393066406,
        0.9756573438644409,
        1097.553466796875,
        496.291748046875,
        0.8545092940330505,
        1130.7208251953125,
        474.83050537109375,
        0.8872585296630859,
        1069.5142952794483,
        311.52998685682735,
        85.343602455049,
        199.78461285652224
    ],