{
    "3": [
        745.7318725585938,
        178.47494506835938,
        0.9566048979759216,
        748.27294921875,
        175.9338836669922,
        0.9524675011634827,
        743.1907958984375,
        175.9338836669922,
        0.9643862843513489,
        753.3551025390625,
        178.47494506835938,
        0.9243651032447815,
        739.3792114257812,
        179.7454833984375,
        0.9161657094955444,
        762.2488403320312,
        192.4508514404297,
        0.8756171464920044,
        738.108642578125,
        193.72137451171875,
        0.8827075958251953,
        768.6015014648438,
        211.50888061523438,
        0.8981328010559082,
        734.2970581054688,
        211.50888061523438,
        0.8929052352905273,
        763.5193481445312,
        226.75531005859375,
        0.8609318733215332,
        734.2970581054688,
        226.75531005859375,
        0.8709203004837036,
        760.978271484375,
        225.48477172851562,
        0.7928109169006348,
        743.1907958984375,
        225.48477172851562,
        0.829581081867218,
        764.7899169921875,
        250.89549255371094,
        0.8001407980918884,
        726.673828125,
        248.3544158935547,
        0.8641641736030579,
        766.0604248046875,
        282.65887451171875,
        0.8536969423294067,
        727.9443359375,
        280.1178283691406,
        0.8593961596488953,
        721.6688268818552,
        162.33914513279106,
        54.47873502898199,
        130.10285670315736
    ],
    "1": [
        226.44290161132812,
        223.49810791015625,
        0.9479308724403381,
        229.62306213378906,
        218.72789001464844,
        0.9523018598556519,
        221.6726837158203,
        220.31796264648438,
        0.9596991539001465,
        234.39328002929688,
        221.9080352783203,
        0.9262800216674805,
        215.3123779296875,
        223.49810791015625,
        0.9463018178939819,
        243.93373107910156,
        242.5790252685547,
        0.895690381526947,
        207.36199951171875,
        244.16909790039062,
        0.8520839810371399,
        255.06427001953125,
        268.0202331542969,
        0.8891080617904663,
        199.41162109375,
        271.20037841796875,
        0.8315646648406982,
        263.0146484375,
        291.8713684082031,
        0.858384370803833,
        193.0513153076172,
        295.051513671875,
        0.8218018412590027,
        235.9833526611328,
        282.3309020996094,
        0.8470588326454163,
        212.13223266601562,
        283.9209899902344,
        0.8059795498847961,
        267.7848815917969,
        299.8217468261719,
        0.8334340453147888,
        194.64138793945312,
        312.5423278808594,
        0.8650054335594177,
        280.5054626464844,
        341.1636962890625,
        0.8561567664146423,
        188.28109741210938,
        353.8843078613281,
        0.8683050274848938,
        191.5245125775382,
        201.71408559216874,
        74.60701109452776,
        162.82370906579652
    ],
    "23": [
        910.388671875,
        269.8166809082031,
        0.948737382888794,
        914.4666748046875,
        267.7776794433594,
        0.9269280433654785,
        912.4276733398438,
        265.7386779785156,
        0.8872194886207581,
        924.6616821289062,
        271.8556823730469,
        0.9298382997512817,
        922.6226806640625,
        271.8556823730469,
        0.6730731725692749,
        928.7396850585938,
        292.2457275390625,
        0.8910271525382996,
        922.6226806640625,
        292.2457275390625,
        0.758144199848175,
        938.9346923828125,
        322.830810546875,
        0.9359632730484009,
        932.8176879882812,
        324.86981201171875,
        0.775844156742096,
        914.4666748046875,
        335.0648498535156,
        0.898227870464325,
        916.5056762695312,
        337.1038513183594,
        0.7764190435409546,
        949.1297607421875,
        353.4158935546875,
        0.7888219356536865,
        934.856689453125,
        355.45489501953125,
        0.8108054995536804,
        955.2467651367188,
        398.2740173339844,
        0.8451519012451172,
        928.7396850585938,
        396.2350158691406,
        0.8966863751411438,
        979.71484375,
        439.0541076660156,
        0.8857133388519287,
        940.9736938476562,
        434.9761047363281,
        0.8916676640510559,
        900.0365566180999,
        245.9603239282265,
        83.91333313398752,
        208.79411798292125
    ],
    "4": [
        819.0133666992188,
        205.16188049316406,
        0.8933124542236328,
        821.8507080078125,
        202.3245849609375,
        0.923351526260376,
        816.1760864257812,
        202.3245849609375,
        0.9056253433227539,
        828.9439086914062,
        203.74322509765625,
        0.9054677486419678,
        814.7574462890625,
        203.74322509765625,
        0.850141167640686,
        838.87451171875,
        219.348388671875,
        0.8827371597290039,
        809.0828247070312,
        219.348388671875,
        0.8868062496185303,
        851.642333984375,
        237.79083251953125,
        0.8141016364097595,
        797.733642578125,
        236.3721923828125,
        0.836633026599884,
        853.0609741210938,
        254.81463623046875,
        0.6086839437484741,
        793.4776611328125,
        256.2332763671875,
        0.8994905948638916,
        844.549072265625,
        259.0705871582031,
        0.7753675580024719,
        824.68798828125,
        263.3265380859375,
        0.8122295141220093,
        858.735595703125,
        284.6062927246094,
        0.8137964606285095,
        809.0828247070312,
        287.443603515625,
        0.9062449932098389,
        874.3407592773438,
        317.2352600097656,
        0.8058484792709351,
        819.0133666992188,
        315.81658935546875,
        0.8812150359153748,
        799.04917480011,
        185.72637437301609,
        61.208149213402635,
        145.26980142040594
    ],
    "9": [
        1066.7857666015625,
        339.76910400390625,
        0.9591038823127747,
        1070.718505859375,
        335.8363037109375,
        0.9685954451560974,
        1068.7520751953125,
        333.869873046875,
        0.8829056024551392,
        1080.550537109375,
        339.76910400390625,
        0.8982760906219482,
        1088.416259765625,
        339.76910400390625,
        0.6967912912368774,
        1090.382568359375,
        363.3659973144531,
        0.8693647384643555,
        1098.248291015625,
        355.5003662109375,
        0.8021241426467896,
        1088.416259765625,
        400.7277526855469,
        0.9310981035232544,
        1084.4833984375,
        390.8957214355469,
        0.6237172484397888,
        1064.8193359375,
        418.4254150390625,
        0.9858900904655457,
        1066.7857666015625,
        404.6605529785156,
        0.9022390246391296,
        1125.7779541015625,
        408.5933837890625,
        0.7700425982475281,
        1133.6435546875,
        404.6605529785156,
        0.5915123224258423,
        1086.4498291015625,
        449.887939453125,
        0.8616470694541931,
        1106.1138916015625,
        443.98870849609375,
        0.7908212542533875,
        1094.3154296875,
        502.98095703125,
        0.8899883031845093,
        1119.8787841796875,
        479.3840637207031,
        0.8874835968017578,
        1056.0759215372063,
        312.8292872632835,
        86.31111443187024,
        201.360208420959
    ],