{
    "3": [
        805.8934326171875,
        173.3310089111328,
        0.8839448094367981,
        807.08984375,
        170.938232421875,
        0.925568699836731,
        802.3042602539062,
        170.938232421875,
        0.9160984754562378,
        808.2861938476562,
        173.3310089111328,
        0.7689821720123291,
        797.5187377929688,
        172.13461303710938,
        0.9182578921318054,
        807.08984375,
        190.08038330078125,
        0.8902637958526611,
        784.3585205078125,
        184.0984649658203,
        0.862841010093689,
        808.2861938476562,
        206.82977294921875,
        0.8914366960525513,
        771.1983032226562,
        197.25869750976562,
        0.8739587664604187,
        805.8934326171875,
        221.18638610839844,
        0.7664967179298401,
        768.8055419921875,
        215.20445251464844,
        0.8834900259971619,
        798.7151489257812,
        219.989990234375,
        0.8022757172584534,
        781.9657592773438,
        219.989990234375,
        0.8030075430870056,
        819.0536499023438,
        240.3285369873047,
        0.8106920719146729,
        778.3765869140625,
        247.5068359375,
        0.7888826727867126,
        826.2319946289062,
        269.041748046875,
        0.8117707967758179,
        773.591064453125,
        271.4345397949219,
        0.5791972279548645,
        763.9255407793181,
        156.9405713508072,
        51.633390183608185,
        122.50970697811948
    ],
    "6": [
        498.1098327636719,
        274.3157653808594,
        0.9209851622581482,
        496.10406494140625,
        270.3042907714844,
        0.9105128049850464,
        494.09832763671875,
        272.3100280761719,
        0.9078343510627747,
        490.08685302734375,
        274.3157653808594,
        0.5730618238449097,
        486.0753479003906,
        276.321533203125,
        0.8431946039199829,
        492.09259033203125,
        296.37896728515625,
        0.808544397354126,
        466.01788330078125,
        304.4019775390625,
        0.8133132457733154,
        496.10406494140625,
        314.4306945800781,
        0.8041732907295227,
        460.00067138671875,
        334.4881591796875,
        0.8447502255439758,
        508.1385498046875,
        326.4651794433594,
        0.8661940097808838,
        480.05810546875,
        348.52838134765625,
        0.8982831835746765,
        494.09832763671875,
        354.54559326171875,
        0.7570428848266602,
        476.046630859375,
        358.5570983886719,
        0.7513116002082825,
        500.1155700683594,
        400.6777648925781,
        0.865399181842804,
        482.0638732910156,
        402.6835021972656,
        0.867971658706665,
        498.1098327636719,
        442.79840087890625,
        0.8334932327270508,
        480.05810546875,
        444.8041687011719,
        0.8897591829299927,
        446.74362638139127,
        256.8658159526258,
        76.65767557797079,
        205.38831843221067
    ],
    "2": [
        578.6051025390625,
        192.78253173828125,
        0.8020028471946716,
        578.6051025390625,
        190.1305389404297,
        0.8430299758911133,
        575.953125,
        190.1305389404297,
        0.8469382524490356,
        579.9310913085938,
        187.47854614257812,
        0.8215864896774292,
        567.9971313476562,
        190.1305389404297,
        0.7997610569000244,
        585.235107421875,
        196.76052856445312,
        0.8806586861610413,
        557.38916015625,
        200.73851013183594,
        0.8681108951568604,
        587.8870849609375,
        210.02049255371094,
        0.8695462942123413,
        549.4331665039062,
        215.32447814941406,
        0.8468644022941589,
        579.9310913085938,
        219.30245971679688,
        0.8768016695976257,
        564.0191650390625,
        221.9544677734375,
        0.8516527414321899,
        579.9310913085938,
        237.86642456054688,
        0.7680709362030029,
        564.0191650390625,
        237.86642456054688,
        0.7619331479072571,
        583.9091186523438,
        263.06036376953125,
        0.7745696306228638,
        570.6491088867188,
        264.3863525390625,
        0.7718658447265625,
        579.9310913085938,
        282.9503173828125,
        0.7955485582351685,
        571.9751586914062,
        289.5802917480469,
        0.8120660781860352,
        541.9559391799312,
        167.98637987229557,
        58.71233751789816,
        135.7820944633309
    ],
    "1": [
        323.4924621582031,
        220.6617889404297,
        0.9199156165122986,
        323.4924621582031,
        217.42442321777344,
        0.9346235394477844,
        320.2550964355469,
        217.42442321777344,
        0.9218764305114746,
        315.3990478515625,
        220.6617889404297,
        0.5878875255584717,
        308.92431640625,
        220.6617889404297,
        0.8850184679031372,
        320.2550964355469,
        238.46731567382812,
        0.8557054400444031,
        291.1187744140625,
        236.8486328125,
        0.8919141292572021,
        336.4419250488281,
        257.8915100097656,
        0.8143263459205627,
        271.694580078125,
        257.8915100097656,
        0.8639978170394897,
        351.01007080078125,
        274.0783386230469,
        0.6776618957519531,
        271.694580078125,
        282.1717834472656,
        0.8603031039237976,
        295.9748229980469,
        282.1717834472656,
        0.7530155777931213,
        283.0253601074219,
        282.1717834472656,
        0.7609269022941589,
        279.7879943847656,
        314.5454406738281,
        0.8563717007637024,
        310.5429992675781,
        308.0707092285156,
        0.8283317685127258,
        252.2703857421875,
        333.9696350097656,
        0.8582686185836792,
        328.3485107421875,
        345.3004150390625,
        0.7186044454574585,
        263.9241858619831,
        198.48583625920304,
        68.95737163177262,
        165.75319066317542
    ],
    "10": [
        435.4054870605469,
        325.410400390625,
        0.763638973236084,
        432.81829833984375,
        322.82318115234375,
        0.6083534955978394,
        435.4054870605469,
        322.82318115234375,
        0.819507896900177,
        404.35906982421875,
        327.9975891113281,
        0.8333168029785156,
        430.2310791015625,
        327.9975891113281,
        0.9334613680839539,
        391.4230651855469,
        364.2184143066406,
        0.8956184983253479,
        445.7543029785156,
        361.6311950683594,
        0.8910800814628601,
        375.89984130859375,
        400.4392395019531,
        0.7657937407493591,
        476.80072021484375,
        400.4392395019531,
        0.8044213056564331,
        357.7894287109375,
        426.3112487792969,
        0.8511979579925537,
        476.80072021484375,
        405.6136474609375,
        0.6384454965591431,
        414.7078857421875,
        439.24725341796875,
        0.7747548818588257,
        445.7543029785156,
        436.6600646972656,
        0.7972891330718994,
        425.0566711425781,
        478.0552673339844,
        0.8672307729721069,
        450.9286804199219,
        485.8168640136719,
        0.9235877990722656,
        437.99267578125,
        522.0377197265625,
        0.8472135066986084,
        445.7543029785156,
        537.5609130859375,
        0.8175981640815735,
        368.04291099145485,
        297.72732508863464,
        116.61470919636781,
        264.9294210217719
    ],