{
    "6": [
        499.1312561035156,
        270.521240234375,
        0.9331347346305847,
        497.0848388671875,
        266.42840576171875,
        0.906947135925293,
        495.0384216308594,
        266.42840576171875,
        0.906476616859436,
        488.899169921875,
        270.521240234375,
        0.5563428997993469,
        486.8527526855469,
        270.521240234375,
        0.8567765355110168,
        492.99200439453125,
        293.0318298339844,
        0.8037205338478088,
        468.4349670410156,
        299.17108154296875,
        0.8652252554893494,
        492.99200439453125,
        313.49603271484375,
        0.7960248589515686,
        460.2492980957031,
        327.8209533691406,
        0.8796700239181519,
        511.4097595214844,
        321.68170166015625,
        0.8897313475608826,
        482.7598876953125,
        342.1458740234375,
        0.925584077835083,
        495.0384216308594,
        352.3779602050781,
        0.7733437418937683,
        474.57421875,
        356.4707946777344,
        0.7661544680595398,
        501.17767333984375,
        399.4455871582031,
        0.87123703956604,
        480.7134704589844,
        401.49200439453125,
        0.8499525189399719,
        499.1312561035156,
        442.4203796386719,
        0.8611243367195129,
        480.7134704589844,
        444.466796875,
        0.8787938356399536,
        446.7286627339505,
        252.71740215232347,
        78.20170220964405,
        209.55322635944782
    ],
    "18": [
        369.6024169921875,
        269.601806640625,
        0.9395217299461365,
        367.2261962890625,
        267.2255859375,
        0.9141665101051331,
        364.8500061035156,
        267.2255859375,
        0.9277170896530151,
        355.3451843261719,
        271.9779968261719,
        0.7114779949188232,
        355.3451843261719,
        271.9779968261719,
        0.9025700688362122,
        357.72137451171875,
        293.3638610839844,
        0.8737177848815918,
        343.4641418457031,
        295.74005126953125,
        0.9115344882011414,
        355.3451843261719,
        331.3831481933594,
        0.7921020984649658,
        331.5831298828125,
        329.0069274902344,
        0.8293367624282837,
        371.9786071777344,
        345.640380859375,
        0.8805356025695801,
        341.08795166015625,
        357.5213928222656,
        0.8929243683815002,
        364.8500061035156,
        359.8976135253906,
        0.745702862739563,
        352.9689636230469,
        362.2738037109375,
        0.7907713651657104,
        374.3548278808594,
        405.0455017089844,
        0.6367778182029724,
        371.9786071777344,
        407.4217224121094,
        0.7100942134857178,
        362.4737854003906,
        438.3123779296875,
        0.8111584186553955,
        383.8596496582031,
        464.4506530761719,
        0.8902814984321594,
        322.5851801663559,
        251.30501038443333,
        91.65827801475155,
        243.32348000648324
    ],
    "2": [
        578.0155639648438,
        190.81333923339844,
        0.8104432225227356,
        579.34521484375,
        186.82452392578125,
        0.8414407968521118,
        575.3563842773438,
        189.48373413085938,
        0.7811669707298279,
        579.34521484375,
        185.4949188232422,
        0.8341254591941833,
        567.3787231445312,
        188.1541290283203,
        0.796976625919342,
        584.6636352539062,
        196.13177490234375,
        0.8910676836967468,
        558.0714721679688,
        198.79098510742188,
        0.8764267563819885,
        587.3228149414062,
        208.0982208251953,
        0.8554646372795105,
        548.7642822265625,
        212.0870361328125,
        0.8384237289428711,
        579.34521484375,
        218.73507690429688,
        0.8529999852180481,
        563.3899536132812,
        221.394287109375,
        0.8474816679954529,
        579.34521484375,
        233.36073303222656,
        0.7501538395881653,
        563.3899536132812,
        234.69033813476562,
        0.7490397095680237,
        583.3340454101562,
        261.282470703125,
        0.7857142686843872,
        570.0379638671875,
        261.282470703125,
        0.823184072971344,
        575.3563842773438,
        281.2265625,
        0.7100035548210144,
        571.3675537109375,
        287.87457275390625,
        0.8136569261550903,
        541.4237887626406,
        167.27932436683324,
        58.55797025998584,
        136.15163783535053
    ],
    "10": [
        438.4975891113281,
        326.13116455078125,
        0.7756223082542419,
        435.8956298828125,
        323.5292053222656,
        0.6130273938179016,
        435.8956298828125,
        320.92724609375,
        0.8396722674369812,
        407.2740478515625,
        328.7331237792969,
        0.9012186527252197,
        433.2936706542969,
        326.13116455078125,
        0.9423254728317261,
        391.66229248046875,
        362.55859375,
        0.8813748955726624,
        448.9054260253906,
        359.9566345214844,
        0.887617290019989,
        376.050537109375,
        404.1899719238281,
        0.7724353671073914,
        474.9250183105469,
        398.9860534667969,
        0.8347850441932678,
        363.04071044921875,
        427.60760498046875,
        0.722700297832489,
        474.9250183105469,
        406.79193115234375,
        0.7285163998603821,
        415.0799255371094,
        438.0154724121094,
        0.7520617246627808,
        446.303466796875,
        438.0154724121094,
        0.7839105725288391,
        422.88580322265625,
        479.6468200683594,
        0.859192430973053,
        448.9054260253906,
        487.45269775390625,
        0.925520658493042,
        433.2936706542969,
        518.6762084960938,
        0.7833145260810852,
        446.303466796875,
        544.6958618164062,
        0.8506577014923096,
        368.344699594238,
        298.2901988958004,
        116.8881429182174,
        266.44073350378125
    ],
    "3": [
        810.4183349609375,
        174.3511199951172,
        0.8657993674278259,
        810.4183349609375,
        173.14697265625,
        0.8800690770149231,
        808.0100708007812,
        171.9428253173828,
        0.8639897704124451,
        810.4183349609375,
        174.3511199951172,
        0.7643110156059265,
        799.5810546875,
        173.14697265625,
        0.8681039810180664,
        810.4183349609375,
        190.0050048828125,
        0.9036164283752441,
        787.5396118164062,
        183.98426818847656,
        0.855246901512146,
        810.4183349609375,
        208.06716918945312,
        0.8426401615142822,
        773.08984375,
        196.02572631835938,
        0.885916531085968,
        809.2141723632812,
        222.51690673828125,
        0.7322121858596802,
        770.6815795898438,
        212.8837432861328,
        0.8417338728904724,
        801.9893188476562,
        220.10861206054688,
        0.7943703532218933,
        785.1312866210938,
        222.51690673828125,
        0.8026955723762512,
        821.255615234375,
        238.17079162597656,
        0.8142727613449097,
        781.5188598632812,
        249.00808715820312,
        0.8145689964294434,
        833.2970581054688,
        267.07025146484375,
        0.7962332963943481,
        776.7022705078125,
        271.8868408203125,
        0.5198260545730591,
        765.8785752043949,
        157.85430833459685,
        51.751078051126,
        123.30446538836844
    ],