{
    "10": [
        441.9942932128906,
        323.1195068359375,
        0.7965695261955261,
        436.72015380859375,
        320.482421875,
        0.6393071413040161,
        439.35723876953125,
        317.8453674316406,
        0.8409426212310791,
        410.3494567871094,
        325.7565612792969,
        0.8613265752792358,
        434.0830993652344,
        323.1195068359375,
        0.9407269358634949,
        397.16412353515625,
        360.0384521484375,
        0.9352983832359314,
        449.905517578125,
        360.0384521484375,
        0.888050377368927,
        394.5270690917969,
        402.2315673828125,
        0.8853437900543213,
        465.7279052734375,
        389.0462341308594,
        0.8907096982002258,
        394.5270690917969,
        433.87640380859375,
        0.8958284854888916,
        476.27618408203125,
        412.77984619140625,
        0.9223765134811401,
        415.62359619140625,
        436.5134582519531,
        0.8180640339851379,
        447.2684326171875,
        436.5134582519531,
        0.8021461367607117,
        423.5348205566406,
        483.980712890625,
        0.8649531006813049,
        447.2684326171875,
        491.89190673828125,
        0.8950331211090088,
        431.4460144042969,
        528.8108520507812,
        0.8759676814079285,
        447.2684326171875,
        549.9074096679688,
        0.9304927587509155,
        375.6907608974139,
        297.539914548227,
        114.1476055604926,
        270.0359057499036
    ],
    "7": [
        352.32135009765625,
        266.72381591796875,
        0.8005754947662354,
        352.2978820800781,
        263.2000427246094,
        0.7534019351005554,
        350.1693115234375,
        262.40625,
        0.8125365972518921,
        342.0269775390625,
        263.6079406738281,
        0.5201618671417236,
        340.7361145019531,
        265.375732421875,
        0.8130414485931396,
        343.6606750488281,
        287.7330017089844,
        0.701528787612915,
        325.6254577636719,
        292.8210754394531,
        0.7111613750457764,
        349.3328857421875,
        316.5346984863281,
        0.8096158504486084,
        324.820068359375,
        323.84576416015625,
        0.7537556886672974,
        363.0634765625,
        332.41058349609375,
        0.8187628984451294,
        347.15960693359375,
        343.1427307128906,
        0.8394762873649597,
        349.2860412597656,
        350.47821044921875,
        0.7186750173568726,
        333.376953125,
        355.6894836425781,
        0.7263876795768738,
        367.33441162109375,
        401.3666076660156,
        0.8631432056427002,
        353.29351806640625,
        403.73382568359375,
        0.9031373262405396,
        354.8232116699219,
        441.13427734375,
        0.785969614982605,
        363.2845764160156,
        451.73968505859375,
        0.8331958055496216,
        300.5959977117715,
        238.99110478024352,
        87.18572158353379,
        230.04703208786475
    ],
    "4": [
        829.1727905273438,
        172.8555450439453,
        0.8998599052429199,
        830.512451171875,
        170.17620849609375,
        0.9342517852783203,
        826.4934692382812,
        170.17620849609375,
        0.9075731635093689,
        830.512451171875,
        172.8555450439453,
        0.8483534455299377,
        819.7951049804688,
        171.51588439941406,
        0.9160704016685486,
        833.1917724609375,
        188.93150329589844,
        0.9238966703414917,
        807.7381591796875,
        184.91250610351562,
        0.876450777053833,
        837.2107543945312,
        206.3471221923828,
        0.850269079208374,
        797.0208740234375,
        199.6488037109375,
        0.9047722220420837,
        837.2107543945312,
        222.42308044433594,
        0.7461678385734558,
        795.6812133789062,
        214.38510131835938,
        0.8268852233886719,
        823.8141479492188,
        223.7627410888672,
        0.8160202503204346,
        805.058837890625,
        223.7627410888672,
        0.8112291097640991,
        839.8900756835938,
        242.5180206298828,
        0.8472073078155518,
        794.341552734375,
        247.87667846679688,
        0.8296888470649719,
        849.2677001953125,
        271.9906311035156,
        0.7582610845565796,
        779.605224609375,
        271.9906311035156,
        0.6902742981910706,
        793.4065308437423,
        154.50217681767938,
        59.475539545417064,
        137.18148024262015
    ],
    "6": [
        499.6302185058594,
        258.6204528808594,
        0.9338579773902893,
        497.4289855957031,
        254.21803283691406,
        0.9090457558631897,
        497.4289855957031,
        256.41925048828125,
        0.9255757927894592,
        488.6241760253906,
        258.6204528808594,
        0.58064204454422,
        488.6241760253906,
        260.8216552734375,
        0.897706925868988,
        493.0265808105469,
        282.833740234375,
        0.8558220267295837,
        473.2156982421875,
        291.6385803222656,
        0.8898105621337891,
        490.82537841796875,
        307.04705810546875,
        0.802849292755127,
        464.4108581542969,
        324.6567077636719,
        0.9002085328102112,
        510.6362609863281,
        304.8458251953125,
        0.7206956148147583,
        490.82537841796875,
        335.6627502441406,
        0.9577839374542236,
        495.227783203125,
        346.6687927246094,
        0.7664988040924072,
        477.6181335449219,
        351.07122802734375,
        0.8056047558784485,
        506.23382568359375,
        392.8941955566406,
        0.8668386340141296,
        479.8193359375,
        397.2966003417969,
        0.8125001192092896,
        501.8314208984375,
        439.11956787109375,
        0.8974862098693848,
        479.8193359375,
        443.5220031738281,
        0.8411216735839844,
        445.7888291778288,
        235.067493949701,
        83.469447705721,
        225.40381480734854
    ],
    "11": [
        784.2645263671875,
        275.47772216796875,
        0.4940962791442871,
        773.8449096679688,
        273.393798828125,
        0.4444682002067566,
        784.2645263671875,
        273.393798828125,
        0.65157151222229,
        765.5092163085938,
        277.5616455078125,
        0.9305790662765503,
        784.2645263671875,
        275.47772216796875,
        0.9413195848464966,
        757.1735229492188,
        306.7365417480469,
        0.8892505168914795,
        798.8519287109375,
        300.4847717285156,
        0.9120148420333862,
        748.8378295898438,
        342.1632080078125,
        0.8371791839599609,
        813.4393920898438,
        335.91143798828125,
        0.8946762084960938,
        750.9217529296875,
        352.5827941894531,
        0.8564181923866272,
        815.5233154296875,
        360.9184875488281,
        0.8379670977592468,
        778.0127563476562,
        367.1702575683594,
        0.8235453367233276,
        803.019775390625,
        363.0024108886719,
        0.7993179559707642,
        775.9288330078125,
        404.6808166503906,
        0.888814389705658,
        805.1036987304688,
        404.6808166503906,
        0.8919322490692139,
        780.0966796875,
        446.3592529296875,
        0.8448203206062317,
        803.019775390625,
        438.0235595703125,
        0.8816384077072144,
        741.416248991065,
        253.17976545451944,
        87.78044432811078,
        213.39353725768984
    ],