{
    "10": [
        438.83868408203125,
        324.23919677734375,
        0.828015148639679,
        433.6328125,
        321.6362609863281,
        0.6413484215736389,
        436.2357482910156,
        321.6362609863281,
        0.8923458456993103,
        407.603515625,
        329.445068359375,
        0.9006751179695129,
        433.6328125,
        326.8421325683594,
        0.9325513243675232,
        397.1917724609375,
        360.68023681640625,
        0.9022022485733032,
        449.25042724609375,
        363.2831726074219,
        0.8883182406425476,
        389.3829650878906,
        384.10662841796875,
        0.8634263277053833,
        462.26507568359375,
        404.9300842285156,
        0.9188834428787231,
        402.39764404296875,
        350.2685241699219,
        0.48854535818099976,
        472.6767883300781,
        438.7681884765625,
        0.9099811315536499,
        412.8093566894531,
        443.97406005859375,
        0.8023051619529724,
        446.6474914550781,
        441.3711242675781,
        0.7736170887947083,
        415.41229248046875,
        493.4297790527344,
        0.9087339043617249,
        446.6474914550781,
        496.03271484375,
        0.9044988751411438,
        418.0152282714844,
        545.4884033203125,
        0.8998534083366394,
        446.6474914550781,
        550.6942749023438,
        0.8781446218490601,
        375.2510267711593,
        304.1965829879749,
        108.95476723319376,
        266.54027996884804
    ],
    "6": [
        502.5832214355469,
        261.161376953125,
        0.8863536715507507,
        502.5832214355469,
        256.8727722167969,
        0.8657291531562805,
        500.43890380859375,
        256.8727722167969,
        0.9118829965591431,
        481.14019775390625,
        261.161376953125,
        0.663895308971405,
        494.0060119628906,
        261.161376953125,
        0.8842071294784546,
        491.8616943359375,
        284.7486877441406,
        0.7584820985794067,
        481.14019775390625,
        291.18157958984375,
        0.8154252767562866,
        494.0060119628906,
        314.7689208984375,
        0.8586601614952087,
        481.14019775390625,
        331.9233093261719,
        0.8572391867637634,
        517.5933227539062,
        306.19171142578125,
        0.7941967844963074,
        509.01611328125,
        336.2119140625,
        0.9409758448600769,
        502.5832214355469,
        349.0777282714844,
        0.781903088092804,
        487.5730895996094,
        353.3663330078125,
        0.7878831624984741,
        521.8818969726562,
        391.9637756347656,
        0.9310207366943359,
        489.7174072265625,
        400.5409851074219,
        0.8606377840042114,
        506.871826171875,
        432.70550537109375,
        0.8658023476600647,
        474.707275390625,
        439.1383972167969,
        0.7420606017112732,
        454.256296256467,
        233.92873545451744,
        81.64371729684984,
        219.57650595936946
    ],
    "9": [
        1159.79541015625,
        347.5240478515625,
        0.6404500007629395,
        1164.389892578125,
        345.226806640625,
        0.7620663642883301,
        1166.687255859375,
        342.9295654296875,
        0.4720951318740845,
        1164.389892578125,
        352.1185302734375,
        0.9007231593132019,
        1189.65966796875,
        347.5240478515625,
        0.9027721285820007,
        1162.0927734375,
        381.982666015625,
        0.8701443076133728,
        1205.740234375,
        370.4964599609375,
        0.9223083257675171,
        1164.389892578125,
        421.0357666015625,
        0.8891933560371399,
        1226.41552734375,
        400.360595703125,
        0.8850029110908508,
        1164.389892578125,
        453.1971435546875,
        0.9179919958114624,
        1231.010009765625,
        432.52197265625,
        0.9470168948173523,
        1189.65966796875,
        444.0081787109375,
        0.7788732647895813,
        1217.2265625,
        439.4136962890625,
        0.8050073981285095,
        1162.0927734375,
        485.3585205078125,
        0.8467687368392944,
        1214.92919921875,
        487.65576171875,
        0.9128597378730774,
        1141.41748046875,
        531.3033447265625,
        0.8818591833114624,
        1228.712646484375,
        538.195068359375,
        0.8563825488090515,
        1135.2777049465897,
        320.64629780640615,
        101.87200669603749,
        235.237574766617
    ],
    "3": [
        855.2186889648438,
        157.84507751464844,
        0.8976876139640808,
        855.2186889648438,
        155.20252990722656,
        0.9122348427772522,
        852.576171875,
        156.5238037109375,
        0.8801698684692383,
        856.5399780273438,
        157.84507751464844,
        0.712601363658905,
        845.9697875976562,
        159.16635131835938,
        0.9289097189903259,
        861.8250732421875,
        173.70034790039062,
        0.8614576458930969,
        838.0421752929688,
        175.02162170410156,
        0.8754636645317078,
        863.1463623046875,
        190.87689208984375,
        0.7744364738464355,
        830.114501953125,
        194.84071350097656,
        0.8458030223846436,
        864.4675903320312,
        204.08961486816406,
        0.7800895571708679,
        835.3995971679688,
        212.0172576904297,
        0.7718337774276733,
        852.576171875,
        210.69598388671875,
        0.8019419312477112,
        838.0421752929688,
        212.0172576904297,
        0.7079851627349854,
        860.5037841796875,
        239.76397705078125,
        0.835716187953949,
        832.757080078125,
        239.76397705078125,
        0.8314720988273621,
        852.576171875,
        268.83197021484375,
        0.8687331676483154,
        823.5081787109375,
        267.5107116699219,
        0.8842489719390869,
        818.6861816668012,
        145.0287158510902,
        55.88847418236389,
        135.29829948958442
    ],
    "11": [
        796.4784545898438,
        268.3705139160156,
        0.5715130567550659,
        790.2423095703125,
        268.3705139160156,
        0.46817266941070557,
        796.4784545898438,
        266.29180908203125,
        0.6805163621902466,
        775.6913452148438,
        270.4492492675781,
        0.9177231788635254,
        796.4784545898438,
        268.3705139160156,
        0.9525939226150513,
        767.37646484375,
        299.55120849609375,
        0.9065274000167847,
        808.9507446289062,
        295.393798828125,
        0.9122058153152466,
        759.0616455078125,
        332.81060791015625,
        0.912331759929657,
        823.501708984375,
        328.6531982421875,
        0.8728049993515015,
        775.6913452148438,
        349.4403076171875,
        0.8373690247535706,
        835.9739990234375,
        355.67645263671875,
        0.8868873119354248,
        786.0848999023438,
        359.8338623046875,
        0.8132853507995605,
        813.108154296875,
        355.67645263671875,
        0.8129388093948364,
        779.8487548828125,
        399.32940673828125,
        0.8819801211357117,
        825.5804443359375,
        393.09326171875,
        0.884064793586731,
        781.9274291992188,
        445.06109619140625,
        0.9119082689285278,
        835.9739990234375,
        438.824951171875,
        0.8911398649215698,
        751.0688364300227,
        246.12827050394765,
        88.74044974378057,
        212.8602084443562
    ],