{
    "10": [
        429.69561767578125,
        326.76251220703125,
        0.94786536693573,
        429.69561767578125,
        324.07733154296875,
        0.7715339064598083,
        427.01043701171875,
        324.07733154296875,
        0.9434516429901123,
        405.5289611816406,
        334.8180847167969,
        0.7946400046348572,
        421.64007568359375,
        332.13287353515625,
        0.9182787537574768,
        397.4734191894531,
        369.7254638671875,
        0.8900865912437439,
        432.38079833984375,
        367.040283203125,
        0.8954865336418152,
        402.8437805175781,
        418.0587463378906,
        0.8380014300346375,
        443.12152099609375,
        410.0032043457031,
        0.9087495803833008,
        405.5289611816406,
        455.65130615234375,
        0.8461893200874329,
        453.8622741699219,
        444.91058349609375,
        0.8939316868782043,
        413.5845031738281,
        455.65130615234375,
        0.7813521027565002,
        440.43634033203125,
        450.28094482421875,
        0.7920326590538025,
        418.95489501953125,
        509.35498046875,
        0.8871670961380005,
        456.5474548339844,
        501.2994384765625,
        0.8741559982299805,
        427.01043701171875,
        565.7438354492188,
        0.8842238187789917,
        469.9733581542969,
        555.0031127929688,
        0.8727367520332336,
        377.38193224993165,
        308.77178839566716,
        107.31258479481357,
        274.9627687628596
    ],
    "11": [
        853.60791015625,
        243.9241180419922,
        0.7763601541519165,
        851.4519653320312,
        241.76815795898438,
        0.6031133532524109,
        853.60791015625,
        241.76815795898438,
        0.8296275734901428,
        832.0482788085938,
        246.08009338378906,
        0.9319276809692383,
        849.2959594726562,
        243.9241180419922,
        0.9124665856361389,
        821.2684326171875,
        271.9516906738281,
        0.915317177772522,
        860.0758056640625,
        271.9516906738281,
        0.9187201261520386,
        810.4885864257812,
        299.979248046875,
        0.9007198810577393,
        870.8556518554688,
        304.2911682128906,
        0.8817241787910461,
        812.64453125,
        325.8508605957031,
        0.9017573595046997,
        883.7914428710938,
        332.3187561035156,
        0.9221746921539307,
        832.0482788085938,
        334.4747009277344,
        0.8090602159500122,
        855.7638549804688,
        336.63067626953125,
        0.8316705226898193,
        832.0482788085938,
        375.4380798339844,
        0.8560220003128052,
        853.60791015625,
        381.9059753417969,
        0.835226833820343,
        827.736328125,
        418.5574035644531,
        0.8666241765022278,
        849.2959594726562,
        427.1812744140625,
        0.8916805982589722,
        797.9404019774008,
        223.01127518469968,
        91.93129491069874,
        220.77091319090698
    ],
    "9": [
        1326.3023681640625,
        348.7280578613281,
        0.5440778732299805,
        1311.6654052734375,
        341.40960693359375,
        0.39994746446609497,
        1326.3023681640625,
        346.28857421875,
        0.6672282814979553,
        1301.907470703125,
        346.28857421875,
        0.8957335948944092,
        1323.86279296875,
        348.7280578613281,
        0.881811261177063,
        1284.8311767578125,
        373.12286376953125,
        0.9237556457519531,
        1331.1812744140625,
        375.5623474121094,
        0.9329489469528198,
        1270.1942138671875,
        407.2756042480469,
        0.8827397227287292,
        1336.060302734375,
        412.1545715332031,
        0.9071770310401917,
        1262.8758544921875,
        441.4283447265625,
        0.9077604413032532,
        1345.818115234375,
        446.3072814941406,
        0.9127678275108337,
        1287.2706298828125,
        446.3072814941406,
        0.8004128336906433,
        1316.54443359375,
        446.3072814941406,
        0.8294286131858826,
        1272.6337890625,
        492.6574401855469,
        0.8964544534683228,
        1323.86279296875,
        487.7784729003906,
        0.8450379967689514,
        1243.3599853515625,
        529.2496337890625,
        0.8457826972007751,
        1333.6207275390625,
        534.1286010742188,
        0.8615438342094421,
        1242.758126628886,
        317.7465776555815,
        110.98021404531255,
        249.80297891267298
    ],
    "12": [
        1126.58349609375,
        259.2192077636719,
        0.7382077574729919,
        1122.3604736328125,
        257.1076965332031,
        0.5662569999694824,
        1126.58349609375,
        257.1076965332031,
        0.7901036739349365,
        1105.4683837890625,
        257.1076965332031,
        0.8860347270965576,
        1124.471923828125,
        259.2192077636719,
        0.9178450107574463,
        1094.9107666015625,
        282.4458312988281,
        0.9277436137199402,
        1122.3604736328125,
        282.4458312988281,
        0.8839159607887268,
        1086.4647216796875,
        314.1184997558594,
        0.8819524645805359,
        1126.58349609375,
        318.3415222167969,
        0.9185502529144287,
        1090.687744140625,
        339.4566345214844,
        0.7422372698783875,
        1143.4755859375,
        337.3451232910156,
        0.9585790634155273,
        1094.9107666015625,
        345.7911682128906,
        0.8123599290847778,
        1111.8028564453125,
        345.7911682128906,
        0.7875990271568298,
        1111.8028564453125,
        388.0213928222656,
        0.6868820786476135,
        1111.8028564453125,
        394.3559265136719,
        0.8571591973304749,
        1107.579833984375,
        426.0285949707031,
        0.6157650351524353,
        1105.4683837890625,
        438.6976623535156,
        0.9307653903961182,
        1064.653320112578,
        236.62606184485122,
        87.9646760778096,
        216.21870569304264
    ],
    "2": [
        561.5107421875,
        180.05282592773438,
        0.825805127620697,
        561.5107421875,
        177.23529052734375,
        0.8821015357971191,
        558.6932373046875,
        178.64405822753906,
        0.8412749171257019,
        561.5107421875,
        175.82652282714844,
        0.7571099400520325,
        548.8319091796875,
        180.05282592773438,
        0.8281146883964539,
        567.1458129882812,
        187.0966339111328,
        0.8839014768600464,
        541.7880859375,
        191.32293701171875,
        0.8518210649490356,
        569.9633178710938,
        201.1842803955078,
        0.8579277396202087,
        533.3355102539062,
        208.2281036376953,
        0.856153130531311,
        565.737060546875,
        209.63685607910156,
        0.8466957807540894,
        548.8319091796875,
        215.27191162109375,
        0.8728668093681335,
        562.9195556640625,
        227.95079040527344,
        0.782654345035553,
        548.8319091796875,
        229.35955810546875,
        0.7377939820289612,
        564.3283081054688,
        256.1260681152344,
        0.7980927228927612,
        551.6494140625,
        257.5348205566406,
        0.7291115522384644,
        562.9195556640625,
        281.48382568359375,
        0.8598052859306335,
        551.6494140625,
        281.48382568359375,
        0.6587657928466797,
        526.8693075020665,
        159.34399888229007,
        56.60405887061984,
        144.2573970840972
    ],