{
    "10": [
        458.37591552734375,
        335.2591857910156,
        0.9056007862091064,
        455.60736083984375,
        329.7221374511719,
        0.7934049963951111,
        455.60736083984375,
        332.49066162109375,
        0.9266090393066406,
        427.9220275878906,
        338.0277404785156,
        0.8288083672523499,
        447.3017578125,
        335.2591857910156,
        0.9353987574577332,
        416.847900390625,
        374.0186462402344,
        0.9232214689254761,
        455.60736083984375,
        376.7872009277344,
        0.8943487405776978,
        405.7737731933594,
        410.00958251953125,
        0.8815493583679199,
        466.6814880371094,
        418.315185546875,
        0.8861843943595886,
        394.69964599609375,
        443.23199462890625,
        0.9122879505157471,
        480.524169921875,
        457.07464599609375,
        0.9457449913024902,
        430.6905822753906,
        457.07464599609375,
        0.7770623564720154,
        458.37591552734375,
        459.84320068359375,
        0.8101069927215576,
        430.6905822753906,
        509.6767883300781,
        0.9004868268966675,
        472.21856689453125,
        512.4453125,
        0.8630085587501526,
        427.9220275878906,
        565.0474243164062,
        0.9177446961402893,
        486.06121826171875,
        573.35302734375,
        0.8882036209106445,
        391.02115253598606,
        308.4044294748294,
        115.32978264327437,
        283.497751395523
    ],
    "11": [
        871.5912475585938,
        241.99012756347656,
        0.8433046936988831,
        869.502197265625,
        239.90106201171875,
        0.676552951335907,
        871.5912475585938,
        239.90106201171875,
        0.8796699643135071,
        848.6114501953125,
        244.07920837402344,
        0.9354578256607056,
        867.4130859375,
        241.99012756347656,
        0.9242122173309326,
        840.2551879882812,
        269.1480712890625,
        0.9252313375473022,
        877.8584594726562,
        269.1480712890625,
        0.9296167492866516,
        829.809814453125,
        298.3951110839844,
        0.895598828792572,
        890.3929443359375,
        298.3951110839844,
        0.8890454769134521,
        821.4534912109375,
        327.6421203613281,
        0.9171798825263977,
        902.9273681640625,
        321.3749084472656,
        0.9590634107589722,
        852.7896118164062,
        331.8202819824219,
        0.7991845607757568,
        875.7694091796875,
        331.8202819824219,
        0.8488093614578247,
        859.0568237304688,
        371.5126647949219,
        0.8683134317398071,
        875.7694091796875,
        371.5126647949219,
        0.8451802134513855,
        869.502197265625,
        411.2050476074219,
        0.8334335684776306,
        859.0568237304688,
        409.1159973144531,
        0.8147665858268738,
        817.8728309400303,
        219.63706409696255,
        88.63524517313886,
        213.9210667166759
    ],
    "18": [
        273.57452392578125,
        238.27560424804688,
        0.8793413043022156,
        271.40997314453125,
        233.94650268554688,
        0.8400301933288574,
        269.24542236328125,
        233.94650268554688,
        0.9118042588233948,
        254.09356689453125,
        240.44015502929688,
        0.857533872127533,
        264.91632080078125,
        238.27560424804688,
        0.8908694982528687,
        243.27081298828125,
        259.9211120605469,
        0.8728604912757874,
        262.75177001953125,
        266.4147644042969,
        0.891106903553009,
        241.10626220703125,
        283.7311706542969,
        0.5824968218803406,
        262.75177001953125,
        303.2121276855469,
        0.8624674677848816,
        273.57452392578125,
        251.26290893554688,
        0.6106192469596863,
        269.24542236328125,
        331.3512878417969,
        0.9281066060066223,
        245.43536376953125,
        320.5285339355469,
        0.750718355178833,
        260.58721923828125,
        322.6930847167969,
        0.6947936415672302,
        256.25811767578125,
        370.3132019042969,
        0.9030851125717163,
        277.90362548828125,
        372.4777526855469,
        0.9073070883750916,
        245.43536376953125,
        417.9333190917969,
        0.9082963466644287,
        275.73907470703125,
        426.5915222167969,
        0.8870730400085449,
        220.49358392906038,
        217.27945515517013,
        78.02273036995734,
        221.65000819158115
    ],
    "9": [
        1369.2939453125,
        321.8514099121094,
        0.4116283357143402,
        1347.33740234375,
        314.5325927734375,
        0.4667021632194519,
        1371.7335205078125,
        319.41180419921875,
        0.523418664932251,
        1347.33740234375,
        319.41180419921875,
        0.9181129932403564,
        1371.7335205078125,
        324.291015625,
        0.9589364528656006,
        1330.2601318359375,
        346.24749755859375,
        0.9147329926490784,
        1376.6126708984375,
        351.126708984375,
        0.890299916267395,
        1315.62255859375,
        382.84161376953125,
        0.9074439406394958,
        1381.491943359375,
        387.7208251953125,
        0.914749026298523,
        1318.0621337890625,
        412.1169128417969,
        0.8458634614944458,
        1391.2503662109375,
        402.3584899902344,
        0.9258281588554382,
        1330.2601318359375,
        419.43572998046875,
        0.8109901547431946,
        1352.2166748046875,
        421.8753662109375,
        0.7774831652641296,
        1344.8978271484375,
        470.6675109863281,
        0.8215683698654175,
        1344.8978271484375,
        473.10711669921875,
        0.8695929646492004,
        1354.65625,
        512.140869140625,
        0.924827516078949,
        1330.2601318359375,
        529.2181396484375,
        0.8595341444015503,
        1297.1836411412883,
        295.74765336316426,
        107.62629267382226,
        249.8157792652758
    ],
    "8": [
        772.5186157226562,
        365.7447814941406,
        0.7128204107284546,
        767.3502807617188,
        360.5764465332031,
        0.5176068544387817,
        772.5186157226562,
        360.5764465332031,
        0.7375305891036987,
        744.0928344726562,
        363.1606140136719,
        0.8769504427909851,
        769.9344482421875,
        365.7447814941406,
        0.9682561159133911,
        741.5086669921875,
        394.17059326171875,
        0.8809351325035095,
        757.0136108398438,
        396.7547607421875,
        0.8508232235908508,
        731.1719970703125,
        432.93304443359375,
        0.7740004062652588,
        754.429443359375,
        443.2696838378906,
        0.9446505308151245,
        749.2611694335938,
        458.7746887207031,
        0.2929653227329254,
        775.102783203125,
        474.2796630859375,
        0.935726523399353,
        746.677001953125,
        476.86383056640625,
        0.6756644248962402,
        757.0136108398438,
        479.447998046875,
        0.7960650324821472,
        772.5186157226562,
        528.547119140625,
        0.7440903186798096,
        767.3502807617188,
        531.1312866210938,
        0.8703187108039856,
        769.9344482421875,
        580.2303466796875,
        0.8494732975959778,
        715.6669921875,
        575.06201171875,
        0.8481943607330322,
        699.1700482147049,
        338.0942469809886,
        107.93462857954614,
        264.61830850145464
    ],