{
    "18": [
        284.49359130859375,
        233.67678833007812,
        0.9292321801185608,
        284.49359130859375,
        229.53128051757812,
        0.8844187259674072,
        282.42083740234375,
        229.53128051757812,
        0.9527148008346558,
        263.7660217285156,
        233.67678833007812,
        0.8015469312667847,
        272.0570373535156,
        233.67678833007812,
        0.9094735980033875,
        247.18394470214844,
        254.4043731689453,
        0.9195989370346069,
        278.27532958984375,
        256.4771423339844,
        0.90074622631073,
        245.11119079589844,
        287.5685119628906,
        0.7685422301292419,
        280.34808349609375,
        291.7140197753906,
        0.8522621989250183,
        247.18394470214844,
        306.22332763671875,
        0.5735421180725098,
        290.7118835449219,
        320.7326354980469,
        0.8892794251441956,
        255.4749755859375,
        318.6598815917969,
        0.7656530737876892,
        276.20257568359375,
        318.6598815917969,
        0.769724428653717,
        253.4022216796875,
        364.26055908203125,
        0.8837926983833313,
        284.49359130859375,
        364.26055908203125,
        0.9163414835929871,
        247.18394470214844,
        414.00677490234375,
        0.8560495376586914,
        292.7846374511719,
        405.7157287597656,
        0.9032006859779358,
        230.31585972706378,
        211.49828073979796,
        77.26407809668419,
        212.25043990368067
    ],
    "11": [
        897.6685180664062,
        236.54327392578125,
        0.8655000925064087,
        897.6685180664062,
        232.33724975585938,
        0.8173086643218994,
        897.6685180664062,
        232.33724975585938,
        0.9271539449691772,
        876.6383666992188,
        234.4402618408203,
        0.8613254427909851,
        893.4624633789062,
        234.4402618408203,
        0.9541119933128357,
        868.2262573242188,
        259.67645263671875,
        0.9159848690032959,
        901.87451171875,
        259.67645263671875,
        0.9274817705154419,
        868.2262573242188,
        287.0156555175781,
        0.8249372839927673,
        910.28662109375,
        293.32470703125,
        0.8803761601448059,
        880.8443603515625,
        312.2518615722656,
        0.24706441164016724,
        925.0076904296875,
        322.7669372558594,
        0.8818174600601196,
        878.7413330078125,
        322.7669372558594,
        0.7801312208175659,
        901.87451171875,
        322.7669372558594,
        0.7834113240242004,
        874.5353393554688,
        364.8272399902344,
        0.8698583245277405,
        916.5956420898438,
        362.7242431640625,
        0.856948733329773,
        872.4323120117188,
        408.9905700683594,
        0.8906427025794983,
        925.0076904296875,
        404.7845458984375,
        0.9027454853057861,
        850.7219416934811,
        207.73192597980497,
        87.58409678286785,
        215.34886408952397
    ],
    "10": [
        500.7460021972656,
        342.2024230957031,
        0.8909217119216919,
        500.7460021972656,
        336.6202087402344,
        0.8519032597541809,
        497.95489501953125,
        336.6202087402344,
        0.9289186596870422,
        470.0437927246094,
        339.41131591796875,
        0.8188253045082092,
        489.5815734863281,
        339.41131591796875,
        0.8895219564437866,
        458.8793640136719,
        370.1134948730469,
        0.9235365986824036,
        489.5815734863281,
        381.2779235839844,
        0.886544942855835,
        461.67047119140625,
        406.3979187011719,
        0.5030471682548523,
        506.3282165527344,
        425.9356689453125,
        0.8726367354393005,
        503.537109375,
        437.10009765625,
        0.15736696124076843,
        523.0748901367188,
        459.4289855957031,
        0.9124317765235901,
        467.252685546875,
        453.8467712402344,
        0.7616877555847168,
        489.5815734863281,
        456.63787841796875,
        0.7899065017700195,
        483.99932861328125,
        509.6689147949219,
        0.8375680446624756,
        492.3726806640625,
        512.4600219726562,
        0.8880534172058105,
        478.4171142578125,
        557.1177978515625,
        0.8344594836235046,
        486.79046630859375,
        571.0733032226562,
        0.8898782134056091,
        429.05454047198106,
        306.75530663727716,
        112.68071871767535,
        285.8095487243405
    ],
    "8": [
        842.8616943359375,
        363.3712463378906,
        0.8697676062583923,
        842.8616943359375,
        358.29522705078125,
        0.7521416544914246,
        842.8616943359375,
        358.29522705078125,
        0.9041953682899475,
        817.4815673828125,
        360.8332214355469,
        0.7876629829406738,
        837.78564453125,
        363.3712463378906,
        0.9225067496299744,
        825.0955810546875,
        388.7513427734375,
        0.7640680074691772,
        820.0195922851562,
        393.8273620605469,
        0.8600194454193115,
        827.6336059570312,
        424.2834777832031,
        0.8040477633476257,
        804.79150390625,
        439.51153564453125,
        0.9233227372169495,
        847.9376831054688,
        439.51153564453125,
        0.9147210121154785,
        802.2535400390625,
        480.11968994140625,
        0.9477013349533081,
        827.6336059570312,
        472.5056457519531,
        0.6622568964958191,
        817.4815673828125,
        477.5816650390625,
        0.7750293612480164,
        850.4757080078125,
        520.7278442382812,
        0.6752047538757324,
        799.7155151367188,
        523.265869140625,
        0.6293501257896423,
        865.7037353515625,
        568.9500122070312,
        0.6412901878356934,
        774.3353881835938,
        571.488037109375,
        0.7506274580955505,
        771.0457511217429,
        333.6765327097837,
        105.5616767159346,
        259.8921840411765
    ],
    "13": [
        1252.366943359375,
        202.64993286132812,
        0.42601579427719116,
        1252.366943359375,
        200.7880859375,
        0.6029449105262756,
        1265.39990234375,
        198.92623901367188,
        0.44888004660606384,
        1254.2288818359375,
        200.7880859375,
        0.9081838726997375,
        1270.9854736328125,
        200.7880859375,
        0.8793172240257263,
        1248.643310546875,
        226.85397338867188,
        0.8866923451423645,
        1276.571044921875,
        223.13027954101562,
        0.8864668607711792,
        1244.9195556640625,
        256.6435852050781,
        0.8939135670661926,
        1282.1566162109375,
        251.0580291748047,
        0.8307844996452332,
        1243.0577392578125,
        275.2620544433594,
        0.8208667635917664,
        1280.294677734375,
        271.5383605957031,
        0.7980866432189941,
        1259.8143310546875,
        278.98577880859375,
        0.77494215965271,
        1276.571044921875,
        277.1239013671875,
        0.7977569103240967,
        1257.9525146484375,
        319.9464416503906,
        0.8870375752449036,
        1265.39990234375,
        319.9464416503906,
        0.8627119660377502,
        1284.0184326171875,
        355.32159423828125,
        0.9020655155181885,
        1256.0906982421875,
        359.0452880859375,
        0.8426374793052673,
        1227.4808326751586,
        182.72816830474392,
        73.97634151798161,
        190.65334168477239
    ],