{
    "18": [
        303.38934326171875,
        230.28260803222656,
        0.9514203071594238,
        301.2953796386719,
        226.09469604492188,
        0.8736155033111572,
        299.2014465332031,
        226.09469604492188,
        0.9460395574569702,
        280.3558349609375,
        230.28260803222656,
        0.8339689373970032,
        292.9195861816406,
        230.28260803222656,
        0.9162655472755432,
        265.6981506347656,
        251.22216796875,
        0.8590776324272156,
        295.0135192871094,
        253.3161163330078,
        0.8873671889305115,
        263.60418701171875,
        284.7254333496094,
        0.8272923827171326,
        303.38934326171875,
        288.9133605957031,
        0.836511492729187,
        265.6981506347656,
        309.8529052734375,
        0.8427383303642273,
        313.859130859375,
        318.2287292480469,
        0.9132894277572632,
        276.1679382324219,
        314.04083251953125,
        0.7807561159133911,
        297.10748291015625,
        314.04083251953125,
        0.79945307970047,
        284.54376220703125,
        358.0138854980469,
        0.8458765149116516,
        299.2014465332031,
        362.2017822265625,
        0.892383873462677,
        265.6981506347656,
        391.5171813964844,
        0.8747631311416626,
        292.9195861816406,
        406.17486572265625,
        0.8854133486747742,
        245.9487303683906,
        207.87727821194778,
        79.28401072811795,
        214.4210544219966
    ],
    "11": [
        928.199951171875,
        234.7001190185547,
        0.8992372751235962,
        926.111083984375,
        230.5222930908203,
        0.7677015066146851,
        926.111083984375,
        230.5222930908203,
        0.9308504462242126,
        905.2219848632812,
        232.6112060546875,
        0.8693234324455261,
        921.9332275390625,
        232.6112060546875,
        0.9085426330566406,
        896.8663940429688,
        257.6780700683594,
        0.9099034070968628,
        926.111083984375,
        259.7669982910156,
        0.8858431577682495,
        894.7774658203125,
        284.8338623046875,
        0.8276122212409973,
        932.3777465820312,
        293.1894836425781,
        0.8927616477012634,
        919.8443603515625,
        291.1005859375,
        0.3077316880226135,
        944.9111938476562,
        320.34527587890625,
        0.8781432509422302,
        905.2219848632812,
        320.34527587890625,
        0.783230721950531,
        926.111083984375,
        320.34527587890625,
        0.7617127299308777,
        898.9552612304688,
        362.1234130859375,
        0.869411289691925,
        932.3777465820312,
        362.1234130859375,
        0.8846470713615417,
        880.1550903320312,
        397.63482666015625,
        0.8665764927864075,
        930.2888793945312,
        405.9904479980469,
        0.8781879544258118,
        871.8982211634117,
        208.1709895145824,
        85.44767862680658,
        213.90404034123276
    ],
    "2": [
        591.9365234375,
        171.0970001220703,
        0.7791605591773987,
        591.9365234375,
        168.24049377441406,
        0.8565958142280579,
        589.0800170898438,
        168.24049377441406,
        0.7675960063934326,
        591.9365234375,
        169.6687469482422,
        0.7866016030311584,
        579.082275390625,
        171.0970001220703,
        0.7935897707939148,
        594.7930297851562,
        183.95123291015625,
        0.8715000152587891,
        574.7975463867188,
        188.23599243164062,
        0.8828864693641663,
        597.6495361328125,
        199.6619873046875,
        0.7690151929855347,
        567.6563110351562,
        206.80322265625,
        0.8831734657287598,
        597.6495361328125,
        209.65972900390625,
        0.8442672491073608,
        584.7952880859375,
        212.51622009277344,
        0.7955610752105713,
        596.2212524414062,
        229.65521240234375,
        0.7817703485488892,
        583.3670043945312,
        231.08346557617188,
        0.7708197832107544,
        603.3624877929688,
        259.6484680175781,
        0.8186235427856445,
        587.6517944335938,
        259.6484680175781,
        0.8249576091766357,
        587.6517944335938,
        285.35693359375,
        0.774580180644989,
        584.7952880859375,
        289.6416931152344,
        0.8702625036239624,
        556.8944227350582,
        152.95822596676246,
        57.229892969837124,
        146.2527491021422
    ],
    "1": [
        724.3446044921875,
        183.8606414794922,
        0.9214642643928528,
        722.4022216796875,
        179.975830078125,
        0.843505322933197,
        720.4597778320312,
        179.975830078125,
        0.9370400309562683,
        708.805419921875,
        185.80303955078125,
        0.731866717338562,
        710.747802734375,
        183.8606414794922,
        0.9152331352233887,
        701.0357666015625,
        205.22705078125,
        0.8079218864440918,
        712.690185546875,
        207.16944885253906,
        0.8947192430496216,
        689.3814086914062,
        228.53585815429688,
        0.8710685968399048,
        710.747802734375,
        238.2478485107422,
        0.8318758010864258,
        706.8629760742188,
        238.2478485107422,
        0.5544787049293518,
        734.0565795898438,
        242.13265991210938,
        0.9200108051300049,
        706.8629760742188,
        261.5566711425781,
        0.7894511222839355,
        716.5750122070312,
        261.5566711425781,
        0.8040926456451416,
        712.690185546875,
        302.3470764160156,
        0.68294757604599,
        728.2293701171875,
        302.3470764160156,
        0.8222428560256958,
        701.0357666015625,
        345.07989501953125,
        0.6567688584327698,
        695.2086181640625,
        348.9646911621094,
        0.8298178315162659,
        675.7672257213214,
        163.07691173310312,
        71.90352330895598,
        198.90187872442695
    ],
    "10": [
        527.4667358398438,
        342.3539123535156,
        0.9411457180976868,
        524.738525390625,
        336.8974914550781,
        0.8326488733291626,
        522.0103149414062,
        336.8974914550781,
        0.8896987438201904,
        500.1846008300781,
        339.6257019042969,
        0.8044268488883972,
        511.0974426269531,
        342.3539123535156,
        0.9068699479103088,
        489.271728515625,
        369.63604736328125,
        0.8350688219070435,
        505.6410217285156,
        380.54888916015625,
        0.8286687135696411,
        516.5538940429688,
        416.0156555175781,
        0.6242303252220154,
        519.2821044921875,
        424.2002868652344,
        0.8474186658859253,
        535.6513671875,
        451.482421875,
        0.5291051268577576,
        541.1077880859375,
        459.66705322265625,
        0.9002391695976257,
        513.8256225585938,
        456.9388427734375,
        0.6548998951911926,
        505.6410217285156,
        462.395263671875,
        0.7724058032035828,
        532.9231567382812,
        508.77490234375,
        0.8125708103179932,
        500.1846008300781,
        514.2313232421875,
        0.8847802877426147,
        557.47705078125,
        555.154541015625,
        0.8499438166618347,
        486.54351806640625,
        571.5238037109375,
        0.8788003325462341,
        459.9485126129472,
        310.43382471144406,
        110.48245414535336,
        279.3690000785636
    ],