{
    "18": [
        306.3580627441406,
        228.45736694335938,
        0.916654646396637,
        304.3045654296875,
        224.35035705566406,
        0.8402180671691895,
        304.3045654296875,
        224.35035705566406,
        0.9308285713195801,
        287.8764953613281,
        228.45736694335938,
        0.7477124929428101,
        298.14404296875,
        228.45736694335938,
        0.8889305591583252,
        273.501953125,
        248.99244689941406,
        0.9098171591758728,
        304.3045654296875,
        251.04595947265625,
        0.8815340399742126,
        267.3414306640625,
        277.7415771484375,
        0.87803053855896,
        312.51861572265625,
        281.84857177734375,
        0.8164497017860413,
        267.3414306640625,
        306.4906921386719,
        0.8950833678245544,
        328.9466552734375,
        308.544189453125,
        0.904722273349762,
        285.822998046875,
        310.5976867675781,
        0.8078979253768921,
        304.3045654296875,
        308.544189453125,
        0.7818438410758972,
        300.1975402832031,
        353.72137451171875,
        0.7904700636863708,
        302.2510681152344,
        355.7748718261719,
        0.8183186054229736,
        287.8764953613281,
        390.68450927734375,
        0.8277239799499512,
        294.0370178222656,
        403.00555419921875,
        0.9347764253616333,
        255.76823133628042,
        206.48481891821194,
        78.5911010012804,
        210.27923820152813
    ],
    "11": [
        939.3602294921875,
        235.11285400390625,
        0.9224599003791809,
        937.3089599609375,
        231.01019287109375,
        0.8440902829170227,
        937.3089599609375,
        231.01019287109375,
        0.9452895522117615,
        916.795654296875,
        233.0615234375,
        0.8869370818138123,
        933.206298828125,
        233.0615234375,
        0.9045952558517456,
        908.59033203125,
        257.677490234375,
        0.9058446288108826,
        937.3089599609375,
        259.72882080078125,
        0.8706381320953369,
        906.5389404296875,
        284.3448181152344,
        0.8452333211898804,
        941.41162109375,
        292.5501403808594,
        0.885850727558136,
        912.6929931640625,
        308.9607849121094,
        0.44073909521102905,
        957.822265625,
        319.2174377441406,
        0.9024697542190552,
        914.7442626953125,
        317.1661071777344,
        0.7811525464057922,
        933.206298828125,
        317.1661071777344,
        0.8134801387786865,
        918.846923828125,
        356.1413879394531,
        0.8751681447029114,
        937.3089599609375,
        360.2440490722656,
        0.8777595162391663,
        896.2823486328125,
        388.96270751953125,
        0.7218356132507324,
        927.05224609375,
        405.37335205078125,
        0.8991820812225342,
        884.7193461515376,
        209.06098472123114,
        82.61436344343667,
        210.05626576106778
    ],
    "10": [
        538.1317749023438,
        342.0860595703125,
        0.9519199728965759,
        535.4119873046875,
        336.6464538574219,
        0.8839526176452637,
        532.6921997070312,
        336.6464538574219,
        0.9286109209060669,
        516.3734130859375,
        339.36627197265625,
        0.7462180852890015,
        521.81298828125,
        342.0860595703125,
        0.929474413394928,
        513.653564453125,
        372.00384521484375,
        0.7583532929420471,
        513.653564453125,
        380.1632385253906,
        0.8489363789558411,
        529.972412109375,
        418.2404479980469,
        0.6637297868728638,
        524.5327758789062,
        429.11962890625,
        0.8925167918205261,
        543.5714111328125,
        453.59783935546875,
        0.7707934379577637,
        543.5714111328125,
        461.7572326660156,
        0.9399762153625488,
        529.972412109375,
        459.03741455078125,
        0.7287753224372864,
        516.3734130859375,
        464.4770202636719,
        0.7880055904388428,
        549.010986328125,
        510.7135925292969,
        0.8622147440910339,
        510.9338073730469,
        516.1531982421875,
        0.907661497592926,
        568.049560546875,
        559.6699829101562,
        0.8392210006713867,
        489.1754150390625,
        567.8294067382812,
        0.8696667551994324,
        472.5783658680854,
        310.2644564748924,
        112.06826418132533,
        278.507343414151
    ],
    "1": [
        742.7252807617188,
        179.6864013671875,
        0.8831742405891418,
        740.7506713867188,
        177.7117919921875,
        0.8953067064285278,
        740.7506713867188,
        177.7117919921875,
        0.9342901706695557,
        726.9284057617188,
        181.6610107421875,
        0.8051683306694031,
        732.8522338867188,
        181.6610107421875,
        0.9358806014060974,
        717.0553588867188,
        201.4070587158203,
        0.8486310839653015,
        734.8268432617188,
        201.4070587158203,
        0.9332858920097351,
        705.207763671875,
        221.1531219482422,
        0.9095888137817383,
        732.8522338867188,
        229.05154418945312,
        0.8329833745956421,
        724.9537963867188,
        233.00074768066406,
        0.7601814866065979,
        750.6236572265625,
        234.97535705566406,
        0.9186039566993713,
        726.9284057617188,
        254.72140502929688,
        0.7350422739982605,
        734.8268432617188,
        256.6960144042969,
        0.8172199130058289,
        726.9284057617188,
        300.1373291015625,
        0.7851073741912842,
        744.6998901367188,
        300.1373291015625,
        0.7569419741630554,
        703.233154296875,
        345.5532531738281,
        0.7416694760322571,
        744.6998901367188,
        347.5278625488281,
        0.7633879780769348,
        693.1077951087819,
        156.5834879568647,
        73.56505372881497,
        202.19964847369363
    ],
    "6": [
        667.9293823242188,
        235.11514282226562,
        0.9084182381629944,
        665.8613891601562,
        230.97914123535156,
        0.8403863310813904,
        663.7933959960938,
        230.97914123535156,
        0.977433979511261,
        645.1814575195312,
        237.18313598632812,
        0.833026111125946,
        659.6574096679688,
        235.11514282226562,
        0.9342206120491028,
        643.1134033203125,
        259.93109130859375,
        0.8841676115989685,
        659.6574096679688,
        259.93109130859375,
        0.833867073059082,
        645.1814575195312,
        295.0870361328125,
        0.7920543551445007,
        669.9973754882812,
        295.0870361328125,
        0.7674164175987244,
        657.5894165039062,
        319.90301513671875,
        0.5368679761886597,
        678.2694091796875,
        321.97100830078125,
        0.8201954364776611,
        655.5214233398438,
        324.03900146484375,
        0.7338241338729858,
        669.9973754882812,
        321.97100830078125,
        0.7708470821380615,
        665.8613891601562,
        369.5349426269531,
        0.8464154601097107,
        686.5413818359375,
        367.4669494628906,
        0.8571631908416748,
        676.2013549804688,
        410.8948669433594,
        0.863641619682312,
        649.3174438476562,
        398.4869079589844,
        0.8662586212158203,
        619.2344279982685,
        215.05556131670895,
        82.9139108608349,
        211.76289087340146
    ],