{
    "10": [
        541.8935546875,
        337.6138000488281,
        0.947335958480835,
        539.1146240234375,
        332.05584716796875,
        0.8749573826789856,
        536.3356323242188,
        332.05584716796875,
        0.940433144569397,
        519.6618041992188,
        340.39276123046875,
        0.7385640144348145,
        525.2197265625,
        340.39276123046875,
        0.939536988735199,
        522.4407958984375,
        370.9613952636719,
        0.7628368735313416,
        516.8828735351562,
        376.51934814453125,
        0.8447425365447998,
        536.3356323242188,
        418.203857421875,
        0.7056754231452942,
        525.2197265625,
        426.540771484375,
        0.9021406769752502,
        550.23046875,
        451.55145263671875,
        0.8510438203811646,
        547.4514770507812,
        459.88836669921875,
        0.9135778546333313,
        536.3356323242188,
        454.3304443359375,
        0.7599520683288574,
        522.4407958984375,
        459.88836669921875,
        0.7928438782691956,
        553.0094604492188,
        507.1308288574219,
        0.873330295085907,
        516.8828735351562,
        512.688720703125,
        0.8759353756904602,
        572.4622192382812,
        559.9312133789062,
        0.8767692446708679,
        489.0931701660156,
        568.2681274414062,
        0.8935556411743164,
        474.65567722728144,
        310.65783229899296,
        115.02297088288708,
        284.56625696076696
    ],
    "18": [
        309.2415771484375,
        226.5209503173828,
        0.9178505539894104,
        307.1778259277344,
        222.3934783935547,
        0.8352233171463013,
        307.1778259277344,
        222.3934783935547,
        0.9271928668022156,
        290.6679382324219,
        226.5209503173828,
        0.764174222946167,
        298.9228820800781,
        226.5209503173828,
        0.9067359566688538,
        278.2855224609375,
        249.2220458984375,
        0.8920005559921265,
        305.1141052246094,
        249.2220458984375,
        0.8453497886657715,
        270.0306091308594,
        276.05059814453125,
        0.8462355732917786,
        315.4327697753906,
        278.1143493652344,
        0.8217613697052002,
        267.96685791015625,
        304.9429016113281,
        0.8993959426879883,
        331.9426574707031,
        302.879150390625,
        0.8903817534446716,
        288.6042175292969,
        309.07037353515625,
        0.7864328026771545,
        305.1141052246094,
        307.0066223144531,
        0.7708680629730225,
        303.05035400390625,
        350.3450622558594,
        0.7084373235702515,
        309.2415771484375,
        352.4088134765625,
        0.7800620198249817,
        296.8591613769531,
        395.74725341796875,
        0.812176525592804,
        294.79541015625,
        399.8747253417969,
        0.8830320835113525,
        258.200586278356,
        204.43897845407048,
        79.38087311986385,
        211.32652728257187
    ],
    "2": [
        600.0558471679688,
        170.0508575439453,
        0.8955398201942444,
        598.63037109375,
        167.1998748779297,
        0.9320007562637329,
        595.7793579101562,
        167.1998748779297,
        0.8475371599197388,
        598.63037109375,
        168.6253662109375,
        0.714351236820221,
        587.2263793945312,
        170.0508575439453,
        0.8172156810760498,
        601.4813232421875,
        182.8803253173828,
        0.9060611128807068,
        582.9498901367188,
        187.1568145751953,
        0.8807398676872253,
        602.9068603515625,
        201.4117889404297,
        0.7388657927513123,
        575.8223876953125,
        205.6882781982422,
        0.8836610317230225,
        605.7578125,
        211.3902587890625,
        0.822161853313446,
        592.9283447265625,
        212.8157501220703,
        0.7557395696640015,
        602.9068603515625,
        229.9217071533203,
        0.7845691442489624,
        588.65185546875,
        231.3472137451172,
        0.7808758020401001,
        612.8853149414062,
        258.431640625,
        0.8755142092704773,
        590.077392578125,
        261.2826232910156,
        0.8433974385261536,
        611.4598388671875,
        285.5160827636719,
        0.8420830965042114,
        585.8009033203125,
        288.3670654296875,
        0.8697119355201721,
        565.081029908769,
        153.37255833259547,
        57.120135712347405,
        145.97084090635923
    ],
    "11": [
        943.0219116210938,
        232.25967407226562,
        0.9041875004768372,
        940.9722900390625,
        230.21005249023438,
        0.7785489559173584,
        943.0219116210938,
        230.21005249023438,
        0.9128249883651733,
        920.4760131835938,
        230.21005249023438,
        0.8727110624313354,
        938.9226684570312,
        230.21005249023438,
        0.9329205751419067,
        912.2775268554688,
        254.8055419921875,
        0.899074375629425,
        938.9226684570312,
        258.90478515625,
        0.8436563611030579,
        910.2279052734375,
        283.5002746582031,
        0.8473844528198242,
        947.1211547851562,
        291.69879150390625,
        0.8722530603408813,
        916.3767700195312,
        308.0957946777344,
        0.47871047258377075,
        961.468505859375,
        316.2942810058594,
        0.9231328964233398,
        918.4263916015625,
        316.2942810058594,
        0.7789678573608398,
        936.873046875,
        316.2942810058594,
        0.7875593304634094,
        924.5752563476562,
        355.2371520996094,
        0.7935091853141785,
        938.9226684570312,
        359.3363952636719,
        0.8635904788970947,
        899.9797973632812,
        390.0807800292969,
        0.7557048797607422,
        928.6744995117188,
        404.42816162109375,
        0.901890754699707,
        888.6756914164835,
        208.2790801141592,
        82.0471327297297,
        209.8815447247545
    ],
    "6": [
        669.5119018554688,
        233.9453887939453,
        0.9167852401733398,
        667.470947265625,
        229.8634796142578,
        0.8546714782714844,
        667.470947265625,
        229.8634796142578,
        0.9694897532463074,
        649.102294921875,
        235.98634338378906,
        0.8381684422492981,
        663.3889770507812,
        233.9453887939453,
        0.9111078381538391,
        647.0613403320312,
        258.4368896484375,
        0.8681314587593079,
        663.3889770507812,
        258.4368896484375,
        0.8540226221084595,
        649.102294921875,
        291.0921936035156,
        0.7412928342819214,
        669.5119018554688,
        293.1331481933594,
        0.780979573726654,
        677.6757202148438,
        284.9693298339844,
        0.36256352066993713,
        675.634765625,
        323.74749755859375,
        0.913611114025116,
        657.26611328125,
        321.70654296875,
        0.7710846662521362,
        669.5119018554688,
        319.66558837890625,
        0.7422891855239868,
        667.470947265625,
        366.60760498046875,
        0.819801390171051,
        691.96240234375,
        364.566650390625,
        0.8708251118659973,
        675.634765625,
        409.46771240234375,
        0.9186850786209106,
        657.26611328125,
        399.2629089355469,
        0.8386649489402771,
        623.7796750245984,
        214.14811375875024,
        81.25957969624028,
        208.99400649850713
    ],