{
    "8": [
        1334.809326171875,
        233.29461669921875,
        0.9556465148925781,
        1340.860595703125,
        229.26046752929688,
        0.9866960644721985,
        1332.792236328125,
        229.26046752929688,
        0.9509145021438599,
        1350.9459228515625,
        229.26046752929688,
        0.9407115578651428,
        1328.7581787109375,
        231.27752685546875,
        0.8471048474311829,
        1363.0484619140625,
        253.46536254882812,
        0.8846989274024963,
        1326.7410888671875,
        251.44827270507812,
        0.8988701105117798,
        1369.099609375,
        285.7385559082031,
        0.8976743221282959,
        1318.6727294921875,
        279.68731689453125,
        0.9055719971656799,
        1369.099609375,
        315.9946594238281,
        0.9016703963279724,
        1306.5703125,
        307.9263610839844,
        0.8997647166252136,
        1352.9630126953125,
        315.9946594238281,
        0.7784345746040344,
        1328.7581787109375,
        313.97760009765625,
        0.8223698139190674,
        1350.9459228515625,
        356.3361511230469,
        0.8764688372612,
        1324.7239990234375,
        354.319091796875,
        0.882979691028595,
        1350.9459228515625,
        400.7117919921875,
        0.8888586163520813,
        1322.7069091796875,
        394.66058349609375,
        0.9085168838500977
    ],
    "5": [
        836.4359130859375,
        199.17852783203125,
        0.9446089863777161,
        840.3616943359375,
        197.2156524658203,
        0.9551920294761658,
        836.4359130859375,
        197.2156524658203,
        0.9658622741699219,
        850.1760864257812,
        197.2156524658203,
        0.9198015928268433,
        838.3988037109375,
        197.2156524658203,
        0.7178767323493958,
        861.953369140625,
        218.80735778808594,
        0.8938755989074707,
        836.4359130859375,
        214.881591796875,
        0.9087152481079102,
        869.8048706054688,
        248.25057983398438,
        0.8704072833061218,
        832.5101318359375,
        240.3990478515625,
        0.8759192824363708,
        867.8419799804688,
        275.7309265136719,
        0.9006971120834351,
        828.5843505859375,
        261.9907531738281,
        0.8794063925743103,
        856.064697265625,
        277.6938171386719,
        0.8332046866416931,
        838.3988037109375,
        273.7680358886719,
        0.7983445525169373,
        858.027587890625,
        318.914306640625,
        0.9184547066688538,
        832.5101318359375,
        313.0256652832031,
        0.9111267924308777,
        859.990478515625,
        358.1719665527344,
        0.9162439703941345,
        838.3988037109375,
        354.2461853027344,
        0.9686775207519531
    ],
    "7": [
        758.7437744140625,
        201.4329833984375,
        0.9323043823242188,
        758.7437744140625,
        197.3812713623047,
        0.9397682547569275,
        754.6920166015625,
        197.3812713623047,
        0.9270890951156616,
        758.7437744140625,
        197.3812713623047,
        0.780659556388855,
        744.562744140625,
        197.3812713623047,
        0.9362178444862366,
        758.7437744140625,
        219.6656951904297,
        0.9281717538833618,
        732.4075927734375,
        219.6656951904297,
        0.8859678506851196,
        762.7954711914062,
        250.05355834960938,
        0.8996618986129761,
        726.3300170898438,
        254.1052703857422,
        0.8771460652351379,
        770.89892578125,
        278.4155578613281,
        0.9279047250747681,
        736.4593505859375,
        276.38970947265625,
        0.911436140537262,
        752.6661987304688,
        282.46728515625,
        0.8524942994117737,
        734.4334716796875,
        284.4931335449219,
        0.7895056009292603,
        752.6661987304688,
        325.0102844238281,
        0.8610978126525879,
        732.4075927734375,
        327.0361328125,
        0.8804594874382019,
        752.6661987304688,
        363.5015563964844,
        0.8651912212371826,
        728.3558959960938,
        367.55328369140625,
        0.8772076368331909
    ],
    "1": [
        61.23043441772461,
        138.488037109375,
        0.8988930583000183,
        64.34880828857422,
        135.36965942382812,
        0.9371281266212463,
        58.112064361572266,
        136.92884826660156,
        0.9150736331939697,
        67.46717834472656,
        136.92884826660156,
        0.8891726732254028,
        53.43450927734375,
        138.488037109375,
        0.9357609748840332,
        76.8222885131836,
        154.0798797607422,
        0.908092200756073,
        47.1977653503418,
        157.19825744628906,
        0.8892331719398499,
        84.61821746826172,
        172.7901153564453,
        0.8124376535415649,
        44.07939529418945,
        179.02685546875,
        0.863034188747406,
        84.61821746826172,
        186.82276916503906,
        0.8833870887756348,
        53.43450927734375,
        188.3819580078125,
        0.7748871445655823,
        76.8222885131836,
        199.2962646484375,
        0.8131259679794312,
        59.67124938964844,
        202.4146270751953,
        0.8335627317428589,
        83.05902862548828,
        232.03915405273438,
        0.8763826489448547,
        65.90798950195312,
        233.5983428955078,
        0.8689114451408386,
        89.29576873779297,
        263.2228698730469,
        0.8691088557243347,
        70.5855484008789,
        261.6636657714844,
        0.8819004893302917
    ],
    "10": [
        985.4893798828125,
        401.2919006347656,
        0.7877551913261414,
        985.4893798828125,
        398.1059265136719,
        0.7889208197593689,
        985.4893798828125,
        398.1059265136719,
        0.6368180513381958,
        988.6753540039062,
        401.2919006347656,
        0.9573907852172852,
        1017.3493041992188,
        398.1059265136719,
        0.9230136275291443,
        982.3034057617188,
        445.89581298828125,
        0.8823381066322327,
        1036.4652099609375,
        433.1518249511719,
        0.8826736211776733,
        963.1874389648438,
        477.7557067871094,
        0.9563936591148376,
        1049.209228515625,
        429.9658508300781,
        0.789484441280365,
        979.1173706054688,
        449.081787109375,
        0.5601867437362671,
        1010.977294921875,
        426.77984619140625,
        0.5930517315864563,
        988.6753540039062,
        541.4755859375,
        0.8073688745498657,
        1026.9072265625,
        535.1035766601562,
        0.8012465238571167,
        975.931396484375,
        598.8234252929688,
        0.9301256537437439,
        1030.09326171875,
        589.2654418945312,
        0.9067969918251038,
        982.3034057617188,
        668.9152221679688,
        0.924687922000885,
        1039.6512451171875,
        656.1712646484375,
        0.9130841493606567
    ],