{
    "5": [
        840.5543212890625,
        197.0941925048828,
        0.9236106276512146,
        842.4796142578125,
        193.2436065673828,
        0.9258006811141968,
        838.6290283203125,
        195.1688995361328,
        0.9558683037757874,
        854.0313720703125,
        195.1688995361328,
        0.9064575433731079,
        836.7037353515625,
        195.1688995361328,
        0.7333455085754395,
        869.4337158203125,
        214.42185974121094,
        0.8828920125961304,
        838.6290283203125,
        214.42185974121094,
        0.9203405380249023,
        879.0601806640625,
        241.37599182128906,
        0.8765760660171509,
        834.7784423828125,
        243.30128479003906,
        0.8747320175170898,
        873.2843017578125,
        268.33013916015625,
        0.9135475754737854,
        829.0025024414062,
        266.40484619140625,
        0.8679935932159424,
        865.5831298828125,
        272.18072509765625,
        0.802852988243103,
        848.2554931640625,
        272.18072509765625,
        0.7950049638748169,
        867.5084228515625,
        314.5372314453125,
        0.90257728099823,
        854.0313720703125,
        314.5372314453125,
        0.9413732886314392,
        875.2095947265625,
        356.89373779296875,
        0.8742015957832336,
        857.8819580078125,
        353.0431213378906,
        0.8994492888450623
    ],
    "6": [
        682.83349609375,
        228.98416137695312,
        0.9580007195472717,
        684.9169921875,
        224.8170928955078,
        0.958724319934845,
        678.6663818359375,
        224.8170928955078,
        0.9417871832847595,
        687.0005493164062,
        226.90061950683594,
        0.8771539330482483,
        668.2487182617188,
        226.90061950683594,
        0.9538478851318359,
        689.0841064453125,
        243.56890869140625,
        0.8909687995910645,
        661.9981079101562,
        249.81951904296875,
        0.8965806365013123,
        714.0864868164062,
        239.40184020996094,
        0.9311808943748474,
        655.7474975585938,
        274.8219299316406,
        0.9103471636772156,
        705.7523803710938,
        218.5664825439453,
        0.8570619225502014,
        668.2487182617188,
        256.07012939453125,
        0.6268425583839417,
        693.2511596679688,
        303.9914245605469,
        0.7975471019744873,
        674.4993286132812,
        308.15850830078125,
        0.8213064074516296,
        701.5852661132812,
        351.9127502441406,
        0.8491371870040894,
        674.4993286132812,
        356.079833984375,
        0.8254866003990173,
        703.6688232421875,
        395.6669921875,
        0.8853514194488525,
        678.6663818359375,
        399.8340759277344,
        0.8891080617904663
    ],
    "10": [
        918.1801147460938,
        401.5028076171875,
        0.8191049098968506,
        921.3999633789062,
        398.28289794921875,
        0.8895072340965271,
        924.619873046875,
        395.06298828125,
        0.6984525322914124,
        921.3999633789062,
        401.5028076171875,
        0.9567235708236694,
        950.3790283203125,
        401.5028076171875,
        0.8952227234840393,
        921.3999633789062,
        446.5813293457031,
        0.9362199306488037,
        976.1382446289062,
        440.14154052734375,
        0.9230978488922119,
        911.7402954101562,
        498.09967041015625,
        0.8166849613189697,
        989.017822265625,
        488.4399719238281,
        0.8979520797729492,
        908.5203857421875,
        504.5394592285156,
        0.7750089168548584,
        995.4575805664062,
        527.0787353515625,
        0.9334959983825684,
        943.9392700195312,
        539.9583129882812,
        0.8395741581916809,
        979.3580932617188,
        536.7384033203125,
        0.8223766088485718,
        956.81884765625,
        607.5761108398438,
        0.918371856212616,
        947.1591796875,
        597.9164428710938,
        0.8579980134963989,
        979.3580932617188,
        668.754150390625,
        0.8996416926383972,
        924.619873046875,
        652.6546630859375,
        0.8969250321388245
    ],
    "1": [
        75.7197494506836,
        145.41500854492188,
        0.932278037071228,
        78.80315399169922,
        142.33160400390625,
        0.9217248558998108,
        72.63633728027344,
        142.33160400390625,
        0.9189074635505676,
        83.42826080322266,
        145.41500854492188,
        0.9453884959220886,
        66.46952819824219,
        145.41500854492188,
        0.9194098711013794,
        91.13677978515625,
        162.37374877929688,
        0.8736887574195862,
        58.761009216308594,
        162.37374877929688,
        0.866398274898529,
        97.30359649658203,
        185.49929809570312,
        0.8518715500831604,
        57.219303131103516,
        185.49929809570312,
        0.8402227163314819,
        92.67848205566406,
        205.5414581298828,
        0.9151793718338013,
        64.92781829833984,
        205.5414581298828,
        0.8216280341148376,
        84.969970703125,
        202.45803833007812,
        0.8111862540245056,
        66.46952819824219,
        203.99974060058594,
        0.749531090259552,
        88.05337524414062,
        236.37551879882812,
        0.8521730303764343,
        71.09463500976562,
        237.91722106933594,
        0.8301162123680115,
        89.59507751464844,
        267.2095947265625,
        0.849410355091095,
        77.2614517211914,
        270.2929992675781,
        0.8625681400299072
    ],
    "8": [
        1324.27099609375,
        234.18533325195312,
        0.9372279644012451,
        1326.265625,
        232.1906280517578,
        0.9416280388832092,
        1324.27099609375,
        230.1959228515625,
        0.913371741771698,
        1338.23388671875,
        232.1906280517578,
        0.8998433947563171,
        1334.2445068359375,
        232.1906280517578,
        0.6198756098747253,
        1358.180908203125,
        256.12701416015625,
        0.8563473224639893,
        1328.2603759765625,
        252.13763427734375,
        0.8456660509109497,
        1366.15966796875,
        290.03692626953125,
        0.8952072262763977,
        1320.281494140625,
        280.06341552734375,
        0.886486828327179,
        1360.175537109375,
        321.9521484375,
        0.8989611864089966,
        1308.3133544921875,
        303.99981689453125,
        0.8774557709693909,
        1350.2020263671875,
        317.9627380371094,
        0.8029910326004028,
        1328.2603759765625,
        315.968017578125,
        0.7805163860321045,
        1350.2020263671875,
        357.85675048828125,
        0.8588941693305969,
        1326.265625,
        355.8620300292969,
        0.8592138290405273,
        1352.19677734375,
        401.7401428222656,
        0.8762908577919006,
        1324.27099609375,
        395.75604248046875,
        0.8874490857124329
    ],