{
    "1": [
        70.05211639404297,
        160.8054656982422,
        0.9121133685112,
        73.02789306640625,
        157.82969665527344,
        0.9211595058441162,
        67.07633972167969,
        157.82969665527344,
        0.9177722334861755,
        78.97944641113281,
        160.8054656982422,
        0.9270987510681152,
        64.1005630493164,
        162.29336547851562,
        0.9445688724517822,
        89.39466857910156,
        180.1480255126953,
        0.8506197333335876,
        58.14900588989258,
        180.1480255126953,
        0.9185978174209595,
        98.3219985961914,
        200.9784698486328,
        0.8598926067352295,
        58.14900588989258,
        202.4663543701172,
        0.9071539640426636,
        86.41889190673828,
        212.88157653808594,
        0.8851665258407593,
        65.58844757080078,
        215.8573455810547,
        0.9170388579368591,
        89.39466857910156,
        221.80889892578125,
        0.8016549348831177,
        70.05211639404297,
        221.80889892578125,
        0.8002139329910278,
        92.37044525146484,
        253.0545654296875,
        0.881130039691925,
        74.51578521728516,
        254.54244995117188,
        0.8504339456558228,
        98.3219985961914,
        282.8123474121094,
        0.8115460872650146,
        78.97944641113281,
        284.30023193359375,
        0.8612812757492065
    ],
    "6": [
        693.306396484375,
        226.02651977539062,
        0.9166655540466309,
        691.1859130859375,
        223.90603637695312,
        0.9150051474571228,
        686.9449462890625,
        223.90603637695312,
        0.9039337635040283,
        689.0654296875,
        226.02651977539062,
        0.7360542416572571,
        674.2220458984375,
        228.14698791503906,
        0.927855908870697,
        695.4268188476562,
        249.35177612304688,
        0.9281998872756958,
        663.6196899414062,
        249.35177612304688,
        0.886910080909729,
        720.87255859375,
        262.07464599609375,
        0.9035329818725586,
        644.5353393554688,
        253.5927276611328,
        0.9036486148834229,
        703.9087524414062,
        242.99034118652344,
        0.8699601888656616,
        659.3787231445312,
        236.62890625,
        0.8597605228424072,
        695.4268188476562,
        312.96612548828125,
        0.8320754766464233,
        674.2220458984375,
        312.96612548828125,
        0.8426769971847534,
        701.7882690429688,
        357.49615478515625,
        0.8454935550689697,
        667.8606567382812,
        361.73712158203125,
        0.8677393198013306,
        706.0292358398438,
        397.7852478027344,
        0.8651824593544006,
        663.6196899414062,
        406.2671813964844,
        0.8506726026535034
    ],
    "10": [
        886.8792724609375,
        396.6641540527344,
        0.8197061419487,
        886.8792724609375,
        393.486328125,
        0.8372730612754822,
        886.8792724609375,
        393.486328125,
        0.7052925825119019,
        890.0570678710938,
        399.84197998046875,
        0.9105959534645081,
        918.6575317382812,
        396.6641540527344,
        0.8813959360122681,
        883.7014770507812,
        434.79803466796875,
        0.9280842542648315,
        937.7244262695312,
        434.79803466796875,
        0.9088187217712402,
        877.3458251953125,
        485.6432189941406,
        0.9289494156837463,
        950.4357299804688,
        485.6432189941406,
        0.8989810347557068,
        867.8123168945312,
        530.1327514648438,
        0.9226028323173523,
        937.7244262695312,
        520.5992431640625,
        0.8358953595161438,
        899.590576171875,
        530.1327514648438,
        0.805548369884491,
        934.546630859375,
        530.1327514648438,
        0.8418600559234619,
        870.9901733398438,
        590.5113525390625,
        0.8965404629707336,
        921.8353271484375,
        590.5113525390625,
        0.882477343082428,
        893.2349243164062,
        660.4235229492188,
        0.8996370434761047,
        921.8353271484375,
        657.2456665039062,
        0.9108811020851135
    ],
    "5": [
        834.6666259765625,
        198.6441192626953,
        0.912064790725708,
        838.4896850585938,
        194.821044921875,
        0.9289183020591736,
        834.6666259765625,
        196.73257446289062,
        0.8572391271591187,
        846.1358642578125,
        198.6441192626953,
        0.9164299964904785,
        840.4012451171875,
        198.6441192626953,
        0.619367778301239,
        863.3396606445312,
        219.67100524902344,
        0.8498218655586243,
        840.4012451171875,
        215.84793090820312,
        0.8788229823112488,
        865.251220703125,
        252.1671142578125,
        0.805829644203186,
        844.2243041992188,
        242.60943603515625,
        0.8295084238052368,
        846.1358642578125,
        265.5478820800781,
        0.9201869368553162,
        838.4896850585938,
        263.6363220214844,
        0.8254786133766174,
        865.251220703125,
        275.1055603027344,
        0.7925201654434204,
        848.04736328125,
        273.1940002441406,
        0.791946291923523,
        870.98583984375,
        317.1593322753906,
        0.8807381391525269,
        842.312744140625,
        313.3362731933594,
        0.9059469103813171,
        880.5435180664062,
        357.3016052246094,
        0.9303094148635864,
        848.04736328125,
        351.5669860839844,
        0.9377533197402954
    ],
    "11": [
        1214.4642333984375,
        405.680908203125,
        0.874956488609314,
        1214.4642333984375,
        400.354736328125,
        0.9234286546707153,
        1214.4642333984375,
        397.691650390625,
        0.7107142210006714,
        1219.7904052734375,
        403.017822265625,
        0.9251983761787415,
        1243.7581787109375,
        397.691650390625,
        0.9209043979644775,
        1230.4427490234375,
        432.3117980957031,
        0.9057804942131042,
        1267.7259521484375,
        424.322509765625,
        0.9074032306671143,
        1233.1058349609375,
        477.58428955078125,
        0.9102856516838074,
        1286.3675537109375,
        466.93194580078125,
        0.8250630497932434,
        1227.7796630859375,
        517.5306396484375,
        0.867296040058136,
        1283.7044677734375,
        506.8782653808594,
        0.6100707650184631,
        1259.7366943359375,
        506.8782653808594,
        0.7538725137710571,
        1289.0306396484375,
        501.5520935058594,
        0.7391915917396545,
        1241.0950927734375,
        565.4661865234375,
        0.9199029803276062,
        1283.7044677734375,
        557.4769287109375,
        0.8712175488471985,
        1246.4212646484375,
        624.0541381835938,
        0.8691565990447998,
        1291.6937255859375,
        608.0756225585938,
        0.8351141214370728
    ],