{
    "12": [
        1023.3619995117188,
        257.68499755859375,
        0.920717716217041,
        1026.745849609375,
        254.30117797851562,
        0.9107818603515625,
        1019.9782104492188,
        254.30117797851562,
        0.9155999422073364,
        1031.821533203125,
        255.99307250976562,
        0.9274954199790955,
        1014.9024658203125,
        254.30117797851562,
        0.9343118071556091,
        1040.2811279296875,
        274.6040954589844,
        0.92437744140625,
        1008.1348266601562,
        272.91217041015625,
        0.9098836779594421,
        1052.12451171875,
        298.29083251953125,
        0.8583060503005981,
        1004.7510375976562,
        298.29083251953125,
        0.9271162152290344,
        1043.6649169921875,
        320.28564453125,
        0.9078918695449829,
        999.67529296875,
        320.28564453125,
        0.8993743658065796,
        1045.3568115234375,
        320.28564453125,
        0.7693530917167664,
        1025.053955078125,
        321.9775695800781,
        0.8440603017807007,
        1047.0487060546875,
        354.12384033203125,
        0.8620983958244324,
        1013.2105712890625,
        359.1995849609375,
        0.8541980385780334,
        1062.2760009765625,
        393.03778076171875,
        0.886094868183136,
        1028.437744140625,
        386.2701416015625,
        0.878975510597229
    ],
    "4": [
        873.41845703125,
        207.06051635742188,
        0.9308275580406189,
        875.3412475585938,
        203.2148895263672,
        0.9557471871376038,
        869.5728149414062,
        203.2148895263672,
        0.9493950009346008,
        877.2640991210938,
        205.13771057128906,
        0.8788821697235107,
        861.881591796875,
        207.06051635742188,
        0.9200054407119751,
        881.1096801757812,
        224.36581420898438,
        0.8816007375717163,
        858.0359497070312,
        230.13424682617188,
        0.9059810042381287,
        879.1868896484375,
        249.3623504638672,
        0.831460177898407,
        850.3447265625,
        258.9764099121094,
        0.886289119720459,
        884.955322265625,
        268.5904541015625,
        0.8486108779907227,
        865.7272338867188,
        285.895751953125,
        0.8655586838722229,
        877.2640991210938,
        283.97296142578125,
        0.8340254426002502,
        859.9588012695312,
        287.8185729980469,
        0.8008185029029846,
        890.7237548828125,
        320.50634765625,
        0.9283307790756226,
        865.7272338867188,
        330.12042236328125,
        0.8902990818023682,
        881.1096801757812,
        360.8853759765625,
        0.902084469795227,
        865.7272338867188,
        372.4222412109375,
        0.8778896927833557
    ],
    "13": [
        1239.418212890625,
        218.12559509277344,
        0.8996680378913879,
        1245.297607421875,
        216.1658172607422,
        0.9100232720375061,
        1237.45849609375,
        216.1658172607422,
        0.9253117442131042,
        1253.13671875,
        218.12559509277344,
        0.9365488290786743,
        1235.4986572265625,
        216.1658172607422,
        0.8526744842529297,
        1257.0562744140625,
        241.64295959472656,
        0.8568035364151001,
        1233.5389404296875,
        239.6831817626953,
        0.9003723859786987,
        1262.935546875,
        271.0396728515625,
        0.8881102204322815,
        1229.619384765625,
        269.07989501953125,
        0.9121959805488586,
        1259.0159912109375,
        298.4765930175781,
        0.9284814596176147,
        1215.90087890625,
        290.6374816894531,
        0.84857177734375,
        1253.13671875,
        300.4363708496094,
        0.7871831655502319,
        1241.3780517578125,
        300.4363708496094,
        0.8387159109115601,
        1245.297607421875,
        341.5917663574219,
        0.9032276272773743,
        1225.6998291015625,
        333.7526550292969,
        0.918693482875824,
        1264.8953857421875,
        378.8276062011719,
        0.8916473388671875,
        1231.5791015625,
        376.8677978515625,
        0.8873046040534973
    ],
    "3": [
        760.9891967773438,
        169.8186492919922,
        0.9577145576477051,
        763.8493041992188,
        166.95852661132812,
        0.9560710787773132,
        758.1290283203125,
        166.95852661132812,
        0.9746949076652527,
        768.1395263671875,
        168.3885955810547,
        0.9530803561210632,
        753.8388671875,
        171.24871826171875,
        0.9378788471221924,
        776.7199096679688,
        186.9794464111328,
        0.9289748668670654,
        749.5486450195312,
        188.40951538085938,
        0.9206176400184631,
        779.5800170898438,
        209.8605194091797,
        0.909722626209259,
        745.2584228515625,
        212.72064208984375,
        0.8766964673995972,
        781.0101318359375,
        229.88143920898438,
        0.8046479225158691,
        743.828369140625,
        235.60171508789062,
        0.8803152441978455,
        773.8598022460938,
        231.31150817871094,
        0.81534343957901,
        756.698974609375,
        232.7415771484375,
        0.8258556723594666,
        773.8598022460938,
        261.3428955078125,
        0.8228473663330078,
        759.55908203125,
        264.2030334472656,
        0.8160351514816284,
        770.9996337890625,
        285.6540222167969,
        0.7994930744171143,
        763.8493041992188,
        292.80438232421875,
        0.8576581478118896
    ],
    "10": [
        800.22509765625,
        415.1741027832031,
        0.6544777750968933,
        793.686767578125,
        411.90496826171875,
        0.5508776903152466,
        800.22509765625,
        411.90496826171875,
        0.7653528451919556,
        764.2644653320312,
        415.1741027832031,
        0.9468286037445068,
        796.9559326171875,
        415.1741027832031,
        0.9719835519790649,
        747.9187622070312,
        460.9421691894531,
        0.91781085729599,
        813.3016357421875,
        457.6730041503906,
        0.9080789089202881,
        744.6495971679688,
        513.2484741210938,
        0.9223241806030273,
        839.454833984375,
        503.4410400390625,
        0.9064909815788269,
        747.9187622070312,
        555.7473754882812,
        0.9415667653083801,
        862.3388671875,
        542.6707763671875,
        0.9758204221725464,
        774.0718994140625,
        559.0165405273438,
        0.8099169135093689,
        810.0325317382812,
        555.7473754882812,
        0.8501409888267517,
        790.4176025390625,
        617.8611450195312,
        0.9136431813240051,
        816.57080078125,
        614.592041015625,
        0.919618546962738,
        803.4942016601562,
        676.705810546875,
        0.8480318784713745,
        810.0325317382812,
        676.705810546875,
        0.8411223888397217
    ],