{
    "12": [
        1032.9320068359375,
        260.3715515136719,
        0.9324113130569458,
        1036.2291259765625,
        257.07440185546875,
        0.9280174374580383,
        1029.6348876953125,
        257.07440185546875,
        0.9469494819641113,
        1041.1749267578125,
        260.3715515136719,
        0.9568793177604675,
        1024.6890869140625,
        258.7229919433594,
        0.9326276779174805,
        1049.4178466796875,
        276.8573303222656,
        0.9215795397758484,
        1014.7976684570312,
        276.8573303222656,
        0.9093552827835083,
        1057.66064453125,
        299.9374084472656,
        0.9166246652603149,
        1006.5548095703125,
        301.58599853515625,
        0.8851141333580017,
        1054.363525390625,
        321.3689270019531,
        0.894504725933075,
        1001.6090698242188,
        324.66607666015625,
        0.9233015775680542,
        1051.06640625,
        326.31463623046875,
        0.793061375617981,
        1029.6348876953125,
        326.31463623046875,
        0.8484814763069153,
        1064.2550048828125,
        359.28619384765625,
        0.8718748688697815,
        1016.4462280273438,
        360.9347839355469,
        0.9006405472755432,
        1077.443603515625,
        395.5549011230469,
        0.8858703970909119,
        1027.986328125,
        385.6634216308594,
        0.8996254205703735
    ],
    "4": [
        881.5909423828125,
        207.56613159179688,
        0.9493594169616699,
        883.5382080078125,
        203.6715850830078,
        0.9584265351295471,
        877.6964111328125,
        203.6715850830078,
        0.9467359781265259,
        887.4328002929688,
        205.61886596679688,
        0.9111583232879639,
        869.9072875976562,
        205.61886596679688,
        0.9501993656158447,
        889.3800659179688,
        225.0916290283203,
        0.9233580231666565,
        864.0654907226562,
        228.98619079589844,
        0.9130303263664246,
        889.3800659179688,
        250.40623474121094,
        0.8770989775657654,
        854.3291015625,
        256.2480773925781,
        0.8813250660896301,
        893.2745971679688,
        271.8262939453125,
        0.8544034361839294,
        864.0654907226562,
        281.5626525878906,
        0.8962863683700562,
        883.5382080078125,
        283.50994873046875,
        0.8437020778656006,
        866.0127563476562,
        285.45721435546875,
        0.8061578869819641,
        895.221923828125,
        324.40277099609375,
        0.8728983402252197,
        866.0127563476562,
        330.2445983886719,
        0.8592882752418518,
        897.169189453125,
        363.3482971191406,
        0.9059264063835144,
        864.0654907226562,
        373.0846862792969,
        0.864973247051239
    ],
    "13": [
        1264.8695068359375,
        224.4882049560547,
        0.9208616614341736,
        1268.578369140625,
        220.77932739257812,
        0.9332053065299988,
        1263.01513671875,
        220.77932739257812,
        0.9195172786712646,
        1275.9962158203125,
        222.63375854492188,
        0.9611070156097412,
        1259.3062744140625,
        220.77932739257812,
        0.8563661575317383,
        1279.705078125,
        244.88702392578125,
        0.872261643409729,
        1257.4517822265625,
        243.0325927734375,
        0.9130197763442993,
        1279.705078125,
        276.4124755859375,
        0.8967961072921753,
        1255.5972900390625,
        274.55804443359375,
        0.9006887674331665,
        1268.578369140625,
        304.22906494140625,
        0.9303283095359802,
        1242.6162109375,
        296.8113098144531,
        0.9064985513687134,
        1277.8505859375,
        304.22906494140625,
        0.7702479958534241,
        1259.3062744140625,
        302.3746337890625,
        0.805138349533081,
        1275.9962158203125,
        346.88116455078125,
        0.8554350137710571,
        1246.3251953125,
        337.6089782714844,
        0.8728227019309998,
        1300.1038818359375,
        380.26104736328125,
        0.8452815413475037,
        1233.3441162109375,
        376.55218505859375,
        0.8908525109291077
    ],
    "10": [
        781.6817626953125,
        423.0690002441406,
        0.7663803696632385,
        778.2293701171875,
        419.6166076660156,
        0.6092065572738647,
        781.6817626953125,
        419.6166076660156,
        0.8405910134315491,
        743.7053833007812,
        426.52142333984375,
        0.9333886504173279,
        778.2293701171875,
        426.52142333984375,
        0.9102734923362732,
        726.4434204101562,
        471.402587890625,
        0.9408848881721497,
        792.0390014648438,
        467.9501953125,
        0.9335519075393677,
        716.086181640625,
        523.1885986328125,
        0.9400055408477783,
        816.205810546875,
        516.2837524414062,
        0.9365392923355103,
        709.181396484375,
        568.0697631835938,
        0.9464597105979919,
        833.4677734375,
        557.7125854492188,
        0.96391361951828,
        740.2529907226562,
        568.0697631835938,
        0.8450562357902527,
        778.2293701171875,
        571.5221557617188,
        0.858066976070404,
        754.0626220703125,
        623.3081665039062,
        0.8913012146949768,
        774.7769775390625,
        637.1177368164062,
        0.980194091796875,
        754.0626220703125,
        681.9989013671875,
        0.8129969835281372,
        760.9674072265625,
        709.6181030273438,
        0.8641563653945923
    ],
    "1": [
        189.25216674804688,
        170.8583984375,
        0.9521517753601074,
        190.99349975585938,
        167.375732421875,
        0.9117549061775208,
        184.02816772460938,
        167.375732421875,
        0.9462630152702332,
        192.73483276367188,
        169.1170654296875,
        0.831774115562439,
        177.06283569335938,
        170.8583984375,
        0.9235643744468689,
        194.47616577148438,
        188.27171325683594,
        0.9185840487480164,
        170.09750366210938,
        190.01304626464844,
        0.9128826856613159,
        199.70016479492188,
        210.90904235839844,
        0.9064927697181702,
        168.35617065429688,
        217.87437438964844,
        0.87498539686203,
        206.66549682617188,
        231.80502319335938,
        0.8094198107719421,
        184.02816772460938,
        238.77035522460938,
        0.8848495483398438,
        196.21749877929688,
        237.02902221679688,
        0.8130757212638855,
        178.80416870117188,
        240.51168823242188,
        0.8108690977096558,
        206.66549682617188,
        275.3383483886719,
        0.845417857170105,
        182.28683471679688,
        278.8210144042969,
        0.8319743275642395,
        210.1481475830078,
        311.90631103515625,
        0.868926465511322,
        185.76950073242188,
        315.38897705078125,
        0.879250168800354
    ],