{
    "4": [
        895.8812866210938,
        203.7011260986328,
        0.9427511096000671,
        899.8468017578125,
        199.73562622070312,
        0.923298180103302,
        891.9158325195312,
        199.73562622070312,
        0.9299110770225525,
        901.8295288085938,
        203.7011260986328,
        0.9379735589027405,
        883.9848022460938,
        203.7011260986328,
        0.9412670135498047,
        907.7777709960938,
        225.51132202148438,
        0.9236135482788086,
        874.0711059570312,
        223.52857971191406,
        0.911390483379364,
        907.7777709960938,
        251.2870330810547,
        0.8959648013114929,
        860.19189453125,
        247.321533203125,
        0.8823525905609131,
        905.7950439453125,
        273.09722900390625,
        0.9285361766815186,
        864.1573486328125,
        273.09722900390625,
        0.8758854269981384,
        893.8985595703125,
        283.0109558105469,
        0.8453261256217957,
        872.0883178710938,
        283.0109558105469,
        0.8365356922149658,
        897.8640747070312,
        322.6658935546875,
        0.8796660304069519,
        866.14013671875,
        324.64862060546875,
        0.8873066306114197,
        895.8812866210938,
        362.32080078125,
        0.9281271696090698,
        856.2263793945312,
        366.28631591796875,
        0.8861718773841858
    ],
    "18": [
        557.8643188476562,
        236.5912628173828,
        0.9540009498596191,
        559.853271484375,
        232.6133270263672,
        0.9524832367897034,
        551.8973999023438,
        232.6133270263672,
        0.9563202857971191,
        561.84228515625,
        232.6133270263672,
        0.8652552366256714,
        543.9415283203125,
        234.602294921875,
        0.9227519631385803,
        573.7760620117188,
        256.48095703125,
        0.8821700811386108,
        533.9967041015625,
        260.4588928222656,
        0.9026879668235779,
        585.7098999023438,
        282.3375244140625,
        0.860329270362854,
        528.02978515625,
        284.32647705078125,
        0.8097696304321289,
        585.7098999023438,
        308.194091796875,
        0.9539358615875244,
        533.9967041015625,
        300.23822021484375,
        0.9081565141677856,
        565.8201904296875,
        318.1389465332031,
        0.7875490784645081,
        541.9525756835938,
        318.1389465332031,
        0.7901608347892761,
        555.8753662109375,
        363.88519287109375,
        0.97226881980896,
        541.9525756835938,
        363.88519287109375,
        0.9110847115516663,
        565.8201904296875,
        391.7307434082031,
        0.8015273213386536,
        553.8864135742188,
        399.6866149902344,
        0.9060473442077637
    ],
    "13": [
        1344.5556640625,
        230.9251708984375,
        0.9581528902053833,
        1350.0775146484375,
        229.0845489501953,
        0.9303262829780579,
        1342.715087890625,
        227.2439422607422,
        0.9534338712692261,
        1357.43994140625,
        230.9251708984375,
        0.9715088605880737,
        1340.87451171875,
        229.0845489501953,
        0.8071465492248535,
        1359.2806396484375,
        254.8531951904297,
        0.8826302289962769,
        1342.715087890625,
        251.1719512939453,
        0.849601149559021,
        1359.2806396484375,
        287.9842834472656,
        0.8979275226593018,
        1342.715087890625,
        284.3030700683594,
        0.8158380389213562,
        1350.0775146484375,
        317.4341735839844,
        0.9770392179489136,
        1331.67138671875,
        304.5498352050781,
        0.838863730430603,
        1355.599365234375,
        315.5935363769531,
        0.796687662601471,
        1339.0338134765625,
        311.9123229980469,
        0.8540292978286743,
        1359.2806396484375,
        357.927734375,
        0.8936457633972168,
        1318.787109375,
        345.0434265136719,
        0.9099950194358826,
        1396.093017578125,
        383.6963806152344,
        0.8330567479133606,
        1324.308837890625,
        383.6963806152344,
        0.9258190393447876
    ],
    "3": [
        765.7073974609375,
        166.92135620117188,
        0.9323263764381409,
        767.1632080078125,
        164.00970458984375,
        0.9398027062416077,
        761.3399047851562,
        164.00970458984375,
        0.9501131772994995,
        770.0748291015625,
        165.46554565429688,
        0.9088465571403503,
        755.5166015625,
        166.92135620117188,
        0.9356362819671631,
        775.8981323242188,
        184.39126586914062,
        0.9054684638977051,
        748.2374877929688,
        184.39126586914062,
        0.892174243927002,
        781.721435546875,
        204.7728271484375,
        0.9138398766517639,
        743.8699951171875,
        206.22866821289062,
        0.8432402014732361,
        789.0006103515625,
        220.78692626953125,
        0.9122090935707092,
        739.5025024414062,
        228.0660400390625,
        0.8292912840843201,
        768.6190185546875,
        228.0660400390625,
        0.8073618412017822,
        751.1491088867188,
        226.6102294921875,
        0.8108276128768921,
        770.0748291015625,
        257.18255615234375,
        0.8380343317985535,
        751.1491088867188,
        258.6383972167969,
        0.8512543439865112,
        768.6190185546875,
        286.299072265625,
        0.8462452292442322,
        751.1491088867188,
        289.2107238769531,
        0.8572126626968384
    ],
    "6": [
        678.3793334960938,
        236.5906982421875,
        0.9071018695831299,
        680.4503173828125,
        232.44874572753906,
        0.9040787816047668,
        674.2374267578125,
        232.44874572753906,
        0.9268665909767151,
        682.5213012695312,
        234.51971435546875,
        0.7977738380432129,
        661.8115234375,
        236.5906982421875,
        0.9337003827095032,
        688.7342529296875,
        257.3004455566406,
        0.9159788489341736,
        655.5986328125,
        261.4423828125,
        0.8989896178245544,
        699.089111328125,
        280.0811767578125,
        0.8100880980491638,
        639.0308227539062,
        292.50701904296875,
        0.8940328359603882,
        701.1600952148438,
        280.0811767578125,
        0.8654913306236267,
        651.4566650390625,
        284.2231140136719,
        0.8583661913871765,
        688.7342529296875,
        321.50067138671875,
        0.8460977077484131,
        665.9534912109375,
        323.5716552734375,
        0.8345457315444946,
        694.9471435546875,
        364.99114990234375,
        0.8510476350784302,
        663.8825073242188,
        371.2040710449219,
        0.8280576467514038,
        697.0181274414062,
        406.41064453125,
        0.8839210867881775,
        663.8825073242188,
        412.6235656738281,
        0.8339399099349976
    ],