{
    "4": [
        870.3819580078125,
        211.72573852539062,
        0.9565279483795166,
        874.2528076171875,
        207.85488891601562,
        0.9517966508865356,
        866.5111083984375,
        207.85488891601562,
        0.9471214413642883,
        878.1236572265625,
        211.72573852539062,
        0.9590159058570862,
        860.704833984375,
        211.72573852539062,
        0.9436302185058594,
        885.8653564453125,
        236.88626098632812,
        0.8917292356491089,
        849.09228515625,
        233.01541137695312,
        0.8949092030525208,
        889.7362060546875,
        258.1759338378906,
        0.9482647180557251,
        827.8026123046875,
        248.49880981445312,
        0.905951738357544,
        887.80078125,
        277.5301818847656,
        0.9204158782958984,
        823.9317626953125,
        269.7884826660156,
        0.8835629224777222,
        874.2528076171875,
        293.0135803222656,
        0.8289926648139954,
        851.0277099609375,
        291.0781555175781,
        0.8243569135665894,
        889.7362060546875,
        325.9158020019531,
        0.864945650100708,
        839.4151611328125,
        331.7220764160156,
        0.8898369073867798,
        895.54248046875,
        362.6888732910156,
        0.893137514591217,
        823.9317626953125,
        374.3014221191406,
        0.8800804615020752
    ],
    "12": [
        1041.8958740234375,
        250.2587127685547,
        0.9270163178443909,
        1045.6365966796875,
        248.3883514404297,
        0.9459923505783081,
        1040.0255126953125,
        246.51797485351562,
        0.9516736268997192,
        1053.1180419921875,
        255.8698272705078,
        0.9426026940345764,
        1034.4144287109375,
        250.2587127685547,
        0.8839181661605835,
        1056.85888671875,
        278.3142395019531,
        0.915745198726654,
        1023.1921997070312,
        272.7031555175781,
        0.9255823493003845,
        1066.210693359375,
        304.4994201660156,
        0.9372026324272156,
        1010.099609375,
        295.1475830078125,
        0.9150437712669373,
        1062.469970703125,
        326.94384765625,
        0.930105984210968,
        995.1366577148438,
        313.85125732421875,
        0.9028636813163757,
        1047.5069580078125,
        334.4253234863281,
        0.8363840579986572,
        1025.0626220703125,
        332.5549621582031,
        0.8271476626396179,
        1053.1180419921875,
        369.96234130859375,
        0.8473237752914429,
        1017.5811157226562,
        375.57342529296875,
        0.8189510107040405,
        1071.82177734375,
        390.536376953125,
        0.9095630049705505,
        1032.5440673828125,
        401.75860595703125,
        0.8911884427070618
    ],
    "3": [
        760.8602294921875,
        169.22027587890625,
        0.9508207440376282,
        763.70556640625,
        166.37493896484375,
        0.9430937767028809,
        758.014892578125,
        166.37493896484375,
        0.9408004283905029,
        766.5509033203125,
        167.797607421875,
        0.9397189617156982,
        752.32421875,
        169.22027587890625,
        0.9234111905097961,
        773.664306640625,
        186.29229736328125,
        0.9304532408714294,
        745.2109375,
        184.86962890625,
        0.9080362915992737,
        777.9322509765625,
        209.05499267578125,
        0.8939203023910522,
        739.520263671875,
        207.63232421875,
        0.9001893997192383,
        780.777587890625,
        231.81768798828125,
        0.8518985509872437,
        736.6749267578125,
        228.97235107421875,
        0.8368677496910095,
        766.5509033203125,
        224.704345703125,
        0.7967481017112732,
        748.0562744140625,
        223.28167724609375,
        0.8125268220901489,
        769.396240234375,
        256.0030517578125,
        0.8376504778862,
        743.7882080078125,
        254.58038330078125,
        0.8655619621276855,
        769.396240234375,
        285.87908935546875,
        0.8812204003334045,
        742.3656005859375,
        285.87908935546875,
        0.867384672164917
    ],
    "6": [
        676.2894897460938,
        236.09600830078125,
        0.9451698660850525,
        678.364990234375,
        231.94500732421875,
        0.926693320274353,
        672.138427734375,
        234.0205078125,
        0.9404907822608948,
        680.4404907226562,
        236.09600830078125,
        0.7366446852684021,
        661.7609252929688,
        238.17152404785156,
        0.9474622011184692,
        684.5914916992188,
        258.92657470703125,
        0.9392303824424744,
        651.3834228515625,
        265.1531066894531,
        0.9254408478736877,
        694.968994140625,
        279.681640625,
        0.776439905166626,
        638.9303588867188,
        294.2101745605469,
        0.9208096861839294,
        697.0444946289062,
        279.681640625,
        0.8990696668624878,
        655.534423828125,
        287.983642578125,
        0.9071497321128845,
        684.5914916992188,
        319.1162414550781,
        0.8367574214935303,
        661.7609252929688,
        323.2672424316406,
        0.8170222043991089,
        692.8934936523438,
        364.7773742675781,
        0.8821516633033752,
        663.83642578125,
        368.9283752441406,
        0.8636302351951599,
        697.0444946289062,
        406.2874755859375,
        0.8783186674118042,
        663.83642578125,
        412.51397705078125,
        0.862284779548645
    ],
    "10": [
        566.3519287109375,
        469.2546081542969,
        0.7832168936729431,
        555.1851806640625,
        469.2546081542969,
        0.6699798703193665,
        566.3519287109375,
        465.5323486328125,
        0.8552118539810181,
        525.4071655273438,
        476.6990966796875,
        0.949457585811615,
        558.9074096679688,
        472.97686767578125,
        0.9318826794624329,
        514.2404174804688,
        525.0883178710938,
        0.9332405924797058,
        584.963134765625,
        517.6438598632812,
        0.9188811779022217,
        506.7959289550781,
        584.644287109375,
        0.9334360361099243,
        611.0188598632812,
        569.7553100585938,
        0.9245778918266296,
        506.7959289550781,
        636.7557983398438,
        0.9298194646835327,
        629.630126953125,
        610.7000122070312,
        0.9510449171066284,
        540.296142578125,
        636.7557983398438,
        0.8000049591064453,
        588.6853637695312,
        633.0335083007812,
        0.7990596890449524,
        510.5181884765625,
        707.478515625,
        0.9104064106941223,
        607.296630859375,
        692.5894775390625,
        0.8960670232772827,
        491.9069519042969,
        789.367919921875,
        0.8997708559036255,
        629.630126953125,
        763.3121948242188,
        0.9159314632415771
    ],