{
    "3": [
        759.1397094726562,
        170.29771423339844,
        0.9455826878547668,
        762.0003051757812,
        167.43711853027344,
        0.9437379837036133,
        756.2791137695312,
        167.43711853027344,
        0.9364848732948303,
        764.8609008789062,
        170.29771423339844,
        0.938653826713562,
        750.5579223632812,
        171.72799682617188,
        0.9033648371696472,
        772.0123901367188,
        187.4612579345703,
        0.9372301697731018,
        743.4064331054688,
        186.0309600830078,
        0.9213159680366516,
        774.8729248046875,
        208.91567993164062,
        0.9172120094299316,
        739.1156005859375,
        208.91567993164062,
        0.9004987478256226,
        777.7335205078125,
        231.80039978027344,
        0.8361791968345642,
        734.82470703125,
        230.3701171875,
        0.8163835406303406,
        763.4306030273438,
        226.0792236328125,
        0.8042783141136169,
        746.2670288085938,
        224.64892578125,
        0.8020351529121399,
        770.5820922851562,
        254.6851348876953,
        0.8379098176956177,
        741.9761352539062,
        256.11541748046875,
        0.852776288986206,
        769.1517944335938,
        286.1516418457031,
        0.8918103575706482,
        736.2550048828125,
        290.4425048828125,
        0.8939234018325806
    ],
    "4": [
        861.35009765625,
        210.615966796875,
        0.9628225564956665,
        865.2786865234375,
        206.68734741210938,
        0.9455368518829346,
        857.4214477539062,
        206.68734741210938,
        0.9591617584228516,
        867.2430419921875,
        210.615966796875,
        0.9179996848106384,
        851.5285034179688,
        210.615966796875,
        0.9710906147956848,
        873.1359252929688,
        234.18772888183594,
        0.927683413028717,
        839.7426147460938,
        230.2591094970703,
        0.9174453616142273,
        879.0288696289062,
        255.79518127441406,
        0.9365833401679993,
        816.1708374023438,
        240.08067321777344,
        0.8214445114135742,
        879.0288696289062,
        277.4026184082031,
        0.9448884129524231,
        806.3493041992188,
        245.97361755371094,
        0.5556901097297668,
        863.3143920898438,
        291.15283203125,
        0.8411599397659302,
        839.7426147460938,
        291.15283203125,
        0.8230575919151306,
        879.0288696289062,
        322.58184814453125,
        0.8622522354125977,
        835.8140258789062,
        332.4034118652344,
        0.9316155910491943,
        892.7791137695312,
        359.90380859375,
        0.8873294591903687,
        824.0281372070312,
        375.6183166503906,
        0.8502532839775085
    ],
    "9": [
        1448.8992919921875,
        342.39556884765625,
        0.8962147235870361,
        1452.46044921875,
        337.45355224609375,
        0.8963581323623657,
        1451.394287109375,
        337.4439697265625,
        0.7440513372421265,
        1461.2000732421875,
        343.70184326171875,
        0.8907985687255859,
        1480.715576171875,
        342.4036865234375,
        0.7457131147384644,
        1458.857421875,
        376.6767578125,
        0.838913083076477,
        1494.5283203125,
        367.1588439941406,
        0.8622612953186035,
        1457.3636474609375,
        419.37603759765625,
        0.7741125822067261,
        1509.0179443359375,
        403.9613952636719,
        0.7830929756164551,
        1448.92529296875,
        456.6448059082031,
        0.8391751050949097,
        1509.04638671875,
        439.24090576171875,
        0.7982137203216553,
        1470.6234130859375,
        456.80230712890625,
        0.6671696901321411,
        1495.7021484375,
        451.7516784667969,
        0.6921526193618774,
        1452.7860107421875,
        501.8086242675781,
        0.7376551032066345,
        1480.687744140625,
        501.07568359375,
        0.7459988594055176,
        1457.012451171875,
        561.8012084960938,
        0.8736127614974976,
        1485.730224609375,
        551.3583374023438,
        0.8772870302200317
    ],
    "6": [
        675.90869140625,
        236.61231994628906,
        0.9471139907836914,
        677.9797973632812,
        232.4701385498047,
        0.9350908398628235,
        671.7665405273438,
        234.54122924804688,
        0.9514634013175964,
        680.0508422851562,
        234.54122924804688,
        0.7844996452331543,
        661.4110717773438,
        238.6833953857422,
        0.9555643200874329,
        684.1930541992188,
        259.3942565917969,
        0.9486365914344788,
        653.126708984375,
        265.6075439453125,
        0.8988985419273376,
        692.4774169921875,
        282.1762390136719,
        0.8172674775123596,
        640.7001953125,
        292.5316467285156,
        0.9152800440788269,
        696.6195678710938,
        280.1051330566406,
        0.9177151322364807,
        655.1978149414062,
        288.3894958496094,
        0.8686959147453308,
        684.1930541992188,
        319.4557800292969,
        0.8220764994621277,
        663.482177734375,
        323.59796142578125,
        0.7959044575691223,
        692.4774169921875,
        362.9486083984375,
        0.8794555068016052,
        663.482177734375,
        369.161865234375,
        0.8588445782661438,
        696.6195678710938,
        404.370361328125,
        0.8756586909294128,
        665.5532836914062,
        412.6546936035156,
        0.8673462867736816
    ],
    "7": [
        504.16143798828125,
        257.6902770996094,
        0.9228657484054565,
        506.14276123046875,
        253.72698974609375,
        0.9044795036315918,
        500.20062255859375,
        253.7275848388672,
        0.9054532051086426,
        508.9510192871094,
        257.7040100097656,
        0.7197253704071045,
        489.39276123046875,
        259.66864013671875,
        0.8873783349990845,
        514.9279174804688,
        280.4169921875,
        0.7989833354949951,
        477.46002197265625,
        281.2491149902344,
        0.7794755697250366,
        524.8748779296875,
        307.0657958984375,
        0.8397529125213623,
        446.22210693359375,
        284.98602294921875,
        0.7411586046218872,
        523.9752807617188,
        331.5338134765625,
        0.8820245265960693,
        417.5369873046875,
        286.13714599609375,
        0.6873104572296143,
        510.986083984375,
        343.42193603515625,
        0.7674033641815186,
        485.420166015625,
        344.2751770019531,
        0.7676889300346375,
        518.9292602539062,
        383.76287841796875,
        0.9189547300338745,
        474.620361328125,
        388.7991027832031,
        0.8852975368499756,
        511.666748046875,
        415.9390563964844,
        0.835930585861206,
        464.3634948730469,
        431.0767517089844,
        0.9208623170852661
    ],