{
    "4": [
        847.0166015625,
        205.03379821777344,
        0.9454945921897888,
        849.0623779296875,
        200.94224548339844,
        0.9575490951538086,
        842.925048828125,
        200.94224548339844,
        0.9452680349349976,
        853.1539306640625,
        202.98802185058594,
        0.9197028875350952,
        834.741943359375,
        202.98802185058594,
        0.9623690247535706,
        863.3828125,
        225.49154663085938,
        0.9033929705619812,
        828.6046142578125,
        221.40000915527344,
        0.8988285064697266,
        865.4285888671875,
        252.0866241455078,
        0.8662864565849304,
        806.10107421875,
        219.35423278808594,
        0.9172583818435669,
        867.474365234375,
        272.54437255859375,
        0.8625629544258118,
        785.6433715820312,
        202.98802185058594,
        0.8786313533782959,
        853.1539306640625,
        284.81903076171875,
        0.8763494491577148,
        830.650390625,
        284.81903076171875,
        0.8498496413230896,
        869.5201416015625,
        321.6429748535156,
        0.9235121607780457,
        824.5130615234375,
        325.7345275878906,
        0.946239709854126,
        863.3828125,
        362.5584716796875,
        0.8917573690414429,
        814.2841796875,
        370.7415771484375,
        0.8674513101577759
    ],
    "18": [
        503.4285888671875,
        253.11767578125,
        0.9644327759742737,
        505.5577087402344,
        248.85943603515625,
        0.9254762530326843,
        499.17034912109375,
        250.98855590820312,
        0.9410483241081238,
        507.68682861328125,
        253.11767578125,
        0.8178439736366272,
        488.5247802734375,
        257.37591552734375,
        0.9466562271118164,
        516.2033081054688,
        278.6670837402344,
        0.8490955829620361,
        475.75006103515625,
        278.6670837402344,
        0.8146331310272217,
        522.5906372070312,
        304.21649169921875,
        0.8794689774513245,
        445.9424133300781,
        272.27972412109375,
        0.8903124928474426,
        520.4615478515625,
        325.5076599121094,
        0.931609570980072,
        416.1347961425781,
        261.6341552734375,
        0.9030207991600037,
        511.945068359375,
        342.5406188964844,
        0.825921893119812,
        484.26654052734375,
        344.6697082519531,
        0.8236738443374634,
        528.97802734375,
        382.99383544921875,
        0.9371832609176636,
        475.75006103515625,
        389.3811950683594,
        0.9200453758239746,
        541.752685546875,
        429.83441162109375,
        0.8811460733413696,
        462.9753723144531,
        431.9635314941406,
        0.8889029622077942
    ],
    "6": [
        681.5899047851562,
        235.1328887939453,
        0.9275016784667969,
        681.5899047851562,
        230.99249267578125,
        0.9397010207176208,
        675.3793334960938,
        233.0626983642578,
        0.913074254989624,
        683.6600952148438,
        235.1328887939453,
        0.7825806140899658,
        665.0283813476562,
        237.2030792236328,
        0.9402934908866882,
        691.9408569335938,
        259.9751892089844,
        0.9343048334121704,
        656.7476196289062,
        264.1155700683594,
        0.8660535216331482,
        696.0812377929688,
        286.8876647949219,
        0.8520781397819519,
        648.4668579101562,
        293.0982360839844,
        0.8804879188537598,
        691.9408569335938,
        282.7472839355469,
        0.8757871389389038,
        665.0283813476562,
        286.8876647949219,
        0.8992906212806702,
        687.8004760742188,
        317.9405517578125,
        0.7792755961418152,
        667.0985717773438,
        320.0107421875,
        0.79277503490448,
        694.0110473632812,
        359.3443908691406,
        0.858683705329895,
        665.0283813476562,
        365.5549621582031,
        0.8309297561645508,
        691.9408569335938,
        402.81842041015625,
        0.9050899744033813,
        665.0283813476562,
        409.02899169921875,
        0.8645898103713989
    ],
    "3": [
        751.81884765625,
        175.8729705810547,
        0.9464799165725708,
        754.60009765625,
        173.0917205810547,
        0.9507192373275757,
        749.03759765625,
        173.0917205810547,
        0.9452796578407288,
        757.38134765625,
        175.8729705810547,
        0.9175376296043396,
        743.47509765625,
        177.2635955810547,
        0.9125908613204956,
        764.3345336914062,
        192.56051635742188,
        0.9263414740562439,
        736.5219116210938,
        193.95114135742188,
        0.8887181282043457,
        767.1157836914062,
        212.02932739257812,
        0.7868822813034058,
        730.9594116210938,
        216.20120239257812,
        0.8600165247917175,
        775.4595336914062,
        205.076171875,
        0.6845402121543884,
        726.7875366210938,
        238.45126342773438,
        0.8813048005104065,
        755.99072265625,
        230.1074981689453,
        0.8153871297836304,
        737.9125366210938,
        230.1074981689453,
        0.8378527760505676,
        767.1157836914062,
        255.13880920410156,
        0.8403343558311462,
        735.1312866210938,
        260.7013244628906,
        0.9085050821304321,
        768.5064086914062,
        285.7326354980469,
        0.8371390104293823,
        733.7406616210938,
        292.685791015625,
        0.8559653162956238
    ],
    "9": [
        1448.0526123046875,
        332.5904235839844,
        0.9677783250808716,
        1450.612548828125,
        330.0304870605469,
        0.9449422955513,
        1450.612548828125,
        327.47052001953125,
        0.8357217907905579,
        1458.2923583984375,
        335.150390625,
        0.9078067541122437,
        1476.2120361328125,
        335.150390625,
        0.8093047142028809,
        1450.612548828125,
        368.4297180175781,
        0.923715353012085,
        1489.01171875,
        363.309814453125,
        0.9292348027229309,
        1453.1724853515625,
        409.388916015625,
        0.9077713489532471,
        1499.2515869140625,
        406.8289489746094,
        0.9205668568611145,
        1455.732421875,
        445.22821044921875,
        0.8920597434043884,
        1486.4517822265625,
        422.18865966796875,
        0.6557216048240662,
        1463.4122314453125,
        442.6682434082031,
        0.7980606555938721,
        1489.01171875,
        442.6682434082031,
        0.7930590510368347,
        1435.2528076171875,
        483.62744140625,
        0.8908622860908508,
        1483.891845703125,
        493.86724853515625,
        0.8959459066390991,
        1445.49267578125,
        542.5062866210938,
        0.8345947861671448,
        1483.891845703125,
        550.1860961914062,
        0.8586345911026001
    ],