{
    "18": [
        510.2020568847656,
        252.7537078857422,
        0.9732043743133545,
        510.2020568847656,
        248.46185302734375,
        0.9160717725753784,
        503.7642822265625,
        250.6077880859375,
        0.9493494629859924,
        514.493896484375,
        252.7537078857422,
        0.8049814105033875,
        493.0346374511719,
        257.0455627441406,
        0.9480592012405396,
        523.07763671875,
        276.3589172363281,
        0.867631196975708,
        482.30499267578125,
        278.50482177734375,
        0.8551929593086243,
        531.6613159179688,
        302.1100158691406,
        0.8528575301170349,
        454.407958984375,
        272.0670471191406,
        0.9091762900352478,
        527.3694458007812,
        323.5693054199219,
        0.8869898915290833,
        424.364990234375,
        259.1914978027344,
        0.8986602425575256,
        518.7857666015625,
        342.88262939453125,
        0.8422741293907166,
        490.8887023925781,
        345.028564453125,
        0.84583580493927,
        533.8072509765625,
        385.8011779785156,
        0.9000220894813538,
        480.1590881347656,
        392.23895263671875,
        0.9129683971405029,
        542.3909301757812,
        430.8656311035156,
        0.9061707258224487,
        462.9916687011719,
        430.8656311035156,
        0.8939144611358643
    ],
    "4": [
        841.54541015625,
        211.76028442382812,
        0.9365465641021729,
        843.5438842773438,
        207.76327514648438,
        0.9424790143966675,
        837.5484008789062,
        207.76327514648438,
        0.9284606575965881,
        847.5408935546875,
        209.76177978515625,
        0.918453574180603,
        831.5528564453125,
        211.76028442382812,
        0.9218263030052185,
        857.5333862304688,
        233.74380493164062,
        0.9199618101119995,
        821.5603637695312,
        229.74679565429688,
        0.9107023477554321,
        863.5289306640625,
        257.725830078125,
        0.8711508512496948,
        801.5753173828125,
        229.74679565429688,
        0.8697913289070129,
        861.5303955078125,
        281.7078552246094,
        0.868906557559967,
        789.5843505859375,
        213.75877380371094,
        0.8143954873085022,
        849.5393676757812,
        291.7003479003906,
        0.840869128704071,
        825.557373046875,
        291.7003479003906,
        0.8197711706161499,
        861.5303955078125,
        327.67340087890625,
        0.8904754519462585,
        817.5633544921875,
        333.6689147949219,
        0.9278188943862915,
        857.5333862304688,
        367.6434326171875,
        0.8808950781822205,
        803.5738525390625,
        375.637451171875,
        0.8742146492004395
    ],
    "6": [
        682.7731323242188,
        234.09625244140625,
        0.9417644143104553,
        682.7731323242188,
        229.95022583007812,
        0.9602551460266113,
        676.5540771484375,
        232.0232391357422,
        0.9221562147140503,
        686.9191284179688,
        232.0232391357422,
        0.8190960884094238,
        668.2620239257812,
        236.1692657470703,
        0.9347651600837708,
        693.13818359375,
        258.9724426269531,
        0.9258897304534912,
        657.89697265625,
        261.0454406738281,
        0.894129753112793,
        697.2842407226562,
        285.921630859375,
        0.8579538464546204,
        651.6779174804688,
        292.1406555175781,
        0.8992796540260315,
        691.065185546875,
        283.8486022949219,
        0.8148935437202454,
        668.2620239257812,
        285.921630859375,
        0.9203486442565918,
        686.9191284179688,
        314.9438171386719,
        0.7950760722160339,
        666.1890258789062,
        317.016845703125,
        0.8095646500587463,
        691.065185546875,
        360.5501403808594,
        0.8835832476615906,
        666.1890258789062,
        364.6961669921875,
        0.8793315887451172,
        691.065185546875,
        404.08343505859375,
        0.9076074361801147,
        666.1890258789062,
        408.2294921875,
        0.8517078757286072
    ],
    "3": [
        749.5076904296875,
        178.0537109375,
        0.9608478546142578,
        750.8712768554688,
        175.32647705078125,
        0.9543846845626831,
        745.4168090820312,
        176.69009399414062,
        0.9561237096786499,
        753.5985107421875,
        178.0537109375,
        0.9164787530899048,
        739.9623413085938,
        179.41732788085938,
        0.910955011844635,
        760.4166259765625,
        194.41714477539062,
        0.9098119735717773,
        733.1442260742188,
        194.41714477539062,
        0.8760232925415039,
        764.5075073242188,
        214.87144470214844,
        0.8488653302192688,
        727.6897583007812,
        217.5986785888672,
        0.8395658135414124,
        771.3256225585938,
        238.052978515625,
        0.6832297444343567,
        724.9625244140625,
        240.78021240234375,
        0.8548536896705627,
        752.2349243164062,
        228.50762939453125,
        0.8106343746185303,
        735.8714599609375,
        229.8712615966797,
        0.8423866033554077,
        764.5075073242188,
        254.41641235351562,
        0.8521841168403625,
        733.1442260742188,
        261.2344970703125,
        0.8798589706420898,
        764.5075073242188,
        283.05242919921875,
        0.8482133150100708,
        733.1442260742188,
        292.5977478027344,
        0.8698956966400146
    ],
    "1": [
        250.72857666015625,
        185.82164001464844,
        0.8984142541885376,
        254.3632049560547,
        182.18701171875,
        0.900867223739624,
        247.0939483642578,
        182.18701171875,
        0.9160894155502319,
        259.8151550292969,
        182.18701171875,
        0.9271611571311951,
        241.6420135498047,
        184.0043182373047,
        0.9687566161155701,
        267.0843811035156,
        200.36013793945312,
        0.9010728001594543,
        236.19007873535156,
        203.99476623535156,
        0.8990777134895325,
        272.53631591796875,
        225.80250549316406,
        0.8514232635498047,
        236.19007873535156,
        234.88906860351562,
        0.8850284814834595,
        276.17095947265625,
        249.4275665283203,
        0.8579686880111694,
        248.91127014160156,
        247.61026000976562,
        0.6636869311332703,
        268.9017028808594,
        254.87950134277344,
        0.8086830377578735,
        248.91127014160156,
        258.5141296386719,
        0.8116819858551025,
        277.9882507324219,
        294.8603820800781,
        0.87569260597229,
        248.91127014160156,
        296.67767333984375,
        0.870356559753418,
        283.440185546875,
        333.02392578125,
        0.885689914226532,
        247.0939483642578,
        333.02392578125,
        0.8606089353561401
    ],