{
    "4": [
        836.5962524414062,
        211.95736694335938,
        0.9584758281707764,
        838.587646484375,
        207.97454833984375,
        0.9474788308143616,
        832.6134033203125,
        207.97454833984375,
        0.923955500125885,
        842.5704345703125,
        209.96595764160156,
        0.9280563592910767,
        824.6477661132812,
        211.95736694335938,
        0.9423390030860901,
        850.5361328125,
        233.86289978027344,
        0.9194157123565674,
        814.690673828125,
        233.86289978027344,
        0.9068546295166016,
        854.5189208984375,
        257.75982666015625,
        0.9143478870391846,
        796.7680053710938,
        255.7684326171875,
        0.9196496605873108,
        852.5275268554688,
        281.6567687988281,
        0.928017258644104,
        808.7164306640625,
        271.69970703125,
        0.8868710398674011,
        840.5790405273438,
        293.6052551269531,
        0.842911422252655,
        816.68212890625,
        293.6052551269531,
        0.8443425893783569,
        854.5189208984375,
        327.4592590332031,
        0.8808771371841431,
        812.6992797851562,
        335.4248962402344,
        0.914874255657196,
        858.5017700195312,
        369.2789001464844,
        0.8976805806159973,
        804.733642578125,
        377.2445373535156,
        0.8820772767066956
    ],
    "6": [
        675.9143676757812,
        236.92889404296875,
        0.9486218690872192,
        680.0380249023438,
        232.80520629882812,
        0.929317831993103,
        671.7906494140625,
        232.80520629882812,
        0.9538552165031433,
        684.1617431640625,
        234.86705017089844,
        0.9308390021324158,
        665.6051635742188,
        236.92889404296875,
        0.9285447597503662,
        692.4090576171875,
        259.609130859375,
        0.9014776945114136,
        657.3577880859375,
        261.67095947265625,
        0.9028245210647583,
        698.5946044921875,
        286.4130554199219,
        0.8744986057281494,
        649.1104125976562,
        288.4748840332031,
        0.9004398584365845,
        688.285400390625,
        288.4748840332031,
        0.939213752746582,
        665.6051635742188,
        288.4748840332031,
        0.9051051735877991,
        684.1617431640625,
        319.4024963378906,
        0.7919633984565735,
        661.4814453125,
        319.4024963378906,
        0.7988528609275818,
        690.3472290039062,
        360.6392822265625,
        0.8758797645568848,
        653.234130859375,
        362.7011413574219,
        0.9176995158195496,
        692.4090576171875,
        401.8760986328125,
        0.8926300406455994,
        644.9867553710938,
        410.1234436035156,
        0.8694621920585632
    ],
    "18": [
        517.804443359375,
        249.85159301757812,
        0.9587997198104858,
        517.804443359375,
        247.6076202392578,
        0.93476802110672,
        513.3165283203125,
        247.6076202392578,
        0.907812774181366,
        522.2924194335938,
        249.85159301757812,
        0.7342096567153931,
        502.0965881347656,
        254.3395538330078,
        0.952834963798523,
        531.268310546875,
        274.5353698730469,
        0.898636519908905,
        488.6327209472656,
        276.77935791015625,
        0.8222460150718689,
        544.7322387695312,
        296.97515869140625,
        0.8518422245979309,
        463.9489440917969,
        279.0233154296875,
        0.8684273362159729,
        538.0003051757812,
        321.658935546875,
        0.8708969950675964,
        441.5091552734375,
        281.2673034667969,
        0.8632084727287292,
        524.536376953125,
        339.61077880859375,
        0.8329106569290161,
        497.608642578125,
        341.8547668457031,
        0.8625942468643188,
        538.0003051757812,
        384.4903869628906,
        0.940133810043335,
        488.6327209472656,
        388.97833251953125,
        0.9429718255996704,
        544.7322387695312,
        431.61395263671875,
        0.8949851393699646,
        481.9007873535156,
        433.8579406738281,
        0.9136912226676941
    ],
    "3": [
        745.7117919921875,
        178.7495574951172,
        0.9402197599411011,
        748.4805908203125,
        175.98077392578125,
        0.9489221572875977,
        742.9429931640625,
        175.98077392578125,
        0.9388269782066345,
        751.2493286132812,
        178.7495574951172,
        0.9261149168014526,
        737.4053955078125,
        180.1339569091797,
        0.9085917472839355,
        756.7869262695312,
        193.97789001464844,
        0.9172183275222778,
        730.4834594726562,
        195.36227416992188,
        0.8873031139373779,
        759.5557250976562,
        216.128173828125,
        0.9113650918006897,
        726.3302612304688,
        217.5125732421875,
        0.8731297850608826,
        767.862060546875,
        239.66285705566406,
        0.767046332359314,
        726.3302612304688,
        238.27847290039062,
        0.8411862254142761,
        748.4805908203125,
        228.58770751953125,
        0.8198292851448059,
        731.8678588867188,
        229.97210693359375,
        0.8259785175323486,
        758.1713256835938,
        257.65997314453125,
        0.8497180938720703,
        733.2522583007812,
        261.8131408691406,
        0.8507252931594849,
        760.9401245117188,
        289.5010070800781,
        0.8700162172317505,
        733.2522583007812,
        292.2698059082031,
        0.8595457673072815
    ],
    "10": [
        345.7030334472656,
        499.1439514160156,
        0.7709489464759827,
        341.85455322265625,
        491.4469909667969,
        0.5719925761222839,
        345.7030334472656,
        491.4469909667969,
        0.7904385924339294,
        307.21826171875,
        499.1439514160156,
        0.918695330619812,
        341.85455322265625,
        499.1439514160156,
        0.9580289721488953,
        284.12738037109375,
        549.1741333007812,
        0.939042866230011,
        361.0969543457031,
        549.1741333007812,
        0.9254246354103088,
        276.430419921875,
        610.7498168945312,
        0.8838769793510437,
        368.79388427734375,
        606.9013061523438,
        0.9434642195701599,
        264.885009765625,
        660.780029296875,
        0.9106932878494263,
        368.79388427734375,
        645.3861083984375,
        0.9454917907714844,
        299.52130126953125,
        660.780029296875,
        0.8143038153648376,
        345.7030334472656,
        660.780029296875,
        0.8040345311164856,
        272.5819396972656,
        722.3556518554688,
        0.8627763390541077,
        334.1575927734375,
        733.9010620117188,
        0.938749372959137,
        291.8243408203125,
        776.2343139648438,
        0.9163956046104431,
        322.6121520996094,
        814.7191162109375,
        0.8874042630195618
    ],