{
    "4": [
        841.77099609375,
        211.96559143066406,
        0.9666357636451721,
        843.7423095703125,
        208.0230255126953,
        0.9542644023895264,
        837.8284301757812,
        208.0230255126953,
        0.9476253986358643,
        847.6848754882812,
        209.9943084716797,
        0.9277294874191284,
        829.9432983398438,
        211.96559143066406,
        0.9575368762016296,
        853.5986938476562,
        233.64974975585938,
        0.9128119349479675,
        820.0868530273438,
        235.62103271484375,
        0.9113702178001404,
        855.5700073242188,
        259.2764892578125,
        0.9064041376113892,
        808.2590942382812,
        261.2477722167969,
        0.874311089515686,
        859.5125732421875,
        280.96063232421875,
        0.9365196228027344,
        816.144287109375,
        282.9319152832031,
        0.8928528428077698,
        847.6848754882812,
        292.7883605957031,
        0.8262578845024109,
        826.000732421875,
        292.7883605957031,
        0.8654672503471375,
        863.4551391601562,
        324.3289489746094,
        0.9483059644699097,
        818.1155395507812,
        330.2427978515625,
        0.921216607093811,
        855.5700073242188,
        367.6972351074219,
        0.8898322582244873,
        806.287841796875,
        375.5823974609375,
        0.8931414484977722
    ],
    "18": [
        506.9474182128906,
        254.20223999023438,
        0.9615256786346436,
        506.9474182128906,
        249.7726593017578,
        0.9438830614089966,
        502.517822265625,
        251.98744201660156,
        0.9643682241439819,
        506.9474182128906,
        251.98744201660156,
        0.7189069986343384,
        489.22906494140625,
        256.41705322265625,
        0.9387345910072327,
        518.0213623046875,
        276.3501892089844,
        0.868872880935669,
        475.9402770996094,
        280.77978515625,
        0.8776540160179138,
        531.3101806640625,
        300.71295166015625,
        0.8391910791397095,
        460.43670654296875,
        307.3573303222656,
        0.9297477006912231,
        520.2362060546875,
        314.001708984375,
        0.9589636921882629,
        478.1550598144531,
        325.07568359375,
        0.9370840191841125,
        511.37701416015625,
        338.3644714355469,
        0.8292673230171204,
        484.7994689941406,
        340.5792541503906,
        0.8221140503883362,
        524.665771484375,
        387.0899658203125,
        0.92259281873703,
        480.369873046875,
        393.7343444824219,
        0.8875972628593445,
        531.3101806640625,
        431.3858642578125,
        0.891563355922699,
        475.9402770996094,
        442.4598693847656,
        0.8782109022140503
    ],
    "3": [
        747.4940185546875,
        178.56784057617188,
        0.9537141919136047,
        748.8689575195312,
        175.81800842285156,
        0.9395791888237,
        744.7442016601562,
        177.1929168701172,
        0.9426429867744446,
        752.9937133789062,
        178.56784057617188,
        0.9018023014068604,
        737.8695678710938,
        179.94276428222656,
        0.9009801745414734,
        758.4933471679688,
        195.06686401367188,
        0.9168042540550232,
        732.3699340820312,
        195.06686401367188,
        0.8952006101608276,
        759.8682861328125,
        217.06556701660156,
        0.8833957314491272,
        726.8702392578125,
        218.4404754638672,
        0.9061715602874756,
        763.9930419921875,
        236.31442260742188,
        0.8853269815444946,
        729.6200561523438,
        237.68934631347656,
        0.882051944732666,
        751.6187744140625,
        232.18966674804688,
        0.8287991881370544,
        733.7448120117188,
        232.18966674804688,
        0.7837970852851868,
        759.8682861328125,
        259.68804931640625,
        0.8670138716697693,
        735.1197509765625,
        261.0629577636719,
        0.8562409281730652,
        759.8682861328125,
        289.9362487792969,
        0.8708847761154175,
        733.7448120117188,
        292.68609619140625,
        0.8522436022758484
    ],
    "6": [
        670.9974975585938,
        241.1420135498047,
        0.9323170781135559,
        673.030517578125,
        237.0759735107422,
        0.9366875886917114,
        666.9314575195312,
        237.0759735107422,
        0.9370440244674683,
        673.030517578125,
        239.10899353027344,
        0.7312930226325989,
        654.7333984375,
        241.1420135498047,
        0.9302818775177002,
        675.0635375976562,
        263.50518798828125,
        0.9444754719734192,
        642.5352783203125,
        267.57122802734375,
        0.8938518166542053,
        685.2286376953125,
        287.9013977050781,
        0.8891847133636475,
        626.2711181640625,
        296.0334777832031,
        0.8840625286102295,
        699.4597778320312,
        283.83538818359375,
        0.8780328631401062,
        640.5022583007812,
        294.0004577636719,
        0.8898237347602844,
        673.030517578125,
        322.46270751953125,
        0.8748643398284912,
        650.6673583984375,
        324.4957275390625,
        0.822831928730011,
        691.3276977539062,
        359.0570068359375,
        0.8691697120666504,
        640.5022583007812,
        369.22210693359375,
        0.8780657052993774,
        699.4597778320312,
        395.6513366699219,
        0.8845275044441223,
        632.3701782226562,
        411.91546630859375,
        0.8654415607452393
    ],
    "9": [
        1334.3558349609375,
        315.5035095214844,
        0.9198790192604065,
        1336.6929931640625,
        310.8292236328125,
        0.9476969242095947,
        1336.6929931640625,
        310.8292236328125,
        0.8319410085678101,
        1343.7044677734375,
        317.84063720703125,
        0.9234858751296997,
        1360.064453125,
        315.5035095214844,
        0.8303520083427429,
        1341.3673095703125,
        348.2235412597656,
        0.9367967247962952,
        1374.0872802734375,
        341.21209716796875,
        0.9028594493865967,
        1327.3443603515625,
        385.61785888671875,
        0.8990032076835632,
        1388.1102294921875,
        373.93212890625,
        0.9316033124923706,
        1308.647216796875,
        408.98931884765625,
        0.9577744007110596,
        1397.458740234375,
        401.9778747558594,
        0.9428178668022156,
        1355.39013671875,
        413.6636047363281,
        0.8335750102996826,
        1376.4244384765625,
        411.32647705078125,
        0.8495775461196899,
        1369.4129638671875,
        460.4065246582031,
        0.7951009273529053,
        1343.7044677734375,
        451.0579528808594,
        0.7853344678878784,
        1404.47021484375,
        514.160888671875,
        0.829258918762207,
        1325.0072021484375,
        493.1265563964844,
        0.8840755224227905
    ],