{
    "3": [
        752.4735717773438,
        178.38743591308594,
        0.9374863505363464,
        755.2769775390625,
        175.583984375,
        0.942796528339386,
        749.6701049804688,
        176.9857177734375,
        0.9540711641311646,
        759.482177734375,
        178.38743591308594,
        0.9224267601966858,
        746.8666381835938,
        179.78916931152344,
        0.9193626642227173,
        770.6959838867188,
        193.80642700195312,
        0.9046842455863953,
        742.6614379882812,
        195.20814514160156,
        0.9396011829376221,
        781.9097900390625,
        212.0288543701172,
        0.9062961339950562,
        738.456298828125,
        213.4305877685547,
        0.8910201191902161,
        776.3028564453125,
        230.2512969970703,
        0.8512110710144043,
        737.0545654296875,
        230.2512969970703,
        0.8537391424179077,
        769.2942504882812,
        233.05474853515625,
        0.8085349798202515,
        751.0718383789062,
        233.05474853515625,
        0.8176987767219543,
        783.3115234375,
        259.6875305175781,
        0.8527383804321289,
        745.4649047851562,
        262.4909973144531,
        0.8927563428878784,
        795.9270629882812,
        284.9186096191406,
        0.8930461406707764,
        735.65283203125,
        291.9272155761719,
        0.8724333643913269
    ],
    "1": [
        291.73883056640625,
        199.2591094970703,
        0.9364259243011475,
        293.55267333984375,
        195.63140869140625,
        0.9431881904602051,
        286.2972717285156,
        195.63140869140625,
        0.9348419904708862,
        297.1803894042969,
        197.4452667236328,
        0.9297794103622437,
        279.0418395996094,
        197.4452667236328,
        0.9438390731811523,
        300.80810546875,
        219.2115020751953,
        0.8970416188240051,
        264.5310363769531,
        217.3976593017578,
        0.8663715720176697,
        309.8773498535156,
        242.79159545898438,
        0.8988717794418335,
        251.83404541015625,
        242.79159545898438,
        0.8729037642478943,
        318.9466247558594,
        264.5578308105469,
        0.9103342294692993,
        253.6479034423828,
        268.185546875,
        0.9247085452079773,
        288.1111145019531,
        268.185546875,
        0.8435434103012085,
        264.5310363769531,
        268.185546875,
        0.7819426655769348,
        308.0635070800781,
        300.8349304199219,
        0.8486323952674866,
        250.02020263671875,
        308.09033203125,
        0.871631383895874,
        317.1327819824219,
        340.73968505859375,
        0.8523058891296387,
        231.8816680908203,
        349.8089599609375,
        0.8525090217590332
    ],
    "6": [
        660.8143310546875,
        270.96087646484375,
        0.8916885256767273,
        664.2041625976562,
        267.5710144042969,
        0.9149254560470581,
        657.4244995117188,
        267.5710144042969,
        0.9454987645149231,
        672.6788330078125,
        267.5710144042969,
        0.9252904057502747,
        654.0346069335938,
        269.26593017578125,
        0.8904592394828796,
        684.5433349609375,
        284.5202941894531,
        0.9288865327835083,
        648.9498291015625,
        289.6050720214844,
        0.8939332962036133,
        691.322998046875,
        308.249267578125,
        0.8823364973068237,
        638.7802734375,
        313.33404541015625,
        0.8869937658309937,
        693.0179443359375,
        320.11376953125,
        0.8606818914413452,
        635.3904418945312,
        337.0630187988281,
        0.9075150489807129,
        687.9331665039062,
        342.1478271484375,
        0.79559725522995,
        662.50927734375,
        343.8427429199219,
        0.8095096349716187,
        716.7469482421875,
        369.26666259765625,
        0.8624516725540161,
        652.3397216796875,
        376.0463562011719,
        0.8706038594245911,
        733.6962280273438,
        399.77532958984375,
        0.8690998554229736,
        648.9498291015625,
        408.2499694824219,
        0.8761047124862671
    ],
    "18": [
        448.34759521484375,
        256.19183349609375,
        0.9127938747406006,
        452.9273376464844,
        251.6121063232422,
        0.9252944588661194,
        443.76788330078125,
        251.6121063232422,
        0.9343650937080383,
        457.507080078125,
        253.90196228027344,
        0.9016554951667786,
        434.6083984375,
        253.90196228027344,
        0.8935558199882507,
        466.66656494140625,
        276.8006591796875,
        0.8788308501243591,
        427.7388000488281,
        279.09051513671875,
        0.9191935062408447,
        482.6956481933594,
        301.98919677734375,
        0.9308326244354248,
        425.44891357421875,
        306.5689392089844,
        0.835957944393158,
        471.2463073730469,
        283.6702575683594,
        0.8369866013526917,
        446.0577392578125,
        283.6702575683594,
        0.8060460686683655,
        464.3766784667969,
        343.20684814453125,
        0.8318372368812561,
        439.1881408691406,
        345.4967041015625,
        0.8175678849220276,
        480.40576171875,
        393.5839538574219,
        0.9146519899368286,
        439.1881408691406,
        400.45355224609375,
        0.8768371939659119,
        471.2463073730469,
        427.9319763183594,
        0.9066601395606995,
        450.6374816894531,
        446.2509460449219,
        0.8787636160850525
    ],
    "10": [
        275.89599609375,
        397.0600280761719,
        0.9231593608856201,
        273.2667236328125,
        391.8014831542969,
        0.777625322341919,
        273.2667236328125,
        391.8014831542969,
        0.9145560264587402,
        246.9739532470703,
        399.6893005371094,
        0.8565047383308411,
        268.0081481933594,
        397.0600280761719,
        0.9403955340385437,
        231.1982879638672,
        428.6113586425781,
        0.8845040202140808,
        281.154541015625,
        433.8699035644531,
        0.908737301826477,
        212.79335021972656,
        462.79193115234375,
        0.7685333490371704,
        302.1887512207031,
        478.5675964355469,
        0.8982271552085876,
        218.05191040039062,
        518.0067138671875,
        0.6257365345954895,
        315.33514404296875,
        510.118896484375,
        0.9246392846107483,
        225.9397430419922,
        515.37744140625,
        0.8077383041381836,
        257.4910583496094,
        518.0067138671875,
        0.7637317776679993,
        241.71539306640625,
        560.0751342773438,
        0.8938020467758179,
        278.5252685546875,
        562.7044067382812,
        0.8939297199249268,
        225.9397430419922,
        617.9192504882812,
        0.836569607257843,
        231.1982879638672,
        591.62646484375,
        0.8858493566513062
    ],