{
    "3": [
        754.7210083007812,
        176.19923400878906,
        0.9300839304924011,
        757.3486938476562,
        173.5715789794922,
        0.9277604222297668,
        752.0933837890625,
        174.88540649414062,
        0.9233694672584534,
        762.60400390625,
        176.19923400878906,
        0.9241010546684265,
        748.15185546875,
        177.5130615234375,
        0.9251063466072083,
        771.80078125,
        191.96519470214844,
        0.9229864478111267,
        745.5242309570312,
        193.27902221679688,
        0.8960414528846741,
        779.6837768554688,
        210.3588104248047,
        0.8777878880500793,
        744.2103881835938,
        211.67263793945312,
        0.8973875641822815,
        777.05615234375,
        227.4385986328125,
        0.9271135330200195,
        744.2103881835938,
        230.06626892089844,
        0.8419877290725708,
        770.4869995117188,
        224.81094360351562,
        0.8393373489379883,
        753.4071655273438,
        227.4385986328125,
        0.8119110465049744,
        780.9976196289062,
        252.40138244628906,
        0.8400781750679016,
        750.779541015625,
        255.02903747558594,
        0.8642367720603943,
        794.1359252929688,
        282.6194763183594,
        0.8840258121490479,
        752.0933837890625,
        282.6194763183594,
        0.8786153197288513
    ],
    "18": [
        410.3072204589844,
        301.9015197753906,
        0.9212087988853455,
        414.2750244140625,
        297.9337463378906,
        0.9448893070220947,
        404.35552978515625,
        297.9337463378906,
        0.9372774958610535,
        420.2266845703125,
        301.9015197753906,
        0.9365842342376709,
        398.40386962890625,
        301.9015197753906,
        0.9020932912826538,
        426.1783752441406,
        319.756591796875,
        0.8377045392990112,
        390.46826171875,
        319.756591796875,
        0.8538209795951843,
        448.001220703125,
        315.7887878417969,
        0.9160088896751404,
        364.6776428222656,
        305.86932373046875,
        0.9351680874824524,
        446.017333984375,
        345.5472106933594,
        0.8910232186317444,
        356.7420654296875,
        333.64385986328125,
        0.8458555340766907,
        424.1944885253906,
        371.3378601074219,
        0.8134137392044067,
        398.40386962890625,
        373.3217468261719,
        0.8064377307891846,
        436.0978698730469,
        405.0640563964844,
        0.9291862845420837,
        398.40386962890625,
        411.0157470703125,
        0.8666117191314697,
        426.1783752441406,
        442.7580871582031,
        0.8493908643722534,
        398.40386962890625,
        454.66143798828125,
        0.8526808619499207
    ],
    "1": [
        243.56362915039062,
        211.4762725830078,
        0.9330196976661682,
        245.24227905273438,
        208.1189727783203,
        0.9299646019935608,
        238.52767944335938,
        209.79762268066406,
        0.946462869644165,
        248.59957885742188,
        209.79762268066406,
        0.8811810612678528,
        231.81307983398438,
        213.15492248535156,
        0.9490911364555359,
        258.6714782714844,
        229.94140625,
        0.8902975916862488,
        223.4198455810547,
        233.2987060546875,
        0.8622646331787109,
        268.74334716796875,
        256.7997741699219,
        0.8813619017601013,
        211.66929626464844,
        260.1570739746094,
        0.8699642419815063,
        273.779296875,
        276.9435729980469,
        0.8403716087341309,
        208.31201171875,
        287.0154724121094,
        0.9138285517692566,
        251.9568634033203,
        278.6222229003906,
        0.8239456415176392,
        226.7771453857422,
        280.3008728027344,
        0.809515655040741,
        278.81524658203125,
        302.123291015625,
        0.8496525287628174,
        208.31201171875,
        312.1951904296875,
        0.8166490793228149,
        280.493896484375,
        339.0535583496094,
        0.8697726130485535,
        188.16822814941406,
        352.4827575683594,
        0.8393056988716125
    ],
    "6": [
        548.8496704101562,
        269.9870300292969,
        0.9258810877799988,
        552.7864379882812,
        266.0502624511719,
        0.9232771396636963,
        546.8812255859375,
        266.0502624511719,
        0.8863428831100464,
        560.6599731445312,
        269.9870300292969,
        0.9215666651725769,
        542.9444580078125,
        269.9870300292969,
        0.8723389506340027,
        572.4703369140625,
        289.67095947265625,
        0.8219354152679443,
        539.0076904296875,
        293.60772705078125,
        0.9313259720802307,
        588.2174682617188,
        297.5445251464844,
        0.6482049822807312,
        523.2605590820312,
        313.2916564941406,
        0.8885529041290283,
        601.9962158203125,
        315.2600402832031,
        0.8867231011390686,
        507.513427734375,
        338.8807373046875,
        0.879342257976532,
        570.501953125,
        352.65948486328125,
        0.8135669231414795,
        548.8496704101562,
        350.6910705566406,
        0.8765650391578674,
        542.9444580078125,
        390.05889892578125,
        0.8455366492271423,
        537.039306640625,
        392.02728271484375,
        0.7969035506248474,
        535.0709228515625,
        435.3319091796875,
        0.8915839195251465,
        560.6599731445312,
        405.8060302734375,
        0.922596275806427
    ],
    "23": [
        912.1400756835938,
        272.4408264160156,
        0.9319279193878174,
        916.2929077148438,
        270.3643798828125,
        0.9384671449661255,
        912.1400756835938,
        268.2879638671875,
        0.9184487462043762,
        926.675048828125,
        276.5936584472656,
        0.9469200968742371,
        914.2164916992188,
        274.5172424316406,
        0.5803958177566528,
        934.980712890625,
        297.35791015625,
        0.8832852840423584,
        912.1400756835938,
        297.35791015625,
        0.9102728962898254,
        947.4392700195312,
        328.5042419433594,
        0.9075472354888916,
        916.2929077148438,
        326.4278259277344,
        0.7895897030830383,
        922.5221557617188,
        340.9627990722656,
        0.8658317923545837,
        912.1400756835938,
        343.0392150878906,
        0.8291363716125488,
        943.2864379882812,
        359.6506042480469,
        0.7809856534004211,
        922.5221557617188,
        361.7270202636719,
        0.8293700814247131,
        953.6685180664062,
        405.3319396972656,
        0.8803292512893677,
        912.1400756835938,
        407.4083557128906,
        0.8662179112434387,
        980.6620483398438,
        440.6311340332031,
        0.9078015685081482,
        914.2164916992188,
        448.93682861328125,
        0.8842265605926514
    ],