{
    "1": [
        226.37875366210938,
        220.812255859375,
        0.9327956438064575,
        229.60243225097656,
        217.5885772705078,
        0.9410122632980347,
        221.54324340820312,
        219.20040893554688,
        0.9425350427627563,
        232.82611083984375,
        220.812255859375,
        0.9380044341087341,
        215.09588623046875,
        222.42408752441406,
        0.93886798620224,
        244.10897827148438,
        241.7661590576172,
        0.907386064529419,
        207.0366973876953,
        243.37799072265625,
        0.8534096479415894,
        253.78001403808594,
        267.5555725097656,
        0.8922005295753479,
        198.9774932861328,
        270.7792663574219,
        0.8422924876213074,
        261.8392028808594,
        291.733154296875,
        0.8646302223205566,
        192.5301513671875,
        293.3450012207031,
        0.8477317690849304,
        236.04978942871094,
        282.0621337890625,
        0.8355579972267151,
        211.87220764160156,
        283.6739501953125,
        0.8201915621757507,
        266.6747131347656,
        299.7923583984375,
        0.8278199434280396,
        195.7538299560547,
        311.0752258300781,
        0.8622081875801086,
        279.5694274902344,
        341.7001647949219,
        0.8635651469230652,
        187.6946258544922,
        354.5948486328125,
        0.8638373613357544
    ],
    "3": [
        744.8139038085938,
        177.86419677734375,
        0.958685576915741,
        747.3672485351562,
        175.31082153320312,
        0.9525676369667053,
        742.2605590820312,
        175.31082153320312,
        0.9624096751213074,
        752.4739990234375,
        177.86419677734375,
        0.9208250641822815,
        738.4304809570312,
        179.140869140625,
        0.9369049668312073,
        761.4107666015625,
        191.90768432617188,
        0.8705275058746338,
        735.8771362304688,
        193.1843719482422,
        0.8960556387901306,
        767.794189453125,
        213.61126708984375,
        0.8608678579330444,
        734.6004638671875,
        212.33457946777344,
        0.8930720090866089,
        760.1340942382812,
        227.65475463867188,
        0.8772951364517212,
        735.8771362304688,
        227.65475463867188,
        0.8827900886535645,
        760.1340942382812,
        226.37808227539062,
        0.7413956522941589,
        743.5372314453125,
        225.1013946533203,
        0.8074596524238586,
        765.2407836914062,
        250.63502502441406,
        0.8103474378585815,
        725.6636962890625,
        248.0816650390625,
        0.8678490519523621,
        766.5175170898438,
        281.2753601074219,
        0.8574962615966797,
        721.8336791992188,
        277.4453430175781,
        0.8497524261474609
    ],
    "6": [
        496.5025329589844,
        236.08914184570312,
        0.9186885356903076,
        501.5622253417969,
        233.55929565429688,
        0.8620692491531372,
        491.4428405761719,
        233.55929565429688,
        0.9187507033348083,
        509.1517639160156,
        238.61898803710938,
        0.8734638690948486,
        486.3831481933594,
        238.61898803710938,
        1.0113401412963867,
        511.6816101074219,
        261.3876037597656,
        0.8978357315063477,
        481.3234558105469,
        261.3876037597656,
        0.865140438079834,
        514.2114868164062,
        238.61898803710938,
        0.8338082432746887,
        471.2040710449219,
        238.61898803710938,
        0.875621497631073,
        506.6219177246094,
        208.2608184814453,
        0.8730315566062927,
        468.6742248535156,
        213.3205108642578,
        0.7991541624069214,
        509.1517639160156,
        327.16363525390625,
        0.8337965607643127,
        483.8533020019531,
        327.16363525390625,
        0.8527556657791138,
        519.2711791992188,
        385.3501281738281,
        0.8434680700302124,
        478.7936096191406,
        382.8202819824219,
        0.8713159561157227,
        521.801025390625,
        435.9470520019531,
        0.8183081746101379,
        476.2637634277344,
        428.3575134277344,
        0.8453027009963989
    ],
    "23": [
        909.9708862304688,
        270.1846008300781,
        0.9453244805335999,
        914.0404663085938,
        268.1498107910156,
        0.9459453225135803,
        912.0056762695312,
        266.11505126953125,
        0.8752046823501587,
        924.21435546875,
        272.2193603515625,
        0.9125187397003174,
        922.1795654296875,
        272.2193603515625,
        0.6724138259887695,
        926.2490844726562,
        292.5671691894531,
        0.8891313672065735,
        924.21435546875,
        292.5671691894531,
        0.7175617218017578,
        936.4229736328125,
        323.0888366699219,
        0.934390664100647,
        932.3534545898438,
        325.1236267089844,
        0.7727236151695251,
        912.0056762695312,
        335.2975158691406,
        0.9173170328140259,
        918.1099853515625,
        337.332275390625,
        0.7005780935287476,
        946.596923828125,
        353.6105041503906,
        0.7838147878646851,
        934.3882446289062,
        355.6452941894531,
        0.8099682927131653,
        950.6664428710938,
        398.3756408691406,
        0.8824633955955505,
        928.2838745117188,
        396.34088134765625,
        0.8692982792854309,
        977.1185913085938,
        437.03643798828125,
        0.8924885988235474,
        940.4925537109375,
        432.9668884277344,
        0.9085267186164856
    ],
    "4": [
        816.4830322265625,
        200.70523071289062,
        0.9348932504653931,
        819.3674926757812,
        197.82077026367188,
        0.9505326151847839,
        815.0408325195312,
        197.82077026367188,
        0.9701025485992432,
        826.57861328125,
        200.70523071289062,
        0.9229240417480469,
        812.1563720703125,
        200.70523071289062,
        0.8838289976119995,
        836.6741943359375,
        216.5697021484375,
        0.8766830563545227,
        807.8296508789062,
        215.12747192382812,
        0.8917431235313416,
        851.096435546875,
        233.87640380859375,
        0.8092923164367676,
        796.2918701171875,
        235.31863403320312,
        0.7925944924354553,
        849.6542358398438,
        246.85643005371094,
        0.4703323245048523,
        791.9652099609375,
        254.06756591796875,
        0.8587614297866821,
        843.8853149414062,
        255.50978088378906,
        0.806248664855957,
        822.251953125,
        258.39422607421875,
        0.8287732005119324,
        856.8653564453125,
        281.4698486328125,
        0.8195818662643433,
        807.8296508789062,
        282.91204833984375,
        0.901758074760437,
        875.6142578125,
        316.083251953125,
        0.794596254825592,
        819.3674926757812,
        314.6410217285156,
        0.9049844741821289
    ],