{
    "1": [
        225.8307342529297,
        218.94094848632812,
        0.9292445778846741,
        229.099853515625,
        215.6718292236328,
        0.9473456144332886,
        222.56163024902344,
        215.6718292236328,
        0.946143388748169,
        232.36895751953125,
        217.306396484375,
        0.905109167098999,
        214.3888397216797,
        218.94094848632812,
        0.9389395713806152,
        242.17630004882812,
        238.55563354492188,
        0.8968023061752319,
        206.216064453125,
        240.190185546875,
        0.8658265471458435,
        251.983642578125,
        264.7085266113281,
        0.865237832069397,
        196.40872192382812,
        267.9776306152344,
        0.8014242649078369,
        260.15643310546875,
        289.22686767578125,
        0.8863996267318726,
        193.1396026611328,
        290.8614196777344,
        0.854282796382904,
        234.00352478027344,
        279.4195251464844,
        0.8447853922843933,
        209.48516845703125,
        282.68865966796875,
        0.7764383554458618,
        265.0600891113281,
        299.0342102050781,
        0.8633207678794861,
        194.774169921875,
        312.11065673828125,
        0.8621252179145813,
        279.7710876464844,
        341.5326843261719,
        0.8459263443946838,
        188.23593139648438,
        354.609130859375,
        0.8600777983665466
    ],
    "3": [
        741.4783325195312,
        178.87039184570312,
        0.9318376183509827,
        744.072265625,
        174.97950744628906,
        0.9394544959068298,
        738.8843994140625,
        176.27647399902344,
        0.9391645789146423,
        749.2601318359375,
        177.5734405517578,
        0.93331378698349,
        736.29052734375,
        178.87039184570312,
        0.9037956595420837,
        758.3388671875,
        193.1370086669922,
        0.8746507167816162,
        732.3995971679688,
        193.1370086669922,
        0.9187708497047424,
        763.5267333984375,
        215.18539428710938,
        0.8749374747276306,
        732.3995971679688,
        212.59146118164062,
        0.8901240825653076,
        751.8540649414062,
        228.155029296875,
        0.8047613501548767,
        734.9935302734375,
        226.85806274414062,
        0.840595006942749,
        757.0419311523438,
        225.56109619140625,
        0.80620276927948,
        737.5874633789062,
        226.85806274414062,
        0.8108760714530945,
        771.3085327148438,
        247.6094970703125,
        0.8590849041938782,
        722.0238647460938,
        254.0943145751953,
        0.856141984462738,
        770.0115356445312,
        278.73663330078125,
        0.8266184329986572,
        709.0542602539062,
        281.33056640625,
        0.8462183475494385
    ],
    "4": [
        812.9089965820312,
        194.705322265625,
        0.9351652264595032,
        815.8458251953125,
        191.7684783935547,
        0.9227997660636902,
        811.4405517578125,
        191.7684783935547,
        0.9275891780853271,
        823.1879272460938,
        194.705322265625,
        0.8990563154220581,
        808.5037231445312,
        194.705322265625,
        0.9052313566207886,
        831.9984741210938,
        210.85797119140625,
        0.8484996557235718,
        804.0984497070312,
        209.38954162597656,
        0.8782520294189453,
        848.151123046875,
        227.01060485839844,
        0.803787350654602,
        798.2247924804688,
        227.01060485839844,
        0.8306661248207092,
        842.2774658203125,
        240.22640991210938,
        0.6883373856544495,
        798.2247924804688,
        246.10009765625,
        0.829735517501831,
        840.8090209960938,
        250.50535583496094,
        0.79535973072052,
        820.2510986328125,
        251.97378540039062,
        0.8430541753768921,
        852.556396484375,
        279.8738098144531,
        0.8984788060188293,
        802.6300659179688,
        275.4685363769531,
        0.8998416662216187,
        876.0511474609375,
        306.3053894042969,
        0.8220400214195251,
        811.4405517578125,
        306.3053894042969,
        0.9027029871940613
    ],
    "23": [
        906.055908203125,
        270.1588439941406,
        0.9250361323356628,
        910.1015625,
        268.1360168457031,
        0.9183996915817261,
        908.0787353515625,
        268.1360168457031,
        0.9223598837852478,
        920.2156982421875,
        274.2044677734375,
        0.9166245460510254,
        920.2156982421875,
        272.181640625,
        0.7402173280715942,
        924.2613525390625,
        292.4098815917969,
        0.8973058462142944,
        924.2613525390625,
        292.4098815917969,
        0.7379729151725769,
        934.3754272460938,
        322.752197265625,
        0.9223113059997559,
        928.3069458007812,
        324.7750244140625,
        0.8499231338500977,
        910.1015625,
        334.8891296386719,
        0.8853648900985718,
        912.1243896484375,
        338.93475341796875,
        0.7129347324371338,
        944.4895629882812,
        353.0945129394531,
        0.7980315685272217,
        934.3754272460938,
        355.1173400878906,
        0.8198710083961487,
        940.4439086914062,
        399.6194152832031,
        0.9254176020622253,
        922.238525390625,
        399.6194152832031,
        0.8852647542953491,
        970.7862548828125,
        434.0073547363281,
        0.8738691806793213,
        940.4439086914062,
        434.0073547363281,
        0.8770605325698853
    ],
    "11": [
        715.2688598632812,
        329.7330627441406,
        0.9394007325172424,
        717.2716674804688,
        325.7275085449219,
        0.9405440092086792,
        717.2716674804688,
        325.7275085449219,
        0.7902045249938965,
        725.2827758789062,
        329.7330627441406,
        0.9147558212280273,
        735.2966918945312,
        327.73028564453125,
        0.7101302742958069,
        735.2966918945312,
        355.76922607421875,
        0.8070539832115173,
        747.3133544921875,
        347.7580871582031,
        0.8291813135147095,
        721.2772216796875,
        395.8248291015625,
        0.8482977151870728,
        739.30224609375,
        383.8081359863281,
        0.5947047472000122,
        701.2493896484375,
        401.8331604003906,
        0.9433884620666504,
        713.26611328125,
        393.8220520019531,
        0.8245143890380859,
        771.3467407226562,
        409.84429931640625,
        0.6846065521240234,
        787.3689575195312,
        401.8331604003906,
        0.7419321537017822,
        731.2911376953125,
        439.8860168457031,
        0.892536997795105,
        765.33837890625,
        423.86376953125,
        0.8271399140357971,
        741.3050537109375,
        493.9610900878906,
        0.8925923109054565,
        785.3662109375,
        469.927734375,
        0.8658531904220581
    ],