{
    "1": [
        231.08438110351562,
        216.02867126464844,
        0.949257493019104,
        232.74050903320312,
        212.71641540527344,
        0.9415560364723206,
        226.11599731445312,
        212.71641540527344,
        0.955983579158783,
        237.7089080810547,
        214.37254333496094,
        0.9025189280509949,
        219.49147033691406,
        216.02867126464844,
        0.9157025814056396,
        245.9895477294922,
        235.90223693847656,
        0.9035681486129761,
        209.55470275878906,
        237.55836486816406,
        0.8943741917610168,
        252.61407470703125,
        262.4002990722656,
        0.8948071599006653,
        206.242431640625,
        267.36871337890625,
        0.8553892374038696,
        257.58245849609375,
        285.58612060546875,
        0.9371981024742126,
        206.242431640625,
        292.2106628417969,
        0.8648350834846497,
        237.7089080810547,
        278.96160888671875,
        0.8497412800788879,
        212.86695861816406,
        278.96160888671875,
        0.8172078132629395,
        267.5192565917969,
        300.4913024902344,
        0.8419419527053833,
        197.9617919921875,
        308.7719421386719,
        0.8871520757675171,
        280.7682800292969,
        341.89453125,
        0.8559489846229553,
        188.02500915527344,
        353.4874572753906,
        0.8865835070610046
    ],
    "3": [
        739.6524658203125,
        185.9477996826172,
        0.9359801411628723,
        742.2866821289062,
        183.3135986328125,
        0.9406963586807251,
        737.0182495117188,
        183.3135986328125,
        0.9314693212509155,
        747.5551147460938,
        185.9477996826172,
        0.9503013491630554,
        734.384033203125,
        187.26490783691406,
        0.9047659635543823,
        755.457763671875,
        201.75306701660156,
        0.9287634491920471,
        730.4327392578125,
        201.75306701660156,
        0.9209554195404053,
        756.7748413085938,
        224.14385986328125,
        0.8579829335212708,
        729.1156616210938,
        221.50965881347656,
        0.8473715782165527,
        740.9696044921875,
        230.72940063476562,
        0.7463765740394592,
        735.701171875,
        232.04649353027344,
        0.7436957955360413,
        754.140625,
        233.3636016845703,
        0.8098357319831848,
        734.384033203125,
        233.3636016845703,
        0.8399046659469604,
        772.5801391601562,
        253.1201934814453,
        0.8037091493606567,
        717.2616577148438,
        253.1201934814453,
        0.8625813126564026,
        792.3367309570312,
        276.8280944824219,
        0.8338232040405273,
        708.0419311523438,
        282.0965270996094,
        0.8940671682357788
    ],
    "23": [
        904.2039184570312,
        269.0357971191406,
        0.8859958648681641,
        908.269775390625,
        267.0028991699219,
        0.9015982151031494,
        906.23681640625,
        267.0028991699219,
        0.8383417725563049,
        916.4014282226562,
        271.0687255859375,
        0.9550891518592834,
        920.4672241210938,
        271.0687255859375,
        0.733494222164154,
        918.434326171875,
        291.39788818359375,
        0.9245532751083374,
        928.5989379882812,
        289.364990234375,
        0.7965291142463684,
        926.5659790039062,
        319.8587341308594,
        0.9395038485527039,
        930.6318359375,
        323.924560546875,
        0.7603150010108948,
        908.269775390625,
        338.1549987792969,
        0.9124081134796143,
        912.3355712890625,
        338.1549987792969,
        0.8584186434745789,
        940.7964477539062,
        348.319580078125,
        0.8014452457427979,
        944.8622436523438,
        346.2866516113281,
        0.6658523678779602,
        932.6647338867188,
        397.1095886230469,
        0.8419416546821594,
        934.6976928710938,
        395.07666015625,
        0.8185927271842957,
        946.8952026367188,
        443.8666687011719,
        0.8864964842796326,
        936.7305908203125,
        435.7350158691406,
        0.7511723041534424
    ],
    "6": [
        484.37432861328125,
        176.3257293701172,
        1.037550449371338,
        489.2696228027344,
        171.430419921875,
        0.9639277458190918,
        479.47900390625,
        171.430419921875,
        0.9359098076820374,
        494.1649475097656,
        173.87808227539062,
        0.7865108847618103,
        472.13604736328125,
        176.3257293701172,
        0.8541455864906311,
        499.06024169921875,
        198.35464477539062,
        0.8578636050224304,
        469.6883850097656,
        198.35464477539062,
        0.916090190410614,
        494.1649475097656,
        176.3257293701172,
        0.6175832152366638,
        462.34539794921875,
        181.22105407714844,
        0.7900032997131348,
        491.71728515625,
        151.8491668701172,
        0.7716068625450134,
        464.7930603027344,
        156.74449157714844,
        0.72800612449646,
        496.61260986328125,
        266.8890075683594,
        0.8088808655738831,
        472.13604736328125,
        266.8890075683594,
        0.8041513562202454,
        499.06024169921875,
        323.18511962890625,
        0.8698928952217102,
        474.58367919921875,
        325.6327819824219,
        0.8716508746147156,
        499.06024169921875,
        374.5859069824219,
        0.7543958425521851,
        481.9266662597656,
        374.5859069824219,
        0.7546202540397644
    ],
    "11": [
        714.7386474609375,
        330.0068664550781,
        0.936616063117981,
        716.74072265625,
        326.0028381347656,
        0.9447160959243774,
        716.74072265625,
        326.0028381347656,
        0.7905433773994446,
        724.748779296875,
        330.0068664550781,
        0.9348337054252625,
        734.7587890625,
        328.0048522949219,
        0.6933903098106384,
        732.7568359375,
        356.0330505371094,
        0.8469835519790649,
        746.7708740234375,
        348.0249938964844,
        0.8066001534461975,
        722.7467041015625,
        396.0733337402344,
        0.909849226474762,
        738.7628173828125,
        386.0632629394531,
        0.5577955842018127,
        702.7265625,
        404.0813903808594,
        0.9198043346405029,
        712.7366943359375,
        396.0733337402344,
        0.7685521245002747,
        770.7950439453125,
        408.0854187011719,
        0.7031190991401672,
        786.8111572265625,
        402.0793762207031,
        0.7329890131950378,
        726.750732421875,
        440.1176452636719,
        0.9079052209854126,
        762.7869873046875,
        424.1015319824219,
        0.8137592673301697,
        740.764892578125,
        492.1700134277344,
        0.8741344809532166,
        784.8092041015625,
        468.1458435058594,
        0.869458794593811
    ],