{
    "6": [
        490.22393798828125,
        178.78878784179688,
        0.9556267261505127,
        492.60858154296875,
        174.01950073242188,
        0.9553643465042114,
        483.07000732421875,
        174.01950073242188,
        0.9770326614379883,
        497.37786865234375,
        178.78878784179688,
        0.8985576629638672,
        473.53143310546875,
        176.40414428710938,
        0.9656854867935181,
        497.37786865234375,
        200.25059509277344,
        0.8599023818969727,
        466.37750244140625,
        197.86595153808594,
        0.8700985908508301,
        502.14715576171875,
        181.17343139648438,
        0.6681639552116394,
        454.45428466796875,
        178.78878784179688,
        0.9058001637458801,
        499.76251220703125,
        154.94235229492188,
        0.42431196570396423,
        459.22357177734375,
        157.32699584960938,
        0.8014657497406006,
        492.60858154296875,
        271.7899169921875,
        0.8341063261032104,
        466.37750244140625,
        271.7899169921875,
        0.8352198004722595,
        502.14715576171875,
        326.63671875,
        0.8969615697860718,
        471.14678955078125,
        331.406005859375,
        0.863686740398407,
        506.91644287109375,
        379.0989074707031,
        0.8413002490997314,
        478.30072021484375,
        379.0989074707031,
        0.8957149386405945
    ],
    "23": [
        902.5310668945312,
        276.5107116699219,
        0.9021727442741394,
        906.5601806640625,
        272.4815979003906,
        0.9257397055625916,
        904.5455932617188,
        272.4815979003906,
        0.8590167760848999,
        914.618408203125,
        276.5107116699219,
        0.9079316854476929,
        922.6765747070312,
        276.5107116699219,
        0.7658767700195312,
        914.618408203125,
        296.65625,
        0.8844742178916931,
        928.7202758789062,
        292.62713623046875,
        0.8087239861488342,
        922.6765747070312,
        324.8600158691406,
        0.9453703761100769,
        928.7202758789062,
        324.8600158691406,
        0.7139996290206909,
        910.5892944335938,
        345.00555419921875,
        0.9181950688362122,
        916.6329345703125,
        342.9909973144531,
        0.818027675151825,
        940.8076171875,
        351.0492248535156,
        0.8184555768966675,
        946.8512573242188,
        349.03466796875,
        0.6895535588264465,
        930.7348022460938,
        399.3985290527344,
        0.8416534662246704,
        936.7785034179688,
        395.3694152832031,
        0.809516966342926,
        928.7202758789062,
        447.7478332519531,
        0.8805993795394897,
        940.8076171875,
        431.6313781738281,
        0.8316466808319092
    ],
    "4": [
        812.3082885742188,
        203.5552520751953,
        0.9208353757858276,
        816.2073364257812,
        200.9558868408203,
        0.9369685649871826,
        811.0086059570312,
        200.9558868408203,
        0.9587592482566833,
        822.7057495117188,
        204.8549346923828,
        0.9005389213562012,
        808.4092407226562,
        203.5552520751953,
        0.8929722905158997,
        827.9044799804688,
        223.05047607421875,
        0.8413693308830261,
        804.5101928710938,
        220.45111083984375,
        0.8980638384819031,
        829.2041625976562,
        246.44473266601562,
        0.6080701351165771,
        809.7089233398438,
        245.14505004882812,
        0.7095961570739746,
        814.9076538085938,
        263.3406066894531,
        0.7850583791732788,
        811.0086059570312,
        263.3406066894531,
        0.7749055624008179,
        835.7025756835938,
        262.0409240722656,
        0.7699072360992432,
        818.8067016601562,
        262.0409240722656,
        0.7720905542373657,
        852.5984497070312,
        290.6339111328125,
        0.861240804195404,
        796.7120971679688,
        281.5361328125,
        0.8706673979759216,
        875.99267578125,
        310.1291198730469,
        0.819197416305542,
        798.0117797851562,
        310.1291198730469,
        0.8723834156990051
    ],
    "3": [
        744.3609619140625,
        195.73727416992188,
        0.9401326775550842,
        746.8654174804688,
        193.23284912109375,
        0.9333165884017944,
        741.8565673828125,
        194.4850616455078,
        0.9636142253875732,
        751.8742065429688,
        195.73727416992188,
        0.9122793674468994,
        738.0999145507812,
        196.98947143554688,
        0.9449936151504517,
        760.6397094726562,
        210.7637939453125,
        0.8885135650634766,
        734.34326171875,
        210.7637939453125,
        0.9137613773345947,
        759.3875122070312,
        230.7991485595703,
        0.7440030574798584,
        733.091064453125,
        230.7991485595703,
        0.8766509294509888,
        744.3609619140625,
        242.06903076171875,
        0.5233604311943054,
        739.3521118164062,
        242.06903076171875,
        0.6123577952384949,
        756.883056640625,
        237.06019592285156,
        0.8041083216667175,
        738.0999145507812,
        237.06019592285156,
        0.7898745536804199,
        776.91845703125,
        255.84335327148438,
        0.8259317874908447,
        719.3167724609375,
        255.84335327148438,
        0.83475661277771,
        796.9537963867188,
        279.6353454589844,
        0.7333775758743286,
        708.046875,
        283.3919677734375,
        0.8778138756752014
    ],
    "13": [
        1065.0780029296875,
        227.97323608398438,
        0.8988329172134399,
        1070.769775390625,
        226.0759735107422,
        0.9325522780418396,
        1066.9752197265625,
        224.1787109375,
        0.9037407040596008,
        1080.256103515625,
        231.7677764892578,
        0.9826184511184692,
        1066.9752197265625,
        227.97323608398438,
        0.603137195110321,
        1078.35888671875,
        254.5349884033203,
        0.8680721521377563,
        1066.9752197265625,
        248.8431854248047,
        0.866349995136261,
        1082.1534423828125,
        284.8912658691406,
        0.9150938391685486,
        1061.283447265625,
        282.9940185546875,
        0.7460882067680359,
        1074.5643310546875,
        315.24755859375,
        0.9198355674743652,
        1048.0025634765625,
        303.86395263671875,
        0.8191645741462708,
        1063.1807861328125,
        309.5557556152344,
        0.759480357170105,
        1055.5916748046875,
        303.86395263671875,
        0.7961780428886414,
        1032.824462890625,
        336.11749267578125,
        0.9159464240074158,
        1032.824462890625,
        332.3229675292969,
        0.6878165006637573,
        1038.5162353515625,
        375.9601135253906,
        0.8254691958427429,
        1042.310791015625,
        372.16558837890625,
        0.6718936562538147
    ],