{
    "6": [
        494.2933044433594,
        187.3366241455078,
        0.910344660282135,
        496.68011474609375,
        182.56297302246094,
        0.9063047170639038,
        489.5196533203125,
        182.56297302246094,
        0.9395086765289307,
        499.06695556640625,
        187.3366241455078,
        0.8060696125030518,
        475.1986999511719,
        184.94979858398438,
        0.9505130052566528,
        499.06695556640625,
        208.8180389404297,
        0.8680245280265808,
        465.65142822265625,
        204.0443878173828,
        0.9008492231369019,
        508.6142578125,
        206.43121337890625,
        0.8610689043998718,
        446.55682373046875,
        201.65756225585938,
        0.9457821249961853,
        503.8406066894531,
        187.3366241455078,
        0.6570324897766113,
        456.1041259765625,
        180.1761474609375,
        0.8172549605369568,
        491.906494140625,
        275.64910888671875,
        0.8367182612419128,
        465.65142822265625,
        275.64910888671875,
        0.8248234987258911,
        499.06695556640625,
        328.15924072265625,
        0.9003682732582092,
        470.425048828125,
        335.3197326660156,
        0.8696879148483276,
        508.6142578125,
        380.6694030761719,
        0.8868328928947449,
        477.5855407714844,
        383.05621337890625,
        0.9106181859970093
    ],
    "13": [
        1056.0489501953125,
        227.32627868652344,
        0.9076783061027527,
        1059.69873046875,
        225.50135803222656,
        0.9373663663864136,
        1056.0489501953125,
        223.67645263671875,
        0.9153754115104675,
        1068.8232421875,
        229.15118408203125,
        0.9622499942779541,
        1061.523681640625,
        227.32627868652344,
        0.5951218008995056,
        1066.9984130859375,
        252.87501525878906,
        0.8649702668190002,
        1057.873779296875,
        247.40028381347656,
        0.8975139856338501,
        1066.9984130859375,
        282.0735778808594,
        0.8285042643547058,
        1052.399169921875,
        278.42376708984375,
        0.8792421817779541,
        1052.399169921875,
        307.6223449707031,
        0.899012565612793,
        1039.624755859375,
        296.6728820800781,
        0.9010940194129944,
        1057.873779296875,
        307.6223449707031,
        0.76618492603302,
        1050.57421875,
        302.1476135253906,
        0.7792937755584717,
        1025.025390625,
        334.9960021972656,
        0.8988664150238037,
        1025.025390625,
        333.17108154296875,
        0.7281243801116943,
        1035.974853515625,
        373.3191223144531,
        0.901384711265564,
        1025.025390625,
        369.6692810058594,
        0.7996557950973511
    ],
    "4": [
        813.086181640625,
        202.45352172851562,
        0.9374735951423645,
        816.9874877929688,
        199.85264587402344,
        0.9425894021987915,
        810.4852905273438,
        199.85264587402344,
        0.9493860602378845,
        822.1892700195312,
        203.75396728515625,
        0.9473722577095032,
        807.8844604492188,
        202.45352172851562,
        0.9079803228378296,
        828.6914672851562,
        221.96009826660156,
        0.8685102462768555,
        803.983154296875,
        219.35922241210938,
        0.8970921039581299,
        831.2922973632812,
        247.96885681152344,
        0.691310465335846,
        806.583984375,
        241.46665954589844,
        0.6702181100845337,
        814.3866577148438,
        264.8745422363281,
        0.833907425403595,
        809.1848754882812,
        262.273681640625,
        0.6250337362289429,
        835.1936645507812,
        259.67279052734375,
        0.7985807657241821,
        818.2879638671875,
        260.9732360839844,
        0.7693533897399902,
        849.4984741210938,
        288.2824401855469,
        0.8589187264442444,
        793.5796508789062,
        280.47979736328125,
        0.9124122858047485,
        872.9063110351562,
        311.6903076171875,
        0.8514823317527771,
        797.48095703125,
        309.0894470214844,
        0.8754948973655701
    ],
    "11": [
        722.0723266601562,
        321.7843933105469,
        0.9299230575561523,
        722.0723266601562,
        317.68316650390625,
        0.937667727470398,
        722.0723266601562,
        317.68316650390625,
        0.7884722948074341,
        728.22412109375,
        319.7337646484375,
        0.91989666223526,
        744.6289672851562,
        317.68316650390625,
        0.863018810749054,
        734.3759765625,
        346.39166259765625,
        0.8409479856491089,
        752.8314208984375,
        338.1892395019531,
        0.8342358469963074,
        728.22412109375,
        383.30255126953125,
        0.7773790955543518,
        748.7301635742188,
        373.0495300292969,
        0.5907630920410156,
        715.9204711914062,
        393.5555725097656,
        0.8995941281318665,
        720.021728515625,
        385.3531494140625,
        0.7732435464859009,
        767.1856689453125,
        401.75799560546875,
        0.6974809765815735,
        785.64111328125,
        395.606201171875,
        0.7385088205337524,
        728.22412109375,
        440.7195129394531,
        0.9330845475196838,
        767.1856689453125,
        420.2134704589844,
        0.9115167260169983,
        740.5277709960938,
        494.0352783203125,
        0.875588595867157,
        787.6917114257812,
        467.37738037109375,
        0.8865280151367188
    ],
    "23": [
        905.2025146484375,
        278.6336975097656,
        0.8064263463020325,
        907.192138671875,
        276.6440734863281,
        0.7762165665626526,
        907.192138671875,
        276.6440734863281,
        0.7064970135688782,
        909.1817626953125,
        282.6129455566406,
        0.933926522731781,
        927.08837890625,
        282.6129455566406,
        0.9194530844688416,
        911.17138671875,
        302.5091857910156,
        0.9278027415275574,
        931.067626953125,
        300.5195617675781,
        0.8556033372879028,
        921.1195068359375,
        332.3535461425781,
        0.9702401161193848,
        933.0572509765625,
        330.3639221191406,
        0.5881145000457764,
        913.1610107421875,
        354.2394104003906,
        0.9446564316749573,
        919.1298828125,
        350.2601623535156,
        0.7541158199310303,
        941.0157470703125,
        356.2290344238281,
        0.8121683597564697,
        950.9638671875,
        354.2394104003906,
        0.7341652512550354,
        925.0987548828125,
        401.9903869628906,
        0.8203883171081543,
        933.0572509765625,
        396.0215148925781,
        0.8062241673469543,
        923.109130859375,
        451.7309875488281,
        0.9332994818687439,
        937.0364990234375,
        433.8243713378906,
        0.8877581357955933
    ],