{
    "4": [
        832.3294677734375,
        203.4610595703125,
        0.9143036603927612,
        833.6441040039062,
        200.83172607421875,
        0.9388578534126282,
        828.3854370117188,
        200.83172607421875,
        0.9304879307746887,
        838.9027709960938,
        202.14639282226562,
        0.8953615427017212,
        824.4414672851562,
        203.4610595703125,
        0.9041383266448975,
        848.1054077148438,
        219.23699951171875,
        0.9052337408065796,
        819.182861328125,
        221.86631774902344,
        0.8979784846305847,
        852.0493774414062,
        240.27157592773438,
        0.8354573845863342,
        816.5535278320312,
        244.21556091308594,
        0.8389006853103638,
        855.9933471679688,
        256.0475158691406,
        0.7477973103523254,
        833.6441040039062,
        262.6208190917969,
        0.746518075466156,
        845.47607421875,
        256.0475158691406,
        0.8051760792732239,
        825.7561645507812,
        258.6768493652344,
        0.7842641472816467,
        871.769287109375,
        269.1941223144531,
        0.9367475509643555,
        806.0361938476562,
        282.34075927734375,
        0.8581427335739136,
        878.3425903320312,
        299.4313659667969,
        0.8810120820999146,
        787.6309814453125,
        307.3193359375,
        0.8667656183242798
    ],
    "3": [
        776.3128662109375,
        184.8001708984375,
        0.9163969159126282,
        777.6339721679688,
        182.15794372558594,
        0.9118132591247559,
        772.3495483398438,
        182.15794372558594,
        0.9223931431770325,
        781.5972900390625,
        184.8001708984375,
        0.9333568811416626,
        767.0650634765625,
        186.12127685546875,
        0.9068928360939026,
        788.202880859375,
        200.65353393554688,
        0.910144031047821,
        760.45947265625,
        200.65353393554688,
        0.8930070996284485,
        794.8084716796875,
        220.47023010253906,
        0.8828464150428772,
        752.5328369140625,
        217.8280029296875,
        0.8475721478462219,
        784.2395629882812,
        233.68136596679688,
        0.7802433967590332,
        755.175048828125,
        235.0024871826172,
        0.7779108881950378,
        780.2761840820312,
        236.32359313964844,
        0.8149701952934265,
        759.1383666992188,
        236.32359313964844,
        0.7988703846931458,
        796.1295776367188,
        252.1769561767578,
        0.839856743812561,
        738.0005493164062,
        260.1036376953125,
        0.8161354064941406,
        801.4140014648438,
        278.5992431640625,
        0.8430855870246887,
        716.8627319335938,
        281.241455078125,
        0.8232777714729309
    ],
    "1": [
        285.2853698730469,
        197.03956604003906,
        0.9364132881164551,
        283.5816345214844,
        193.63209533691406,
        0.9580758810043335,
        281.8778991699219,
        195.33583068847656,
        0.9383576512336731,
        276.7666931152344,
        197.03956604003906,
        0.5814024209976196,
        269.95172119140625,
        197.03956604003906,
        0.906025230884552,
        276.7666931152344,
        214.07693481445312,
        0.8359517455101013,
        254.61810302734375,
        215.7806854248047,
        0.8746313452720642,
        269.95172119140625,
        239.63299560546875,
        0.8897821307182312,
        242.6919403076172,
        243.0404815673828,
        0.8590328097343445,
        278.4704284667969,
        260.0778503417969,
        0.8890803456306458,
        244.3956756591797,
        270.3002624511719,
        0.8501971364021301,
        264.84051513671875,
        266.8927917480469,
        0.7983034253120422,
        247.8031463623047,
        268.5965270996094,
        0.7137870788574219,
        275.0629577636719,
        304.3750305175781,
        0.8089014291763306,
        240.9882049560547,
        306.0787658691406,
        0.8379287123680115,
        271.6554870605469,
        340.15350341796875,
        0.8709297776222229,
        217.13587951660156,
        340.15350341796875,
        0.8327786922454834
    ],
    "13": [
        1025.1199951171875,
        233.7457275390625,
        0.9237039685249329,
        1026.8687744140625,
        230.24815368652344,
        0.9507462978363037,
        1026.8687744140625,
        228.49935913085938,
        0.8237258791923523,
        1032.1151123046875,
        233.7457275390625,
        0.8836718797683716,
        1044.356689453125,
        233.7457275390625,
        0.7724425792694092,
        1037.3614501953125,
        258.2287902832031,
        0.8242765069007874,
        1037.3614501953125,
        252.982421875,
        0.7593019008636475,
        1035.6126708984375,
        287.95819091796875,
        0.9032363891601562,
        1032.1151123046875,
        280.9630432128906,
        0.8111719489097595,
        1026.8687744140625,
        310.6924743652344,
        0.9620277881622314,
        1016.3760375976562,
        293.20458984375,
        0.8324984312057495,
        1039.1103515625,
        308.94366455078125,
        0.7974883913993835,
        1037.3614501953125,
        303.69732666015625,
        0.6234145164489746,
        1007.632080078125,
        336.92431640625,
        0.876954972743988,
        1011.129638671875,
        329.92913818359375,
        0.6494580507278442,
        998.8881225585938,
        378.895263671875,
        0.8760203123092651,
        1021.6223754882812,
        366.65374755859375,
        0.8664379119873047
    ],
    "23": [
        912.5643310546875,
        276.16412353515625,
        0.7538048028945923,
        912.5643310546875,
        274.18048095703125,
        0.8502364158630371,
        914.5479736328125,
        272.1968688964844,
        0.632202684879303,
        914.5479736328125,
        278.1477355957031,
        0.9164820909500122,
        932.400634765625,
        276.16412353515625,
        0.895110547542572,
        916.5316162109375,
        301.9512939453125,
        0.9347800016403198,
        950.2532958984375,
        296.00042724609375,
        0.8843586444854736,
        922.4824829101562,
        331.70574951171875,
        0.9025295376777649,
        960.1714477539062,
        323.771240234375,
        0.9189981818199158,
        922.4824829101562,
        351.54205322265625,
        0.9268581867218018,
        946.2860107421875,
        339.6402587890625,
        0.5054973363876343,
        938.3515014648438,
        357.4929504394531,
        0.7735389471054077,
        956.2041625976562,
        353.5256652832031,
        0.7484444379806519,
        924.4661254882812,
        399.149169921875,
        0.8058582544326782,
        936.3678588867188,
        393.1982727050781,
        0.850698709487915,
        922.4824829101562,
        444.77264404296875,
        0.8922281265258789,
        936.3678588867188,
        432.8708801269531,
        0.8848336935043335
    ],