{
    "3": [
        794.7150268554688,
        172.76329040527344,
        0.9327243566513062,
        795.9733276367188,
        170.2467041015625,
        0.9635578393936157,
        790.9401245117188,
        170.2467041015625,
        0.9344696998596191,
        798.4899291992188,
        174.02159118652344,
        0.9092931747436523,
        785.906982421875,
        172.76329040527344,
        0.9091630578041077,
        802.2647705078125,
        189.12110900878906,
        0.8715435862541199,
        775.8406372070312,
        186.60452270507812,
        0.8820732831954956,
        804.7813720703125,
        206.73721313476562,
        0.859842836856842,
        765.7742919921875,
        200.44573974609375,
        0.8330448865890503,
        801.0064697265625,
        221.83673095703125,
        0.8677200078964233,
        763.2576904296875,
        219.3201446533203,
        0.7775371670722961,
        793.4567260742188,
        220.57843017578125,
        0.793886125087738,
        774.5823364257812,
        221.83673095703125,
        0.7915423512458801,
        809.8145141601562,
        241.96942138671875,
        0.7790455222129822,
        763.2576904296875,
        249.51918029785156,
        0.7832195162773132,
        808.5562744140625,
        272.16845703125,
        0.8171690106391907,
        758.2245483398438,
        275.9433288574219,
        0.8216773271560669
    ],
    "1": [
        307.005126953125,
        212.188232421875,
        0.8712783455848694,
        305.3620300292969,
        208.90206909179688,
        0.8791577816009521,
        303.7189636230469,
        208.90206909179688,
        0.8941812515258789,
        297.1466369628906,
        212.188232421875,
        0.5257547497749329,
        292.2173767089844,
        212.188232421875,
        0.9390548467636108,
        302.07586669921875,
        231.90521240234375,
        0.8894001841545105,
        270.8573303222656,
        226.97596740722656,
        0.8530331254005432,
        310.2912902832031,
        254.90835571289062,
        0.8660931587219238,
        256.069580078125,
        249.97911071777344,
        0.891835629940033,
        321.7928466796875,
        272.98223876953125,
        0.8889294862747192,
        256.069580078125,
        276.2684020996094,
        0.9121792912483215,
        284.0019836425781,
        274.6253356933594,
        0.8084410429000854,
        269.2142333984375,
        272.98223876953125,
        0.8070790767669678,
        274.14349365234375,
        310.77313232421875,
        0.7328884601593018,
        284.0019836425781,
        307.4869689941406,
        0.8373661637306213,
        247.85418701171875,
        337.0624084472656,
        0.8242457509040833,
        295.5035400390625,
        346.9208984375,
        0.82480788230896
    ],
    "10": [
        423.6642761230469,
        325.675537109375,
        0.6414752006530762,
        421.22869873046875,
        320.80438232421875,
        0.40322670340538025,
        423.6642761230469,
        323.2399597167969,
        0.6905206441879272,
        396.8729553222656,
        330.5466613769531,
        0.8809102177619934,
        421.22869873046875,
        328.1111145019531,
        0.9719654321670532,
        387.13067626953125,
        364.64471435546875,
        0.8900278806686401,
        440.7132873535156,
        359.7735595703125,
        0.9220191836357117,
        374.9527893066406,
        401.1783142089844,
        0.8712261319160461,
        462.6334533691406,
        386.56488037109375,
        0.9233338236808777,
        355.46820068359375,
        427.9696044921875,
        0.8733235597610474,
        479.6824645996094,
        408.4850158691406,
        0.9007516503334045,
        413.9219665527344,
        440.1474914550781,
        0.783997118473053,
        440.7132873535156,
        435.2763366699219,
        0.8138604164123535,
        426.099853515625,
        476.68109130859375,
        0.947203516960144,
        455.32672119140625,
        476.68109130859375,
        0.8915202617645264,
        438.2777099609375,
        518.0858154296875,
        0.8617812991142273,
        455.32672119140625,
        510.77911376953125,
        0.9127748012542725
    ],
    "11": [
        759.3056030273438,
        285.63037109375,
        0.6470860838890076,
        759.3056030273438,
        283.44708251953125,
        0.7914443612098694,
        761.4888916015625,
        283.44708251953125,
        0.5155411958694458,
        761.4888916015625,
        287.81365966796875,
        0.9419353008270264,
        781.1385498046875,
        287.81365966796875,
        0.9087494015693665,
        752.7557373046875,
        316.19647216796875,
        0.89284348487854,
        794.23828125,
        314.01318359375,
        0.8848057389259338,
        746.2058715820312,
        351.129150390625,
        0.8895378708839417,
        807.3380126953125,
        346.7625427246094,
        0.9290417432785034,
        761.4888916015625,
        364.2288818359375,
        0.7397921085357666,
        796.4215698242188,
        364.2288818359375,
        0.7826308012008667,
        768.0387573242188,
        377.3286437988281,
        0.8145284652709961,
        796.4215698242188,
        377.3286437988281,
        0.8095420002937317,
        750.5724487304688,
        416.6278991699219,
        0.9253954887390137,
        792.0549926757812,
        418.81121826171875,
        0.9178134202957153,
        763.6721801757812,
        460.29376220703125,
        0.895835280418396,
        794.23828125,
        464.66033935546875,
        0.8732797503471375
    ],
    "6": [
        497.4621887207031,
        283.4606018066406,
        0.8421123623847961,
        495.50830078125,
        281.5067138671875,
        0.8318977952003479,
        493.55438232421875,
        281.5067138671875,
        0.8679708242416382,
        489.6465759277344,
        283.4606018066406,
        0.6143454313278198,
        483.7848815917969,
        285.41448974609375,
        0.8041291236877441,
        499.41607666015625,
        304.9534912109375,
        0.8736867904663086,
        464.24591064453125,
        312.76910400390625,
        0.855930745601654,
        499.41607666015625,
        330.35418701171875,
        0.7606483101844788,
        460.3381042480469,
        342.07757568359375,
        0.8763790726661682,
        501.3699951171875,
        332.3080749511719,
        0.854478657245636,
        475.96929931640625,
        357.7087707519531,
        0.9068811535835266,
        495.50830078125,
        359.6626892089844,
        0.7919288873672485,
        474.015380859375,
        363.5704650878906,
        0.7533532977104187,
        497.4621887207031,
        404.60235595703125,
        0.8892126083374023,
        479.8771057128906,
        406.5562744140625,
        0.848942756652832,
        497.4621887207031,
        443.68035888671875,
        0.8305250406265259,
        479.8771057128906,
        445.6342468261719,
        0.8973422646522522
    ],