{
    "10": [
        441.41912841796875,
        321.9691162109375,
        0.8087849617004395,
        436.1481018066406,
        319.3335876464844,
        0.6504240036010742,
        438.7835998535156,
        319.3335876464844,
        0.855262815952301,
        409.7929382324219,
        324.6046142578125,
        0.8815873861312866,
        433.5125732421875,
        321.9691162109375,
        0.9402211904525757,
        393.9798583984375,
        358.8663024902344,
        0.9023482203483582,
        449.32568359375,
        358.8663024902344,
        0.8710069060325623,
        396.6153869628906,
        403.6700439453125,
        0.8870936036109924,
        465.1387634277344,
        393.12799072265625,
        0.877841055393219,
        401.88641357421875,
        432.66070556640625,
        0.82147616147995,
        475.6808166503906,
        419.483154296875,
        0.9708475470542908,
        412.428466796875,
        437.9317321777344,
        0.8089377284049988,
        446.6901550292969,
        437.9317321777344,
        0.7854986190795898,
        420.33502197265625,
        485.3710021972656,
        0.8872495293617249,
        446.6901550292969,
        490.64202880859375,
        0.8815963268280029,
        425.6060485839844,
        532.8102416992188,
        0.9390486478805542,
        446.6901550292969,
        548.6233520507812,
        0.904024064540863
    ],
    "7": [
        347.4090576171875,
        262.34600830078125,
        0.9211792945861816,
        346.28375244140625,
        259.0082702636719,
        0.8424248695373535,
        344.1611328125,
        260.22454833984375,
        0.9460655450820923,
        335.5714416503906,
        263.11041259765625,
        0.6131508946418762,
        335.65728759765625,
        264.4685974121094,
        0.9117550849914551,
        342.99285888671875,
        285.7423400878906,
        0.8454782962799072,
        320.89483642578125,
        288.8554382324219,
        0.8601976633071899,
        346.28436279296875,
        317.4888916015625,
        0.8321517705917358,
        324.03814697265625,
        322.7382507324219,
        0.8088182210922241,
        357.88690185546875,
        335.50567626953125,
        0.7756648063659668,
        347.4005432128906,
        339.7273254394531,
        0.8454307317733765,
        345.307373046875,
        348.0868225097656,
        0.7679589986801147,
        328.28289794921875,
        350.2410888671875,
        0.7716654539108276,
        363.30621337890625,
        398.82855224609375,
        0.8796316981315613,
        348.4098815917969,
        400.00701904296875,
        0.9306074380874634,
        359.07525634765625,
        442.4464416503906,
        0.7745716571807861,
        355.25128173828125,
        452.98297119140625,
        0.8457057476043701
    ],
    "6": [
        499.7730407714844,
        259.1283264160156,
        0.9059596657752991,
        497.59124755859375,
        254.7647247314453,
        0.8969773054122925,
        495.4094543457031,
        254.7647247314453,
        0.9082047939300537,
        491.0458679199219,
        256.9465026855469,
        0.5934748649597168,
        486.6822509765625,
        259.1283264160156,
        0.8919044733047485,
        491.0458679199219,
        280.9462890625,
        0.8556678891181946,
        473.59149169921875,
        289.6734924316406,
        0.893097460269928,
        491.0458679199219,
        307.12786865234375,
        0.8311014771461487,
        464.8642883300781,
        324.5822448730469,
        0.8988211154937744,
        510.6820373535156,
        302.7642822265625,
        0.7130174040794373,
        493.2276611328125,
        333.3094482421875,
        0.9411010146141052,
        495.4094543457031,
        344.2184143066406,
        0.7779355049133301,
        477.955078125,
        350.7638244628906,
        0.8055490851402283,
        506.3184509277344,
        392.21795654296875,
        0.8625028729438782,
        480.1368713378906,
        396.5815734863281,
        0.8070490956306458,
        501.954833984375,
        438.0357360839844,
        0.8985837697982788,
        477.955078125,
        444.58111572265625,
        0.8226922750473022
    ],
    "11": [
        785.144287109375,
        273.2415771484375,
        0.4784191846847534,
        766.5287475585938,
        275.3099670410156,
        0.4867265522480011,
        785.144287109375,
        271.1731872558594,
        0.6549909710884094,
        766.5287475585938,
        277.3783874511719,
        0.9312456846237183,
        785.144287109375,
        275.3099670410156,
        0.9339332580566406,
        758.255126953125,
        306.33587646484375,
        0.8933982849121094,
        799.623046875,
        300.1307067871094,
        0.9150084257125854,
        747.9132080078125,
        341.4985656738281,
        0.8437022566795349,
        814.101806640625,
        333.2250061035156,
        0.8932848572731018,
        752.0499877929688,
        353.908935546875,
        0.8466817140579224,
        818.2385864257812,
        358.04571533203125,
        0.8793529272079468,
        776.8706665039062,
        368.3876953125,
        0.8245121836662292,
        803.7598266601562,
        364.25091552734375,
        0.8200922608375549,
        774.8023071289062,
        401.48199462890625,
        0.8419843912124634,
        807.8966064453125,
        401.48199462890625,
        0.8749966025352478,
        781.0075073242188,
        446.9866638183594,
        0.8993273377418518,
        805.8281860351562,
        434.5762939453125,
        0.8661820292472839
    ],
    "2": [
        574.85400390625,
        187.56307983398438,
        0.7018411159515381,
        574.85400390625,
        184.83299255371094,
        0.7647417187690735,
        570.7588500976562,
        187.56307983398438,
        0.7537397146224976,
        576.2190551757812,
        183.4679412841797,
        0.8519730567932129,
        562.568603515625,
        186.19802856445312,
        0.7934103608131409,
        580.314208984375,
        194.3883056640625,
        0.913262665271759,
        554.3782958984375,
        197.11839294433594,
        0.8791611790657043,
        583.0442504882812,
        208.03875732421875,
        0.8219814300537109,
        544.822998046875,
        210.7688446044922,
        0.8756756782531738,
        576.2190551757812,
        217.5940704345703,
        0.8603776693344116,
        561.2035522460938,
        220.32415771484375,
        0.8259240388870239,
        574.85400390625,
        232.60955810546875,
        0.8081541657447815,
        559.8385009765625,
        233.974609375,
        0.781338095664978,
        574.85400390625,
        261.2755126953125,
        0.8269105553627014,
        568.0287475585938,
        261.2755126953125,
        0.8126465678215027,
        572.1239013671875,
        284.48126220703125,
        0.7586533427238464,
        569.393798828125,
        287.21136474609375,
        0.7764878273010254
    ],