{
    "1": [
        491.51800537109375,
        186.07937622070312,
        0.9085787534713745,
        489.5646667480469,
        182.17266845703125,
        0.8324002623558044,
        487.6112976074219,
        182.17266845703125,
        0.9554443955421448,
        479.7978820800781,
        184.1260223388672,
        0.5241864919662476,
        477.84454345703125,
        186.07937622070312,
        0.9504551887512207,
        483.70458984375,
        205.6129150390625,
        0.8542459607124329,
        468.0777587890625,
        207.56626892089844,
        0.8971091508865356,
        479.7978820800781,
        232.95985412597656,
        0.8350967764854431,
        448.54425048828125,
        231.00650024414062,
        0.8906846642494202,
        497.3780517578125,
        240.7732696533203,
        0.914286196231842,
        462.21771240234375,
        254.44674682617188,
        0.9133143424987793,
        477.84454345703125,
        262.2601623535156,
        0.7306156158447266,
        471.9844665527344,
        264.2135009765625,
        0.805426836013794,
        468.0777587890625,
        303.28057861328125,
        0.8100848197937012,
        487.6112976074219,
        303.28057861328125,
        0.8477011919021606,
        444.6375427246094,
        342.3476257324219,
        0.8095356225967407,
        475.89117431640625,
        346.25433349609375,
        0.8266656398773193
    ],
    "11": [
        844.4862060546875,
        251.89181518554688,
        0.6603166460990906,
        837.962646484375,
        249.71730041503906,
        0.46811601519584656,
        842.3117065429688,
        249.71730041503906,
        0.7535826563835144,
        820.5665893554688,
        251.89181518554688,
        0.9089210033416748,
        840.1371459960938,
        251.89181518554688,
        0.9097557663917542,
        809.6940307617188,
        280.16046142578125,
        0.9384677410125732,
        848.835205078125,
        277.9859313964844,
        0.9028488397598267,
        800.9959716796875,
        310.6036071777344,
        0.9245244860649109,
        861.8822631835938,
        312.7781066894531,
        0.8840087056159973,
        811.8685302734375,
        323.6506652832031,
        0.7911471724510193,
        874.9293212890625,
        341.0467529296875,
        0.9384216070175171,
        820.5665893554688,
        343.2212829589844,
        0.797416090965271,
        846.6607055664062,
        343.2212829589844,
        0.8029582500457764,
        816.217529296875,
        380.1879577636719,
        0.895401120185852,
        853.1842041015625,
        382.3624572753906,
        0.8861937522888184,
        803.1704711914062,
        423.67816162109375,
        0.8419575095176697,
        851.0097045898438,
        430.20172119140625,
        0.8695917129516602
    ],
    "10": [
        428.1121826171875,
        331.10650634765625,
        0.9008938670158386,
        428.1121826171875,
        325.6964111328125,
        0.6955118179321289,
        425.4071044921875,
        325.6964111328125,
        0.9292536973953247,
        403.7667236328125,
        336.5166015625,
        0.8285452127456665,
        419.99700927734375,
        333.8115539550781,
        0.944678008556366,
        398.35662841796875,
        371.6822509765625,
        0.8756398558616638,
        433.52227783203125,
        366.27215576171875,
        0.8828667402267456,
        398.35662841796875,
        406.847900390625,
        0.7082810997962952,
        444.34246826171875,
        409.5529479980469,
        0.8933924436569214,
        417.2919616699219,
        436.60345458984375,
        0.4131554067134857,
        460.5727844238281,
        444.7185974121094,
        0.9318779706954956,
        411.8818664550781,
        452.8337707519531,
        0.8023720383644104,
        438.932373046875,
        450.12872314453125,
        0.7633764147758484,
        417.2919616699219,
        509.6398010253906,
        0.8826884627342224,
        449.7525634765625,
        501.524658203125,
        0.8681522607803345,
        425.4071044921875,
        566.4458618164062,
        0.9178714752197266,
        452.4576110839844,
        547.510498046875,
        0.8863143920898438
    ],
    "18": [
        292.9255065917969,
        247.43348693847656,
        0.9264031052589417,
        292.9255065917969,
        243.022216796875,
        0.9070926904678345,
        290.7198791503906,
        245.2278594970703,
        0.891990065574646,
        281.8973388671875,
        247.43348693847656,
        0.6766357421875,
        279.69171142578125,
        247.43348693847656,
        0.8717384934425354,
        284.10296630859375,
        271.6954650878906,
        0.8357855081558228,
        273.0747985839844,
        271.6954650878906,
        0.8826277852058411,
        286.30859375,
        311.3968811035156,
        0.7083024382591248,
        266.4578857421875,
        309.1912536621094,
        0.7191037535667419,
        288.5142517089844,
        340.07012939453125,
        0.6267091631889343,
        277.4860534667969,
        346.6870422363281,
        0.814619243144989,
        288.5142517089844,
        335.65887451171875,
        0.8069323897361755,
        273.0747985839844,
        337.864501953125,
        0.7700104117393494,
        299.54241943359375,
        379.77154541015625,
        0.9184055924415588,
        275.2804260253906,
        388.5940856933594,
        0.9116292595863342,
        295.1311340332031,
        428.2955017089844,
        0.943438708782196,
        275.2804260253906,
        437.1180419921875,
        0.8721417784690857
    ],
    "2": [
        562.3355102539062,
        177.77027893066406,
        0.7912339568138123,
        562.3355102539062,
        175.0305633544922,
        0.8016927242279053,
        559.5958251953125,
        176.40042114257812,
        0.7406377792358398,
        562.3355102539062,
        175.0305633544922,
        0.7432715892791748,
        551.376708984375,
        179.14013671875,
        0.7967835664749146,
        567.81494140625,
        188.7291259765625,
        0.8802748322486877,
        543.1575317382812,
        192.83868408203125,
        0.8634316921234131,
        570.5546875,
        202.42767333984375,
        0.8734733462333679,
        533.568603515625,
        207.90708923339844,
        0.8609011769294739,
        565.0752563476562,
        210.6468048095703,
        0.9165549874305725,
        548.636962890625,
        214.75636291503906,
        0.8464298248291016,
        563.7053833007812,
        229.8247833251953,
        0.7925227880477905,
        547.2671508789062,
        232.56448364257812,
        0.7768659591674805,
        566.4451293945312,
        257.2218933105469,
        0.857669472694397,
        548.636962890625,
        259.9615783691406,
        0.8417578339576721,
        566.4451293945312,
        283.2491455078125,
        0.8629075884819031,
        547.2671508789062,
        284.6189880371094,
        0.8186625838279724
    ],