{
    "18": [
        300.4270324707031,
        228.82571411132812,
        0.9516246914863586,
        298.3379821777344,
        226.7366485595703,
        0.8537490367889404,
        296.2489318847656,
        226.7366485595703,
        0.9483852982521057,
        277.4473876953125,
        228.82571411132812,
        0.8271175622940063,
        289.98175048828125,
        230.91476440429688,
        0.8919669985771179,
        262.823974609375,
        251.80535888671875,
        0.8655737042427063,
        292.07080078125,
        253.89442443847656,
        0.8792959451675415,
        260.73492431640625,
        283.1412353515625,
        0.7707986831665039,
        300.4270324707031,
        289.4084167480469,
        0.8417178988456726,
        269.0911560058594,
        306.12091064453125,
        0.7218409776687622,
        310.8723449707031,
        318.6552429199219,
        0.877515435218811,
        273.269287109375,
        314.4771423339844,
        0.7752242684364319,
        294.1598815917969,
        314.4771423339844,
        0.8072816133499146,
        279.5364685058594,
        358.3473815917969,
        0.8841290473937988,
        296.2489318847656,
        362.5255126953125,
        0.9031166434288025,
        260.73492431640625,
        391.7723388671875,
        0.8669795989990234,
        294.1598815917969,
        404.3066711425781,
        0.8963581919670105
    ],
    "11": [
        922.4238891601562,
        233.21922302246094,
        0.9055768251419067,
        922.4238891601562,
        231.11587524414062,
        0.774627685546875,
        922.4238891601562,
        231.11587524414062,
        0.9258887767791748,
        901.390380859375,
        233.21922302246094,
        0.8756629228591919,
        918.2171630859375,
        231.11587524414062,
        0.891167163848877,
        892.97705078125,
        256.35601806640625,
        0.8900264501571655,
        922.4238891601562,
        258.4593811035156,
        0.8909618854522705,
        890.8736572265625,
        283.69952392578125,
        0.8285054564476013,
        928.73388671875,
        292.1129150390625,
        0.8802313804626465,
        899.2870483398438,
        311.04302978515625,
        0.3350638747215271,
        941.35400390625,
        319.4564208984375,
        0.8677419424057007,
        901.390380859375,
        319.4564208984375,
        0.7874534130096436,
        922.4238891601562,
        319.4564208984375,
        0.7575135827064514,
        892.97705078125,
        359.4200134277344,
        0.8843148946762085,
        928.73388671875,
        361.5233459472656,
        0.8687890768051147,
        878.2536010742188,
        399.38360595703125,
        0.8757204413414001,
        928.73388671875,
        405.6936340332031,
        0.8699280619621277
    ],
    "2": [
        588.989013671875,
        171.5831756591797,
        0.8424842357635498,
        588.989013671875,
        168.74620056152344,
        0.9358302354812622,
        586.1520385742188,
        168.74620056152344,
        0.7810959815979004,
        590.407470703125,
        170.16468811035156,
        0.806512713432312,
        576.2225952148438,
        171.5831756591797,
        0.8204721808433533,
        593.2444458007812,
        184.3495330810547,
        0.8912431597709656,
        573.3856811523438,
        187.18650817871094,
        0.9024259448051453,
        596.0814208984375,
        199.95286560058594,
        0.7748401761054993,
        566.293212890625,
        207.0452880859375,
        0.8801974654197693,
        596.0814208984375,
        208.46377563476562,
        0.8439785838127136,
        583.3150634765625,
        212.71923828125,
        0.8414389491081238,
        594.6629028320312,
        229.74105834960938,
        0.7981714010238647,
        581.8965454101562,
        232.57801818847656,
        0.7447144985198975,
        600.3368530273438,
        258.1107482910156,
        0.7938942909240723,
        587.5704956054688,
        260.9477233886719,
        0.8077124953269958,
        584.7335205078125,
        283.64349365234375,
        0.7344777584075928,
        584.7335205078125,
        289.3174133300781,
        0.8635184168815613
    ],
    "10": [
        523.6112060546875,
        339.39190673828125,
        0.9211850762367249,
        520.8695068359375,
        333.9084777832031,
        0.8119150400161743,
        520.8695068359375,
        336.65020751953125,
        0.8970140218734741,
        496.1940612792969,
        339.39190673828125,
        0.8070023059844971,
        509.90264892578125,
        342.1336364746094,
        0.9093194007873535,
        485.2271728515625,
        369.5508117675781,
        0.870272696018219,
        504.4192199707031,
        380.5176696777344,
        0.795134961605072,
        512.6443481445312,
        416.1600036621094,
        0.7412930130958557,
        520.8695068359375,
        427.1268615722656,
        0.8113283514976501,
        531.8363647460938,
        449.06060791015625,
        0.5695223212242126,
        540.0615234375,
        460.0274658203125,
        0.8711554408073425,
        507.1609191894531,
        457.2857360839844,
        0.6467262506484985,
        501.677490234375,
        460.0274658203125,
        0.7711047530174255,
        526.3529663085938,
        503.8949279785156,
        0.8739088773727417,
        498.9357604980469,
        514.86181640625,
        0.8435877561569214,
        548.2866821289062,
        555.987548828125,
        0.8637291193008423,
        485.2271728515625,
        572.4378662109375,
        0.8782700896263123
    ],
    "6": [
        653.162353515625,
        235.21636962890625,
        0.9015868902206421,
        651.0650634765625,
        233.1190643310547,
        0.8237738013267517,
        651.0650634765625,
        233.1190643310547,
        0.9382378458976746,
        632.1893310546875,
        239.41098022460938,
        0.8960188627243042,
        646.8704833984375,
        237.3136749267578,
        0.8775652050971985,
        630.0919799804688,
        260.3840637207031,
        0.8769734501838684,
        646.8704833984375,
        262.4813537597656,
        0.8150516152381897,
        630.0919799804688,
        293.9409484863281,
        0.8013252019882202,
        661.5515747070312,
        296.03826904296875,
        0.8846055269241333,
        667.843505859375,
        306.5247802734375,
        0.2822891175746918,
        688.8165893554688,
        310.71942138671875,
        0.8977689743041992,
        642.6758422851562,
        323.3032531738281,
        0.7042148113250732,
        653.162353515625,
        323.3032531738281,
        0.7721478343009949,
        659.4542846679688,
        365.2493896484375,
        0.8240726590156555,
        657.3569946289062,
        365.2493896484375,
        0.8559960126876831,
        674.1354370117188,
        407.19549560546875,
        0.8863022923469543,
        625.8973999023438,
        409.2928161621094,
        0.8426294326782227
    ],