{
    "1": [
        1465.6761474609375,
        169.884765625,
        0.9623274207115173,
        1469.0675048828125,
        168.1890411376953,
        0.949213981628418,
        1462.28466796875,
        168.1890411376953,
        0.9624426960945129,
        1475.8504638671875,
        169.884765625,
        0.9268742799758911,
        1458.8931884765625,
        169.884765625,
        0.9419670701026917,
        1480.9376220703125,
        190.23348999023438,
        0.9018480777740479,
        1455.501708984375,
        190.23348999023438,
        0.9193835854530334,
        1482.6334228515625,
        217.3651123046875,
        0.8798980116844177,
        1448.7188720703125,
        215.6693878173828,
        0.8841920495033264,
        1482.6334228515625,
        242.801025390625,
        0.887397825717926,
        1445.327392578125,
        239.40957641601562,
        0.8785223364830017,
        1472.458984375,
        239.40957641601562,
        0.797601580619812,
        1457.197509765625,
        239.40957641601562,
        0.8281296491622925,
        1472.458984375,
        275.01983642578125,
        0.8418633341789246,
        1460.5889892578125,
        275.01983642578125,
        0.8465486168861389,
        1469.0675048828125,
        308.93438720703125,
        0.8668488264083862,
        1460.5889892578125,
        307.2386474609375,
        0.8850690126419067,
        1430.6913561075378,
        151.74050215511784,
        68.2737724466624,
        173.64241390999734
    ],
    "3": [
        1096.290283203125,
        200.99343872070312,
        0.9507752060890198,
        1100.138427734375,
        197.14520263671875,
        0.9489352107048035,
        1092.4420166015625,
        197.14520263671875,
        0.9539774656295776,
        1103.9866943359375,
        197.14520263671875,
        0.939011812210083,
        1086.669677734375,
        197.14520263671875,
        0.9436112642288208,
        1111.68310546875,
        222.15870666503906,
        0.9011715650558472,
        1077.049072265625,
        216.3863525390625,
        0.9192916750907898,
        1115.5313720703125,
        251.0204315185547,
        0.8820057511329651,
        1067.428466796875,
        243.323974609375,
        0.8905306458473206,
        1113.6072998046875,
        277.95806884765625,
        0.8633093237876892,
        1061.6561279296875,
        270.2615966796875,
        0.9254704713821411,
        1100.138427734375,
        277.95806884765625,
        0.8003135323524475,
        1077.049072265625,
        276.033935546875,
        0.8061104416847229,
        1102.0626220703125,
        320.2886047363281,
        0.8325967192649841,
        1069.3526611328125,
        318.3644714355469,
        0.8644142746925354,
        1100.138427734375,
        358.7709045410156,
        0.8746551871299744,
        1071.2767333984375,
        356.8468017578125,
        0.8543116450309753,
        1049.4900541203524,
        174.63301145692463,
        76.28326661488222,
        197.02948786438316
    ],
    "14": [
        1325.61376953125,
        155.52969360351562,
        0.9012579917907715,
        1328.4146728515625,
        154.12924194335938,
        0.9068019390106201,
        1322.8128662109375,
        152.72882080078125,
        0.9082321524620056,
        1332.615966796875,
        155.52969360351562,
        0.9227162599563599,
        1318.611572265625,
        154.12924194335938,
        0.9241388440132141,
        1338.2176513671875,
        169.5340576171875,
        0.847273051738739,
        1313.009765625,
        170.93447875976562,
        0.9044962525367737,
        1341.0185546875,
        191.9410400390625,
        0.8609271049499512,
        1307.4080810546875,
        187.73971557617188,
        0.8738624453544617,
        1322.8128662109375,
        198.94320678710938,
        0.8239603638648987,
        1311.609375,
        197.54278564453125,
        0.8538247346878052,
        1329.8150634765625,
        214.3480224609375,
        0.7848304510116577,
        1313.009765625,
        212.94757080078125,
        0.7878937125205994,
        1329.8150634765625,
        242.35675048828125,
        0.8306598663330078,
        1315.8106689453125,
        242.35675048828125,
        0.8506993651390076,
        1336.8172607421875,
        268.96502685546875,
        0.8377807140350342,
        1318.611572265625,
        268.96502685546875,
        0.8303099274635315,
        1297.2272910355891,
        139.14458106011767,
        58.17336106400421,
        143.40467700814605
    ],
    "13": [
        1199.39599609375,
        97.77555084228516,
        0.9452260136604309,
        1201.951171875,
        95.22045135498047,
        0.9449124336242676,
        1196.8409423828125,
        95.22045135498047,
        0.9392407536506653,
        1207.061279296875,
        96.49800109863281,
        0.9257686734199524,
        1194.285888671875,
        96.49800109863281,
        0.9231857061386108,
        1213.4490966796875,
        111.82856750488281,
        0.9009031057357788,
        1190.4532470703125,
        111.82856750488281,
        0.8871318101882935,
        1218.559326171875,
        128.43667602539062,
        0.8373013734817505,
        1187.898193359375,
        127.15913391113281,
        0.8178938627243042,
        1213.4490966796875,
        139.93460083007812,
        0.7028567790985107,
        1189.1756591796875,
        136.10195922851562,
        0.5989605188369751,
        1208.3388671875,
        146.3223419189453,
        0.817773163318634,
        1195.5634765625,
        147.59988403320312,
        0.8284217715263367,
        1201.951171875,
        174.42837524414062,
        0.8122814893722534,
        1199.39599609375,
        174.42837524414062,
        0.8009316325187683,
        1195.5634765625,
        201.25686645507812,
        0.8506430387496948,
        1207.061279296875,
        197.42422485351562,
        0.8695063591003418,
        1174.557884388649,
        82.82829082974433,
        53.50901448137597,
        130.8207357425302
    ],
    "6": [
        1230.1488037109375,
        249.20040893554688,
        0.9221349954605103,
        1232.38037109375,
        246.96884155273438,
        0.9151098728179932,
        1230.1488037109375,
        246.96884155273438,
        0.9004174470901489,
        1241.3067626953125,
        249.20040893554688,
        0.9263370037078857,
        1239.0750732421875,
        246.96884155273438,
        0.7430166006088257,
        1256.927734375,
        278.21099853515625,
        0.8501647710800171,
        1232.38037109375,
        273.7478332519531,
        0.8949109315872192,
        1254.6961669921875,
        311.6847229003906,
        0.9039059281349182,
        1227.917236328125,
        307.2215576171875,
        0.921578586101532,
        1245.7698974609375,
        338.4637145996094,
        0.8996855616569519,
        1216.75927734375,
        329.5373840332031,
        0.7809036374092102,
        1250.2330322265625,
        340.6953125,
        0.8145730495452881,
        1230.1488037109375,
        338.4637145996094,
        0.8378603458404541,
        1248.00146484375,
        389.7901306152344,
        0.9533616900444031,
        1227.917236328125,
        387.55853271484375,
        0.6807686686515808,
        1248.00146484375,
        432.190185546875,
        0.8511977195739746,
        1234.6119384765625,
        432.190185546875,
        0.6011431813240051,
        1198.0751412099244,
        227.55408587860228,
        84.23146777754846,
        228.5140401759782
    ],