{
    "1": [
        1466.531494140625,
        169.47073364257812,
        0.9552897214889526,
        1469.9559326171875,
        166.04627990722656,
        0.9474921226501465,
        1463.1070556640625,
        167.7584991455078,
        0.9544423222541809,
        1475.0926513671875,
        169.47073364257812,
        0.9422829747200012,
        1457.9703369140625,
        171.18296813964844,
        0.9509340524673462,
        1481.941650390625,
        190.01748657226562,
        0.9247457981109619,
        1454.5458984375,
        191.72972106933594,
        0.9028711915016174,
        1488.79052734375,
        217.4131622314453,
        0.9366574883460999,
        1449.4091796875,
        215.700927734375,
        0.9052902460098267,
        1493.92724609375,
        239.67213439941406,
        0.8992193341255188,
        1442.560302734375,
        239.67213439941406,
        0.9077873229980469,
        1475.0926513671875,
        239.67213439941406,
        0.8210653066635132,
        1457.9703369140625,
        239.67213439941406,
        0.8436588644981384,
        1471.668212890625,
        275.62896728515625,
        0.827332615852356,
        1461.3948974609375,
        273.9167175292969,
        0.8432543277740479,
        1468.2437744140625,
        309.87353515625,
        0.841759443283081,
        1461.3948974609375,
        306.4490966796875,
        0.8754577040672302,
        1431.0839586379097,
        151.14991111737922,
        69.18295674679212,
        175.33224042126167
    ],
    "3": [
        1091.408447265625,
        202.10531616210938,
        0.935014009475708,
        1095.310546875,
        198.20321655273438,
        0.9342353940010071,
        1089.45751953125,
        196.25216674804688,
        0.9374208450317383,
        1101.163818359375,
        198.20321655273438,
        0.9500271081924438,
        1083.604248046875,
        196.25216674804688,
        0.9344149231910706,
        1110.9189453125,
        221.61581420898438,
        0.926072895526886,
        1073.84912109375,
        215.76266479492188,
        0.9370203018188477,
        1112.8701171875,
        250.88156127929688,
        0.8964073061943054,
        1066.044921875,
        243.07736206054688,
        0.9036045670509338,
        1108.968017578125,
        278.1962585449219,
        0.927528440952301,
        1060.191650390625,
        270.3920593261719,
        0.909530520439148,
        1099.212646484375,
        278.1962585449219,
        0.8203696012496948,
        1075.800048828125,
        276.2452087402344,
        0.8327090740203857,
        1101.163818359375,
        321.1193542480469,
        0.8455774188041687,
        1067.995849609375,
        321.1193542480469,
        0.8594042062759399,
        1101.163818359375,
        360.1403503417969,
        0.8479791283607483,
        1064.09375,
        362.0914001464844,
        0.8813385963439941,
        1047.5201152682848,
        175.37590572479087,
        78.02146156356275,
        199.78754352915462
    ],
    "14": [
        1326.9765625,
        155.65383911132812,
        0.9428285360336304,
        1329.7425537109375,
        152.88787841796875,
        0.9315810203552246,
        1324.210693359375,
        152.88787841796875,
        0.9362090826034546,
        1333.8914794921875,
        155.65383911132812,
        0.9147387146949768,
        1320.0616455078125,
        152.88787841796875,
        0.8870593905448914,
        1338.0404052734375,
        170.86660766601562,
        0.846862256526947,
        1314.52978515625,
        170.86660766601562,
        0.8882677555084229,
        1342.1893310546875,
        191.611328125,
        0.867796778678894,
        1307.6148681640625,
        187.46237182617188,
        0.8646471500396729,
        1324.210693359375,
        198.52621459960938,
        0.8363285064697266,
        1313.1468505859375,
        197.14324951171875,
        0.8430514335632324,
        1331.12548828125,
        213.739013671875,
        0.7897138595581055,
        1314.52978515625,
        212.35601806640625,
        0.7845795154571533,
        1331.12548828125,
        241.39862060546875,
        0.8362954258918762,
        1315.9127197265625,
        241.39862060546875,
        0.8434866666793823,
        1338.0404052734375,
        269.0582275390625,
        0.8275154829025269,
        1320.0616455078125,
        267.67523193359375,
        0.8452630043029785,
        1299.0593912619388,
        139.47299946632967,
        57.21750310748894,
        141.6171136844473
    ],
    "13": [
        1197.5850830078125,
        98.04124450683594,
        0.9423636198043823,
        1201.3699951171875,
        96.77963256835938,
        0.9459259510040283,
        1196.323486328125,
        95.51803588867188,
        0.9569540619850159,
        1206.4163818359375,
        98.04124450683594,
        0.927713930606842,
        1193.80029296875,
        96.77963256835938,
        0.9135702848434448,
        1211.4627685546875,
        113.18049621582031,
        0.8858169317245483,
        1188.75390625,
        111.91888427734375,
        0.8982201814651489,
        1216.5091552734375,
        130.84295654296875,
        0.8311514258384705,
        1184.9691162109375,
        127.05813598632812,
        0.8401063680648804,
        1212.724365234375,
        143.45899963378906,
        0.6609770655632019,
        1184.9691162109375,
        135.88937377929688,
        0.5503943562507629,
        1205.15478515625,
        147.24380493164062,
        0.8152570724487305,
        1192.5386962890625,
        145.98220825195312,
        0.8267192840576172,
        1200.1083984375,
        173.7375030517578,
        0.8355268836021423,
        1198.8466796875,
        174.9990997314453,
        0.8281959295272827,
        1193.80029296875,
        202.75439453125,
        0.8713139891624451,
        1207.677978515625,
        196.44638061523438,
        0.7712833285331726,
        1173.101484310871,
        84.54204261173832,
        52.75203756758765,
        129.18835747814677
    ],
    "6": [
        1232.30908203125,
        248.58926391601562,
        0.9123114943504333,
        1234.49951171875,
        246.39883422851562,
        0.882068932056427,
        1232.30908203125,
        246.39883422851562,
        0.9120492935180664,
        1243.26123046875,
        248.58926391601562,
        0.8862305879592896,
        1241.07080078125,
        246.39883422851562,
        0.7100646495819092,
        1254.21337890625,
        277.06500244140625,
        0.8629529476165771,
        1236.68994140625,
        272.6841125488281,
        0.8789594769477844,
        1252.02294921875,
        312.1120300292969,
        0.8918017148971558,
        1232.30908203125,
        305.54071044921875,
        0.8419350981712341,
        1241.07080078125,
        340.5877380371094,
        0.9477161169052124,
        1223.5472412109375,
        329.63555908203125,
        0.7325111031532288,
        1249.83251953125,
        340.5877380371094,
        0.812454342842102,
        1232.30908203125,
        338.3973083496094,
        0.7813451290130615,
        1249.83251953125,
        388.77740478515625,
        0.9302067160606384,
        1230.11865234375,
        386.58697509765625,
        0.6958316564559937,
        1249.83251953125,
        432.5862121582031,
        0.8629814386367798,
        1236.68994140625,
        430.3957824707031,
        0.6122511625289917,
        1201.0061303140135,
        227.3420133840882,
        82.31967353972254,
        224.30102422274865
    ],