{
    "3": [
        1092.0848388671875,
        199.9981231689453,
        0.9285699129104614,
        1095.9954833984375,
        196.08746337890625,
        0.9140570759773254,
        1088.1741943359375,
        196.08746337890625,
        0.9395506978034973,
        1101.8614501953125,
        196.08746337890625,
        0.9509106874465942,
        1084.2635498046875,
        196.08746337890625,
        0.9259103536605835,
        1109.682861328125,
        219.5513916015625,
        0.9176319241523743,
        1074.4869384765625,
        215.6407470703125,
        0.9267255663871765,
        1113.593505859375,
        250.83663940429688,
        0.8888688087463379,
        1064.7103271484375,
        243.01531982421875,
        0.8818157315254211,
        1107.7274169921875,
        278.2112121582031,
        0.9206442832946777,
        1058.84423828125,
        270.3899230957031,
        0.876580536365509,
        1097.9508056640625,
        278.2112121582031,
        0.811915934085846,
        1074.4869384765625,
        276.2558898925781,
        0.8302013278007507,
        1099.9061279296875,
        319.2731018066406,
        0.8477941155433655,
        1068.6209716796875,
        321.2284240722656,
        0.84158855676651,
        1099.9061279296875,
        356.42431640625,
        0.8718037605285645,
        1062.7550048828125,
        360.3349609375,
        0.8785902857780457,
        1046.1064506254697,
        175.16547902024513,
        78.26960481504511,
        200.2255277396231
    ],
    "1": [
        1465.302734375,
        169.6710662841797,
        0.934497594833374,
        1470.41796875,
        166.26095581054688,
        0.940082848072052,
        1463.59765625,
        166.26095581054688,
        0.942329466342926,
        1475.5330810546875,
        169.6710662841797,
        0.9336309432983398,
        1458.4825439453125,
        167.96600341796875,
        0.9174603223800659,
        1482.353271484375,
        190.1317596435547,
        0.9168447256088257,
        1455.0723876953125,
        190.1317596435547,
        0.8950571417808533,
        1490.878662109375,
        215.70762634277344,
        0.8673460483551025,
        1449.957275390625,
        215.70762634277344,
        0.9073085188865662,
        1497.6988525390625,
        239.57843017578125,
        0.8554764986038208,
        1441.431884765625,
        237.87338256835938,
        0.8917152285575867,
        1473.8280029296875,
        239.57843017578125,
        0.8107401132583618,
        1458.4825439453125,
        237.87338256835938,
        0.8225445747375488,
        1472.1229248046875,
        275.3846435546875,
        0.821174144744873,
        1460.1876220703125,
        275.3846435546875,
        0.8533890247344971,
        1467.0078125,
        309.4858093261719,
        0.8615111112594604,
        1461.892578125,
        306.07568359375,
        0.8358211517333984,
        1431.7013008533893,
        151.42690503522155,
        68.90804730954324,
        174.5980150355397
    ],
    "14": [
        1327.1046142578125,
        155.11172485351562,
        0.9572159051895142,
        1331.2525634765625,
        152.34640502929688,
        0.935877799987793,
        1325.721923828125,
        150.9637451171875,
        0.9442040324211121,
        1334.017822265625,
        153.72906494140625,
        0.9253291487693787,
        1321.573974609375,
        152.34640502929688,
        0.8893505930900574,
        1339.5484619140625,
        167.5556640625,
        0.8800815939903259,
        1314.66064453125,
        168.93832397460938,
        0.8968717455863953,
        1345.0791015625,
        188.29556274414062,
        0.8877222537994385,
        1309.1300048828125,
        185.53024291992188,
        0.8510688543319702,
        1327.1046142578125,
        196.59152221679688,
        0.8293531537055969,
        1313.2779541015625,
        195.2088623046875,
        0.8437667489051819,
        1331.2525634765625,
        211.80078125,
        0.7630306482315063,
        1316.0433349609375,
        210.41812133789062,
        0.7617202401161194,
        1332.63525390625,
        242.21929931640625,
        0.8335442543029785,
        1317.4259033203125,
        240.83663940429688,
        0.8229182362556458,
        1338.1658935546875,
        268.4898376464844,
        0.8173061013221741,
        1320.1912841796875,
        267.107177734375,
        0.8118076920509338,
        1299.2685494597279,
        138.93454664070907,
        57.05479547243999,
        141.58448408015
    ],
    "9": [
        272.03448486328125,
        312.67364501953125,
        0.9210322499275208,
        269.4820251464844,
        310.1211853027344,
        0.782040536403656,
        269.4820251464844,
        310.1211853027344,
        0.9516273140907288,
        243.95753479003906,
        315.22607421875,
        0.8245889544487,
        261.8246765136719,
        312.67364501953125,
        0.9294096827507019,
        233.74774169921875,
        348.4079284667969,
        0.9285338521003723,
        269.4820251464844,
        345.85546875,
        0.8367809057235718,
        236.30018615722656,
        379.0373229980469,
        0.8175565004348755,
        295.0065002441406,
        381.5897521972656,
        0.8825018405914307,
        256.71978759765625,
        384.1422119140625,
        0.4290436804294586,
        320.531005859375,
        412.2191467285156,
        0.9160991311073303,
        254.16732788085938,
        424.98138427734375,
        0.7627426981925964,
        282.2442626953125,
        424.98138427734375,
        0.7930824756622314,
        266.9295654296875,
        470.92547607421875,
        0.9027178287506104,
        297.5589599609375,
        470.92547607421875,
        0.8981602191925049,
        266.9295654296875,
        521.9744262695312,
        0.8835638761520386,
        297.5589599609375,
        527.079345703125,
        0.8778852224349976,
        222.7322839609898,
        285.3624045435281,
        101.1568254619809,
        261.3708188600883
    ],
    "13": [
        1198.760498046875,
        97.226806640625,
        0.9452742338180542,
        1201.2781982421875,
        95.96796417236328,
        0.947502076625824,
        1196.2427978515625,
        94.7091293334961,
        0.9565735459327698,
        1205.0546875,
        97.226806640625,
        0.9149842262268066,
        1193.72509765625,
        95.96796417236328,
        0.928305447101593,
        1210.0899658203125,
        112.33285522460938,
        0.8826395869255066,
        1187.430908203125,
        111.07401275634766,
        0.8960829973220825,
        1215.1253662109375,
        129.95657348632812,
        0.8368995189666748,
        1183.6544189453125,
        126.18006134033203,
        0.8113278150558472,
        1210.0899658203125,
        141.28611755371094,
        0.6015875935554504,
        1186.172119140625,
        137.5095977783203,
        0.6114239692687988,
        1203.7957763671875,
        146.3214569091797,
        0.8238077163696289,
        1191.2073974609375,
        146.3214569091797,
        0.8492343425750732,
        1200.019287109375,
        174.01588439941406,
        0.8284854888916016,
        1198.760498046875,
        174.01588439941406,
        0.825066328048706,
        1194.9840087890625,
        201.71031188964844,
        0.8700952529907227,
        1206.3134765625,
        194.15728759765625,
        0.7548584342002869,
        1173.0783171891433,
        83.7572159607868,
        52.623221674701426,
        128.90499152305898
    ],