{
    "1": [
        1468.8065185546875,
        170.21534729003906,
        0.9545228481292725,
        1472.2376708984375,
        166.78416442871094,
        0.9267618656158447,
        1465.3753662109375,
        166.78416442871094,
        0.9351138472557068,
        1479.10009765625,
        170.21534729003906,
        0.9458786249160767,
        1461.944091796875,
        170.21534729003906,
        0.9263707995414734,
        1485.9625244140625,
        190.80250549316406,
        0.8928639888763428,
        1456.79736328125,
        189.0869140625,
        0.9106760621070862,
        1492.8248291015625,
        216.5364532470703,
        0.9090298414230347,
        1451.6505126953125,
        213.1052703857422,
        0.9319623112678528,
        1501.40283203125,
        237.1236114501953,
        0.9082102179527283,
        1446.5037841796875,
        233.6924285888672,
        0.8977053165435791,
        1473.953369140625,
        240.5548095703125,
        0.8377723097801208,
        1456.79736328125,
        238.83921813964844,
        0.8223864436149597,
        1470.5220947265625,
        276.58233642578125,
        0.874885618686676,
        1458.512939453125,
        274.8667297363281,
        0.871906042098999,
        1467.0909423828125,
        309.1786804199219,
        0.8743847608566284,
        1461.944091796875,
        305.7474670410156,
        0.8208513259887695,
        1433.0682151193262,
        150.14280687658987,
        69.7609090361102,
        175.67720946202292
    ],
    "3": [
        1081.5047607421875,
        201.00856018066406,
        0.9309527277946472,
        1085.4449462890625,
        199.03846740722656,
        0.9162657856941223,
        1079.5345458984375,
        197.068359375,
        0.9263286590576172,
        1091.355224609375,
        197.068359375,
        0.9437726140022278,
        1073.624267578125,
        197.068359375,
        0.9223936796188354,
        1101.2056884765625,
        218.73947143554688,
        0.9124011397361755,
        1065.743896484375,
        216.7693634033203,
        0.9336164593696594,
        1107.115966796875,
        248.2909698486328,
        0.8837507963180542,
        1057.863525390625,
        244.35076904296875,
        0.8709006309509277,
        1099.235595703125,
        271.93218994140625,
        0.9106926918029785,
        1051.9532470703125,
        271.93218994140625,
        0.9283009171485901,
        1091.355224609375,
        275.87237548828125,
        0.8067154884338379,
        1067.7139892578125,
        275.87237548828125,
        0.8249633312225342,
        1097.2655029296875,
        319.214599609375,
        0.8890629410743713,
        1063.7738037109375,
        321.1846923828125,
        0.8684164881706238,
        1101.2056884765625,
        358.6166076660156,
        0.8802176713943481,
        1063.7738037109375,
        362.5567932128906,
        0.867911159992218,
        1040.59828428614,
        174.01817156317094,
        79.84284919339643,
        201.7383094359763
    ],
    "9": [
        279.88336181640625,
        308.344970703125,
        0.8823654055595398,
        277.35205078125,
        303.28228759765625,
        0.8074524998664856,
        277.35205078125,
        303.28228759765625,
        0.9013316631317139,
        252.0386199951172,
        310.8763427734375,
        0.8631209135055542,
        269.75799560546875,
        308.344970703125,
        0.9570276141166687,
        239.3819122314453,
        341.25244140625,
        0.930130124092102,
        274.8206787109375,
        343.78375244140625,
        0.8993460536003113,
        224.19386291503906,
        371.6285400390625,
        0.9345107078552246,
        269.75799560546875,
        379.2225341796875,
        0.884788990020752,
        246.97593688964844,
        376.69122314453125,
        0.8045048117637634,
        254.56996154785156,
        409.5986328125,
        0.806701123714447,
        254.56996154785156,
        419.7239990234375,
        0.7927954792976379,
        279.88336181640625,
        417.19268798828125,
        0.7949568033218384,
        264.6953125,
        467.81951904296875,
        0.9080474376678467,
        307.7281494140625,
        457.69415283203125,
        0.9136155843734741,
        269.75799560546875,
        520.9776611328125,
        0.8827103972434998,
        300.13409423828125,
        508.32098388671875,
        0.8623946309089661,
        220.25998983135796,
        281.2596652659141,
        101.52736139539545,
        259.2093124567341
    ],
    "14": [
        1327.499267578125,
        153.48684692382812,
        0.8806875944137573,
        1330.2869873046875,
        150.69906616210938,
        0.8945854306221008,
        1326.1053466796875,
        150.69906616210938,
        0.8844638466835022,
        1335.862548828125,
        153.48684692382812,
        0.9020524024963379,
        1321.9237060546875,
        152.09295654296875,
        0.8829174041748047,
        1341.438232421875,
        167.42578125,
        0.878794252872467,
        1316.34814453125,
        168.81967163085938,
        0.8811058402061462,
        1347.0137939453125,
        188.33416748046875,
        0.8790170550346375,
        1310.7725830078125,
        185.54638671875,
        0.8651313781738281,
        1327.499267578125,
        196.69752502441406,
        0.857062041759491,
        1314.9542236328125,
        195.3036346435547,
        0.8593979477882385,
        1333.0748291015625,
        212.0303497314453,
        0.7561642527580261,
        1317.741943359375,
        210.63645935058594,
        0.7679001092910767,
        1335.862548828125,
        241.30210876464844,
        0.8328081965446472,
        1319.1358642578125,
        241.30210876464844,
        0.8204783797264099,
        1341.438232421875,
        269.1799621582031,
        0.8445703983306885,
        1321.9237060546875,
        266.3921813964844,
        0.8315945863723755,
        1301.031370681972,
        138.5722229753436,
        57.11754428675545,
        142.73456830157272
    ],
    "10": [
        429.4884033203125,
        381.0526123046875,
        0.885316014289856,
        429.4884033203125,
        376.138427734375,
        0.7635265588760376,
        429.4884033203125,
        378.59552001953125,
        0.9098992347717285,
        400.00323486328125,
        381.0526123046875,
        0.889878511428833,
        424.57421875,
        381.0526123046875,
        0.9044324159622192,
        387.7177429199219,
        405.62359619140625,
        0.8933619260787964,
        422.11712646484375,
        405.62359619140625,
        0.897235095500946,
        372.97515869140625,
        440.02294921875,
        0.8394383788108826,
        419.6600341796875,
        444.9371643066406,
        0.8791131377220154,
        385.2606506347656,
        462.1368408203125,
        0.7029348015785217,
        424.57421875,
        479.3365173339844,
        0.9228382706642151,
        377.8893737792969,
        479.3365173339844,
        0.7703143358230591,
        402.4603271484375,
        479.3365173339844,
        0.7632965445518494,
        385.2606506347656,
        530.935546875,
        0.8064112663269043,
        422.11712646484375,
        530.935546875,
        0.8096832633018494,
        392.6319580078125,
        580.0775146484375,
        0.8776808977127075,
        441.7738952636719,
        584.99169921875,
        0.8685663938522339,
        361.28629914895043,
        352.30462264977814,
        99.54777437350884,
        251.6067428632914
    ],