{
    "1": [
        1470.5361328125,
        173.01608276367188,
        0.9255958795547485,
        1475.6094970703125,
        169.63385009765625,
        0.9504275918006897,
        1468.844970703125,
        169.63385009765625,
        0.9322414398193359,
        1480.682861328125,
        174.70718383789062,
        0.9030951261520386,
        1463.771728515625,
        173.01608276367188,
        0.8985890746116638,
        1485.7562255859375,
        196.69171142578125,
        0.9209322333335876,
        1457.0072021484375,
        193.30947875976562,
        0.9335598945617676,
        1484.0650634765625,
        225.440673828125,
        0.86394202709198,
        1451.933837890625,
        218.67620849609375,
        0.8963555097579956,
        1482.3739013671875,
        252.49853515625,
        0.8969722390174866,
        1445.16943359375,
        240.66073608398438,
        0.806228518486023,
        1473.9183349609375,
        244.04296875,
        0.8112218976020813,
        1455.3160400390625,
        240.66073608398438,
        0.8389574885368347,
        1472.227294921875,
        281.2475280761719,
        0.7833431363105774,
        1445.16943359375,
        271.100830078125,
        0.8646169304847717,
        1467.1539306640625,
        316.7609558105469,
        0.8058357238769531,
        1457.0072021484375,
        296.4675598144531,
        0.8495625853538513,
        1432.0859162407796,
        154.92111477165082,
        68.4447846822734,
        173.17032092625305
    ],
    "2": [
        954.4346313476562,
        210.2384490966797,
        0.9425023198127747,
        958.4251098632812,
        206.24798583984375,
        0.8911958336830139,
        954.4346313476562,
        206.24798583984375,
        0.9394600987434387,
        968.4013061523438,
        208.24322509765625,
        0.9181156158447266,
        950.4441528320312,
        206.24798583984375,
        0.7976688742637634,
        976.3822631835938,
        226.20034790039062,
        0.7909379005432129,
        946.4536743164062,
        228.19558715820312,
        0.860368549823761,
        982.3679809570312,
        224.20510864257812,
        0.9004784226417542,
        924.506103515625,
        242.1622314453125,
        0.8627327084541321,
        976.3822631835938,
        202.25750732421875,
        0.8357316851615906,
        922.5108642578125,
        218.2194061279297,
        0.7422434091567993,
        972.3917846679688,
        282.06695556640625,
        0.8075929284095764,
        952.4393920898438,
        284.06219482421875,
        0.843328595161438,
        972.3917846679688,
        327.9573974609375,
        0.895648717880249,
        954.4346313476562,
        327.9573974609375,
        0.8677418231964111,
        978.3775024414062,
        367.8620910644531,
        0.8341267108917236,
        958.4251098632812,
        365.86688232421875,
        0.9028744697570801,
        922.8462953359075,
        178.91324310017615,
        77.14344477369832,
        204.3121925393176
    ],
    "3": [
        1070.4515380859375,
        202.81825256347656,
        0.7316210269927979,
        1074.3411865234375,
        200.87344360351562,
        0.7698853611946106,
        1068.5067138671875,
        200.87344360351562,
        0.7931942343711853,
        1080.1756591796875,
        200.87344360351562,
        0.8638507723808289,
        1064.6170654296875,
        200.87344360351562,
        0.8006248474121094,
        1089.8997802734375,
        220.32162475585938,
        0.9441213011741638,
        1054.8929443359375,
        220.32162475585938,
        0.9185696840286255,
        1091.8446044921875,
        241.71463012695312,
        0.8520729541778564,
        1047.11376953125,
        251.43873596191406,
        0.882355809211731,
        1080.1756591796875,
        222.26644897460938,
        0.6847594380378723,
        1041.279296875,
        278.66619873046875,
        0.8914850950241089,
        1084.0653076171875,
        276.72137451171875,
        0.7963933944702148,
        1060.7274169921875,
        278.66619873046875,
        0.798223078250885,
        1091.8446044921875,
        321.45220947265625,
        0.8834177851676941,
        1058.7825927734375,
        325.34185791015625,
        0.8622551560401917,
        1089.8997802734375,
        360.3486022949219,
        0.8612337112426758,
        1062.6722412109375,
        364.2382507324219,
        0.870082437992096,
        1031.3983974000319,
        180.06386695523673,
        80.05109123048715,
        199.14949643794483
    ],
    "14": [
        1319.7747802734375,
        155.38485717773438,
        0.8499084115028381,
        1322.55908203125,
        152.60052490234375,
        0.8495874404907227,
        1319.7747802734375,
        152.60052490234375,
        0.8501740097999573,
        1330.912109375,
        155.38485717773438,
        0.889973521232605,
        1318.382568359375,
        155.38485717773438,
        0.7789145708084106,
        1339.26513671875,
        170.69866943359375,
        0.8632579445838928,
        1315.5982666015625,
        172.09085083007812,
        0.899973452091217,
        1344.833740234375,
        191.5811767578125,
        0.8834384083747864,
        1310.0296630859375,
        188.79684448242188,
        0.8323947191238403,
        1326.735595703125,
        198.5419921875,
        0.8448784351348877,
        1314.2060546875,
        195.75765991210938,
        0.7898997664451599,
        1333.6964111328125,
        215.24798583984375,
        0.7762984037399292,
        1318.382568359375,
        213.8558349609375,
        0.7936432361602783,
        1335.088623046875,
        243.09130859375,
        0.8295374512672424,
        1319.7747802734375,
        243.09130859375,
        0.8150548338890076,
        1340.6572265625,
        270.93463134765625,
        0.8117517232894897,
        1322.55908203125,
        269.54248046875,
        0.8431993722915649,
        1300.4453532436394,
        140.48864541471522,
        56.756968627109245,
        142.557819855751
    ],
    "9": [
        294.7248229980469,
        313.6466979980469,
        0.9367408752441406,
        292.28692626953125,
        308.7709045410156,
        0.7851276993751526,
        294.7248229980469,
        308.7709045410156,
        0.9516513347625732,
        265.47003173828125,
        313.6466979980469,
        0.8248711228370667,
        287.4111328125,
        313.6466979980469,
        0.9258074760437012,
        253.2805633544922,
        342.9014587402344,
        0.8863924741744995,
        284.9732360839844,
        347.7772521972656,
        0.8930550813674927,
        248.40475463867188,
        379.46990966796875,
        0.8246275186538696,
        284.9732360839844,
        389.22149658203125,
        0.8263114094734192,
        272.7837219238281,
        396.5351867675781,
        0.34521278738975525,
        284.9732360839844,
        428.2278747558594,
        0.9259054064750671,
        255.7184600830078,
        420.9141845703125,
        0.7730693817138672,
        282.53533935546875,
        420.9141845703125,
        0.7526310086250305,
        267.9079284667969,
        469.672119140625,
        0.8729878664016724,
        297.1627197265625,
        464.79632568359375,
        0.8804883360862732,
        267.9079284667969,
        520.8679809570312,
        0.8831934332847595,
        311.79010009765625,
        508.678466796875,
        0.8697618246078491,
        230.32281854368853,
        287.5611622254592,
        97.11130318753396,
        249.64071388958342
    ],