{
    "1": [
        1471.7025146484375,
        172.69375610351562,
        0.9513630867004395,
        1475.0714111328125,
        169.3248748779297,
        0.9717809557914734,
        1470.01806640625,
        169.3248748779297,
        0.9469717741012573,
        1481.8092041015625,
        174.37820434570312,
        0.9189954400062561,
        1464.96484375,
        172.69375610351562,
        0.9118273854255676,
        1485.1781005859375,
        196.2759246826172,
        0.9246757626533508,
        1456.5426025390625,
        192.90704345703125,
        0.9358336329460144,
        1483.49365234375,
        223.2269744873047,
        0.871554434299469,
        1451.4892578125,
        218.1736602783203,
        0.8930692076683044,
        1480.124755859375,
        250.1780242919922,
        0.8739068508148193,
        1444.75146484375,
        241.75582885742188,
        0.8411627411842346,
        1473.386962890625,
        243.4402618408203,
        0.8194379806518555,
        1454.858154296875,
        240.07138061523438,
        0.8431261777877808,
        1473.386962890625,
        280.4979553222656,
        0.7919372916221619,
        1443.0670166015625,
        272.07574462890625,
        0.8882381319999695,
        1466.649169921875,
        315.8712158203125,
        0.8054817318916321,
        1454.858154296875,
        297.3423767089844,
        0.8685107827186584,
        1431.7607456103617,
        154.67018631931313,
        68.09256101924484,
        172.48682902829984
    ],
    "2": [
        954.595947265625,
        208.7241668701172,
        0.9530822038650513,
        958.6585693359375,
        204.6615447998047,
        0.9445393085479736,
        954.595947265625,
        204.6615447998047,
        0.9472266435623169,
        968.8150634765625,
        206.69285583496094,
        0.9325454831123352,
        950.5333251953125,
        206.69285583496094,
        0.8171110153198242,
        974.9089965820312,
        227.00592041015625,
        0.8246235251426697,
        946.470703125,
        224.97462463378906,
        0.8988379240036011,
        983.0342407226562,
        222.9433135986328,
        0.8394795656204224,
        926.1576538085938,
        235.1311492919922,
        0.8327045440673828,
        974.9089965820312,
        200.59893798828125,
        0.8411309123039246,
        924.1263427734375,
        216.84939575195312,
        0.6979755163192749,
        972.877685546875,
        281.8512268066406,
        0.7977131605148315,
        952.5646362304688,
        283.8825378417969,
        0.8489738702774048,
        972.877685546875,
        326.53997802734375,
        0.9004932045936584,
        954.595947265625,
        326.53997802734375,
        0.8773097395896912,
        978.9716186523438,
        367.1661376953125,
        0.8406827449798584,
        958.6585693359375,
        365.13482666015625,
        0.9116884469985962,
        922.3786342116937,
        174.80132239592143,
        78.65369293426795,
        208.0059056603131
    ],
    "14": [
        1321.197265625,
        155.12429809570312,
        0.901561975479126,
        1323.9796142578125,
        152.34193420410156,
        0.8744311928749084,
        1319.8060302734375,
        152.34193420410156,
        0.8735954761505127,
        1330.935546875,
        155.12429809570312,
        0.9049741625785828,
        1317.023681640625,
        155.12429809570312,
        0.8409436345100403,
        1339.2825927734375,
        170.4272918701172,
        0.870713472366333,
        1315.632568359375,
        171.8184814453125,
        0.9007193446159363,
        1344.8472900390625,
        191.29502868652344,
        0.8666303753852844,
        1310.0677490234375,
        188.51266479492188,
        0.8284662961959839,
        1325.370849609375,
        198.2509307861328,
        0.8230873942375183,
        1314.2413330078125,
        195.46856689453125,
        0.791906476020813,
        1333.7178955078125,
        214.9451141357422,
        0.7754544615745544,
        1318.4149169921875,
        213.55393981933594,
        0.7948942184448242,
        1336.500244140625,
        244.15994262695312,
        0.8216961622238159,
        1319.8060302734375,
        244.15994262695312,
        0.8009693622589111,
        1340.673828125,
        270.5924072265625,
        0.8060579895973206,
        1322.58837890625,
        269.2012023925781,
        0.8440431356430054,
        1300.4868333779086,
        140.23862702162427,
        56.72393855606242,
        142.45703175834484
    ],
    "9": [
        301.8848571777344,
        311.3292236328125,
        0.9167705774307251,
        299.4415283203125,
        306.44256591796875,
        0.7469217777252197,
        299.4415283203125,
        308.8858947753906,
        0.9244491457939148,
        272.5647888183594,
        311.3292236328125,
        0.8443455100059509,
        292.11151123046875,
        311.3292236328125,
        0.9326005578041077,
        255.46139526367188,
        338.2059631347656,
        0.8841724991798401,
        292.11151123046875,
        345.5360107421875,
        0.9101094603538513,
        255.46139526367188,
        379.7427673339844,
        0.659527063369751,
        299.4415283203125,
        387.0727844238281,
        0.8851100206375122,
        253.01806640625,
        413.94952392578125,
        0.36955752968788147,
        306.77154541015625,
        421.279541015625,
        0.8934524655342102,
        257.9047546386719,
        416.3928527832031,
        0.789862334728241,
        284.781494140625,
        416.3928527832031,
        0.7390881776809692,
        270.1214294433594,
        465.2596740722656,
        0.8817676305770874,
        299.4415283203125,
        462.81634521484375,
        0.8797032833099365,
        270.1214294433594,
        519.01318359375,
        0.9002057909965515,
        311.6582336425781,
        509.23980712890625,
        0.8757532835006714,
        234.88759229775934,
        285.1854870461544,
        97.34444678400831,
        250.19802814087444
    ],
    "3": [
        1076.005615234375,
        204.9444580078125,
        0.6737873554229736,
        1077.954833984375,
        201.04620361328125,
        0.711446225643158,
        1074.0565185546875,
        201.04620361328125,
        0.699967086315155,
        1079.9039306640625,
        201.04620361328125,
        0.8218271732330322,
        1068.2091064453125,
        199.09706115722656,
        0.7387676239013672,
        1089.6495361328125,
        220.5375213623047,
        0.8959037065505981,
        1054.565185546875,
        220.5375213623047,
        0.9151601195335388,
        1089.6495361328125,
        238.0797119140625,
        0.7457171082496643,
        1046.7686767578125,
        251.7236328125,
        0.8766394853591919,
        1076.005615234375,
        218.58837890625,
        0.7826937437057495,
        1040.9212646484375,
        279.011474609375,
        0.885132372379303,
        1081.85302734375,
        277.0623474121094,
        0.8094632029533386,
        1060.41259765625,
        279.011474609375,
        0.7851757407188416,
        1091.5987548828125,
        319.9432678222656,
        0.8913205862045288,
        1060.41259765625,
        323.8415222167969,
        0.8400753736495972,
        1087.700439453125,
        358.9259033203125,
        0.8647683262825012,
        1062.3616943359375,
        362.8241882324219,
        0.9024686217308044,
        1030.9706737472313,
        180.19044127529833,
        80.32437588854896,
        199.5912104960505
    ],