{
    "1": [
        1470.0435791015625,
        171.73910522460938,
        0.9408103227615356,
        1473.4212646484375,
        168.36146545410156,
        0.9683298468589783,
        1466.6658935546875,
        168.36146545410156,
        0.9421935081481934,
        1480.176513671875,
        173.4279327392578,
        0.9134450554847717,
        1463.288330078125,
        171.73910522460938,
        0.9309812188148499,
        1485.242919921875,
        195.3826141357422,
        0.9331578016281128,
        1454.8441162109375,
        192.00497436523438,
        0.933139443397522,
        1483.55419921875,
        222.40377807617188,
        0.9004268050193787,
        1449.7777099609375,
        219.02613830566406,
        0.8982059955596924,
        1480.176513671875,
        247.73611450195312,
        0.8722661733627319,
        1441.3336181640625,
        240.98081970214844,
        0.8605616688728333,
        1471.732421875,
        242.66964721679688,
        0.8009042739868164,
        1453.1553955078125,
        239.29200744628906,
        0.8362564444541931,
        1473.4212646484375,
        279.82373046875,
        0.8260123133659363,
        1441.3336181640625,
        271.379638671875,
        0.8627681732177734,
        1466.6658935546875,
        315.28900146484375,
        0.8493357300758362,
        1449.7777099609375,
        301.7784423828125,
        0.8460478186607361,
        1429.9532572888197,
        153.66875883871108,
        68.35893812782501,
        172.93534390874805
    ],
    "3": [
        1074.5953369140625,
        200.27342224121094,
        0.8018022775650024,
        1076.5582275390625,
        196.34776306152344,
        0.8255482316017151,
        1070.669677734375,
        196.34776306152344,
        0.8054244518280029,
        1082.4466552734375,
        198.3105926513672,
        0.8428245186805725,
        1064.78125,
        198.3105926513672,
        0.8649426102638245,
        1088.335205078125,
        219.90174865722656,
        0.9146224856376648,
        1053.0042724609375,
        219.90174865722656,
        0.9125522971153259,
        1088.335205078125,
        241.49290466308594,
        0.8427038192749023,
        1047.11572265625,
        251.30706787109375,
        0.9100579619407654,
        1076.5582275390625,
        217.9389190673828,
        0.8469442129135132,
        1043.1900634765625,
        280.7495422363281,
        0.898066520690918,
        1082.4466552734375,
        276.8238830566406,
        0.8118439316749573,
        1060.8555908203125,
        278.7867126464844,
        0.8181756138801575,
        1092.2608642578125,
        320.0061950683594,
        0.8934947848320007,
        1060.8555908203125,
        323.9318542480469,
        0.8514466285705566,
        1088.335205078125,
        361.22564697265625,
        0.8649791479110718,
        1062.818359375,
        363.1885070800781,
        0.9182273745536804,
        1031.1024426971017,
        179.27114600326473,
        81.09744049508254,
        200.99395193728975
    ],
    "14": [
        1318.199951171875,
        154.795654296875,
        0.8590309619903564,
        1322.385498046875,
        153.40045166015625,
        0.8368186950683594,
        1316.8046875,
        153.40045166015625,
        0.8851683735847473,
        1330.756591796875,
        154.795654296875,
        0.8803595304489136,
        1316.8046875,
        156.19082641601562,
        0.7746703028678894,
        1339.127685546875,
        168.74752807617188,
        0.8647587895393372,
        1315.4095458984375,
        171.53790283203125,
        0.9002173542976379,
        1346.1036376953125,
        189.67532348632812,
        0.8748201131820679,
        1309.8287353515625,
        188.2801513671875,
        0.8330502510070801,
        1326.571044921875,
        198.04644775390625,
        0.844213604927063,
        1314.014404296875,
        196.65127563476562,
        0.8280773758888245,
        1334.942138671875,
        213.39352416992188,
        0.7741032838821411,
        1318.199951171875,
        213.39352416992188,
        0.792891263961792,
        1334.942138671875,
        242.69244384765625,
        0.8356466293334961,
        1319.5950927734375,
        244.087646484375,
        0.8215199708938599,
        1340.52294921875,
        270.59619140625,
        0.8051523566246033,
        1322.385498046875,
        269.2010192871094,
        0.8770270943641663,
        1300.1792957172072,
        139.8670840841887,
        56.96907788650924,
        142.86730031966684
    ],
    "12": [
        957.2757568359375,
        439.41162109375,
        0.5576719045639038,
        951.5066528320312,
        433.6425476074219,
        0.44073882699012756,
        957.2757568359375,
        436.5270690917969,
        0.6754197478294373,
        925.5458374023438,
        436.5270690917969,
        0.9209883213043213,
        957.2757568359375,
        442.296142578125,
        0.9062491655349731,
        908.2385864257812,
        471.14154052734375,
        0.8908013105392456,
        960.1602783203125,
        479.795166015625,
        0.8974185585975647,
        888.0468139648438,
        514.4096069335938,
        0.8862226009368896,
        968.8139038085938,
        528.8323364257812,
        0.911014974117279,
        885.1622924804688,
        546.1395263671875,
        0.8828675150871277,
        983.2366333007812,
        569.2158813476562,
        0.9521238207817078,
        893.81591796875,
        554.7931518554688,
        0.8191109299659729,
        928.4303588867188,
        560.562255859375,
        0.8314019441604614,
        873.6240844726562,
        603.830322265625,
        0.8331817984580994,
        951.5066528320312,
        615.3684692382812,
        0.8688604831695557,
        847.6632690429688,
        658.6365356445312,
        0.8757395148277283,
        951.5066528320312,
        678.8283081054688,
        0.8449726104736328,
        853.7176849745631,
        405.66254864087443,
        129.2335895711326,
        295.376727121528
    ],
    "10": [
        442.70867919921875,
        383.5944519042969,
        0.8439105749130249,
        437.82403564453125,
        381.1521301269531,
        0.7203020453453064,
        440.266357421875,
        381.1521301269531,
        0.8719490170478821,
        413.4008483886719,
        381.1521301269531,
        0.8876909017562866,
        435.3817138671875,
        386.0367736816406,
        0.9271475672721863,
        398.7469482421875,
        405.5753479003906,
        0.8841007947921753,
        430.4971008300781,
        412.90228271484375,
        0.8974413871765137,
        384.093017578125,
        447.0947570800781,
        0.7781828045845032,
        430.4971008300781,
        454.4217224121094,
        0.8602803349494934,
        386.53533935546875,
        478.84490966796875,
        0.4967339336872101,
        435.3817138671875,
        488.61419677734375,
        0.8795892596244812,
        386.53533935546875,
        478.84490966796875,
        0.7712488770484924,
        410.9585266113281,
        481.2872314453125,
        0.7480724453926086,
        393.8623046875,
        530.1336059570312,
        0.8497555255889893,
        430.4971008300781,
        532.575927734375,
        0.8546123504638672,
        396.30462646484375,
        581.4223022460938,
        0.8662340044975281,
        445.1510009765625,
        588.749267578125,
        0.8425239324569702,
        369.4332568869046,
        357.46167015830673,
        100.1467986491183,
        250.09346852208233
    ],