{
    "1": [
        1463.248046875,
        170.8444366455078,
        0.9275045990943909,
        1468.3709716796875,
        167.4291534423828,
        0.9349473118782043,
        1461.5404052734375,
        167.4291534423828,
        0.9629628658294678,
        1473.493896484375,
        172.5520782470703,
        0.9299101233482361,
        1458.125,
        170.8444366455078,
        0.9036250114440918,
        1480.324462890625,
        194.75144958496094,
        0.9173641800880432,
        1449.5867919921875,
        193.04380798339844,
        0.9457624554634094,
        1482.0321044921875,
        222.07376098632812,
        0.8969298005104065,
        1446.1715087890625,
        220.36611938476562,
        0.8880528211593628,
        1480.324462890625,
        247.6884307861328,
        0.8815869688987732,
        1439.3409423828125,
        242.56549072265625,
        0.8797594308853149,
        1470.07861328125,
        244.27313232421875,
        0.7975266575813293,
        1449.5867919921875,
        242.56549072265625,
        0.8164368867874146,
        1470.07861328125,
        281.84130859375,
        0.8646692037582397,
        1442.7562255859375,
        280.1336669921875,
        0.8705592155456543,
        1468.3709716796875,
        315.99420166015625,
        0.8586851954460144,
        1439.3409423828125,
        315.99420166015625,
        0.8805938363075256,
        1425.8645962948603,
        154.28024759643233,
        69.64385841435228,
        174.86287706087006
    ],
    "3": [
        1081.299072265625,
        201.39120483398438,
        0.7691073417663574,
        1083.3004150390625,
        197.3886260986328,
        0.7665032744407654,
        1079.2977294921875,
        197.3886260986328,
        0.7640377879142761,
        1083.3004150390625,
        197.3886260986328,
        0.7193276286125183,
        1069.2913818359375,
        197.3886260986328,
        0.8902850151062012,
        1091.3055419921875,
        219.40281677246094,
        0.9114362597465515,
        1057.2835693359375,
        221.4040985107422,
        0.8951438665390015,
        1091.3055419921875,
        241.4169921875,
        0.8711249828338623,
        1049.2784423828125,
        251.42344665527344,
        0.9023784399032593,
        1079.2977294921875,
        219.40281677246094,
        0.8272398710250854,
        1047.277099609375,
        279.4414978027344,
        0.9179655313491821,
        1085.3016357421875,
        277.4402160644531,
        0.8340622782707214,
        1063.2874755859375,
        279.4414978027344,
        0.8218165636062622,
        1095.30810546875,
        319.46728515625,
        0.887474536895752,
        1061.2861328125,
        325.4711608886719,
        0.8726341128349304,
        1095.30810546875,
        363.4956359863281,
        0.8733999133110046,
        1065.2886962890625,
        363.4956359863281,
        0.8968083262443542,
        1032.9195557707972,
        177.97614389928685,
        82.7500054606437,
        204.93197365694618
    ],
    "14": [
        1319.678955078125,
        155.1471710205078,
        0.8647077679634094,
        1322.490234375,
        152.3358917236328,
        0.847798228263855,
        1316.86767578125,
        152.3358917236328,
        0.8302143216133118,
        1329.5185546875,
        153.7415313720703,
        0.9055298566818237,
        1315.4620361328125,
        155.1471710205078,
        0.8486307859420776,
        1337.952392578125,
        169.20359802246094,
        0.8808067440986633,
        1314.056396484375,
        170.60923767089844,
        0.91719651222229,
        1344.9805908203125,
        188.88258361816406,
        0.8726552724838257,
        1309.8394775390625,
        188.88258361816406,
        0.8524234294891357,
        1326.7071533203125,
        197.31643676757812,
        0.84996497631073,
        1315.4620361328125,
        197.31643676757812,
        0.8017953038215637,
        1333.7354736328125,
        212.77850341796875,
        0.7798008322715759,
        1318.2733154296875,
        212.77850341796875,
        0.8059136867523193,
        1330.9241943359375,
        242.2969970703125,
        0.8606910109519958,
        1319.678955078125,
        242.2969970703125,
        0.8449431657791138,
        1336.5467529296875,
        270.40985107421875,
        0.8255650401115417,
        1322.490234375,
        269.0041809082031,
        0.8276186585426331,
        1298.6221687508826,
        138.70116064061762,
        57.575694161591855,
        143.93776206814022
    ],
    "12": [
        952.3895263671875,
        451.5650634765625,
        0.6594535112380981,
        949.6746826171875,
        446.1354064941406,
        0.45148447155952454,
        952.3895263671875,
        446.1354064941406,
        0.770065188407898,
        919.8116455078125,
        448.8502197265625,
        0.8726148009300232,
        949.6746826171875,
        451.5650634765625,
        0.8805563449859619,
        900.807861328125,
        481.4281005859375,
        0.9377917051315308,
        957.8191528320312,
        486.8577575683594,
        0.9174980521202087,
        884.5189208984375,
        524.8652954101562,
        0.8883844017982483,
        971.393310546875,
        533.009765625,
        0.8936786651611328,
        881.8040771484375,
        557.4431762695312,
        0.736641526222229,
        982.2525634765625,
        568.302490234375,
        0.9403419494628906,
        892.6633911132812,
        562.872802734375,
        0.8042125701904297,
        927.9561157226562,
        565.587646484375,
        0.8151469826698303,
        870.94482421875,
        609.0247802734375,
        0.8188247084617615,
        955.1043701171875,
        617.1693115234375,
        0.8583463430404663,
        843.7965698242188,
        652.4619750976562,
        0.8435490131378174,
        949.6746826171875,
        676.8953857421875,
        0.8726466298103333,
        856.5529700427478,
        417.086782556805,
        123.8025047788201,
        277.9979092417552
    ],
    "10": [
        433.5968017578125,
        383.0259094238281,
        0.7683635354042053,
        431.1349792480469,
        378.10223388671875,
        0.6293089389801025,
        433.5968017578125,
        380.5640563964844,
        0.8024531602859497,
        408.9784240722656,
        380.5640563964844,
        0.87368243932724,
        431.1349792480469,
        383.0259094238281,
        0.9401590824127197,
        391.7455749511719,
        405.18243408203125,
        0.8994237780570984,
        426.2113037109375,
        410.1061096191406,
        0.9049766063690186,
        379.4363708496094,
        444.57183837890625,
        0.768969714641571,
        423.74945068359375,
        451.9573669433594,
        0.862956166267395,
        381.8982238769531,
        476.57574462890625,
        0.5275629162788391,
        431.1349792480469,
        486.423095703125,
        0.8716779947280884,
        381.8982238769531,
        479.0375671386719,
        0.7530779242515564,
        406.5166015625,
        479.0375671386719,
        0.7543790936470032,
        391.7455749511719,
        528.2743530273438,
        0.869774341583252,
        426.2113037109375,
        530.7361450195312,
        0.8481663465499878,
        394.2073974609375,
        579.972900390625,
        0.8753540515899658,
        443.44415283203125,
        587.3584594726562,
        0.8603187799453735,
        364.5507287893697,
        354.2224233662639,
        101.16457570493668,
        252.09210561232067
    ],