{
    "1": [
        1455.38232421875,
        172.23715209960938,
        0.9541128873825073,
        1460.455078125,
        168.8553009033203,
        0.9569703936576843,
        1453.69140625,
        168.8553009033203,
        0.9460838437080383,
        1467.2188720703125,
        172.23715209960938,
        0.9537069201469421,
        1450.3095703125,
        172.23715209960938,
        0.9430018663406372,
        1472.2916259765625,
        194.21922302246094,
        0.928059995174408,
        1443.5457763671875,
        194.21922302246094,
        0.9263660311698914,
        1477.3643798828125,
        221.27407836914062,
        0.9351571798324585,
        1440.1639404296875,
        219.58314514160156,
        0.8975816965103149,
        1482.4371337890625,
        246.63800048828125,
        0.8766066431999207,
        1435.0911865234375,
        243.25613403320312,
        0.8472500443458557,
        1465.52783203125,
        244.9470672607422,
        0.8054510354995728,
        1445.2366943359375,
        243.25613403320312,
        0.8107191324234009,
        1465.52783203125,
        280.45654296875,
        0.8617148399353027,
        1441.8548583984375,
        280.45654296875,
        0.8600150346755981,
        1467.2188720703125,
        315.966064453125,
        0.865108847618103,
        1440.1639404296875,
        315.966064453125,
        0.8708346486091614,
        1421.4265491537694,
        155.83517966055302,
        69.60242204842484,
        173.15099167346006
    ],
    "3": [
        1084.8707275390625,
        205.26254272460938,
        0.7838563323020935,
        1086.862548828125,
        201.27894592285156,
        0.8293705582618713,
        1082.87890625,
        201.27894592285156,
        0.7605297565460205,
        1090.84619140625,
        203.27073669433594,
        0.9148207902908325,
        1072.919921875,
        203.27073669433594,
        0.8695815801620483,
        1094.8297119140625,
        219.2051544189453,
        0.927240788936615,
        1060.9691162109375,
        223.18875122070312,
        0.884435772895813,
        1094.8297119140625,
        237.13136291503906,
        0.8284595012664795,
        1054.9937744140625,
        253.06576538085938,
        0.9167082905769348,
        1080.8870849609375,
        217.21334838867188,
        0.8589783310890198,
        1056.9854736328125,
        282.9427795410156,
        0.8995321989059448,
        1090.84619140625,
        278.95916748046875,
        0.804509699344635,
        1068.936279296875,
        280.95098876953125,
        0.8282362222671509,
        1098.8133544921875,
        322.77880859375,
        0.877259373664856,
        1064.9527587890625,
        324.7705993652344,
        0.880579948425293,
        1102.7969970703125,
        364.60662841796875,
        0.8760918378829956,
        1064.9527587890625,
        362.61480712890625,
        0.8798220157623291,
        1038.720709190524,
        177.97484219769106,
        82.34102660223266,
        203.96049581666395
    ],
    "14": [
        1318.197998046875,
        154.83200073242188,
        0.8247830271720886,
        1322.4539794921875,
        151.99462890625,
        0.8503714799880981,
        1316.779296875,
        151.99462890625,
        0.8444217443466187,
        1328.1287841796875,
        154.83200073242188,
        0.9057409167289734,
        1313.94189453125,
        154.83200073242188,
        0.8527079820632935,
        1338.0595703125,
        167.60018920898438,
        0.8855345249176025,
        1312.523193359375,
        170.43756103515625,
        0.918836772441864,
        1345.1529541015625,
        188.88046264648438,
        0.8700970411300659,
        1308.2672119140625,
        188.88046264648438,
        0.879933774471283,
        1326.7100830078125,
        197.392578125,
        0.8516896963119507,
        1315.360595703125,
        197.392578125,
        0.8002135157585144,
        1333.803466796875,
        212.99813842773438,
        0.7851294279098511,
        1316.779296875,
        212.99813842773438,
        0.8246650099754333,
        1328.1287841796875,
        242.79052734375,
        0.8692302107810974,
        1319.61669921875,
        242.79052734375,
        0.8971601128578186,
        1328.1287841796875,
        271.16424560546875,
        0.8472466468811035,
        1322.4539794921875,
        269.7455749511719,
        0.8228102922439575,
        1296.8441013484376,
        138.23331932569758,
        58.31323358490704,
        145.2735645632296
    ],
    "9": [
        318.4996337890625,
        305.95361328125,
        0.9069349765777588,
        316.2059020996094,
        301.36614990234375,
        0.6373721957206726,
        318.4996337890625,
        303.6598815917969,
        0.9313855767250061,
        288.68115234375,
        305.95361328125,
        0.8991234302520752,
        311.6184387207031,
        305.95361328125,
        0.9892504215240479,
        274.91876220703125,
        328.8908996582031,
        0.8318922519683838,
        309.32470703125,
        338.0658264160156,
        0.8731117844581604,
        263.45013427734375,
        365.590576171875,
        0.7061730027198792,
        320.7933654785156,
        377.0592041015625,
        0.8846285939216614,
        265.7438659667969,
        397.7027893066406,
        0.5251085758209229,
        336.8494567871094,
        406.877685546875,
        0.9311332702636719,
        265.7438659667969,
        404.5839538574219,
        0.8097884058952332,
        293.26861572265625,
        406.877685546875,
        0.7724209427833557,
        274.91876220703125,
        450.45855712890625,
        0.9035497903823853,
        307.0309753417969,
        452.7522888183594,
        0.8811573386192322,
        272.6250305175781,
        496.3331298828125,
        0.9065307378768921,
        311.6184387207031,
        503.2143249511719,
        0.878769040107727,
        247.6120314649315,
        283.7044562221828,
        93.60687765523889,
        234.87783401039258
    ],
    "10": [
        428.44549560546875,
        380.8575134277344,
        0.8069438934326172,
        425.97998046875,
        375.926513671875,
        0.638195276260376,
        428.44549560546875,
        378.3919982910156,
        0.7873231172561646,
        401.3249816894531,
        375.926513671875,
        0.9194292426109314,
        425.97998046875,
        380.8575134277344,
        0.9478421211242676,
        384.06646728515625,
        403.0470275878906,
        0.9064676761627197,
        418.58349609375,
        410.4435119628906,
        0.9062764644622803,
        374.2044677734375,
        442.4950256347656,
        0.8080810904502869,
        418.58349609375,
        452.3570251464844,
        0.8843597173690796,
        388.9974670410156,
        467.1500549316406,
        0.4135454297065735,
        433.3764953613281,
        486.8740539550781,
        0.862135648727417,
        379.1354675292969,
        479.4775390625,
        0.7746720314025879,
        403.7904968261719,
        479.4775390625,
        0.7428064346313477,
        388.9974670410156,
        528.78759765625,
        0.8509776592254639,
        428.44549560546875,
        526.3220825195312,
        0.8143903613090515,
        393.928466796875,
        580.5631103515625,
        0.8823544979095459,
        443.2384948730469,
        583.0286254882812,
        0.8708515763282776,
        361.3518224244191,
        349.54566205645267,
        102.13581012856508,
        252.4672949532079
    ],