{
    "1": [
        1450.5264892578125,
        172.1720428466797,
        0.9437675476074219,
        1455.5740966796875,
        168.8070068359375,
        0.9306870102882385,
        1448.843994140625,
        168.8070068359375,
        0.9414380788803101,
        1462.30419921875,
        173.85455322265625,
        0.9292653799057007,
        1445.47900390625,
        172.1720428466797,
        0.9332155585289001,
        1467.3516845703125,
        194.04476928710938,
        0.8980172872543335,
        1440.431396484375,
        194.04476928710938,
        0.9370108246803284,
        1472.3992919921875,
        220.96505737304688,
        0.9422743916511536,
        1437.06640625,
        219.2825469970703,
        0.8927546739578247,
        1480.8118896484375,
        246.2028350830078,
        0.8993333578109741,
        1432.018798828125,
        244.5203094482422,
        0.862121045589447,
        1460.62158203125,
        246.2028350830078,
        0.7835791110992432,
        1440.431396484375,
        244.5203094482422,
        0.8073148131370544,
        1462.30419921875,
        279.8531799316406,
        0.8493484258651733,
        1440.431396484375,
        281.53570556640625,
        0.8586657643318176,
        1465.669189453125,
        313.5035400390625,
        0.8683032989501953,
        1440.431396484375,
        315.1860656738281,
        0.8896679878234863,
        1418.1358737179144,
        155.85162938805402,
        69.82882365790215,
        172.28980494660775
    ],
    "3": [
        1089.932373046875,
        204.03985595703125,
        0.8837462067604065,
        1093.8115234375,
        202.1002960205078,
        0.92359858751297,
        1087.9927978515625,
        200.1607208251953,
        0.8882619738578796,
        1097.690673828125,
        204.03985595703125,
        0.9137891530990601,
        1080.234619140625,
        202.1002960205078,
        0.9095491766929626,
        1101.56982421875,
        219.5564422607422,
        0.9420163035392761,
        1068.59716796875,
        223.4355926513672,
        0.9064556360244751,
        1101.56982421875,
        238.95216369628906,
        0.874221920967102,
        1062.7784423828125,
        252.5291748046875,
        0.8986432552337646,
        1084.11376953125,
        219.5564422607422,
        0.9054672718048096,
        1064.718017578125,
        283.5623474121094,
        0.8893652558326721,
        1095.7510986328125,
        279.6831970214844,
        0.7983664274215698,
        1074.4158935546875,
        281.6227722167969,
        0.7919490337371826,
        1101.56982421875,
        322.3537902832031,
        0.8579621911048889,
        1068.59716796875,
        324.2933654785156,
        0.8564064502716064,
        1103.5093994140625,
        365.0243835449219,
        0.8587103486061096,
        1064.718017578125,
        363.0848083496094,
        0.899733304977417,
        1045.005671407436,
        179.40726437910996,
        80.15558755066786,
        198.612261376192
    ],
    "9": [
        319.62066650390625,
        307.7710266113281,
        0.9240514636039734,
        317.3628845214844,
        303.25543212890625,
        0.6670200228691101,
        317.3628845214844,
        305.51324462890625,
        0.9218430519104004,
        290.26934814453125,
        307.7710266113281,
        0.8858463168144226,
        312.8472900390625,
        307.7710266113281,
        0.9981579184532166,
        276.72259521484375,
        332.60675048828125,
        0.8665459156036377,
        308.3316955566406,
        339.3801574707031,
        0.872413158416748,
        265.4336242675781,
        364.21588134765625,
        0.7037943601608276,
        317.3628845214844,
        380.02044677734375,
        0.8784970641136169,
        265.4336242675781,
        398.0827941894531,
        0.4158751368522644,
        328.65185546875,
        411.6295471191406,
        0.9119250774383545,
        263.1758117675781,
        404.8561706542969,
        0.7814573049545288,
        290.26934814453125,
        404.8561706542969,
        0.7622231245040894,
        274.46478271484375,
        450.0120544433594,
        0.887362003326416,
        310.5894775390625,
        450.0120544433594,
        0.8931972980499268,
        274.46478271484375,
        495.1679382324219,
        0.8643383979797363,
        312.8472900390625,
        504.1991271972656,
        0.8680059909820557,
        247.47543953912057,
        285.8704233009317,
        92.3612149397587,
        231.19814391686685
    ],
    "2": [
        957.5555419921875,
        202.97647094726562,
        0.9290235042572021,
        961.4012451171875,
        199.13076782226562,
        0.8948266506195068,
        953.7098388671875,
        199.13076782226562,
        0.9165597558021545,
        965.2470092773438,
        202.97647094726562,
        0.8942843675613403,
        946.0184326171875,
        202.97647094726562,
        0.9094160795211792,
        971.0155639648438,
        226.05076599121094,
        0.8852310180664062,
        938.3269653320312,
        224.12791442871094,
        0.8766881227493286,
        978.7069702148438,
        249.1250457763672,
        0.8892696499824524,
        913.329833984375,
        226.05076599121094,
        0.5666779279708862,
        969.0927124023438,
        237.58790588378906,
        0.7141193747520447,
        892.1784057617188,
        204.8993377685547,
        0.46016404032707214,
        963.3240966796875,
        283.7364807128906,
        0.8383570313453674,
        944.0955810546875,
        283.7364807128906,
        0.8262409567832947,
        971.0155639648438,
        324.1164855957031,
        0.8675130605697632,
        942.1727294921875,
        326.0393371582031,
        0.8551615476608276,
        980.6298217773438,
        366.4193420410156,
        0.8662867546081543,
        940.2498168945312,
        362.5736389160156,
        0.9016544818878174,
        913.8253479590634,
        184.32477263365166,
        77.84602713100196,
        196.90054904104016
    ],
    "14": [
        1315.656982421875,
        154.05770874023438,
        0.7935760021209717,
        1318.480712890625,
        151.23394775390625,
        0.7629424333572388,
        1314.2451171875,
        151.23394775390625,
        0.8185712099075317,
        1325.5401611328125,
        154.05770874023438,
        0.8425217866897583,
        1314.2451171875,
        154.05770874023438,
        0.7658542990684509,
        1336.835205078125,
        168.176513671875,
        0.8616785407066345,
        1311.42138671875,
        171.00027465820312,
        0.9040897488594055,
        1343.8946533203125,
        187.94284057617188,
        0.8774370551109314,
        1307.1856689453125,
        189.35470581054688,
        0.882356584072113,
        1325.5401611328125,
        199.23788452148438,
        0.8292067050933838,
        1315.656982421875,
        199.23788452148438,
        0.8299658894538879,
        1332.599609375,
        211.94479370117188,
        0.7830385565757751,
        1315.656982421875,
        211.94479370117188,
        0.8259759545326233,
        1325.5401611328125,
        243.00616455078125,
        0.8279197812080383,
        1319.8927001953125,
        241.59429931640625,
        0.8766809701919556,
        1321.3045654296875,
        271.2437744140625,
        0.804235577583313,
        1324.1282958984375,
        268.4200134277344,
        0.7278254628181458,
        1295.7962333072426,
        138.9505557469978,
        58.07609116161393,
        144.5766216405217
    ],