{
    "1": [
        1449.5306396484375,
        172.6009979248047,
        0.9466537833213806,
        1454.5596923828125,
        169.24835205078125,
        0.923102080821991,
        1446.1781005859375,
        169.24835205078125,
        0.9359525442123413,
        1461.264892578125,
        174.27731323242188,
        0.909087061882019,
        1444.501708984375,
        172.6009979248047,
        0.9180686473846436,
        1466.2938232421875,
        194.39312744140625,
        0.8820307850837708,
        1439.4727783203125,
        194.39312744140625,
        0.9421185851097107,
        1471.3228759765625,
        221.21420288085938,
        0.9228189587593079,
        1434.44384765625,
        219.5378875732422,
        0.8911020159721375,
        1479.7044677734375,
        244.6826629638672,
        0.8958160877227783,
        1431.0911865234375,
        244.6826629638672,
        0.8660293817520142,
        1459.588623046875,
        244.6826629638672,
        0.7890828847885132,
        1439.4727783203125,
        244.6826629638672,
        0.8054283261299133,
        1461.264892578125,
        279.8853454589844,
        0.872137725353241,
        1439.4727783203125,
        281.5616455078125,
        0.8474817276000977,
        1466.2938232421875,
        313.41168212890625,
        0.8675358891487122,
        1439.4727783203125,
        315.0880126953125,
        0.8667625784873962,
        1417.216296825306,
        156.34074491306149,
        69.65767093730983,
        171.65487257969346
    ],
    "3": [
        1091.0601806640625,
        206.3282012939453,
        0.9262011051177979,
        1094.9222412109375,
        202.4661865234375,
        0.9312285780906677,
        1089.129150390625,
        200.53517150878906,
        0.919771671295166,
        1100.7152099609375,
        204.39720153808594,
        0.9089846611022949,
        1081.4051513671875,
        200.53517150878906,
        0.9432809948921204,
        1102.646240234375,
        221.77630615234375,
        0.9597902297973633,
        1069.819091796875,
        223.70730590820312,
        0.8918188214302063,
        1104.5772705078125,
        241.08642578125,
        0.8783627152442932,
        1064.0260009765625,
        252.6724853515625,
        0.8738631010055542,
        1087.1981201171875,
        223.70730590820312,
        0.763049840927124,
        1065.95703125,
        283.56866455078125,
        0.8982667326927185,
        1096.853271484375,
        281.6376647949219,
        0.814651370048523,
        1075.612060546875,
        281.6376647949219,
        0.7911463379859924,
        1102.646240234375,
        324.11993408203125,
        0.8416838645935059,
        1069.819091796875,
        324.11993408203125,
        0.8637638688087463,
        1104.5772705078125,
        362.74017333984375,
        0.7711247205734253,
        1065.95703125,
        362.74017333984375,
        0.8959819078445435,
        1046.3987175143873,
        179.87333905354137,
        79.66783156374368,
        197.73559955410326
    ],
    "2": [
        955.094970703125,
        202.8531494140625,
        0.9087480902671814,
        958.857177734375,
        199.0909423828125,
        0.9075377583503723,
        951.332763671875,
        199.0909423828125,
        0.9213324189186096,
        962.619384765625,
        204.7342529296875,
        0.890590250492096,
        943.808349609375,
        202.8531494140625,
        0.916541576385498,
        968.2626953125,
        227.30751037597656,
        0.8785045742988586,
        936.283935546875,
        223.54530334472656,
        0.8692336082458496,
        981.430419921875,
        249.88075256347656,
        0.8964260220527649,
        911.82958984375,
        225.42640686035156,
        0.5774880647659302,
        966.381591796875,
        236.71302795410156,
        0.7515896558761597,
        894.899658203125,
        208.4964599609375,
        0.5063751339912415,
        962.619384765625,
        283.7406311035156,
        0.8231279850006104,
        943.808349609375,
        281.8595275878906,
        0.8090631365776062,
        968.2626953125,
        325.1249084472656,
        0.8537755608558655,
        940.046142578125,
        325.1249084472656,
        0.8644548654556274,
        981.430419921875,
        366.50921630859375,
        0.8386358618736267,
        940.046142578125,
        362.74700927734375,
        0.902611494064331,
        914.0400842276439,
        188.36863223838048,
        76.46644432771609,
        192.62510621363373
    ],
    "13": [
        1135.1700439453125,
        102.59571838378906,
        0.8838246464729309,
        1137.6031494140625,
        101.37915802001953,
        0.840901792049408,
        1135.1700439453125,
        100.16259765625,
        0.8969223499298096,
        1143.6859130859375,
        103.81227111816406,
        0.8721962571144104,
        1135.1700439453125,
        102.59571838378906,
        0.6600669622421265,
        1146.1190185546875,
        117.19441223144531,
        0.842225193977356,
        1135.1700439453125,
        117.19441223144531,
        0.9234907627105713,
        1150.9852294921875,
        117.19441223144531,
        0.7613615989685059,
        1127.8707275390625,
        119.62752532958984,
        0.9070751667022705,
        1147.3355712890625,
        103.81227111816406,
        0.8242997527122498,
        1120.5712890625,
        113.54473876953125,
        0.8374072313308716,
        1141.2528076171875,
        156.124267578125,
        0.7866346836090088,
        1133.9534912109375,
        156.124267578125,
        0.7619581818580627,
        1129.0872802734375,
        185.3216552734375,
        0.7965619564056396,
        1135.1700439453125,
        182.88853454589844,
        0.8075740933418274,
        1136.3865966796875,
        216.9521484375,
        0.8230025768280029,
        1146.1190185546875,
        204.7865753173828,
        0.7802812457084656,
        1113.1781483766315,
        99.31107500253572,
        50.06654537706845,
        124.57538379918549
    ],
    "14": [
        1315.416748046875,
        155.5432891845703,
        0.8091434836387634,
        1318.247314453125,
        152.71267700195312,
        0.7777355909347534,
        1314.0013427734375,
        152.71267700195312,
        0.8405644297599792,
        1325.3238525390625,
        154.12799072265625,
        0.8164123892784119,
        1314.0013427734375,
        154.12799072265625,
        0.7813794612884521,
        1336.6463623046875,
        168.28106689453125,
        0.8591897487640381,
        1311.1707763671875,
        171.1116943359375,
        0.8980986475944519,
        1343.722900390625,
        189.5106964111328,
        0.8756905794143677,
        1306.9248046875,
        189.5106964111328,
        0.8743467330932617,
        1325.3238525390625,
        199.41786193847656,
        0.8370471000671387,
        1315.416748046875,
        199.41786193847656,
        0.8073581457138062,
        1332.400390625,
        212.1556396484375,
        0.7839320302009583,
        1315.416748046875,
        212.1556396484375,
        0.8257791996002197,
        1325.3238525390625,
        241.8771209716797,
        0.8068096041679382,
        1319.66259765625,
        241.8771209716797,
        0.8528183102607727,
        1319.66259765625,
        270.18328857421875,
        0.7850826978683472,
        1325.3238525390625,
        267.3526611328125,
        0.7741968631744385,
        1295.5198582822081,
        138.98417753914316,
        58.1926575313787,
        144.92761992713304
    ],