{
    "1": [
        1448.8804931640625,
        172.5745391845703,
        0.9450441598892212,
        1453.9005126953125,
        169.22781372070312,
        0.9185599684715271,
        1445.53369140625,
        169.22781372070312,
        0.9430239200592041,
        1460.593994140625,
        174.24789428710938,
        0.9017125368118286,
        1442.18701171875,
        172.5745391845703,
        0.9183067679405212,
        1465.614013671875,
        194.32821655273438,
        0.8894356489181519,
        1437.1669921875,
        194.32821655273438,
        0.9418660402297974,
        1470.6341552734375,
        221.1019744873047,
        0.9191663265228271,
        1433.8201904296875,
        221.1019744873047,
        0.905280590057373,
        1477.32763671875,
        244.52902221679688,
        0.9006562829017639,
        1430.4735107421875,
        244.52902221679688,
        0.8775268197059631,
        1458.920654296875,
        244.52902221679688,
        0.7840018272399902,
        1438.84033203125,
        244.52902221679688,
        0.803200900554657,
        1460.593994140625,
        279.6695861816406,
        0.8806295990943909,
        1438.84033203125,
        281.34295654296875,
        0.847098171710968,
        1465.614013671875,
        313.13677978515625,
        0.8691818118095398,
        1440.513671875,
        316.4835205078125,
        0.8942766189575195,
        1416.5823595746635,
        156.34290069314534,
        69.6162404940053,
        171.35215960876127
    ],
    "3": [
        1092.4010009765625,
        206.56570434570312,
        0.9228663444519043,
        1098.209716796875,
        202.6931915283203,
        0.9289354085922241,
        1090.4647216796875,
        200.75692749023438,
        0.9301012754440308,
        1102.082275390625,
        204.6294403076172,
        0.9321930408477783,
        1084.6558837890625,
        200.75692749023438,
        0.9408549070358276,
        1105.9547119140625,
        222.05577087402344,
        0.9486260414123535,
        1073.038330078125,
        223.99203491210938,
        0.8819579482078552,
        1107.8909912109375,
        243.35462951660156,
        0.8544105291366577,
        1067.2296142578125,
        253.03591918945312,
        0.8610328435897827,
        1092.4010009765625,
        227.8645477294922,
        0.8129475712776184,
        1069.1658935546875,
        284.01605224609375,
        0.8965989351272583,
        1100.14599609375,
        282.0798034667969,
        0.8101258873939514,
        1078.84716796875,
        282.0798034667969,
        0.8033466935157776,
        1105.9547119140625,
        322.7412414550781,
        0.8642421960830688,
        1071.10205078125,
        324.677490234375,
        0.8617085218429565,
        1105.9547119140625,
        359.5301513671875,
        0.7184376120567322,
        1065.2933349609375,
        363.4026794433594,
        0.8509440422058105,
        1047.5933412052839,
        180.03895818521084,
        79.93391428423752,
        198.27290576498012
    ],
    "2": [
        954.4647827148438,
        204.3628692626953,
        0.9002295136451721,
        956.314208984375,
        200.6640625,
        0.9106453061103821,
        950.7659912109375,
        200.6640625,
        0.9123129844665527,
        960.0130004882812,
        204.3628692626953,
        0.866385281085968,
        943.3683471679688,
        202.5134735107422,
        0.8922886252403259,
        967.41064453125,
        226.55575561523438,
        0.9085648655891418,
        934.121337890625,
        224.7063446044922,
        0.8675456047058105,
        982.2058715820312,
        250.59803771972656,
        0.9687668085098267,
        911.928466796875,
        232.10397338867188,
        0.7356717586517334,
        965.5612182617188,
        239.50160217285156,
        0.8297481536865234,
        897.1331787109375,
        211.760498046875,
        0.4511847496032715,
        961.8624267578125,
        283.8873596191406,
        0.8346120119094849,
        941.5189208984375,
        282.0379638671875,
        0.8158785700798035,
        967.41064453125,
        324.5743103027344,
        0.8762845396995544,
        939.6695556640625,
        326.4237060546875,
        0.86367267370224,
        980.3564453125,
        365.2612609863281,
        0.8685930967330933,
        941.5189208984375,
        363.4118347167969,
        0.8934858441352844,
        913.8947948235245,
        191.97186826823236,
        75.59160382222422,
        189.37921118794463
    ],
    "14": [
        1314.9736328125,
        155.50392150878906,
        0.8073465824127197,
        1316.390625,
        152.67001342773438,
        0.774138331413269,
        1313.556640625,
        152.67001342773438,
        0.8276773691177368,
        1324.892333984375,
        154.0869598388672,
        0.830206036567688,
        1313.556640625,
        154.0869598388672,
        0.7494332194328308,
        1336.2279052734375,
        168.25650024414062,
        0.8691705465316772,
        1312.1397705078125,
        171.0904083251953,
        0.8989053964614868,
        1343.312744140625,
        189.5108184814453,
        0.8740251660346985,
        1306.471923828125,
        189.5108184814453,
        0.8688095211982727,
        1324.892333984375,
        199.4294891357422,
        0.8407686352729797,
        1313.556640625,
        198.01254272460938,
        0.8203945755958557,
        1331.97705078125,
        212.1820831298828,
        0.7790448665618896,
        1314.9736328125,
        212.1820831298828,
        0.8223716020584106,
        1324.892333984375,
        241.9381103515625,
        0.8134837746620178,
        1319.2244873046875,
        241.9381103515625,
        0.855969250202179,
        1316.390625,
        270.2771911621094,
        0.7781565189361572,
        1324.892333984375,
        266.0263366699219,
        0.7791270613670349,
        1295.0440497731665,
        138.92561015046903,
        58.27966414632283,
        145.09597964405026
    ],
    "10": [
        432.512939453125,
        381.66278076171875,
        0.7817978858947754,
        430.0957336425781,
        376.8283386230469,
        0.6191551089286804,
        432.512939453125,
        376.8283386230469,
        0.8002626895904541,
        405.92352294921875,
        374.4111328125,
        0.9258850812911987,
        427.6784973144531,
        381.66278076171875,
        0.9409250617027283,
        389.0030212402344,
        401.0005187988281,
        0.9129098653793335,
        420.4268493652344,
        410.6694030761719,
        0.9027172327041626,
        379.3341369628906,
        442.0932312011719,
        0.7112283706665039,
        420.4268493652344,
        451.7621154785156,
        0.8249658942222595,
        418.0096435546875,
        471.099853515625,
        0.5017326474189758,
        437.3473815917969,
        480.76873779296875,
        0.879101574420929,
        376.9169006347656,
        478.3515319824219,
        0.7981323599815369,
        401.089111328125,
        480.76873779296875,
        0.7581401467323303,
        391.42022705078125,
        524.2786865234375,
        0.8759271502494812,
        434.9301452636719,
        524.2786865234375,
        0.8759450316429138,
        396.2546691894531,
        577.4574584960938,
        0.8974353075027466,
        442.18182373046875,
        577.4574584960938,
        0.8706617951393127,
        361.41989805676513,
        348.5469043924678,
        101.09334997875902,
        247.5231059090221
    ],