{
    "1": [
        1447.9288330078125,
        172.09780883789062,
        0.9457147121429443,
        1451.2755126953125,
        168.7511749267578,
        0.9137970805168152,
        1444.582275390625,
        168.7511749267578,
        0.9485570192337036,
        1457.96875,
        173.77113342285156,
        0.9060834646224976,
        1441.235595703125,
        172.09780883789062,
        0.9232960343360901,
        1464.662109375,
        193.8509979248047,
        0.8906398415565491,
        1436.215576171875,
        195.52432250976562,
        0.9320564866065979,
        1469.6820068359375,
        220.62416076660156,
        0.9225814342498779,
        1432.8690185546875,
        220.62416076660156,
        0.920195460319519,
        1476.3753662109375,
        245.72398376464844,
        0.8806766271591187,
        1429.5223388671875,
        245.72398376464844,
        0.8856713175773621,
        1457.96875,
        244.0506591796875,
        0.7812967896461487,
        1439.562255859375,
        244.0506591796875,
        0.8000569343566895,
        1459.64208984375,
        279.1904296875,
        0.8764839172363281,
        1437.888916015625,
        280.8637390136719,
        0.8360890746116638,
        1464.662109375,
        312.6568603515625,
        0.8532773852348328,
        1441.235595703125,
        316.0035095214844,
        0.8906870484352112,
        1415.614651381439,
        155.86664505468372,
        69.64842618465173,
        171.34806742737715
    ],
    "3": [
        1093.388427734375,
        204.9824981689453,
        0.9206619262695312,
        1099.22021484375,
        203.03857421875,
        0.9325551390647888,
        1091.4444580078125,
        201.09463500976562,
        0.9345856308937073,
        1103.1080322265625,
        203.03857421875,
        0.9251145124435425,
        1085.6126708984375,
        201.09463500976562,
        0.928204357624054,
        1108.9398193359375,
        222.4778289794922,
        0.9413068294525146,
        1075.89306640625,
        224.4217529296875,
        0.887830913066864,
        1110.8836669921875,
        247.7488555908203,
        0.8583117127418518,
        1068.1173095703125,
        253.5806427001953,
        0.9012818336486816,
        1093.388427734375,
        228.30960083007812,
        0.8024898171424866,
        1072.0052490234375,
        284.6834411621094,
        0.8941301107406616,
        1101.1640625,
        280.79559326171875,
        0.8049427270889282,
        1081.724853515625,
        280.79559326171875,
        0.8138364553451538,
        1106.995849609375,
        323.5619812011719,
        0.8882911801338196,
        1072.0052490234375,
        323.5619812011719,
        0.8741003274917603,
        1108.9398193359375,
        360.4965515136719,
        0.6966899633407593,
        1066.1734619140625,
        364.3843994140625,
        0.8748463988304138,
        1048.4330119214485,
        180.29465370561803,
        80.19116353895743,
        199.0579683985273
    ],
    "14": [
        1314.4439697265625,
        155.58697509765625,
        0.8364506959915161,
        1317.2828369140625,
        152.74813842773438,
        0.8143919706344604,
        1314.4439697265625,
        152.74813842773438,
        0.852331817150116,
        1324.3798828125,
        154.1675567626953,
        0.8446279764175415,
        1313.0245361328125,
        154.1675567626953,
        0.7755575776100159,
        1335.7352294921875,
        168.36172485351562,
        0.8734241127967834,
        1311.6051025390625,
        171.20054626464844,
        0.917002260684967,
        1342.832275390625,
        189.6529541015625,
        0.86873859167099,
        1307.346923828125,
        189.6529541015625,
        0.8718277812004089,
        1324.3798828125,
        198.16944885253906,
        0.845099687576294,
        1313.0245361328125,
        198.16944885253906,
        0.834286093711853,
        1331.4769287109375,
        212.3636016845703,
        0.7863785624504089,
        1315.8634033203125,
        212.3636016845703,
        0.8293358683586121,
        1324.3798828125,
        242.1713409423828,
        0.8424115777015686,
        1318.7022705078125,
        242.1713409423828,
        0.8556486964225769,
        1315.8634033203125,
        270.5596618652344,
        0.8115223050117493,
        1324.3798828125,
        266.3014221191406,
        0.8012626767158508,
        1294.4583892788821,
        138.97975565490657,
        58.42354200712043,
        145.3482793664819
    ],
    "2": [
        953.6567993164062,
        204.87387084960938,
        0.9145514369010925,
        955.5230102539062,
        201.14146423339844,
        0.9146572947502136,
        949.9243774414062,
        201.14146423339844,
        0.9258086681365967,
        959.2554321289062,
        204.87387084960938,
        0.8607470989227295,
        942.4595336914062,
        204.87387084960938,
        0.9140598773956299,
        964.85400390625,
        227.26832580566406,
        0.9156497120857239,
        933.1285400390625,
        225.40213012695312,
        0.8744186162948608,
        981.6498413085938,
        249.66278076171875,
        0.9191449284553528,
        910.7340698242188,
        231.000732421875,
        0.6150475740432739,
        968.58642578125,
        238.46556091308594,
        0.8116427063941956,
        895.804443359375,
        208.6062774658203,
        0.3325940668582916,
        961.12158203125,
        283.25445556640625,
        0.8287872076034546,
        940.5933837890625,
        283.25445556640625,
        0.8304466009140015,
        964.85400390625,
        324.31097412109375,
        0.8986601233482361,
        938.7271728515625,
        324.31097412109375,
        0.8567046523094177,
        979.7836303710938,
        365.3674621582031,
        0.86446213722229,
        940.5933837890625,
        361.63507080078125,
        0.8801272511482239,
        912.6222191614884,
        190.50406858164274,
        76.47052799050061,
        191.0993951232757
    ],
    "9": [
        317.51715087890625,
        311.80474853515625,
        0.9094515442848206,
        315.2769775390625,
        305.0842590332031,
        0.6890005469322205,
        315.2769775390625,
        307.3244323730469,
        0.9526754021644592,
        290.6351318359375,
        311.80474853515625,
        0.8901423215866089,
        310.796630859375,
        311.80474853515625,
        0.9710089564323425,
        279.4342956542969,
        334.2064208984375,
        0.9133505821228027,
        308.5564880371094,
        343.1670837402344,
        0.8747067451477051,
        279.4342956542969,
        372.28924560546875,
        0.4749038815498352,
        313.03680419921875,
        381.2499084472656,
        0.8627499341964722,
        304.0761413574219,
        410.3720703125,
        0.3075306713581085,
        321.9974670410156,
        414.8524169921875,
        0.9721627235412598,
        261.5129699707031,
        405.8917541503906,
        0.7812204360961914,
        286.1548156738281,
        408.13189697265625,
        0.7610533833503723,
        277.19415283203125,
        450.695068359375,
        0.8673630952835083,
        315.2769775390625,
        450.695068359375,
        0.9232096672058105,
        274.9539794921875,
        495.4983825683594,
        0.8490171432495117,
        313.03680419921875,
        502.2189025878906,
        0.8828365206718445,
        248.14932830993877,
        287.83498823375993,
        91.69214625425172,
        229.39303395377254
    ],