{
    "1": [
        1445.5023193359375,
        171.84388732910156,
        0.9169155955314636,
        1450.5609130859375,
        168.47149658203125,
        0.9073785543441772,
        1443.816162109375,
        168.47149658203125,
        0.9210808277130127,
        1457.3056640625,
        173.53009033203125,
        0.9268887042999268,
        1440.4437255859375,
        171.84388732910156,
        0.9019314646720886,
        1464.0504150390625,
        193.76443481445312,
        0.9091994166374207,
        1435.3851318359375,
        193.76443481445312,
        0.9348495006561279,
        1467.4228515625,
        220.74356079101562,
        0.9073852896690369,
        1432.0128173828125,
        219.05735778808594,
        0.8932915925979614,
        1470.7952880859375,
        246.03648376464844,
        0.9050849080085754,
        1426.9542236328125,
        244.3502960205078,
        0.8606856465339661,
        1457.3056640625,
        244.3502960205078,
        0.7879127860069275,
        1437.0712890625,
        244.3502960205078,
        0.8107700943946838,
        1458.991943359375,
        279.7604064941406,
        0.8654521107673645,
        1438.757568359375,
        281.44659423828125,
        0.8527889847755432,
        1462.3642578125,
        315.1705017089844,
        0.8653334379196167,
        1440.4437255859375,
        315.1705017089844,
        0.8610883355140686,
        1413.0083100601223,
        155.48778306194436,
        70.04670373573617,
        172.66642110262796
    ],
    "3": [
        1100.4830322265625,
        206.33160400390625,
        0.9077571034431458,
        1106.268310546875,
        202.47474670410156,
        0.912143349647522,
        1098.5546875,
        202.47474670410156,
        0.9229549765586853,
        1112.0535888671875,
        204.40318298339844,
        0.943925678730011,
        1094.69775390625,
        202.47474670410156,
        0.9008246660232544,
        1117.8388671875,
        225.6158905029297,
        0.8853270411491394,
        1083.127197265625,
        223.68746948242188,
        0.9280475378036499,
        1119.767333984375,
        252.6138916015625,
        0.9485960602760315,
        1075.4134521484375,
        252.6138916015625,
        0.8899406790733337,
        1108.19677734375,
        241.04331970214844,
        0.8318203687667847,
        1077.3419189453125,
        283.46875,
        0.9030527472496033,
        1108.19677734375,
        281.5403137207031,
        0.7982063889503479,
        1086.9840087890625,
        281.5403137207031,
        0.7899528741836548,
        1112.0535888671875,
        323.96575927734375,
        0.809729814529419,
        1081.19873046875,
        323.96575927734375,
        0.8123984932899475,
        1106.268310546875,
        360.60589599609375,
        0.7334181070327759,
        1075.4134521484375,
        360.60589599609375,
        0.5846002101898193,
        1055.9656976810672,
        181.84056395125958,
        79.39253525170739,
        197.47107380060163
    ],
    "14": [
        1317.374267578125,
        157.2991485595703,
        0.8253457546234131,
        1320.19921875,
        153.0616912841797,
        0.8445806503295898,
        1315.9617919921875,
        153.0616912841797,
        0.8522876501083374,
        1325.8492431640625,
        154.47418212890625,
        0.8862237334251404,
        1313.1368408203125,
        155.8866729736328,
        0.8413920402526855,
        1334.3240966796875,
        170.0115203857422,
        0.8689066767692566,
        1311.724365234375,
        171.42401123046875,
        0.9210483431816101,
        1342.799072265625,
        191.1988067626953,
        0.8564184904098511,
        1306.074462890625,
        188.37384033203125,
        0.8451026082038879,
        1323.0242919921875,
        198.26124572753906,
        0.8612890243530273,
        1311.724365234375,
        198.26124572753906,
        0.8335971832275391,
        1330.086669921875,
        213.798583984375,
        0.7839673161506653,
        1314.54931640625,
        212.38609313964844,
        0.8209021687507629,
        1321.6116943359375,
        243.46078491210938,
        0.8622897863388062,
        1318.7867431640625,
        243.46078491210938,
        0.8462892174720764,
        1313.1368408203125,
        270.2980041503906,
        0.8087316155433655,
        1324.436767578125,
        266.060546875,
        0.7825775146484375,
        1293.2169532576645,
        139.36063531032624,
        58.20207449399072,
        144.63843632160678
    ],
    "2": [
        950.0667114257812,
        204.63636779785156,
        0.9111643433570862,
        951.9489135742188,
        200.87193298339844,
        0.9255579113960266,
        946.3023071289062,
        200.87193298339844,
        0.9329078793525696,
        955.71337890625,
        206.51856994628906,
        0.8805264234542847,
        938.7734375,
        206.51856994628906,
        0.9097294807434082,
        963.2422485351562,
        227.2229461669922,
        0.8848055601119995,
        931.2445678710938,
        225.34072875976562,
        0.8764857053756714,
        982.0643920898438,
        249.8095245361328,
        0.9108179211616516,
        916.1868286132812,
        238.5162353515625,
        0.7225849032402039,
        970.7710571289062,
        240.3984375,
        0.800464391708374,
        910.5402221679688,
        236.63401794433594,
        0.36671268939971924,
        959.477783203125,
        281.8071594238281,
        0.8281490802764893,
        940.6556396484375,
        281.8071594238281,
        0.8140829801559448,
        961.3599853515625,
        323.2159118652344,
        0.8859014511108398,
        936.8912353515625,
        323.2159118652344,
        0.8640709519386292,
        972.6533203125,
        364.6246337890625,
        0.8779541254043579,
        940.6556396484375,
        362.7424011230469,
        0.9060726761817932,
        910.5177933518883,
        188.2610942560263,
        77.21557709330773,
        192.73878182810188
    ],
    "12": [
        876.40869140625,
        437.4791564941406,
        0.41543030738830566,
        854.8770751953125,
        432.09625244140625,
        0.4649886190891266,
        873.7172241210938,
        434.7876892089844,
        0.5710365772247314,
        846.802734375,
        437.4791564941406,
        0.8986722230911255,
        876.40869140625,
        437.4791564941406,
        0.9180569052696228,
        833.345458984375,
        469.77655029296875,
        0.9193476438522339,
        889.865966796875,
        467.0851135253906,
        0.9102626442909241,
        819.8882446289062,
        510.1483154296875,
        0.9263424873352051,
        911.3975830078125,
        510.1483154296875,
        0.936843991279602,
        819.8882446289062,
        537.0628051757812,
        0.8760305643081665,
        927.5462646484375,
        539.7542724609375,
        0.9485566020011902,
        841.4198608398438,
        550.5200805664062,
        0.8034606575965881,
        876.40869140625,
        550.5200805664062,
        0.8000837564468384,
        844.1112670898438,
        593.5833129882812,
        0.8691607117652893,
        906.0146484375,
        601.6576538085938,
        0.8590364456176758,
        841.4198608398438,
        652.7952270507812,
        0.8735213279724121,
        938.3120727539062,
        660.8695678710938,
        0.8928245306015015,
        809.9663949353542,
        408.68064866518614,
        124.81022422154876,
        275.60456837771824
    ],