{
    "1": [
        1444.818603515625,
        171.58267211914062,
        0.9228157997131348,
        1449.925537109375,
        168.17803955078125,
        0.9152726531028748,
        1443.1163330078125,
        168.17803955078125,
        0.9290342330932617,
        1456.73486328125,
        173.28497314453125,
        0.9382842779159546,
        1439.711669921875,
        171.58267211914062,
        0.9098740816116333,
        1463.5440673828125,
        193.7127685546875,
        0.9216011166572571,
        1434.604736328125,
        193.7127685546875,
        0.9231938123703003,
        1466.94873046875,
        220.9498291015625,
        0.8980449438095093,
        1431.2000732421875,
        219.24752807617188,
        0.9006398916244507,
        1470.3533935546875,
        246.48458862304688,
        0.8508963584899902,
        1426.0931396484375,
        244.78225708007812,
        0.86725252866745,
        1456.73486328125,
        243.0799560546875,
        0.7900201082229614,
        1438.00927734375,
        243.0799560546875,
        0.8209854960441589,
        1458.4371337890625,
        280.5309143066406,
        0.8614296317100525,
        1438.00927734375,
        280.5309143066406,
        0.8430696129798889,
        1461.841796875,
        316.279541015625,
        0.8691312074661255,
        1441.4139404296875,
        314.5772399902344,
        0.856834888458252,
        1412.0601131555245,
        155.07023633283924,
        70.6239223150069,
        174.3171390449709
    ],
    "3": [
        1102.853271484375,
        204.8265838623047,
        0.9165616631507874,
        1106.693115234375,
        202.90667724609375,
        0.9115054607391357,
        1100.933349609375,
        200.98675537109375,
        0.9211999773979187,
        1112.452880859375,
        202.90667724609375,
        0.943135142326355,
        1095.173583984375,
        200.98675537109375,
        0.8944925665855408,
        1120.132568359375,
        224.0257568359375,
        0.8805196285247803,
        1085.573974609375,
        224.0257568359375,
        0.9244484901428223,
        1123.9722900390625,
        252.8245086669922,
        0.9102951288223267,
        1077.894287109375,
        254.74441528320312,
        0.8730490803718567,
        1108.613037109375,
        241.3050079345703,
        0.8176225423812866,
        1077.894287109375,
        283.5431823730469,
        0.884172260761261,
        1112.452880859375,
        283.5431823730469,
        0.8049548268318176,
        1089.413818359375,
        283.5431823730469,
        0.7991001605987549,
        1110.532958984375,
        327.7012634277344,
        0.8154569268226624,
        1083.654052734375,
        325.7813415527344,
        0.815668523311615,
        1106.693115234375,
        364.1796875,
        0.7938703894615173,
        1074.0545654296875,
        358.419921875,
        0.7100809812545776,
        1058.5009960947093,
        182.36356474948943,
        79.104953399966,
        196.59947579843814
    ],
    "2": [
        949.73046875,
        204.87103271484375,
        0.8891534805297852,
        953.4832763671875,
        201.11819458007812,
        0.9130398035049438,
        945.9776000976562,
        201.11819458007812,
        0.920249879360199,
        955.3597412109375,
        204.87103271484375,
        0.8847230076789856,
        938.471923828125,
        204.87103271484375,
        0.9042980074882507,
        962.8654174804688,
        225.5116729736328,
        0.8829159140586853,
        930.9662475585938,
        225.5116729736328,
        0.8865295052528381,
        981.629638671875,
        249.9051513671875,
        0.9289379715919495,
        917.831298828125,
        238.64662170410156,
        0.6996289491653442,
        968.4946899414062,
        238.64662170410156,
        0.8059427738189697,
        912.2020263671875,
        238.64662170410156,
        0.5822772979736328,
        959.112548828125,
        281.8043212890625,
        0.8209290504455566,
        940.3483276367188,
        281.8043212890625,
        0.8075905442237854,
        960.9889526367188,
        323.0856018066406,
        0.8857136368751526,
        938.471923828125,
        323.0856018066406,
        0.8645163178443909,
        970.37109375,
        362.4904479980469,
        0.9119127988815308,
        940.3483276367188,
        362.4904479980469,
        0.9111005663871765,
        910.3950472169846,
        188.54614522034802,
        76.79437183813286,
        192.14560480368584
    ],
    "14": [
        1318.414306640625,
        157.2937774658203,
        0.8418770432472229,
        1321.24951171875,
        154.45855712890625,
        0.8195862770080566,
        1315.5791015625,
        153.0409393310547,
        0.8642025589942932,
        1326.9200439453125,
        154.45855712890625,
        0.8724987506866455,
        1314.1614990234375,
        155.8761749267578,
        0.8587226867675781,
        1334.008056640625,
        170.0522918701172,
        0.8681850433349609,
        1311.3262939453125,
        171.46990966796875,
        0.9161200523376465,
        1342.5137939453125,
        191.3164825439453,
        0.8544648289680481,
        1305.6558837890625,
        188.48126220703125,
        0.843716561794281,
        1322.667236328125,
        198.40455627441406,
        0.8791893124580383,
        1311.3262939453125,
        198.40455627441406,
        0.8368515968322754,
        1329.7552490234375,
        213.998291015625,
        0.7811594009399414,
        1314.1614990234375,
        212.58067321777344,
        0.8175227046012878,
        1321.24951171875,
        243.76815795898438,
        0.896342396736145,
        1318.414306640625,
        242.3505401611328,
        0.8433414101600647,
        1314.1614990234375,
        272.12042236328125,
        0.8208534717559814,
        1325.50244140625,
        265.0323486328125,
        0.7709661722183228,
        1292.7406047732077,
        139.29008814670277,
        58.435446046407606,
        145.16355783435972
    ],
    "12": [
        876.0109252929688,
        432.5779113769531,
        0.4861145615577698,
        867.886474609375,
        429.8697509765625,
        0.38064658641815186,
        873.3027954101562,
        427.1615905761719,
        0.6421381235122681,
        843.5131225585938,
        432.5779113769531,
        0.8806988596916199,
        873.3027954101562,
        432.5779113769531,
        0.9045655131340027,
        829.972412109375,
        465.07568359375,
        0.9130826592445374,
        884.1353759765625,
        462.3675537109375,
        0.903160810470581,
        813.7235107421875,
        502.9897766113281,
        0.9339441657066345,
        905.8005981445312,
        505.69793701171875,
        0.9467421174049377,
        816.431640625,
        530.0712890625,
        0.9157598614692688,
        922.0494384765625,
        532.7794189453125,
        0.9400578141212463,
        835.388671875,
        546.3201293945312,
        0.8201630711555481,
        867.886474609375,
        546.3201293945312,
        0.8016601204872131,
        840.8049926757812,
        592.3587036132812,
        0.9074540138244629,
        900.38427734375,
        597.7749633789062,
        0.8800110816955566,
        840.8049926757812,
        651.93798828125,
        0.8677191734313965,
        927.4657592773438,
        654.6461181640625,
        0.8644374012947083,
        803.9390368356942,
        403.60073615462966,
        125.18676453552598,
        277.3144022554404
    ],