{
    "1": [
        1443.908447265625,
        172.8758087158203,
        0.9364209175109863,
        1447.3477783203125,
        169.4364776611328,
        0.9259781241416931,
        1442.188720703125,
        169.4364776611328,
        0.9401962161064148,
        1455.946044921875,
        172.8758087158203,
        0.9263818264007568,
        1438.7493896484375,
        172.8758087158203,
        0.9062072038650513,
        1462.82470703125,
        193.5117645263672,
        0.9117319583892822,
        1433.5904541015625,
        193.5117645263672,
        0.9157604575157166,
        1466.2640380859375,
        221.0263671875,
        0.891838788986206,
        1428.431396484375,
        219.30670166015625,
        0.9079758524894714,
        1467.983642578125,
        248.5409698486328,
        0.8847866058349609,
        1423.2724609375,
        243.38198852539062,
        0.8857857584953308,
        1457.665771484375,
        245.10165405273438,
        0.8064152598381042,
        1437.02978515625,
        245.10165405273438,
        0.8119449615478516,
        1459.3853759765625,
        282.9342346191406,
        0.8558558821678162,
        1438.7493896484375,
        282.9342346191406,
        0.8510364890098572,
        1459.3853759765625,
        319.0471496582031,
        0.8765743970870972,
        1440.4691162109375,
        315.6078186035156,
        0.8641578555107117,
        1410.897771772064,
        154.4754104955872,
        71.18020944189902,
        176.09345865006185
    ],
    "3": [
        1106.5106201171875,
        205.4261474609375,
        0.9351993799209595,
        1110.3807373046875,
        201.5560760498047,
        0.913174033164978,
        1104.57568359375,
        201.5560760498047,
        0.9353618025779724,
        1118.120849609375,
        203.49111938476562,
        0.9455032348632812,
        1098.7705078125,
        203.49111938476562,
        0.8992261290550232,
        1125.8609619140625,
        226.71151733398438,
        0.8921741843223572,
        1089.0953369140625,
        224.77647399902344,
        0.932441234588623,
        1127.7960205078125,
        251.866943359375,
        0.840971052646637,
        1081.355224609375,
        253.80197143554688,
        0.8970226049423218,
        1108.4456787109375,
        246.0618438720703,
        0.6093584299087524,
        1077.4852294921875,
        282.8274841308594,
        0.8850263953208923,
        1116.185791015625,
        282.8274841308594,
        0.805160403251648,
        1092.9654541015625,
        282.8274841308594,
        0.8422105312347412,
        1114.2508544921875,
        327.3332214355469,
        0.8534280061721802,
        1091.0303955078125,
        325.398193359375,
        0.8685892820358276,
        1108.4456787109375,
        367.96893310546875,
        0.8144930601119995,
        1075.5501708984375,
        362.163818359375,
        0.8235538005828857,
        1061.8056932468155,
        182.78623188529994,
        79.7347209031393,
        198.14742955125618
    ],
    "2": [
        949.061767578125,
        204.49998474121094,
        0.889543890953064,
        952.8184814453125,
        200.74325561523438,
        0.9322547912597656,
        945.3049926757812,
        200.74325561523438,
        0.9200437664985657,
        954.6968383789062,
        204.49998474121094,
        0.8670204281806946,
        937.7915649414062,
        206.3783416748047,
        0.9008817672729492,
        964.088623046875,
        227.040283203125,
        0.8945492506027222,
        932.156494140625,
        225.16192626953125,
        0.8883437514305115,
        982.8721923828125,
        249.58059692382812,
        0.929399847984314,
        915.2512817382812,
        240.1887969970703,
        0.86422199010849,
        969.7236938476562,
        238.31044006347656,
        0.7876926064491272,
        909.6162109375,
        232.6753692626953,
        0.5137481093406677,
        958.4535522460938,
        283.39105224609375,
        0.8249312043190002,
        939.669921875,
        283.39105224609375,
        0.8257588744163513,
        958.4535522460938,
        324.7149353027344,
        0.8925671577453613,
        937.7915649414062,
        324.7149353027344,
        0.8296728134155273,
        964.088623046875,
        364.1604919433594,
        0.8334863781929016,
        941.5482788085938,
        362.2821350097656,
        0.9167950749397278,
        909.942351405452,
        188.15827207431028,
        76.36040440168563,
        192.34393294538552
    ],
    "14": [
        1317.73095703125,
        156.1760711669922,
        0.8422014713287354,
        1320.5821533203125,
        153.3248748779297,
        0.8425072431564331,
        1314.8797607421875,
        153.3248748779297,
        0.8784734010696411,
        1326.2845458984375,
        154.75047302246094,
        0.8820646405220032,
        1313.4541015625,
        156.1760711669922,
        0.8659372925758362,
        1333.4124755859375,
        170.4320526123047,
        0.8666356205940247,
        1310.6029052734375,
        171.85765075683594,
        0.9076576828956604,
        1341.966064453125,
        191.81602478027344,
        0.8671738505363464,
        1304.9005126953125,
        188.96482849121094,
        0.8183249831199646,
        1322.0076904296875,
        198.9440155029297,
        0.8400790095329285,
        1310.6029052734375,
        198.9440155029297,
        0.8384077548980713,
        1329.1357421875,
        214.62559509277344,
        0.7892969250679016,
        1313.4541015625,
        213.1999969482422,
        0.8035861849784851,
        1320.5821533203125,
        244.5631561279297,
        0.8987922072410583,
        1317.73095703125,
        244.5631561279297,
        0.841796338558197,
        1313.4541015625,
        273.07513427734375,
        0.7899490594863892,
        1324.85888671875,
        265.9471435546875,
        0.7382504940032959,
        1291.8866026423952,
        139.49657611424664,
        58.81665045814293,
        145.98123244769727
    ],
    "12": [
        870.0878295898438,
        421.4681396484375,
        0.5745559334754944,
        864.6007690429688,
        418.7246398925781,
        0.4328439235687256,
        867.3442993164062,
        415.9811096191406,
        0.6964560151100159,
        837.16552734375,
        421.4681396484375,
        0.8768004179000854,
        867.3442993164062,
        421.4681396484375,
        0.893639862537384,
        823.4478759765625,
        451.64691162109375,
        0.9383541345596313,
        875.5748291015625,
        451.64691162109375,
        0.8772032856941223,
        804.2432250976562,
        490.0562438964844,
        0.9411590695381165,
        897.5230102539062,
        492.7997741699219,
        0.9421773552894592,
        809.7302856445312,
        517.4915161132812,
        0.935114860534668,
        913.9841918945312,
        522.978515625,
        0.9817665815353394,
        826.19140625,
        533.95263671875,
        0.8144317269325256,
        859.1137084960938,
        533.95263671875,
        0.8145983815193176,
        834.4219970703125,
        586.07958984375,
        0.8935369253158569,
        886.5489501953125,
        588.8231201171875,
        0.8804185390472412,
        837.16552734375,
        646.4371337890625,
        0.8995639085769653,
        903.0100708007812,
        649.1806640625,
        0.8481593132019043,
        794.6522902225205,
        392.11245447861506,
        126.17924612101945,
        280.9368461083345
    ],