{
    "1": [
        1441.75048828125,
        172.384033203125,
        0.9291791915893555,
        1446.9229736328125,
        168.93565368652344,
        0.9289528131484985,
        1440.0262451171875,
        168.93565368652344,
        0.9401167631149292,
        1453.81982421875,
        172.384033203125,
        0.8986191153526306,
        1438.302001953125,
        172.384033203125,
        0.8724467158317566,
        1462.440673828125,
        193.07431030273438,
        0.9123095870018005,
        1433.1295166015625,
        193.07431030273438,
        0.916396975517273,
        1464.1649169921875,
        220.66134643554688,
        0.8914604783058167,
        1427.9569091796875,
        218.93714904785156,
        0.9067105054855347,
        1467.61328125,
        248.24838256835938,
        0.9103765487670898,
        1421.0601806640625,
        244.8000030517578,
        0.8630288243293762,
        1457.2681884765625,
        246.52418518066406,
        0.8086391091346741,
        1436.577880859375,
        244.8000030517578,
        0.8196161389350891,
        1458.9923095703125,
        282.732177734375,
        0.8551778197288513,
        1438.302001953125,
        282.732177734375,
        0.8458184003829956,
        1460.716552734375,
        318.9401550292969,
        0.8801575303077698,
        1440.0262451171875,
        315.4917907714844,
        0.8728925585746765,
        1410.4514055200618,
        153.93526181442422,
        71.21909630137384,
        176.5569202606847
    ],
    "3": [
        1111.5369873046875,
        206.06109619140625,
        0.9345526695251465,
        1115.3909912109375,
        202.20712280273438,
        0.9276002049446106,
        1107.6829833984375,
        202.20712280273438,
        0.9592584371566772,
        1125.02587890625,
        202.20712280273438,
        0.9276236891746521,
        1103.8289794921875,
        202.20712280273438,
        0.9175668358802795,
        1132.7337646484375,
        227.2579345703125,
        0.8993502855300903,
        1096.12109375,
        225.33096313476562,
        0.9011401534080505,
        1142.3687744140625,
        256.1627502441406,
        0.7754804491996765,
        1086.486083984375,
        254.23574829101562,
        0.8955058455467224,
        1126.952880859375,
        256.1627502441406,
        0.890561580657959,
        1080.7052001953125,
        283.14056396484375,
        0.8919392228126526,
        1123.098876953125,
        286.9945373535156,
        0.7738161683082581,
        1099.97509765625,
        285.0675354003906,
        0.8296034336090088,
        1117.31787109375,
        329.38824462890625,
        0.7924233675003052,
        1103.8289794921875,
        325.5342712402344,
        0.8548044562339783,
        1109.6099853515625,
        369.8549499511719,
        0.8683202862739563,
        1090.340087890625,
        364.0740051269531,
        0.8733072876930237,
        1069.1383143702317,
        183.51535645009326,
        79.01625295661916,
        197.32340869930292
    ],
    "2": [
        949.6498413085938,
        205.95799255371094,
        0.9435045719146729,
        953.4053955078125,
        202.20242309570312,
        0.9301119446754456,
        945.894287109375,
        202.20242309570312,
        0.9271143078804016,
        957.1610107421875,
        205.95799255371094,
        0.8987899422645569,
        940.260986328125,
        205.95799255371094,
        0.9211265444755554,
        962.7943115234375,
        226.6135711669922,
        0.8881083726882935,
        932.7498168945312,
        226.6135711669922,
        0.8966159820556641,
        979.6943359375,
        251.0247344970703,
        0.9240654110908508,
        913.9720458984375,
        243.51361083984375,
        0.8251094222068787,
        970.3054809570312,
        239.75804138183594,
        0.8250205516815186,
        912.09423828125,
        237.88026428222656,
        0.7426590323448181,
        959.0387573242188,
        282.9469909667969,
        0.8070223927497864,
        940.260986328125,
        282.9469909667969,
        0.8222890496253967,
        960.9165649414062,
        322.3804016113281,
        0.8764569759368896,
        940.260986328125,
        324.2581787109375,
        0.858099639415741,
        966.5498657226562,
        365.5693664550781,
        0.8758941888809204,
        940.260986328125,
        361.8138122558594,
        0.8914173245429993,
        908.9896357019957,
        187.7435061479195,
        75.68708745794675,
        192.2847851250848
    ],
    "6": [
        1269.1236572265625,
        263.9525451660156,
        0.7346891164779663,
        1271.4595947265625,
        259.28057861328125,
        0.7204286456108093,
        1273.795654296875,
        259.28057861328125,
        0.5959970951080322,
        1271.4595947265625,
        263.9525451660156,
        0.8986374139785767,
        1292.4833984375,
        263.9525451660156,
        0.9145506620407104,
        1271.4595947265625,
        296.6561584472656,
        0.8695838451385498,
        1297.1552734375,
        291.9842224121094,
        0.8859710693359375,
        1259.77978515625,
        331.6957702636719,
        0.9141008257865906,
        1304.1632080078125,
        324.6878356933594,
        0.873995840549469,
        1248.099853515625,
        355.05548095703125,
        0.8750268220901489,
        1299.4913330078125,
        348.0475769042969,
        0.8302812576293945,
        1273.795654296875,
        364.3993835449219,
        0.8344416618347168,
        1292.4833984375,
        362.06341552734375,
        0.8194751143455505,
        1262.11572265625,
        408.7828674316406,
        0.9219086766242981,
        1287.8114013671875,
        404.1109313964844,
        0.8806793689727783,
        1269.1236572265625,
        462.51025390625,
        0.9067802429199219,
        1287.8114013671875,
        448.4944152832031,
        0.8812530636787415,
        1230.1707074768065,
        238.95763960309216,
        94.257675751948,
        239.2036199014167
    ],
    "14": [
        1319.0810546875,
        155.12962341308594,
        0.8562009334564209,
        1323.3692626953125,
        152.2708740234375,
        0.8804357051849365,
        1317.6517333984375,
        152.2708740234375,
        0.9019003510475159,
        1327.6573486328125,
        155.12962341308594,
        0.8692020773887634,
        1313.3636474609375,
        153.70025634765625,
        0.8872361183166504,
        1333.374755859375,
        170.85272216796875,
        0.8670928478240967,
        1309.075439453125,
        170.85272216796875,
        0.8869085311889648,
        1337.6629638671875,
        193.72267150878906,
        0.8644882440567017,
        1303.3580322265625,
        188.00518798828125,
        0.8127593398094177,
        1320.510498046875,
        200.86953735351562,
        0.8542554378509521,
        1309.075439453125,
        199.44015502929688,
        0.8057421445846558,
        1327.6573486328125,
        215.1632537841797,
        0.7906717658042908,
        1311.9342041015625,
        213.73388671875,
        0.8077228665351868,
        1319.0810546875,
        245.18006896972656,
        0.8885281085968018,
        1316.2222900390625,
        243.75070190429688,
        0.8251800537109375,
        1313.3636474609375,
        273.76751708984375,
        0.7881687879562378,
        1324.798583984375,
        262.33251953125,
        0.7383484244346619,
        1290.2808584982836,
        139.83540231371126,
        59.029938667774104,
        146.3675897503947
    ],