{
    "2": [
        948.7852783203125,
        205.7075653076172,
        0.9160770773887634,
        952.6058349609375,
        201.8870391845703,
        0.9258441925048828,
        944.9647827148438,
        201.8870391845703,
        0.9406068921089172,
        958.3366088867188,
        205.7075653076172,
        0.9287261962890625,
        941.1442260742188,
        205.7075653076172,
        0.9225562214851379,
        967.8878784179688,
        226.72044372558594,
        0.9147377610206604,
        939.2339477539062,
        226.72044372558594,
        0.9386534690856934,
        981.259765625,
        253.464111328125,
        0.9363937377929688,
        925.8621215820312,
        245.82305908203125,
        0.8906587958335876,
        969.7981567382812,
        243.9127960205078,
        0.8092285990715027,
        910.580078125,
        234.3614959716797,
        0.8208082318305969,
        962.1571044921875,
        282.1180419921875,
        0.8302794098854065,
        941.1442260742188,
        282.1180419921875,
        0.8101491928100586,
        964.0673828125,
        322.2335205078125,
        0.9161624312400818,
        941.1442260742188,
        322.2335205078125,
        0.8606473207473755,
        967.8878784179688,
        362.3490295410156,
        0.8782868385314941,
        943.0545043945312,
        362.3490295410156,
        0.7930009365081787,
        911.0334940006927,
        187.17801974081692,
        77.41384096128968,
        195.61083554738434
    ],
    "1": [
        1444.385498046875,
        172.25013732910156,
        0.9265733361244202,
        1447.7071533203125,
        168.92843627929688,
        0.9134802222251892,
        1442.724609375,
        168.92843627929688,
        0.940935492515564,
        1456.011474609375,
        173.91098022460938,
        0.9098266363143921,
        1442.724609375,
        172.25013732910156,
        0.7578882575035095,
        1465.9765625,
        192.1803436279297,
        0.8752177357673645,
        1439.4029541015625,
        193.8411865234375,
        0.9362368583679199,
        1467.6373291015625,
        220.414794921875,
        0.8559088706970215,
        1436.0811767578125,
        220.414794921875,
        0.9047539830207825,
        1470.9591064453125,
        246.9884033203125,
        0.912412703037262,
        1431.0986328125,
        245.3275604248047,
        0.8618332743644714,
        1464.315673828125,
        243.6667022705078,
        0.7731024026870728,
        1446.0462646484375,
        245.3275604248047,
        0.8104948401451111,
        1474.28076171875,
        278.5445556640625,
        0.8517464995384216,
        1444.385498046875,
        281.86627197265625,
        0.856697678565979,
        1477.6024169921875,
        313.42242431640625,
        0.8539453744888306,
        1442.724609375,
        315.0832824707031,
        0.8831827044487,
        1418.9427308485574,
        156.13982581048668,
        69.15484415246488,
        170.07121488709294
    ],
    "13": [
        1107.781494140625,
        120.21656036376953,
        0.917362630367279,
        1112.0616455078125,
        117.36318969726562,
        0.9265784621238708,
        1106.3548583984375,
        117.36318969726562,
        0.9423564672470093,
        1116.3416748046875,
        120.21656036376953,
        0.9113625884056091,
        1103.50146484375,
        118.78987884521484,
        0.920311689376831,
        1120.6217041015625,
        135.9100799560547,
        0.8691704273223877,
        1096.3680419921875,
        134.4833984375,
        0.8851183652877808,
        1127.755126953125,
        151.60360717773438,
        0.8539634346961975,
        1084.95458984375,
        150.1769256591797,
        0.8571954965591431,
        1132.03515625,
        165.8704376220703,
        0.9215052127838135,
        1077.8211669921875,
        167.29713439941406,
        0.8977591395378113,
        1112.0616455078125,
        174.4305419921875,
        0.8252807855606079,
        1096.3680419921875,
        173.0038604736328,
        0.8038905262947083,
        1112.0616455078125,
        202.9642333984375,
        0.8381614685058594,
        1096.3680419921875,
        201.53753662109375,
        0.7707684636116028,
        1110.6348876953125,
        227.2178497314453,
        0.7926068305969238,
        1094.94140625,
        227.2178497314453,
        0.695871889591217,
        1074.7366049820646,
        102.0976380039783,
        58.956460883377986,
        146.09252634108816
    ],
    "6": [
        1293.408935546875,
        281.4211120605469,
        0.9207115173339844,
        1298.2762451171875,
        276.55377197265625,
        0.9532895088195801,
        1295.842529296875,
        276.55377197265625,
        0.8506432175636292,
        1310.444580078125,
        281.4211120605469,
        0.9194467067718506,
        1315.3118896484375,
        283.8547668457031,
        0.7773563861846924,
        1300.7099609375,
        313.0587158203125,
        0.8841493725776672,
        1327.480224609375,
        308.19140625,
        0.9245264530181885,
        1298.2762451171875,
        351.997314453125,
        0.8591834306716919,
        1325.0465087890625,
        347.1300048828125,
        0.6200690269470215,
        1293.408935546875,
        386.068603515625,
        0.917289674282074,
        1303.1435546875,
        369.032958984375,
        0.17426200211048126,
        1303.1435546875,
        386.068603515625,
        0.7858903408050537,
        1325.0465087890625,
        383.6349182128906,
        0.8136908411979675,
        1286.10791015625,
        432.30816650390625,
        0.9114295840263367,
        1322.6129150390625,
        434.7418518066406,
        0.8813267946243286,
        1278.8070068359375,
        478.5477600097656,
        0.9386354684829712,
        1322.6129150390625,
        483.41510009765625,
        0.8836240768432617,
        1256.3608486379308,
        255.3808783509726,
        100.86641399522614,
        249.20709587205155
    ],
    "9": [
        302.5008850097656,
        309.2174987792969,
        0.9107645153999329,
        300.2927551269531,
        304.80126953125,
        0.8682329654693604,
        298.08465576171875,
        304.80126953125,
        0.914724588394165,
        282.62786865234375,
        309.2174987792969,
        0.7092206478118896,
        289.252197265625,
        309.2174987792969,
        0.9272240400314331,
        276.0035400390625,
        333.5067443847656,
        0.7564772963523865,
        278.2116394042969,
        340.1310729980469,
        0.8732507824897766,
        278.2116394042969,
        375.46087646484375,
        0.6354126930236816,
        273.79541015625,
        375.46087646484375,
        0.9261205792427063,
        293.6684265136719,
        397.5420227050781,
        0.9528865814208984,
        282.62786865234375,
        408.58258056640625,
        0.877678394317627,
        267.17108154296875,
        401.958251953125,
        0.5808600783348083,
        267.17108154296875,
        406.37445068359375,
        0.6993448138237,
        293.6684265136719,
        439.49615478515625,
        0.7457310557365417,
        300.2927551269531,
        441.7042541503906,
        0.8401849269866943,
        282.62786865234375,
        483.6584167480469,
        0.9105628728866577,
        315.74957275390625,
        494.698974609375,
        0.8438453078269958,
        243.57423941760345,
        283.3825649777717,
        93.56406056606642,
        226.11076552281622
    ],