{
    "2": [
        946.692626953125,
        205.52279663085938,
        0.9267963767051697,
        950.4801025390625,
        201.73532104492188,
        0.9397400617599487,
        942.9051513671875,
        201.73532104492188,
        0.9401789903640747,
        958.0550537109375,
        205.52279663085938,
        0.9298879504203796,
        941.0113525390625,
        205.52279663085938,
        0.8932356834411621,
        967.523681640625,
        228.24765014648438,
        0.9180416464805603,
        937.223876953125,
        226.35391235351562,
        0.9304938912391663,
        980.7799072265625,
        252.86624145507812,
        0.9298731088638306,
        925.8614501953125,
        245.29129028320312,
        0.9334852695465088,
        967.523681640625,
        243.39755249023438,
        0.7237135171890259,
        912.6053466796875,
        237.71633911132812,
        0.8791049718856812,
        961.842529296875,
        281.2723083496094,
        0.8035135865211487,
        941.0113525390625,
        281.2723083496094,
        0.7994011640548706,
        965.6300048828125,
        322.9345397949219,
        0.8766337633132935,
        942.9051513671875,
        322.9345397949219,
        0.8351819515228271,
        967.523681640625,
        364.5967712402344,
        0.8834829330444336,
        941.0113525390625,
        362.7030334472656,
        0.7936009168624878,
        911.461528982385,
        187.15349909511747,
        76.14332956866474,
        193.91882464681953
    ],
    "13": [
        1106.3759765625,
        120.58245086669922,
        0.9188587069511414,
        1109.0673828125,
        117.89102172851562,
        0.92454594373703,
        1105.0302734375,
        117.89102172851562,
        0.9208951592445374,
        1114.4503173828125,
        119.23673248291016,
        0.9043611288070679,
        1100.9931640625,
        117.89102172851562,
        0.9294156432151794,
        1119.8331298828125,
        135.3852996826172,
        0.8414157629013062,
        1095.6102294921875,
        134.03958129882812,
        0.8916425704956055,
        1126.5616455078125,
        150.18814086914062,
        0.8940905928611755,
        1084.8446044921875,
        150.18814086914062,
        0.9016626477241516,
        1131.944580078125,
        164.99098205566406,
        0.8856216073036194,
        1075.424560546875,
        169.0281219482422,
        0.8935332894325256,
        1110.4130859375,
        173.0652618408203,
        0.8165761828422546,
        1095.6102294921875,
        173.0652618408203,
        0.8343847990036011,
        1111.7587890625,
        202.67095947265625,
        0.8217092156410217,
        1096.9560546875,
        202.67095947265625,
        0.8066964745521545,
        1111.7587890625,
        225.54808044433594,
        0.734309732913971,
        1100.9931640625,
        232.2766571044922,
        0.8453040719032288,
        1076.3656271937275,
        103.49183123704583,
        55.9836447941866,
        137.8011439196743
    ],
    "1": [
        1446.724609375,
        173.82040405273438,
        0.9222980737686157,
        1451.6083984375,
        170.56459045410156,
        0.9093793630599976,
        1446.724609375,
        170.56459045410156,
        0.9397251605987549,
        1459.7479248046875,
        173.82040405273438,
        0.9202878475189209,
        1446.724609375,
        173.82040405273438,
        0.7518801689147949,
        1469.515380859375,
        193.35528564453125,
        0.8655524849891663,
        1443.4688720703125,
        194.9832000732422,
        0.9112142324447632,
        1472.7711181640625,
        221.0297088623047,
        0.8759993314743042,
        1440.2130126953125,
        221.0297088623047,
        0.9020510911941528,
        1474.3990478515625,
        247.0762176513672,
        0.8084426522254944,
        1435.329345703125,
        245.44830322265625,
        0.8893905282020569,
        1471.143310546875,
        245.44830322265625,
        0.7448253035545349,
        1449.98046875,
        245.44830322265625,
        0.7978482246398926,
        1479.2828369140625,
        278.0064392089844,
        0.8574411869049072,
        1446.724609375,
        281.26226806640625,
        0.8726106882095337,
        1485.79443359375,
        310.5645751953125,
        0.8537457585334778,
        1441.8409423828125,
        315.44830322265625,
        0.8616687655448914,
        1424.7302749609328,
        158.0296544439235,
        68.40747836734795,
        166.69777801808584
    ],
    "9": [
        285.468505859375,
        298.91229248046875,
        0.928902268409729,
        283.1627197265625,
        294.30078125,
        0.8632109761238098,
        280.85699462890625,
        294.30078125,
        0.9217303991317749,
        267.0224609375,
        298.91229248046875,
        0.7570857405662537,
        269.32818603515625,
        298.91229248046875,
        0.9438760280609131,
        257.7994384765625,
        324.27557373046875,
        0.7762542366981506,
        262.41094970703125,
        328.8870849609375,
        0.925318717956543,
        264.7166748046875,
        363.47344970703125,
        0.7383241653442383,
        255.49366760253906,
        365.7791748046875,
        0.9247953295707703,
        273.939697265625,
        391.14251708984375,
        0.9840075373649597,
        260.10516357421875,
        398.05975341796875,
        0.9889761805534363,
        260.10516357421875,
        395.7540283203125,
        0.6953926086425781,
        255.49366760253906,
        398.05975341796875,
        0.7649153470993042,
        283.1627197265625,
        434.95184326171875,
        0.7158390879631042,
        285.468505859375,
        434.95184326171875,
        0.8994543552398682,
        278.55120849609375,
        481.06695556640625,
        0.8407158851623535,
        273.939697265625,
        487.9842529296875,
        0.8371592164039612,
        222.3265236530717,
        274.2406658142967,
        96.30909347821827,
        236.1094252210994
    ],
    "14": [
        1312.5281982421875,
        155.35052490234375,
        0.869632363319397,
        1315.293701171875,
        152.58506774902344,
        0.8837559819221497,
        1309.7628173828125,
        152.58506774902344,
        0.910801351070404,
        1322.207275390625,
        153.96780395507812,
        0.923307478427887,
        1308.3800048828125,
        153.96780395507812,
        0.921352744102478,
        1327.73828125,
        169.1777801513672,
        0.8731184005737305,
        1305.6146240234375,
        169.1777801513672,
        0.9127960205078125,
        1329.1209716796875,
        185.77049255371094,
        0.7630141973495483,
        1300.083740234375,
        188.53594970703125,
        0.8961494565010071,
        1329.1209716796875,
        200.98048400878906,
        0.8309630155563354,
        1309.7628173828125,
        188.53594970703125,
        0.8027593493461609,
        1320.8245849609375,
        212.04229736328125,
        0.7636786699295044,
        1305.6146240234375,
        210.65956115722656,
        0.7656958103179932,
        1318.0592041015625,
        243.84498596191406,
        0.7949155569076538,
        1297.3182373046875,
        242.46226501464844,
        0.8155735731124878,
        1318.0592041015625,
        270.1167907714844,
        0.6797453165054321,
        1290.4046630859375,
        270.1167907714844,
        0.7988213896751404,
        1285.1467654735413,
        139.17260376323628,
        56.145594417204165,
        141.59121523716686
    ],