{
    "2": [
        941.0973510742188,
        204.57760620117188,
        0.9551669359207153,
        944.9360961914062,
        202.65821838378906,
        0.9601368308067322,
        941.0973510742188,
        200.7388153076172,
        0.9358985424041748,
        954.5331420898438,
        204.57760620117188,
        0.9427836537361145,
        939.1779174804688,
        204.57760620117188,
        0.7907015085220337,
        966.0494995117188,
        227.61038208007812,
        0.9074327349662781,
        937.258544921875,
        225.69097900390625,
        0.8753794431686401,
        981.4046630859375,
        252.5625457763672,
        0.8517199754714966,
        927.6615600585938,
        248.7237548828125,
        0.8490539789199829,
        962.210693359375,
        254.48193359375,
        0.9229612946510315,
        916.1451416015625,
        242.96556091308594,
        0.8873956799507141,
        956.4525146484375,
        283.27288818359375,
        0.8126829862594604,
        939.1779174804688,
        283.27288818359375,
        0.8014131188392639,
        962.210693359375,
        323.5802307128906,
        0.8533890247344971,
        941.0973510742188,
        325.4996337890625,
        0.838911235332489,
        967.9688720703125,
        363.8876037597656,
        0.8558722138404846,
        941.0973510742188,
        361.96820068359375,
        0.912562370300293,
        912.2383299400362,
        184.04002636926782,
        74.9926531689448,
        196.54632680763189
    ],
    "1": [
        1472.3836669921875,
        177.89268493652344,
        0.9298951029777527,
        1475.578125,
        174.69822692871094,
        0.9327940940856934,
        1470.7864990234375,
        174.69822692871094,
        0.9418429136276245,
        1483.5643310546875,
        177.89268493652344,
        0.9304784536361694,
        1469.189208984375,
        176.2954559326172,
        0.8524803519248962,
        1493.147705078125,
        197.0594024658203,
        0.9055851101875305,
        1464.3975830078125,
        195.46217346191406,
        0.9255479574203491,
        1494.744873046875,
        222.61502075195312,
        0.8917456865310669,
        1462.80029296875,
        219.42056274414062,
        0.8805801868438721,
        1497.9393310546875,
        246.5734100341797,
        0.794342577457428,
        1459.6058349609375,
        240.18450927734375,
        0.8522175550460815,
        1488.35595703125,
        241.78173828125,
        0.7910557389259338,
        1469.189208984375,
        241.78173828125,
        0.821784257888794,
        1491.5504150390625,
        276.92071533203125,
        0.856212317943573,
        1459.6058349609375,
        273.72625732421875,
        0.8846011161804199,
        1491.5504150390625,
        310.46246337890625,
        0.8448851704597473,
        1453.217041015625,
        310.46246337890625,
        0.8907124400138855,
        1440.8571194687297,
        159.2051624144574,
        67.8449616336502,
        163.5559135235789
    ],
    "13": [
        1103.0943603515625,
        120.95653533935547,
        0.9386534690856934,
        1106.0679931640625,
        117.98291015625,
        0.9194933176040649,
        1101.6075439453125,
        117.98291015625,
        0.9434249401092529,
        1110.5284423828125,
        119.4697265625,
        0.9203917384147644,
        1097.1470947265625,
        119.4697265625,
        0.9075062274932861,
        1116.4757080078125,
        137.31146240234375,
        0.8535904884338379,
        1091.1998291015625,
        134.33782958984375,
        0.897361159324646,
        1119.44921875,
        156.6400146484375,
        0.8334776163101196,
        1083.7657470703125,
        150.69276428222656,
        0.8375012278556824,
        1117.9625244140625,
        172.99493408203125,
        0.8959683179855347,
        1083.7657470703125,
        170.02130126953125,
        0.904818594455719,
        1109.0416259765625,
        178.94216918945312,
        0.8070537447929382,
        1092.6866455078125,
        177.4553680419922,
        0.7929519414901733,
        1107.5548095703125,
        210.16522216796875,
        0.8715354800224304,
        1097.1470947265625,
        210.16522216796875,
        0.8213140368461609,
        1107.5548095703125,
        241.38824462890625,
        0.7927360534667969,
        1101.6075439453125,
        239.9014434814453,
        0.7873396277427673,
        1070.7757760784907,
        100.58719480352913,
        60.17667588399286,
        152.24954278579798
    ],
    "6": [
        1306.8917236328125,
        298.90667724609375,
        0.9189181923866272,
        1309.486572265625,
        293.7169189453125,
        0.9587143659591675,
        1306.8917236328125,
        293.7169189453125,
        0.858426570892334,
        1322.4610595703125,
        296.3117980957031,
        0.9334877133369446,
        1330.2457275390625,
        298.90667724609375,
        0.7821009159088135,
        1309.486572265625,
        330.0452880859375,
        0.8765712380409241,
        1343.2200927734375,
        330.0452880859375,
        0.8977544903755188,
        1304.296875,
        368.9685363769531,
        0.9051188230514526,
        1348.409912109375,
        368.9685363769531,
        0.8821138143539429,
        1288.7275390625,
        394.9173889160156,
        0.9078205823898315,
        1335.4354248046875,
        387.13275146484375,
        0.5873396992683411,
        1317.271240234375,
        405.29693603515625,
        0.8040227890014648,
        1338.0302734375,
        405.29693603515625,
        0.8040232062339783,
        1317.271240234375,
        459.78948974609375,
        0.9000469446182251,
        1327.6507568359375,
        454.5997314453125,
        0.843359649181366,
        1327.6507568359375,
        514.2820434570312,
        0.8957214951515198,
        1330.2457275390625,
        509.09228515625,
        0.7396456599235535,
        1269.0883834959102,
        268.54649105853116,
        104.15049215575368,
        265.71613087749654
    ],
    "8": [
        1114.1395263671875,
        291.0787048339844,
        0.8924922347068787,
        1118.1181640625,
        289.0894470214844,
        0.9046187996864319,
        1114.1395263671875,
        287.1001892089844,
        0.9068630933761597,
        1130.0537109375,
        291.0787048339844,
        0.908983051776886,
        1126.0751953125,
        291.0787048339844,
        0.6878995895385742,
        1138.0108642578125,
        314.949951171875,
        0.8926871418952942,
        1130.0537109375,
        308.9821472167969,
        0.8017054200172424,
        1151.9356689453125,
        342.79974365234375,
        0.9014458656311035,
        1130.0537109375,
        334.8426818847656,
        0.9334987998008728,
        1134.0323486328125,
        362.69244384765625,
        0.9622604250907898,
        1116.12890625,
        354.7353820800781,
        0.889825165271759,
        1161.882080078125,
        360.70318603515625,
        0.7851748466491699,
        1155.914306640625,
        360.70318603515625,
        0.6432988047599792,
        1136.0216064453125,
        408.4456787109375,
        0.8873798251152039,
        1153.925048828125,
        398.49932861328125,
        0.7557064890861511,
        1138.0108642578125,
        454.19891357421875,
        0.8890071511268616,
        1181.7747802734375,
        430.3276672363281,
        0.8232510685920715,
        1100.5315892815308,
        263.8256855556755,
        84.90483780364389,
        203.70135989194847
    ],