{
    "7": [
        1176.3922119140625,
        211.92906188964844,
        0.9326905012130737,
        1180.6131591796875,
        207.70814514160156,
        0.914135754108429,
        1176.3922119140625,
        207.70814514160156,
        0.9424919486045837,
        1193.27587890625,
        209.818603515625,
        0.9370272159576416,
        1176.3922119140625,
        209.818603515625,
        0.7787347435951233,
        1205.938720703125,
        235.14413452148438,
        0.9029889702796936,
        1172.1712646484375,
        233.03367614746094,
        0.9330907464027405,
        1216.490966796875,
        262.5801086425781,
        0.870005190372467,
        1170.060791015625,
        258.35919189453125,
        0.9035366177558899,
        1210.1595458984375,
        287.9056396484375,
        0.9255585074424744,
        1165.83984375,
        281.57427978515625,
        0.885414719581604,
        1199.6072998046875,
        296.3475036621094,
        0.83433997631073,
        1176.3922119140625,
        296.3475036621094,
        0.8485475778579712,
        1208.049072265625,
        338.55670166015625,
        0.8623731732368469,
        1165.83984375,
        336.4462585449219,
        0.885345995426178,
        1212.27001953125,
        380.76593017578125,
        0.8879966735839844,
        1157.3980712890625,
        376.5450134277344,
        0.806200385093689,
        1142.6684158506396,
        187.23667183718595,
        86.44165185844054,
        216.11121532494343
    ],
    "1": [
        1473.5728759765625,
        177.58511352539062,
        0.9321436882019043,
        1476.755859375,
        174.4021453857422,
        0.945682168006897,
        1471.9814453125,
        174.4021453857422,
        0.9441945552825928,
        1484.71337890625,
        175.99362182617188,
        0.9326229095458984,
        1470.3900146484375,
        175.99362182617188,
        0.8084443807601929,
        1494.26220703125,
        195.09146118164062,
        0.8911081552505493,
        1467.20703125,
        193.49998474121094,
        0.8983495235443115,
        1500.628173828125,
        222.14674377441406,
        0.878376305103302,
        1464.0240478515625,
        218.96377563476562,
        0.8711532354354858,
        1508.585693359375,
        247.61053466796875,
        0.8618945479393005,
        1460.841064453125,
        239.65309143066406,
        0.816696286201477,
        1491.0792236328125,
        241.2445831298828,
        0.8228024840354919,
        1470.3900146484375,
        239.65309143066406,
        0.8291666507720947,
        1492.6707763671875,
        276.2572937011719,
        0.8438808917999268,
        1462.4324951171875,
        273.0743103027344,
        0.8390371203422546,
        1491.0792236328125,
        311.2699890136719,
        0.8626842498779297,
        1464.0240478515625,
        308.0870056152344,
        0.8576796650886536,
        1446.9363045634175,
        158.96475822071778,
        67.59674869964215,
        162.96815897661924
    ],
    "8": [
        1105.34228515625,
        291.15753173828125,
        0.9276684522628784,
        1109.49853515625,
        286.99603271484375,
        0.944680392742157,
        1106.359130859375,
        285.9846496582031,
        0.8956981301307678,
        1120.90185546875,
        290.12481689453125,
        0.9362773299217224,
        1120.905029296875,
        290.1217041015625,
        0.6998476982116699,
        1131.329833984375,
        313.9850769042969,
        0.8689157962799072,
        1119.865478515625,
        308.7955017089844,
        0.8261024951934814,
        1144.776123046875,
        343.041259765625,
        0.9018999338150024,
        1120.8836669921875,
        334.7474365234375,
        0.9164825677871704,
        1129.1910400390625,
        367.90289306640625,
        1.0141552686691284,
        1107.42138671875,
        355.5034484863281,
        0.9357670545578003,
        1152.0283203125,
        360.6669921875,
        0.7825958728790283,
        1145.704833984375,
        359.5780029296875,
        0.6892704963684082,
        1130.246337890625,
        406.32537841796875,
        0.8762184977531433,
        1144.7890625,
        399.048095703125,
        0.8366543054580688,
        1134.4090576171875,
        453.0230712890625,
        0.8431745767593384,
        1172.787841796875,
        426.0386047363281,
        0.8362249135971069,
        1101.5307704373229,
        242.98943617946387,
        90.06601814346095,
        215.68594461661084
    ],
    "6": [
        1307.17431640625,
        297.7624816894531,
        0.9450125694274902,
        1309.8109130859375,
        292.4894104003906,
        0.9435494542121887,
        1307.17431640625,
        292.4894104003906,
        0.9215720295906067,
        1322.99365234375,
        297.7624816894531,
        0.9220842123031616,
        1330.9031982421875,
        297.7624816894531,
        0.7615140080451965,
        1312.4473876953125,
        329.4010009765625,
        0.8743783235549927,
        1344.0859375,
        326.76446533203125,
        0.9129503965377808,
        1309.8109130859375,
        368.94915771484375,
        0.9362077713012695,
        1346.7225341796875,
        366.3126220703125,
        0.8614971041679382,
        1293.99169921875,
        400.5876770019531,
        0.9118956327438354,
        1341.449462890625,
        395.3145751953125,
        0.6662459373474121,
        1320.3570556640625,
        405.8607482910156,
        0.7767048478126526,
        1341.449462890625,
        403.2242126464844,
        0.7762028574943542,
        1317.7205810546875,
        458.59161376953125,
        0.9104135036468506,
        1330.9031982421875,
        455.955078125,
        0.8688217997550964,
        1322.99365234375,
        516.5955810546875,
        0.8964300155639648,
        1333.539794921875,
        511.3224792480469,
        0.8660091757774353,
        1271.6849597581293,
        266.9149388460145,
        105.25384377679006,
        269.9819874759395
    ],
    "13": [
        1103.40966796875,
        121.20516204833984,
        0.934712290763855,
        1106.3326416015625,
        119.74368286132812,
        0.9207597374916077,
        1100.4866943359375,
        118.2822036743164,
        0.9158044457435608,
        1110.717041015625,
        121.20516204833984,
        0.9152818322181702,
        1097.563720703125,
        119.74368286132812,
        0.9298178553581238,
        1116.56298828125,
        138.7428741455078,
        0.9064754843711853,
        1090.25634765625,
        135.81993103027344,
        0.865472674369812,
        1120.9473876953125,
        159.20355224609375,
        0.8438906073570251,
        1082.948974609375,
        156.2805938720703,
        0.8667209148406982,
        1116.56298828125,
        176.74127197265625,
        0.9365372657775879,
        1081.487548828125,
        173.8183135986328,
        0.9045892357826233,
        1107.7940673828125,
        181.12570190429688,
        0.8085006475448608,
        1091.7178955078125,
        179.66421508789062,
        0.8023371696472168,
        1107.7940673828125,
        213.27818298339844,
        0.8307396769523621,
        1090.25634765625,
        213.27818298339844,
        0.8472769856452942,
        1106.3326416015625,
        243.9691925048828,
        0.7838259935379028,
        1101.9482421875,
        239.5847625732422,
        0.7310420274734497,
        1070.3149172618807,
        101.18298092653824,
        58.88211310236693,
        149.6551229533237
    ],