{
    "7": [
        1177.9171142578125,
        210.45321655273438,
        0.9362268447875977,
        1184.197509765625,
        208.3597412109375,
        0.9290655851364136,
        1177.9171142578125,
        208.3597412109375,
        0.9638688564300537,
        1196.7584228515625,
        210.45321655273438,
        0.9350471496582031,
        1177.9171142578125,
        210.45321655273438,
        0.7599414587020874,
        1207.2257080078125,
        235.57489013671875,
        0.873427152633667,
        1173.730224609375,
        231.387939453125,
        0.9390251636505127,
        1219.78662109375,
        262.7900390625,
        0.902552604675293,
        1171.63671875,
        258.60308837890625,
        0.9013171792030334,
        1213.5062255859375,
        287.9117126464844,
        0.9076111316680908,
        1165.3563232421875,
        281.63128662109375,
        0.8714712858200073,
        1200.9453125,
        296.28558349609375,
        0.839360773563385,
        1177.9171142578125,
        296.28558349609375,
        0.8343138694763184,
        1209.3192138671875,
        340.24853515625,
        0.9082763195037842,
        1163.2628173828125,
        336.06158447265625,
        0.8765379190444946,
        1211.4127197265625,
        380.0245056152344,
        0.8715165257453918,
        1159.075927734375,
        377.9310302734375,
        0.8298936486244202,
        1144.3293976869218,
        188.05309364745494,
        86.0166318781321,
        214.37155739303807
    ],
    "1": [
        1474.728515625,
        175.6799774169922,
        0.9395362138748169,
        1477.884521484375,
        172.52395629882812,
        0.9509437084197998,
        1473.1505126953125,
        174.10195922851562,
        0.9402567148208618,
        1485.774658203125,
        175.6799774169922,
        0.9150607585906982,
        1471.572509765625,
        175.6799774169922,
        0.8395248651504517,
        1495.24267578125,
        194.6161346435547,
        0.8958742022514343,
        1466.8385009765625,
        194.6161346435547,
        0.9036024808883667,
        1504.7108154296875,
        221.44235229492188,
        0.9067882299423218,
        1463.6824951171875,
        218.2863311767578,
        0.8820749521255493,
        1514.1788330078125,
        245.112548828125,
        0.8988841772079468,
        1460.5263671875,
        240.37850952148438,
        0.8593698740005493,
        1490.5086669921875,
        241.95652770996094,
        0.8191742300987244,
        1471.572509765625,
        240.37850952148438,
        0.8183850049972534,
        1492.086669921875,
        276.6728210449219,
        0.8335678577423096,
        1466.8385009765625,
        273.51678466796875,
        0.8764955997467041,
        1492.086669921875,
        309.81109619140625,
        0.8563497066497803,
        1466.8385009765625,
        306.6550598144531,
        0.8551202416419983,
        1448.3254896929232,
        158.79520490638004,
        67.00809815918706,
        161.58859160781748
    ],
    "13": [
        1102.525390625,
        121.10724639892578,
        0.9542310237884521,
        1105.4486083984375,
        118.18403625488281,
        0.932989239692688,
        1099.6021728515625,
        118.18403625488281,
        0.9434049725532532,
        1109.8333740234375,
        119.64564514160156,
        0.9286924600601196,
        1096.678955078125,
        119.64564514160156,
        0.9180229902267456,
        1115.6798095703125,
        138.646484375,
        0.9050338864326477,
        1089.3709716796875,
        135.72328186035156,
        0.8679210543632507,
        1120.0645751953125,
        160.570556640625,
        0.8548405170440674,
        1082.0628662109375,
        157.6473388671875,
        0.8797904849052429,
        1117.141357421875,
        178.10980224609375,
        0.9201523661613464,
        1079.1396484375,
        176.648193359375,
        0.9219111204147339,
        1108.3717041015625,
        181.0330047607422,
        0.79297935962677,
        1090.83251953125,
        179.57139587402344,
        0.8199897408485413,
        1106.91015625,
        213.18829345703125,
        0.832390546798706,
        1086.44775390625,
        210.26507568359375,
        0.8786541223526001,
        1105.4486083984375,
        242.4203643798828,
        0.7944908738136292,
        1098.1405029296875,
        235.1123504638672,
        0.7654406428337097,
        1069.4216638811254,
        101.08325067947948,
        58.89941532164903,
        149.66826389315958
    ],
    "2": [
        941.1842041015625,
        203.67742919921875,
        0.9346283674240112,
        944.9633178710938,
        201.78790283203125,
        0.9300766587257385,
        939.294677734375,
        199.8983612060547,
        0.9459968209266663,
        954.4109497070312,
        203.67742919921875,
        0.9344751238822937,
        937.4051513671875,
        203.67742919921875,
        0.7786611914634705,
        965.7481689453125,
        226.3518524169922,
        0.8673302531242371,
        935.515625,
        226.3518524169922,
        0.9100663661956787,
        980.8644409179688,
        245.2471923828125,
        0.9111036062240601,
        927.9574584960938,
        249.02626037597656,
        0.8805385828018188,
        965.7481689453125,
        249.02626037597656,
        0.9099165797233582,
        916.6203002929688,
        243.35765075683594,
        0.8795920610427856,
        958.1900024414062,
        283.0378723144531,
        0.7696260213851929,
        941.1842041015625,
        284.92742919921875,
        0.7835270762443542,
        963.858642578125,
        322.7181091308594,
        0.8395726084709167,
        941.1842041015625,
        324.6076354980469,
        0.8362506031990051,
        967.6376953125,
        364.2878723144531,
        0.8284281492233276,
        943.07373046875,
        360.5088195800781,
        0.8444113731384277,
        914.3315488502523,
        183.45943532697862,
        74.49012816562333,
        193.48831043901743
    ],
    "11": [
        820.9649658203125,
        318.3258056640625,
        0.8678196668624878,
        820.9649658203125,
        313.8711853027344,
        0.8867950439453125,
        823.1922607421875,
        311.64385986328125,
        0.7053079605102539,
        825.4196166992188,
        316.0984802246094,
        0.9324824810028076,
        845.4653930664062,
        313.8711853027344,
        0.9048380255699158,
        825.4196166992188,
        345.05352783203125,
        0.9170483350753784,
        858.8292236328125,
        340.5989074707031,
        0.9136444330215454,
        816.5103759765625,
        380.69049072265625,
        0.9153975248336792,
        874.42041015625,
        378.4631652832031,
        0.8588321208953857,
        809.8284301757812,
        402.9635925292969,
        0.9460063576698303,
        885.5569458007812,
        409.6455078125,
        0.929671585559845,
        849.9199829101562,
        414.1001281738281,
        0.7429291009902954,
        872.193115234375,
        409.6455078125,
        0.7683214545249939,
        852.1473388671875,
        458.6463317871094,
        0.9066991209983826,
        838.783447265625,
        447.5097961425781,
        0.7624468207359314,
        892.2388916015625,
        492.0559997558594,
        0.8764162063598633,
        829.8742065429688,
        498.7379150390625,
        0.8877825140953064,
        798.2189635648227,
        290.0389483530365,
        96.72015854568826,
        228.07658164617612
    ],