{
    "7": [
        1180.385986328125,
        210.36228942871094,
        0.9365524053573608,
        1184.536865234375,
        208.28684997558594,
        0.9185562133789062,
        1178.310546875,
        208.28684997558594,
        0.9667037129402161,
        1196.989501953125,
        210.36228942871094,
        0.9349550604820251,
        1178.310546875,
        210.36228942871094,
        0.780584454536438,
        1207.36669921875,
        235.2675323486328,
        0.8875883221626282,
        1174.15966796875,
        231.1166534423828,
        0.9358116984367371,
        1219.8193359375,
        262.2481994628906,
        0.9164898991584778,
        1172.084228515625,
        258.0973205566406,
        0.888375461101532,
        1213.593017578125,
        289.2288818359375,
        0.8985611796379089,
        1165.85791015625,
        278.8517150878906,
        0.8765414357185364,
        1201.140380859375,
        297.5306396484375,
        0.8235787153244019,
        1178.310546875,
        295.4552001953125,
        0.8208612203598022,
        1207.36669921875,
        341.11480712890625,
        0.9247249364852905,
        1163.782470703125,
        336.96392822265625,
        0.8695201277732849,
        1211.517578125,
        382.62353515625,
        0.8735482096672058,
        1157.55615234375,
        378.4726867675781,
        0.817671537399292,
        1144.9564660985948,
        188.15514333818896,
        85.38705759973595,
        212.52468641780206
    ],
    "1": [
        1474.5982666015625,
        175.38485717773438,
        0.9335377812385559,
        1477.7509765625,
        172.232177734375,
        0.9488499760627747,
        1473.0218505859375,
        172.232177734375,
        0.9448508620262146,
        1485.632568359375,
        175.38485717773438,
        0.911169707775116,
        1471.445556640625,
        175.38485717773438,
        0.8430743217468262,
        1495.0906982421875,
        194.30093383789062,
        0.8930409550666809,
        1466.716552734375,
        192.724609375,
        0.9083155393600464,
        1504.5487060546875,
        219.52236938476562,
        0.8926731944084167,
        1463.5638427734375,
        217.946044921875,
        0.8815402984619141,
        1517.159423828125,
        244.74380493164062,
        0.8670884966850281,
        1460.4111328125,
        240.01480102539062,
        0.8721471428871155,
        1491.93798828125,
        241.59112548828125,
        0.8127854466438293,
        1471.445556640625,
        241.59112548828125,
        0.8135565519332886,
        1491.93798828125,
        277.8469543457031,
        0.8306658864021301,
        1468.2928466796875,
        276.2705993652344,
        0.8425703048706055,
        1491.93798828125,
        310.9500732421875,
        0.8508740067481995,
        1468.2928466796875,
        307.7973937988281,
        0.8533189296722412,
        1448.2264922103843,
        158.5180173156141,
        66.93064514881485,
        161.41718933982645
    ],
    "13": [
        1100.4501953125,
        121.06919860839844,
        0.9509531855583191,
        1103.389404296875,
        118.13005065917969,
        0.9406273365020752,
        1098.9805908203125,
        116.66048431396484,
        0.9504314064979553,
        1109.267578125,
        119.59962463378906,
        0.9175060391426086,
        1094.5718994140625,
        118.13005065917969,
        0.9139121174812317,
        1115.1458740234375,
        138.7040557861328,
        0.9058115482330322,
        1088.693603515625,
        135.76490783691406,
        0.871227502822876,
        1119.5546875,
        160.7476348876953,
        0.8714007139205933,
        1081.3458251953125,
        157.80848693847656,
        0.879826009273529,
        1118.0850830078125,
        179.85206604003906,
        0.8557928204536438,
        1078.4066162109375,
        176.9129180908203,
        0.9180038571357727,
        1107.798095703125,
        179.85206604003906,
        0.7966371178627014,
        1090.1632080078125,
        179.85206604003906,
        0.8151217699050903,
        1106.3284912109375,
        213.65220642089844,
        0.834559440612793,
        1084.284912109375,
        209.2434844970703,
        0.8474259376525879,
        1106.3284912109375,
        241.57406616210938,
        0.8215979933738708,
        1094.5718994140625,
        235.69578552246094,
        0.8017985224723816,
        1068.6018049960294,
        100.93600010429306,
        59.28796857101179,
        150.4842183117031
    ],
    "11": [
        816.2727661132812,
        316.8259582519531,
        0.8732247948646545,
        818.5128784179688,
        314.5858459472656,
        0.8782129287719727,
        818.5128784179688,
        310.1056213378906,
        0.7212113738059998,
        820.7529296875,
        316.8259582519531,
        0.9370841979980469,
        840.9138793945312,
        312.3457336425781,
        0.9068534970283508,
        820.7529296875,
        345.9472961425781,
        0.9188458919525146,
        854.3544921875,
        341.4670715332031,
        0.9069165587425232,
        811.7925415039062,
        381.7889404296875,
        0.893043041229248,
        872.2753295898438,
        379.548828125,
        0.8454249501228333,
        805.0722045898438,
        401.9498596191406,
        0.918705403804779,
        881.2357177734375,
        410.9102783203125,
        0.931689441204071,
        843.1539916992188,
        413.150390625,
        0.7649708986282349,
        865.5549926757812,
        410.9102783203125,
        0.8066682815551758,
        840.9138793945312,
        457.95245361328125,
        0.9000765085220337,
        834.193603515625,
        451.2321472167969,
        0.7684993743896484,
        885.7159423828125,
        491.55401611328125,
        0.8819522261619568,
        827.4732666015625,
        502.7545166015625,
        0.919123113155365,
        793.3913761531411,
        290.6167255834496,
        97.28512123086978,
        229.38658637916205
    ],
    "2": [
        941.88037109375,
        203.55807495117188,
        0.9122222065925598,
        945.6783447265625,
        199.7600555419922,
        0.9305291771888733,
        939.9813232421875,
        199.7600555419922,
        0.9350656867027283,
        953.2744140625,
        201.65907287597656,
        0.9137765765190125,
        938.0823364257812,
        201.65907287597656,
        0.809263288974762,
        964.6685180664062,
        224.4472198486328,
        0.8605251312255859,
        934.2843017578125,
        226.34622192382812,
        0.8980137705802917,
        981.7595825195312,
        247.23536682128906,
        0.9099814295768738,
        928.5872802734375,
        249.13436889648438,
        0.8926007151603699,
        964.6685180664062,
        249.13436889648438,
        0.9093544483184814,
        915.294189453125,
        243.43734741210938,
        0.9053584933280945,
        958.971435546875,
        281.4175720214844,
        0.7728818655014038,
        939.9813232421875,
        283.31658935546875,
        0.7549527883529663,
        960.8704833984375,
        321.2968444824219,
        0.8354082703590393,
        941.88037109375,
        325.0948791503906,
        0.7864751815795898,
        966.5675048828125,
        364.97412109375,
        0.8174372315406799,
        941.88037109375,
        361.17608642578125,
        0.860880434513092,
        913.0314860013278,
        183.23868338792136,
        74.78885174794516,
        194.45878644733364
    ],