{
    "7": [
        1168.960205078125,
        215.79551696777344,
        0.9547019600868225,
        1172.921630859375,
        211.8341064453125,
        0.917641282081604,
        1168.960205078125,
        211.8341064453125,
        0.9543280601501465,
        1184.805908203125,
        215.79551696777344,
        0.9483529925346375,
        1166.9794921875,
        213.8148193359375,
        0.7892633676528931,
        1192.728759765625,
        241.5447235107422,
        0.8858814835548401,
        1163.01806640625,
        235.60260009765625,
        0.940273106098175,
        1210.5550537109375,
        267.2939147949219,
        0.9339136481285095,
        1157.075927734375,
        259.37109375,
        0.9268306493759155,
        1200.6514892578125,
        293.0431213378906,
        0.9325861930847168,
        1145.1917724609375,
        277.19744873046875,
        0.9218156933784485,
        1186.78662109375,
        300.9659423828125,
        0.8315823674201965,
        1163.01806640625,
        297.0045471191406,
        0.8490037322044373,
        1198.6708984375,
        340.5801086425781,
        0.8857302069664001,
        1143.2110595703125,
        332.65728759765625,
        0.9086025357246399,
        1208.5743408203125,
        384.1556701660156,
        0.8869963884353638,
        1127.3653564453125,
        372.27142333984375,
        0.8309775590896606,
        1134.5529883583724,
        192.6212476255529,
        82.67937546149415,
        202.82444789563473
    ],
    "2": [
        939.4912719726562,
        202.73277282714844,
        0.9367842078208923,
        943.3313598632812,
        198.89271545410156,
        0.9442660212516785,
        937.5712280273438,
        198.89271545410156,
        0.9446012377738953,
        951.011474609375,
        202.73277282714844,
        0.9482610821723938,
        935.6511840820312,
        202.73277282714844,
        0.857481062412262,
        962.5316162109375,
        223.8531036376953,
        0.8949886560440063,
        933.731201171875,
        225.77313232421875,
        0.9049487709999084,
        979.8118896484375,
        246.89346313476562,
        0.9095605611801147,
        926.0510864257812,
        250.7335205078125,
        0.9122118949890137,
        962.5316162109375,
        244.9734344482422,
        0.9151149392127991,
        914.5308837890625,
        243.05340576171875,
        0.8263634443283081,
        958.6915893554688,
        279.5339660644531,
        0.83562171459198,
        941.4113159179688,
        279.5339660644531,
        0.8145478963851929,
        962.5316162109375,
        321.7746276855469,
        0.8719893097877502,
        939.4912719726562,
        321.7746276855469,
        0.8625117540359497,
        968.291748046875,
        364.0152893066406,
        0.8983145952224731,
        941.4113159179688,
        360.17523193359375,
        0.9149618744850159,
        910.7951661245773,
        182.1884659900283,
        74.67244757697438,
        196.6110492897564
    ],
    "6": [
        1310.1866455078125,
        333.47418212890625,
        0.8923606872558594,
        1312.88037109375,
        330.7804260253906,
        0.9545629024505615,
        1310.1866455078125,
        328.086669921875,
        0.8219516277313232,
        1318.267822265625,
        336.16790771484375,
        0.9238491058349609,
        1337.1241455078125,
        336.16790771484375,
        0.8406793475151062,
        1302.1053466796875,
        368.492919921875,
        0.9142495393753052,
        1347.8990478515625,
        368.492919921875,
        0.917203426361084,
        1283.2490234375,
        403.5116882324219,
        0.8977914452552795,
        1361.367919921875,
        408.8992004394531,
        0.9233518838882446,
        1267.0865478515625,
        435.8367004394531,
        0.912218451499939,
        1347.8990478515625,
        430.44921875,
        0.868520975112915,
        1312.88037109375,
        451.99920654296875,
        0.8149406313896179,
        1342.5115966796875,
        451.99920654296875,
        0.830533504486084,
        1312.88037109375,
        511.2617492675781,
        0.9178310036659241,
        1342.5115966796875,
        492.4054870605469,
        0.8776838779449463,
        1331.736572265625,
        570.5242309570312,
        0.9200306534767151,
        1350.5928955078125,
        543.5867309570312,
        0.9058566093444824,
        1267.6237090873894,
        310.038563567347,
        109.36950301376555,
        275.8400570107021
    ],
    "1": [
        1471.7935791015625,
        175.10586547851562,
        0.9293577671051025,
        1474.992431640625,
        171.90695190429688,
        0.934528112411499,
        1470.194091796875,
        171.90695190429688,
        0.9314889311790466,
        1482.98974609375,
        175.10586547851562,
        0.9442270994186401,
        1470.194091796875,
        175.10586547851562,
        0.8060252666473389,
        1492.58642578125,
        192.69985961914062,
        0.8969378471374512,
        1465.395751953125,
        192.69985961914062,
        0.9390397667884827,
        1497.384765625,
        221.4900360107422,
        0.8775827884674072,
        1463.7962646484375,
        218.29112243652344,
        0.8873142004013062,
        1505.382080078125,
        247.081298828125,
        0.877536416053772,
        1457.3984375,
        239.0840301513672,
        0.8402585387229919,
        1489.3875732421875,
        239.0840301513672,
        0.792188823223114,
        1470.194091796875,
        239.0840301513672,
        0.8448811173439026,
        1492.58642578125,
        274.27203369140625,
        0.830112636089325,
        1458.9979248046875,
        267.87420654296875,
        0.8443043828010559,
        1490.9869384765625,
        309.46002197265625,
        0.8573336601257324,
        1462.19677734375,
        304.6616516113281,
        0.8878684043884277,
        1445.245126026131,
        156.3923003464327,
        67.49191772980771,
        163.78400901183778
    ],
    "13": [
        1086.822265625,
        125.12955474853516,
        0.9093740582466125,
        1089.7088623046875,
        122.24296569824219,
        0.8942877650260925,
        1083.9356689453125,
        122.24296569824219,
        0.9294867515563965,
        1095.4820556640625,
        125.12955474853516,
        0.8991591334342957,
        1081.049072265625,
        125.12955474853516,
        0.9158000946044922,
        1104.141845703125,
        142.44911193847656,
        0.8903853297233582,
        1076.71923828125,
        142.44911193847656,
        0.9479230046272278,
        1112.8016357421875,
        161.21194458007812,
        0.8513882756233215,
        1070.946044921875,
        161.21194458007812,
        0.9139919877052307,
        1120.01806640625,
        178.531494140625,
        0.8432953953742981,
        1066.6162109375,
        178.531494140625,
        0.8747180700302124,
        1095.4820556640625,
        185.7479705810547,
        0.836180567741394,
        1076.71923828125,
        184.30467224121094,
        0.8059848546981812,
        1098.36865234375,
        214.6138916015625,
        0.8412034511566162,
        1076.71923828125,
        217.50047302246094,
        0.8523932099342346,
        1105.585205078125,
        242.0364990234375,
        0.8222789168357849,
        1076.71923828125,
        249.2529754638672,
        0.8267938494682312,
        1060.6154917292079,
        105.3564048855887,
        59.63014855359302,
        147.79348324102028
    ],