{
    "7": [
        1161.4334716796875,
        215.14845275878906,
        0.9573248624801636,
        1167.3609619140625,
        213.17262268066406,
        0.9291178584098816,
        1161.4334716796875,
        211.19679260253906,
        0.9468747973442078,
        1177.2401123046875,
        217.12428283691406,
        0.9447752833366394,
        1159.4576416015625,
        215.14845275878906,
        0.7298476696014404,
        1187.1192626953125,
        244.78594970703125,
        0.8497200012207031,
        1157.4818115234375,
        238.8584442138672,
        0.9446709156036377,
        1204.9017333984375,
        266.5201110839844,
        0.9568521976470947,
        1149.5784912109375,
        258.61676025390625,
        0.9144295454025269,
        1195.0225830078125,
        290.2301025390625,
        0.9148311614990234,
        1135.7476806640625,
        276.3992614746094,
        0.883600115776062,
        1181.1917724609375,
        302.0850830078125,
        0.8260152339935303,
        1157.4818115234375,
        300.1092529296875,
        0.858068585395813,
        1195.0225830078125,
        339.62591552734375,
        0.8368484377861023,
        1137.7235107421875,
        335.67425537109375,
        0.9001440405845642,
        1208.8533935546875,
        383.09423828125,
        0.883327305316925,
        1119.94091796875,
        373.2150573730469,
        0.8992409110069275,
        1126.9168661081917,
        194.0070518480993,
        82.86411362066042,
        202.32522520832117
    ],
    "6": [
        1308.914794921875,
        330.9640197753906,
        0.879258930683136,
        1311.718505859375,
        328.1602478027344,
        0.9406211972236633,
        1311.718505859375,
        325.3564758300781,
        0.7853101491928101,
        1317.3260498046875,
        330.9640197753906,
        0.9304465651512146,
        1336.9525146484375,
        330.9640197753906,
        0.9116887450218201,
        1300.50341796875,
        364.6093444824219,
        0.9139788150787354,
        1348.1676025390625,
        364.6093444824219,
        0.9292330741882324,
        1280.876953125,
        401.0584411621094,
        0.9265719056129456,
        1356.5789794921875,
        406.6659851074219,
        0.9201924204826355,
        1266.8580322265625,
        437.5075378417969,
        0.9014750719070435,
        1345.3638916015625,
        429.0962219238281,
        0.862484335899353,
        1311.718505859375,
        448.72265625,
        0.8231073021888733,
        1339.75634765625,
        448.72265625,
        0.8212903141975403,
        1317.3260498046875,
        507.6019592285156,
        0.9134477972984314,
        1339.75634765625,
        501.9944152832031,
        0.8947068452835083,
        1328.5411376953125,
        569.2850952148438,
        0.93800288438797,
        1350.971435546875,
        555.2661743164062,
        0.862033486366272,
        1264.1913468381285,
        306.57110963591106,
        114.68081577703583,
        287.10686220958166
    ],
    "2": [
        939.4067993164062,
        203.31887817382812,
        0.9384957551956177,
        943.2415771484375,
        199.484130859375,
        0.9446720480918884,
        937.4894409179688,
        199.484130859375,
        0.9590795636177063,
        950.9110107421875,
        203.31887817382812,
        0.947608470916748,
        935.5720825195312,
        203.31887817382812,
        0.8556090593338013,
        960.4978637695312,
        224.40994262695312,
        0.9004578590393066,
        931.7373046875,
        226.3273162841797,
        0.9117109179496765,
        979.6715698242188,
        247.4183807373047,
        0.9194735884666443,
        924.06787109375,
        251.25311279296875,
        0.9284896850585938,
        962.4152221679688,
        245.50100708007812,
        0.8846200704574585,
        912.5636596679688,
        243.58363342285156,
        0.8054652810096741,
        960.4978637695312,
        280.013671875,
        0.798585057258606,
        941.3241577148438,
        278.0962829589844,
        0.7857927083969116,
        962.4152221679688,
        322.19580078125,
        0.8910368084907532,
        939.4067993164062,
        322.19580078125,
        0.8527845740318298,
        968.1673583984375,
        364.3779296875,
        0.8803611397743225,
        941.3241577148438,
        360.543212890625,
        0.8956959843635559,
        910.8375335647902,
        182.80306497603024,
        74.3948535956273,
        196.33859945778292
    ],
    "1": [
        1471.5194091796875,
        175.6197052001953,
        0.9387281537055969,
        1474.698974609375,
        172.440185546875,
        0.9319270253181458,
        1469.9296875,
        172.440185546875,
        0.9350132346153259,
        1482.6478271484375,
        175.6197052001953,
        0.9159917831420898,
        1468.3399658203125,
        175.6197052001953,
        0.822002649307251,
        1492.186279296875,
        194.6968231201172,
        0.9090553522109985,
        1465.160400390625,
        193.10707092285156,
        0.9379971027374268,
        1495.3658447265625,
        223.3125,
        0.8863734602928162,
        1463.5706787109375,
        216.95346069335938,
        0.8677865266799927,
        1498.54541015625,
        248.7486572265625,
        0.8418247699737549,
        1457.211669921875,
        237.62034606933594,
        0.8673219680786133,
        1487.4171142578125,
        239.21009826660156,
        0.8038890361785889,
        1468.3399658203125,
        237.62034606933594,
        0.8386958241462708,
        1492.186279296875,
        274.184814453125,
        0.8282952904701233,
        1454.0321044921875,
        266.23602294921875,
        0.8973113298416138,
        1492.186279296875,
        309.1595458984375,
        0.8359887599945068,
        1458.8013916015625,
        301.2107238769531,
        0.8677974939346313,
        1443.6972713913137,
        157.01945631814823,
        66.7725872348733,
        162.7915384969852
    ],
    "5": [
        868.8077392578125,
        196.50096130371094,
        0.9597161412239075,
        873.8432006835938,
        193.14398193359375,
        0.9248107671737671,
        867.1292114257812,
        193.14398193359375,
        0.9421126842498779,
        880.5571899414062,
        196.50096130371094,
        0.9203401803970337,
        863.7722778320312,
        194.82247924804688,
        0.8714072108268738,
        887.2711181640625,
        218.32135009765625,
        0.832807183265686,
        865.4507446289062,
        214.96437072753906,
        0.7781196236610413,
        902.3775634765625,
        241.82022094726562,
        0.891434907913208,
        855.3798217773438,
        233.42776489257812,
        0.8568840622901917,
        899.0205688476562,
        266.9975891113281,
        0.8928300142288208,
        836.9163818359375,
        246.85569763183594,
        0.9035674333572388,
        880.5571899414062,
        270.3545837402344,
        0.7751158475875854,
        867.1292114257812,
        266.9975891113281,
        0.7995502948760986,
        855.3798217773438,
        298.888916015625,
        0.8039441108703613,
        846.9873657226562,
        297.2104187011719,
        0.9099979400634766,
        867.1292114257812,
        337.49420166015625,
        0.8630676865577698,
        857.0582885742188,
        332.458740234375,
        0.8524948954582214,
        836.9117111043095,
        176.86263142176574,
        65.47047231730039,
        171.87746422435828
    ],