{
    "7": [
        1155.0374755859375,
        215.4483184814453,
        0.9493747353553772,
        1159.034423828125,
        211.4512939453125,
        0.9036331176757812,
        1155.0374755859375,
        211.4512939453125,
        0.9355154633522034,
        1169.0269775390625,
        217.44683837890625,
        0.9261415600776672,
        1153.0389404296875,
        215.4483184814453,
        0.7899178862571716,
        1177.0211181640625,
        243.427490234375,
        0.8498649001121521,
        1149.0418701171875,
        237.4319610595703,
        0.8826035261154175,
        1195.0076904296875,
        267.4096374511719,
        0.908254086971283,
        1137.05078125,
        253.42005920410156,
        0.9122822284698486,
        1187.013671875,
        291.39178466796875,
        0.9374791383743286,
        1117.065673828125,
        267.4096374511719,
        0.8888835310935974,
        1173.0240478515625,
        301.38433837890625,
        0.8259685039520264,
        1149.0418701171875,
        299.3858337402344,
        0.8537750244140625,
        1189.0120849609375,
        339.3560791015625,
        0.8251427412033081,
        1129.0567626953125,
        337.3575744628906,
        0.90605628490448,
        1208.997314453125,
        383.3233642578125,
        0.8724132180213928,
        1119.064208984375,
        375.3293151855469,
        0.9188065528869629,
        1119.7200126303687,
        192.06572223979148,
        84.6244183775218,
        204.64765175656478
    ],
    "2": [
        937.6155395507812,
        203.53488159179688,
        0.9179402589797974,
        943.2879028320312,
        199.7532958984375,
        0.8972530364990234,
        935.7247314453125,
        199.7532958984375,
        0.9541081786155701,
        950.85107421875,
        205.42567443847656,
        0.9077205657958984,
        933.8339233398438,
        203.53488159179688,
        0.8838844895362854,
        960.3050537109375,
        224.33363342285156,
        0.932956337928772,
        931.943115234375,
        228.11521911621094,
        0.9009338617324829,
        979.2130126953125,
        247.02316284179688,
        0.930919885635376,
        922.4891357421875,
        252.695556640625,
        0.8747157454490662,
        960.3050537109375,
        245.1323699951172,
        0.8962819576263428,
        914.9259643554688,
        248.91395568847656,
        0.8081242442131042,
        962.1958618164062,
        279.16668701171875,
        0.7998962998390198,
        943.2879028320312,
        279.16668701171875,
        0.807104229927063,
        964.086669921875,
        322.65496826171875,
        0.8873131275177002,
        939.5062866210938,
        320.76416015625,
        0.8495700359344482,
        967.8682250976562,
        364.25244140625,
        0.8821159601211548,
        941.3970947265625,
        360.4708557128906,
        0.903587818145752,
        911.345167469561,
        185.19416757503964,
        73.33959689292885,
        193.617408178536
    ],
    "5": [
        859.4411010742188,
        197.9774627685547,
        0.9377338886260986,
        864.3683471679688,
        194.692626953125,
        0.9367530941963196,
        857.7987060546875,
        194.692626953125,
        0.9465434551239014,
        872.5805053710938,
        197.9774627685547,
        0.9287267923355103,
        854.5138549804688,
        196.33505249023438,
        0.8833861947059631,
        879.150146484375,
        217.6865234375,
        0.8601803779602051,
        852.8713989257812,
        214.4016876220703,
        0.8527235388755798,
        893.9319458007812,
        242.32286071777344,
        0.8846445679664612,
        836.4472045898438,
        227.5410614013672,
        0.8048757910728455,
        885.7198486328125,
        265.3167724609375,
        0.8810399174690247,
        818.3805541992188,
        235.753173828125,
        0.8218179941177368,
        872.5805053710938,
        268.6015930175781,
        0.8172287940979004,
        857.7987060546875,
        266.95916748046875,
        0.8474147319793701,
        847.9441528320312,
        303.09246826171875,
        0.8413878679275513,
        838.089599609375,
        299.8076171875,
        0.929096519947052,
        866.0108032226562,
        334.2984619140625,
        0.8812896609306335,
        831.5199584960938,
        335.9408874511719,
        0.9026905298233032,
        824.7235751691385,
        182.0460012236689,
        64.50780909644038,
        168.18396120870761
    ],
    "1": [
        1470.528076171875,
        176.69989013671875,
        0.9025149941444397,
        1473.715576171875,
        173.51242065429688,
        0.9194647073745728,
        1468.934326171875,
        173.51242065429688,
        0.9407791495323181,
        1481.684326171875,
        175.1061553955078,
        0.9137987494468689,
        1467.340576171875,
        176.69989013671875,
        0.8344442248344421,
        1491.2467041015625,
        194.2310028076172,
        0.9022241234779358,
        1464.1531982421875,
        192.63726806640625,
        0.9425885677337646,
        1494.4342041015625,
        219.73080444335938,
        0.8779131174087524,
        1462.5594482421875,
        216.54331970214844,
        0.8784570693969727,
        1492.8404541015625,
        245.2305908203125,
        0.8734819889068604,
        1457.7781982421875,
        237.26190185546875,
        0.8587978482246399,
        1486.4654541015625,
        238.85565185546875,
        0.7948587536811829,
        1467.340576171875,
        237.26190185546875,
        0.8473913073539734,
        1491.2467041015625,
        273.9178771972656,
        0.8571702837944031,
        1451.4033203125,
        265.9491882324219,
        0.8940543532371521,
        1491.2467041015625,
        308.9800720214844,
        0.8274035453796387,
        1452.9969482421875,
        301.01141357421875,
        0.8630558848381042,
        1441.147785666846,
        156.45936731866814,
        66.72925991669126,
        163.1988159614517
    ],
    "6": [
        1307.065673828125,
        331.9140319824219,
        0.8848480582237244,
        1309.911865234375,
        326.22161865234375,
        0.9044636487960815,
        1309.911865234375,
        326.22161865234375,
        0.7592509388923645,
        1315.6043701171875,
        331.9140319824219,
        0.9238941669464111,
        1338.3740234375,
        331.9140319824219,
        0.9046599268913269,
        1298.5269775390625,
        363.2224426269531,
        0.9238587021827698,
        1346.9127197265625,
        366.0686340332031,
        0.9023018479347229,
        1278.603515625,
        400.2232360839844,
        0.9036927223205566,
        1352.6051025390625,
        408.76190185546875,
        0.8748912215232849,
        1267.2186279296875,
        440.0702819824219,
        0.9085822701454163,
        1341.2203369140625,
        425.8392028808594,
        0.7927232980728149,
        1307.065673828125,
        448.60894775390625,
        0.8207172155380249,
        1338.3740234375,
        448.60894775390625,
        0.8062917590141296,
        1315.6043701171875,
        511.2257080078125,
        0.9019721746444702,
        1338.3740234375,
        505.53326416015625,
        0.9160847067832947,
        1324.1429443359375,
        570.9962768554688,
        0.9002047777175903,
        1346.9127197265625,
        568.1500244140625,
        0.8592913150787354,
        1261.3189947141764,
        304.3057836989991,
        117.10933358249804,
        291.4525098419708
    ],