{
    "1": [
        1468.9219970703125,
        176.2487030029297,
        0.9342939257621765,
        1472.123291015625,
        173.04745483398438,
        0.9597324132919312,
        1467.3214111328125,
        173.04745483398438,
        0.9483304619789124,
        1480.1263427734375,
        176.2487030029297,
        0.9208824038505554,
        1465.7208251953125,
        176.2487030029297,
        0.8765559196472168,
        1491.330810546875,
        193.85556030273438,
        0.879668653011322,
        1464.1201171875,
        193.85556030273438,
        0.9261775016784668,
        1492.931396484375,
        221.06617736816406,
        0.9003379344940186,
        1460.9189453125,
        217.86492919921875,
        0.8861576318740845,
        1491.330810546875,
        245.07553100585938,
        0.873909056186676,
        1456.1170654296875,
        238.67303466796875,
        0.8755180835723877,
        1484.92822265625,
        240.27366638183594,
        0.7883737087249756,
        1465.7208251953125,
        238.67303466796875,
        0.8566889762878418,
        1491.330810546875,
        273.88677978515625,
        0.8587642908096313,
        1451.315185546875,
        267.4842834472656,
        0.8738284111022949,
        1491.330810546875,
        309.1004943847656,
        0.8384727239608765,
        1449.7144775390625,
        302.697998046875,
        0.8892071843147278,
        1439.43421369057,
        155.92075624428446,
        66.97877640439287,
        163.90395187466436
    ],
    "2": [
        937.621337890625,
        204.292724609375,
        0.9232178330421448,
        941.3736572265625,
        200.5404052734375,
        0.9052285552024841,
        935.7451782226562,
        200.5404052734375,
        0.946398138999939,
        948.8782348632812,
        204.292724609375,
        0.9085663557052612,
        933.8690185546875,
        204.292724609375,
        0.8561988472938538,
        960.1351928710938,
        224.93040466308594,
        0.920386016368866,
        931.9928588867188,
        228.68272399902344,
        0.8903279900550842,
        978.896728515625,
        247.4442596435547,
        0.9241562485694885,
        924.48828125,
        251.19656372070312,
        0.8678579926490784,
        960.1351928710938,
        245.56809997558594,
        0.8883845806121826,
        913.2313232421875,
        251.19656372070312,
        0.8455058932304382,
        962.0113525390625,
        279.3388671875,
        0.7894406914710999,
        943.2498168945312,
        279.3388671875,
        0.8172006011009216,
        963.8875122070312,
        322.49041748046875,
        0.8670876622200012,
        939.4974975585938,
        322.49041748046875,
        0.8502554297447205,
        969.5159912109375,
        363.76580810546875,
        0.8613573908805847,
        941.3736572265625,
        360.01348876953125,
        0.9099952578544617,
        911.5133891053597,
        186.09400190603586,
        72.85367698882374,
        192.1182227932238
    ],
    "7": [
        1150.010009765625,
        215.5248260498047,
        0.9265480637550354,
        1154.002685546875,
        213.52847290039062,
        0.9404321908950806,
        1150.010009765625,
        211.53213500976562,
        0.9148553609848022,
        1163.984375,
        217.5211639404297,
        0.9330449104309082,
        1148.013671875,
        213.52847290039062,
        0.6902129650115967,
        1171.9697265625,
        243.47366333007812,
        0.8719866275787354,
        1142.0245361328125,
        235.48828125,
        0.9320198893547058,
        1189.9368896484375,
        267.4298095703125,
        0.9278228878974915,
        1134.0391845703125,
        251.45904541015625,
        0.8290296196937561,
        1181.9515380859375,
        293.3822937011719,
        0.9234681129455566,
        1110.0830078125,
        257.4480895996094,
        0.8603309392929077,
        1167.97705078125,
        303.364013671875,
        0.8320062160491943,
        1144.02099609375,
        299.371337890625,
        0.8399821519851685,
        1187.9405517578125,
        341.2945861816406,
        0.8333325386047363,
        1124.0574951171875,
        337.3019104003906,
        0.8729937076568604,
        1207.904052734375,
        383.21783447265625,
        0.8902750611305237,
        1118.0684814453125,
        375.2324523925781,
        0.9139172434806824,
        1116.6183068500989,
        190.1712852390006,
        84.75049643270336,
        204.42568914032137
    ],
    "6": [
        1306.41552734375,
        333.1905822753906,
        0.8914267420768738,
        1309.301025390625,
        330.3051452636719,
        0.9109423160552979,
        1309.301025390625,
        327.4197082519531,
        0.7777847647666931,
        1312.1864013671875,
        333.1905822753906,
        0.9081366062164307,
        1335.2698974609375,
        333.1905822753906,
        0.8696398735046387,
        1297.7591552734375,
        367.8158874511719,
        0.926077127456665,
        1343.92626953125,
        370.7013244628906,
        0.9029459357261658,
        1280.446533203125,
        405.3266296386719,
        0.8960437178611755,
        1349.6971435546875,
        411.0975341796875,
        0.9145971536636353,
        1266.019287109375,
        442.8373718261719,
        0.8913269639015198,
        1338.1553955078125,
        425.52471923828125,
        0.6770757436752319,
        1306.41552734375,
        451.49371337890625,
        0.824765145778656,
        1338.1553955078125,
        451.49371337890625,
        0.8269845247268677,
        1315.0718994140625,
        514.9734497070312,
        0.9142310619354248,
        1338.1553955078125,
        512.0880126953125,
        0.9210315942764282,
        1323.7281494140625,
        575.5677490234375,
        0.8650841116905212,
        1341.0408935546875,
        572.6822509765625,
        0.8362045884132385,
        1259.9349057851148,
        305.2018574016365,
        118.9301292461978,
        295.4691772428205
    ],
    "5": [
        856.0887451171875,
        198.69900512695312,
        0.9400455951690674,
        859.3421630859375,
        195.44561767578125,
        0.9339656233787537,
        852.8353881835938,
        195.44561767578125,
        0.9391265511512756,
        867.4756469726562,
        198.69900512695312,
        0.9311580061912537,
        849.5819702148438,
        197.0723114013672,
        0.8966886401176453,
        873.982421875,
        218.21934509277344,
        0.866584837436676,
        847.955322265625,
        214.96595764160156,
        0.855282187461853,
        890.2493896484375,
        242.61976623535156,
        0.9012823104858398,
        828.4349365234375,
        223.09942626953125,
        0.7054053544998169,
        878.8624877929688,
        265.39349365234375,
        0.8975715637207031,
        804.0345458984375,
        226.35281372070312,
        0.6484940052032471,
        867.4756469726562,
        270.2735900878906,
        0.8103049397468567,
        852.8353881835938,
        267.02020263671875,
        0.8284838199615479,
        843.0751953125,
        302.8074951171875,
        0.8458081483840942,
        833.3150634765625,
        301.1807861328125,
        0.9118334054946899,
        864.2222290039062,
        333.7146911621094,
        0.8589277267456055,
        826.8082885742188,
        335.3414001464844,
        0.8834229707717896,
        820.0229114504225,
        182.92010445433488,
        63.99824070869772,
        166.57351296571807
    ],