{
    "2": [
        940.6271362304688,
        204.80535888671875,
        0.9074244499206543,
        944.402099609375,
        201.03041076660156,
        0.910636305809021,
        938.7396240234375,
        201.03041076660156,
        0.9431270956993103,
        951.9520263671875,
        202.91787719726562,
        0.9282094836235046,
        934.9646606445312,
        204.80535888671875,
        0.8357923626899719,
        963.2769165039062,
        225.56764221191406,
        0.9347983002662659,
        933.0772094726562,
        227.4551239013672,
        0.9185302257537842,
        978.376708984375,
        250.10488891601562,
        0.9023674130439758,
        927.4147338867188,
        251.99237060546875,
        0.8838496208190918,
        961.389404296875,
        246.32994079589844,
        0.9021003246307373,
        919.8648681640625,
        250.10488891601562,
        0.8765460252761841,
        963.2769165039062,
        280.3045959472656,
        0.8101519346237183,
        944.402099609375,
        280.3045959472656,
        0.805404007434845,
        968.9393310546875,
        321.82916259765625,
        0.9025735259056091,
        940.6271362304688,
        321.82916259765625,
        0.8588078022003174,
        978.376708984375,
        361.46624755859375,
        0.8796675205230713,
        942.5145874023438,
        361.46624755859375,
        0.9303761124610901,
        912.0673794644074,
        184.60935204303584,
        74.10679364226075,
        193.2779483572115
    ],
    "1": [
        1462.264404296875,
        178.54135131835938,
        0.9438780546188354,
        1465.4117431640625,
        176.9676513671875,
        0.959243655204773,
        1460.690673828125,
        175.39395141601562,
        0.9493075609207153,
        1474.85400390625,
        178.54135131835938,
        0.9231755137443542,
        1459.116943359375,
        178.54135131835938,
        0.8350518941879272,
        1484.2962646484375,
        197.42581176757812,
        0.9236412048339844,
        1457.543212890625,
        195.85211181640625,
        0.9189757704734802,
        1484.2962646484375,
        224.17880249023438,
        0.8663462400436401,
        1454.3958740234375,
        219.4576873779297,
        0.9290307760238647,
        1481.1488037109375,
        249.3580780029297,
        0.8555679321289062,
        1448.1009521484375,
        243.06326293945312,
        0.9021574258804321,
        1481.1488037109375,
        243.06326293945312,
        0.7285925149917603,
        1460.690673828125,
        241.48956298828125,
        0.8174344301223755,
        1487.443603515625,
        274.537353515625,
        0.8462648391723633,
        1448.1009521484375,
        272.9636535644531,
        0.869929313659668,
        1490.591064453125,
        310.7325744628906,
        0.850702702999115,
        1435.5113525390625,
        306.011474609375,
        0.9092856049537659,
        1433.0393428300952,
        158.5553533053743,
        66.31856050821898,
        161.1473033319304
    ],
    "7": [
        1135.8050537109375,
        206.65805053710938,
        0.950401246547699,
        1139.911865234375,
        204.6046142578125,
        0.9409868717193604,
        1135.8050537109375,
        202.55117797851562,
        0.9410479664802551,
        1152.232421875,
        208.71148681640625,
        0.9491073489189148,
        1133.7515869140625,
        206.65805053710938,
        0.627050518989563,
        1158.3927001953125,
        235.4060821533203,
        0.8707728385925293,
        1127.59130859375,
        225.13893127441406,
        0.8952342867851257,
        1174.8201904296875,
        262.1006774902344,
        0.8923850059509277,
        1102.9500732421875,
        225.13893127441406,
        0.8680938482284546,
        1162.4996337890625,
        284.6884460449219,
        0.9240031242370605,
        1072.148681640625,
        214.87176513671875,
        0.8220195770263672,
        1154.285888671875,
        294.9555969238281,
        0.8170427680015564,
        1131.6981201171875,
        292.90216064453125,
        0.8296679258346558,
        1172.7667236328125,
        333.9707946777344,
        0.8198642134666443,
        1119.3775634765625,
        333.9707946777344,
        0.9063817858695984,
        1191.2476806640625,
        372.9859619140625,
        0.8468685150146484,
        1117.3240966796875,
        375.0393981933594,
        0.9096084237098694,
        1103.6164820237693,
        180.57953761681034,
        86.96486658895401,
        210.2712493657051
    ],
    "13": [
        1080.66650390625,
        124.96858978271484,
        0.9144781231880188,
        1083.67919921875,
        121.95591735839844,
        0.9212212562561035,
        1077.65380859375,
        121.95591735839844,
        0.9375880360603333,
        1088.1981201171875,
        124.96858978271484,
        0.9215377569198608,
        1073.134765625,
        123.4622573852539,
        0.8848804235458374,
        1095.7298583984375,
        143.04464721679688,
        0.8439841866493225,
        1067.1094970703125,
        141.53829956054688,
        0.8649030923843384,
        1100.2489013671875,
        161.12069702148438,
        0.8873844742774963,
        1061.0841064453125,
        161.12069702148438,
        0.8684639930725098,
        1097.2362060546875,
        180.7030792236328,
        0.8773305416107178,
        1056.5650634765625,
        179.19674682617188,
        0.8296076059341431,
        1086.69189453125,
        185.2220916748047,
        0.8147487044334412,
        1070.1220703125,
        185.2220916748047,
        0.8085152506828308,
        1085.185546875,
        216.8551788330078,
        0.8089351058006287,
        1071.62841796875,
        218.36151123046875,
        0.813122570514679,
        1088.1981201171875,
        249.99459838867188,
        0.878873348236084,
        1076.1474609375,
        248.48826599121094,
        0.8432860970497131,
        1047.0318409168458,
        105.83807931926785,
        62.750376465804266,
        154.2490207399094
    ],
    "9": [
        129.94598388671875,
        279.7528076171875,
        0.9686121344566345,
        127.70621490478516,
        275.27325439453125,
        0.9668655395507812,
        125.46643829345703,
        275.27325439453125,
        0.9867545366287231,
        107.5482177734375,
        277.5130310058594,
        0.7079792618751526,
        109.78799438476562,
        279.7528076171875,
        0.9529774785041809,
        98.589111328125,
        302.15057373046875,
        0.7975383996963501,
        109.78799438476562,
        308.8699035644531,
        0.8965261578559875,
        112.02777099609375,
        344.7063293457031,
        0.5894027948379517,
        107.5482177734375,
        344.7063293457031,
        0.8684793710708618,
        136.6653289794922,
        369.3439025878906,
        0.7594176530838013,
        109.78799438476562,
        376.063232421875,
        0.9721155762672424,
        87.39022064208984,
        371.58367919921875,
        0.7906904816627502,
        105.30844116210938,
        373.8234558105469,
        0.7375603318214417,
        89.62999725341797,
        416.37921142578125,
        0.9144376516342163,
        129.94598388671875,
        416.37921142578125,
        0.9197490215301514,
        71.71178436279297,
        461.17474365234375,
        0.9130745530128479,
        123.2266616821289,
        461.17474365234375,
        0.9373461604118347,
        64.38677641547636,
        251.30765252212308,
        88.5626374121563,
        229.35315921027103
    ],