{
    "1": [
        1447.3922119140625,
        183.16824340820312,
        0.9387498497962952,
        1450.389892578125,
        180.17051696777344,
        0.9509996771812439,
        1445.893310546875,
        180.17051696777344,
        0.948773980140686,
        1457.88427734375,
        183.16824340820312,
        0.921536386013031,
        1442.8956298828125,
        183.16824340820312,
        0.845234215259552,
        1468.3763427734375,
        201.15463256835938,
        0.909145712852478,
        1441.396728515625,
        201.15463256835938,
        0.9364211559295654,
        1471.3740234375,
        226.63536071777344,
        0.8714147210121155,
        1436.900146484375,
        225.13648986816406,
        0.8726760149002075,
        1474.371826171875,
        247.61947631835938,
        0.8059860467910767,
        1427.906982421875,
        249.11834716796875,
        0.85751873254776,
        1465.3785400390625,
        241.6240234375,
        0.8039680123329163,
        1445.893310546875,
        241.6240234375,
        0.7999584674835205,
        1471.3740234375,
        271.601318359375,
        0.8506507277488708,
        1436.900146484375,
        273.1001892089844,
        0.889836847782135,
        1483.364990234375,
        307.5740966796875,
        0.8834664225578308,
        1432.403564453125,
        307.5740966796875,
        0.8816235065460205,
        1422.0342798682268,
        167.13044522980334,
        64.20549155591652,
        153.48374122824083
    ],
    "5": [
        829.5989990234375,
        196.80859375,
        0.9470911622047424,
        833.1234741210938,
        195.04632568359375,
        0.9595147967338562,
        826.074462890625,
        193.28407287597656,
        0.9147671461105347,
        840.1725463867188,
        198.57086181640625,
        0.9573479890823364,
        822.5499267578125,
        196.80859375,
        0.9364227056503296,
        847.2216186523438,
        216.19349670410156,
        0.8796108365058899,
        819.025390625,
        212.66897583007812,
        0.835416316986084,
        864.84423828125,
        239.10293579101562,
        0.8900930285453796,
        801.4027709960938,
        203.85765075683594,
        0.6764570474624634,
        845.4593505859375,
        258.48785400390625,
        0.8963776230812073,
        782.017822265625,
        191.5218048095703,
        0.7486181855201721,
        845.4593505859375,
        267.2991638183594,
        0.8388437032699585,
        829.5989990234375,
        267.2991638183594,
        0.844420850276947,
        834.8857421875,
        306.0689697265625,
        0.9273310303688049,
        819.025390625,
        302.5444641113281,
        0.8962296843528748,
        843.6970825195312,
        346.6010437011719,
        0.8725473880767822,
        826.074462890625,
        336.0274658203125,
        0.9110566973686218,
        797.6470892378429,
        177.95241160800452,
        69.19057723186415,
        180.45580170323086
    ],
    "7": [
        1122.955078125,
        206.67141723632812,
        0.9355432391166687,
        1129.0728759765625,
        202.5928955078125,
        0.9132000803947449,
        1122.955078125,
        202.5928955078125,
        0.9091227054595947,
        1139.2691650390625,
        206.67141723632812,
        0.9541530013084412,
        1120.915771484375,
        206.67141723632812,
        0.7681055068969727,
        1147.4261474609375,
        231.142578125,
        0.8510534763336182,
        1116.8372802734375,
        225.02479553222656,
        0.9196044206619263,
        1165.779541015625,
        257.65301513671875,
        0.9244645237922668,
        1088.28759765625,
        214.82847595214844,
        0.8788002729415894,
        1153.5439453125,
        280.08489990234375,
        0.9008020162582397,
        1065.855712890625,
        194.4358367919922,
        0.8340126276016235,
        1145.386962890625,
        290.2812194824219,
        0.8237565755844116,
        1122.955078125,
        288.241943359375,
        0.8182772994041443,
        1153.5439453125,
        335.14501953125,
        0.840190589427948,
        1108.68017578125,
        331.0664978027344,
        0.8829848170280457,
        1161.7010498046875,
        375.9302978515625,
        0.8313192129135132,
        1100.5230712890625,
        369.8125,
        0.8822143077850342,
        1089.5505698827776,
        178.73353501695925,
        85.16237408694519,
        208.8205388402771
    ],
    "6": [
        1288.2542724609375,
        377.3687744140625,
        0.8717311024665833,
        1291.410400390625,
        371.0565185546875,
        0.8457391858100891,
        1291.410400390625,
        371.0565185546875,
        0.681004524230957,
        1294.5665283203125,
        374.212646484375,
        0.9082586169242859,
        1319.8154296875,
        377.3687744140625,
        0.8563689589500427,
        1281.9420166015625,
        408.9299621582031,
        0.9397470355033875,
        1326.127685546875,
        415.2422180175781,
        0.949194073677063,
        1285.09814453125,
        446.80340576171875,
        0.9242284893989563,
        1329.2838134765625,
        459.4278869628906,
        1.0074996948242188,
        1297.72265625,
        478.3646240234375,
        0.7839167714118958,
        1307.19091796875,
        468.8962707519531,
        0.5639471411705017,
        1281.9420166015625,
        500.45745849609375,
        0.8332639336585999,
        1310.3470458984375,
        503.61358642578125,
        0.7464343905448914,
        1285.09814453125,
        544.6431274414062,
        0.901689350605011,
        1307.19091796875,
        569.89208984375,
        0.8187111020088196,
        1288.2542724609375,
        598.2971801757812,
        0.9756437540054321,
        1297.72265625,
        639.3267822265625,
        0.8133041262626648,
        1238.994324000118,
        340.4421658850989,
        126.92502811388408,
        323.18671442047287
    ],
    "13": [
        1077.14501953125,
        130.48146057128906,
        0.8528697490692139,
        1080.2366943359375,
        127.38980865478516,
        0.871568500995636,
        1075.5992431640625,
        127.38980865478516,
        0.8559476137161255,
        1084.8741455078125,
        128.93563842773438,
        0.8637717962265015,
        1070.9617919921875,
        128.93563842773438,
        0.8789311647415161,
        1092.603271484375,
        147.48553466796875,
        0.8682969212532043,
        1063.232666015625,
        145.93971252441406,
        0.8876428008079529,
        1095.6949462890625,
        169.12709045410156,
        0.8947799801826477,
        1055.5035400390625,
        166.03543090820312,
        0.854668378829956,
        1091.0574951171875,
        186.13116455078125,
        0.9204006791114807,
        1052.411865234375,
        181.49368286132812,
        0.7401325106620789,
        1083.328369140625,
        190.76864624023438,
        0.8302874565124512,
        1066.32421875,
        190.76864624023438,
        0.8585054278373718,
        1080.2366943359375,
        223.23097229003906,
        0.846362292766571,
        1069.4158935546875,
        223.23097229003906,
        0.867702841758728,
        1077.14501953125,
        257.2391357421875,
        0.7658231258392334,
        1072.507568359375,
        255.69329833984375,
        0.7374967932701111,
        1043.3642981658204,
        110.84945517709889,
        62.92404086900797,
        158.29257429989025
    ],