{
    "7": [
        1120.0665283203125,
        208.91390991210938,
        0.9437782764434814,
        1126.162841796875,
        206.88177490234375,
        0.9369831681251526,
        1120.0665283203125,
        206.88177490234375,
        0.9152179956436157,
        1136.323486328125,
        208.91390991210938,
        0.9684107899665833,
        1118.034423828125,
        208.91390991210938,
        0.7375522255897522,
        1142.4197998046875,
        235.33145141601562,
        0.8546005487442017,
        1113.97021484375,
        229.235107421875,
        0.9120478630065918,
        1160.7088623046875,
        263.7811279296875,
        0.8995646834373474,
        1087.5526123046875,
        225.17086791992188,
        0.8883106708526611,
        1150.54833984375,
        286.13446044921875,
        0.9316504001617432,
        1063.1671142578125,
        200.78543090820312,
        0.8873619437217712,
        1140.3876953125,
        296.2950439453125,
        0.8235247135162354,
        1118.034423828125,
        294.262939453125,
        0.8229686617851257,
        1148.5162353515625,
        336.93743896484375,
        0.8834874629974365,
        1105.8416748046875,
        334.90533447265625,
        0.8976890444755554,
        1162.7410888671875,
        375.5477294921875,
        0.8746214509010315,
        1101.7774658203125,
        371.4834899902344,
        0.9094895124435425,
        1086.8551717905084,
        183.1059389781301,
        84.71169741442009,
        208.0891332970192
    ],
    "1": [
        1442.0516357421875,
        184.46141052246094,
        0.9346487522125244,
        1446.5330810546875,
        181.47378540039062,
        0.9488415718078613,
        1442.0516357421875,
        181.47378540039062,
        0.9546197652816772,
        1454.0020751953125,
        182.9676055908203,
        0.9316115975379944,
        1439.06396484375,
        182.9676055908203,
        0.8337515592575073,
        1464.458740234375,
        200.8933563232422,
        0.9301806092262268,
        1437.5701904296875,
        200.8933563232422,
        0.946043848991394,
        1468.940185546875,
        226.2881622314453,
        0.8960491418838501,
        1433.0887451171875,
        226.2881622314453,
        0.879470944404602,
        1471.9278564453125,
        248.6953582763672,
        0.7856405973434448,
        1424.1258544921875,
        248.6953582763672,
        0.8925885558128357,
        1462.9649658203125,
        241.22628784179688,
        0.8212992548942566,
        1443.54541015625,
        241.22628784179688,
        0.8143842220306396,
        1467.4464111328125,
        271.1025390625,
        0.8332099914550781,
        1434.58251953125,
        274.0901794433594,
        0.884661078453064,
        1476.4093017578125,
        306.95404052734375,
        0.8683853149414062,
        1431.594970703125,
        306.95404052734375,
        0.8429650664329529,
        1418.1726007128825,
        166.9838018947745,
        64.18988477710286,
        152.96645904716422
    ],
    "5": [
        826.715087890625,
        197.1210174560547,
        0.9205267429351807,
        832.0189208984375,
        193.58509826660156,
        0.9121444821357727,
        824.9470825195312,
        193.58509826660156,
        0.8997147083282471,
        839.0908203125,
        197.1210174560547,
        0.9015219211578369,
        821.4111328125,
        197.1210174560547,
        0.8919727802276611,
        846.1626586914062,
        216.56863403320312,
        0.8684397339820862,
        817.875244140625,
        213.03269958496094,
        0.833512544631958,
        863.84228515625,
        237.78421020507812,
        0.917434811592102,
        800.195556640625,
        202.42491149902344,
        0.8356746435165405,
        846.1626586914062,
        257.2318115234375,
        0.8793973326683044,
        778.97998046875,
        191.81712341308594,
        0.8599351644515991,
        844.3947143554688,
        267.839599609375,
        0.8451827168464661,
        828.4830322265625,
        267.839599609375,
        0.8371047377586365,
        833.7869262695312,
        306.7348327636719,
        0.9257316589355469,
        816.1072998046875,
        303.19891357421875,
        0.8662281632423401,
        842.626708984375,
        349.1659851074219,
        0.8993081450462341,
        823.1791381835938,
        333.2543029785156,
        0.8403700590133667,
        794.5792816438826,
        176.43582209535725,
        69.57546616019442,
        181.0396126955044
    ],
    "13": [
        1077.636962890625,
        131.9140625,
        0.8373264074325562,
        1080.6929931640625,
        127.33003234863281,
        0.8439559936523438,
        1074.5809326171875,
        127.33003234863281,
        0.8210300207138062,
        1086.804931640625,
        128.8580322265625,
        0.9054194092750549,
        1069.996826171875,
        128.8580322265625,
        0.9160459637641907,
        1091.3890380859375,
        148.72216796875,
        0.9005098342895508,
        1062.3568115234375,
        145.66615295410156,
        0.8837406635284424,
        1095.9730224609375,
        171.64231872558594,
        0.8804154396057129,
        1054.716796875,
        167.05828857421875,
        0.8590638637542725,
        1091.3890380859375,
        189.9784393310547,
        0.928175687789917,
        1051.6607666015625,
        180.8103790283203,
        0.7931287884712219,
        1080.6929931640625,
        193.03445434570312,
        0.810367226600647,
        1063.8848876953125,
        191.50645446777344,
        0.8402022123336792,
        1079.1649169921875,
        225.1226806640625,
        0.8522465825080872,
        1066.9407958984375,
        225.1226806640625,
        0.8479883074760437,
        1076.10888671875,
        258.7388916015625,
        0.8111938834190369,
        1071.52490234375,
        255.68287658691406,
        0.7648542523384094,
        1042.8673895209758,
        112.50830503768955,
        61.898938287565215,
        156.4682812156719
    ],
    "11": [
        730.568359375,
        310.767333984375,
        0.9069763422012329,
        730.568359375,
        306.5155029296875,
        0.7088614106178284,
        728.4424438476562,
        306.5155029296875,
        0.9258851408958435,
        707.1832275390625,
        310.767333984375,
        0.8586937785148621,
        724.1906127929688,
        308.64141845703125,
        0.9290550351142883,
        692.3018188476562,
        336.2783508300781,
        0.9203512668609619,
        734.8201904296875,
        338.404296875,
        0.9002426862716675,
        673.1685180664062,
        368.1671447753906,
        0.9111701250076294,
        745.4497680664062,
        372.41900634765625,
        0.8830064535140991,
        673.1685180664062,
        393.6781921386719,
        0.8636898398399353,
        747.57568359375,
        402.1818542480469,
        0.8913572430610657,
        698.6795654296875,
        397.9300231933594,
        0.7706338167190552,
        726.3165283203125,
        397.9300231933594,
        0.788003146648407,
        698.6795654296875,
        440.44842529296875,
        0.6629889607429504,
        730.568359375,
        440.44842529296875,
        0.881426215171814,
        700.8054809570312,
        482.966796875,
        0.5161241292953491,
        734.8201904296875,
        487.2186279296875,
        0.8620964288711548,
        670.192571175512,
        288.02001142431425,
        88.86279453279701,
        217.69415272035917
    ],