{
    "7": [
        1110.50146484375,
        209.0467987060547,
        0.9060734510421753,
        1114.5859375,
        204.96238708496094,
        0.93449866771698,
        1110.50146484375,
        204.96238708496094,
        0.9390825629234314,
        1124.7969970703125,
        209.0467987060547,
        0.9450235962867737,
        1110.50146484375,
        207.0045928955078,
        0.7460987567901611,
        1135.0079345703125,
        231.51107788085938,
        0.869244396686554,
        1104.3748779296875,
        229.4688720703125,
        0.9484743475914001,
        1151.3455810546875,
        258.05975341796875,
        0.8784700632095337,
        1100.29052734375,
        256.0175476074219,
        0.9253711104393005,
        1143.1767578125,
        280.5240173339844,
        0.8978193998336792,
        1094.163818359375,
        278.4818115234375,
        0.9172343611717224,
        1135.0079345703125,
        290.7350769042969,
        0.8333578109741211,
        1110.50146484375,
        290.7350769042969,
        0.825174868106842,
        1147.26123046875,
        333.62139892578125,
        0.881874144077301,
        1102.3326416015625,
        333.62139892578125,
        0.8976020216941833,
        1159.514404296875,
        376.5077209472656,
        0.8681513667106628,
        1100.29052734375,
        372.4233093261719,
        0.8897207975387573,
        1078.9217692179323,
        183.11076235396462,
        85.62374846742046,
        209.12201120977835
    ],
    "13": [
        1069.52294921875,
        133.9651641845703,
        0.916131854057312,
        1072.5906982421875,
        130.89744567871094,
        0.8977413773536682,
        1066.4552001953125,
        129.36358642578125,
        0.9203174114227295,
        1077.1922607421875,
        130.89744567871094,
        0.8872830867767334,
        1063.3875732421875,
        130.89744567871094,
        0.8932892680168152,
        1084.861572265625,
        149.3037567138672,
        0.9046407341957092,
        1057.2520751953125,
        147.7698974609375,
        0.8928458094596863,
        1094.064697265625,
        170.7777862548828,
        0.9073955416679382,
        1051.11669921875,
        167.71006774902344,
        0.8244014978408813,
        1094.064697265625,
        190.71795654296875,
        0.8910079002380371,
        1048.0489501953125,
        184.58251953125,
        0.8103881478309631,
        1075.658447265625,
        193.7856903076172,
        0.8291810154914856,
        1057.2520751953125,
        192.2518310546875,
        0.8276574611663818,
        1075.658447265625,
        229.064453125,
        0.8717045783996582,
        1051.11669921875,
        224.46287536621094,
        0.8852197527885437,
        1074.12451171875,
        259.74163818359375,
        0.8824199438095093,
        1054.184326171875,
        259.74163818359375,
        0.8832465410232544,
        1035.9531634039902,
        112.95131329774765,
        62.53799440066973,
        157.0671690138512
    ],
    "11": [
        684.112060546875,
        299.3087158203125,
        0.8786680102348328,
        682.0194091796875,
        295.1233825683594,
        0.8233289122581482,
        684.112060546875,
        295.1233825683594,
        0.894105076789856,
        663.1853637695312,
        301.4013977050781,
        0.8907137513160706,
        682.0194091796875,
        299.3087158203125,
        0.9072092175483704,
        652.7219848632812,
        326.5134582519531,
        0.9129989147186279,
        694.575439453125,
        324.4207763671875,
        0.8846431374549866,
        642.2586669921875,
        359.9962158203125,
        0.8943178057670593,
        709.22412109375,
        357.9035339355469,
        0.921227753162384,
        656.9073486328125,
        374.6448974609375,
        0.8491559028625488,
        719.6875,
        383.0155944824219,
        0.9016109108924866,
        663.1853637695312,
        385.1082763671875,
        0.8209344744682312,
        690.3900756835938,
        385.1082763671875,
        0.8071833848953247,
        663.1853637695312,
        429.05438232421875,
        0.9087560772895813,
        702.9461059570312,
        422.7763671875,
        0.8107575178146362,
        661.0926513671875,
        477.1858215332031,
        0.9060695171356201,
        696.6680908203125,
        473.00048828125,
        0.805439293384552,
        632.894649600637,
        272.7317797137676,
        87.78618694233899,
        214.28965263462578
    ],
    "1": [
        1435.9906005859375,
        183.00686645507812,
        0.9027297496795654,
        1440.54150390625,
        181.48992919921875,
        0.9082183241844177,
        1435.9906005859375,
        181.48992919921875,
        0.922620415687561,
        1448.126220703125,
        183.00686645507812,
        0.9271670579910278,
        1432.9566650390625,
        184.52383422851562,
        0.7916508913040161,
        1458.744873046875,
        201.21029663085938,
        0.897678554058075,
        1432.9566650390625,
        201.21029663085938,
        0.9469326734542847,
        1463.2957763671875,
        228.51544189453125,
        0.8837074637413025,
        1426.888916015625,
        225.48153686523438,
        0.8820982575416565,
        1460.2618408203125,
        252.78668212890625,
        0.8369216322898865,
        1416.270263671875,
        248.23583984375,
        0.8995351791381836,
        1458.744873046875,
        242.16802978515625,
        0.7711704969406128,
        1440.54150390625,
        242.16802978515625,
        0.7919228076934814,
        1463.2957763671875,
        272.507080078125,
        0.8515527844429016,
        1432.9566650390625,
        274.0240173339844,
        0.8845723271369934,
        1466.3297119140625,
        310.4308776855469,
        0.8208962678909302,
        1431.4398193359375,
        307.39697265625,
        0.8492961525917053,
        1411.8848095602352,
        165.25857310233346,
        64.89805641941302,
        155.3358613679667
    ],
    "5": [
        817.7316284179688,
        195.58941650390625,
        0.969161331653595,
        821.3517456054688,
        191.9692840576172,
        0.9621262550354004,
        814.1114501953125,
        191.9692840576172,
        0.9322655200958252,
        826.7819213867188,
        193.77935791015625,
        0.9474281072616577,
        810.4913330078125,
        193.77935791015625,
        0.9093483090400696,
        835.832275390625,
        211.88002014160156,
        0.8734709620475769,
        808.6812744140625,
        213.69007873535156,
        0.893756091594696,
        853.9329223632812,
        237.220947265625,
        0.9093308448791504,
        805.0611572265625,
        233.60081481933594,
        0.6930155754089355,
        834.022216796875,
        251.70147705078125,
        0.922770619392395,
        814.1114501953125,
        255.3216094970703,
        0.4387420415878296,
        835.832275390625,
        266.1820068359375,
        0.8020169734954834,
        819.5416870117188,
        266.1820068359375,
        0.8021807670593262,
        832.212158203125,
        307.81353759765625,
        0.9085330963134766,
        806.8712158203125,
        304.1933898925781,
        0.9218766093254089,
        843.072509765625,
        347.6349792480469,
        0.8625382781028748,
        805.0611572265625,
        342.20477294921875,
        0.8813551068305969,
        788.6710026437528,
        174.41166054925208,
        70.7916656219968,
        185.35075833579253
    ],