{
    "5": [
        809.1224975585938,
        194.69638061523438,
        0.9519620537757874,
        812.7222900390625,
        191.09661865234375,
        0.9545096755027771,
        807.3226318359375,
        191.09661865234375,
        0.9611563682556152,
        819.9218139648438,
        194.69638061523438,
        0.9056982398033142,
        803.722900390625,
        194.69638061523438,
        0.9255613088607788,
        830.7210693359375,
        210.89529418945312,
        0.8845371007919312,
        801.9229736328125,
        214.49505615234375,
        0.9203019142150879,
        846.9200439453125,
        237.89352416992188,
        0.9135421514511108,
        800.1231079101562,
        232.49386596679688,
        0.8526061177253723,
        825.3214721679688,
        248.69281005859375,
        0.9028312563896179,
        791.1237182617188,
        243.29315185546875,
        0.881270706653595,
        830.7210693359375,
        264.8917236328125,
        0.8068071007728577,
        810.9224243164062,
        264.8917236328125,
        0.7908945083618164,
        828.9212036132812,
        308.0888671875,
        0.894703209400177,
        803.722900390625,
        304.4891052246094,
        0.8908722400665283,
        841.5203857421875,
        347.6862487792969,
        0.869881272315979,
        801.9229736328125,
        342.28662109375,
        0.8795717358589172,
        782.083747701437,
        175.43762643273988,
        70.2765049117603,
        184.30782223909716
    ],
    "7": [
        1111.298583984375,
        208.66470336914062,
        0.9260551333427429,
        1117.38037109375,
        206.63748168945312,
        0.9208088517189026,
        1111.298583984375,
        204.61026000976562,
        0.9218836426734924,
        1127.516357421875,
        208.66470336914062,
        0.9404200315475464,
        1109.271484375,
        208.66470336914062,
        0.7466362714767456,
        1135.625244140625,
        232.99136352539062,
        0.910521924495697,
        1105.217041015625,
        230.96414184570312,
        0.9175113439559937,
        1153.870361328125,
        259.3452453613281,
        0.8937017917633057,
        1105.217041015625,
        257.3180236816406,
        0.8754250407218933,
        1145.761474609375,
        283.6719055175781,
        0.915912926197052,
        1103.189697265625,
        281.6446838378906,
        0.9067777395248413,
        1137.652587890625,
        293.8080139160156,
        0.8147653341293335,
        1115.35302734375,
        293.8080139160156,
        0.8559709787368774,
        1149.81591796875,
        334.3524475097656,
        0.8807963728904724,
        1105.217041015625,
        334.3524475097656,
        0.8868968486785889,
        1157.9248046875,
        376.9241027832031,
        0.8723742365837097,
        1101.16259765625,
        372.8696594238281,
        0.8852946758270264,
        1082.2412773836763,
        184.94616545742366,
        84.46853891134083,
        207.58760311381224
    ],
    "13": [
        1063.291015625,
        135.78582763671875,
        0.8967534303665161,
        1066.350341796875,
        131.19677734375,
        0.892751157283783,
        1060.2315673828125,
        131.19677734375,
        0.9007065892219543,
        1070.9393310546875,
        132.72647094726562,
        0.8761111497879028,
        1057.1722412109375,
        132.72647094726562,
        0.8920076489448547,
        1078.5877685546875,
        152.6123504638672,
        0.8691955804824829,
        1051.053466796875,
        151.08267211914062,
        0.9009907245635986,
        1089.2955322265625,
        172.49822998046875,
        0.8818638324737549,
        1044.934814453125,
        170.9685516357422,
        0.8507371544837952,
        1089.2955322265625,
        190.85443115234375,
        0.8946310877799988,
        1041.8753662109375,
        186.265380859375,
        0.8222211599349976,
        1072.4691162109375,
        196.97317504882812,
        0.8286250233650208,
        1054.1129150390625,
        195.4434814453125,
        0.8437289595603943,
        1073.998779296875,
        230.62620544433594,
        0.847058892250061,
        1049.5238037109375,
        230.62620544433594,
        0.8776098489761353,
        1073.998779296875,
        259.690185546875,
        0.8448408246040344,
        1047.994140625,
        262.74957275390625,
        0.898059606552124,
        1031.2035487145608,
        117.88853369738453,
        62.645268235396316,
        156.6395862213973
    ],
    "1": [
        1436.494140625,
        182.81265258789062,
        0.9095234870910645,
        1439.5220947265625,
        181.29864501953125,
        0.9195303320884705,
        1434.9801025390625,
        181.29864501953125,
        0.9407680630683899,
        1448.606201171875,
        182.81265258789062,
        0.9298178553581238,
        1433.4661865234375,
        184.32664489746094,
        0.7742275595664978,
        1459.2042236328125,
        200.980712890625,
        0.8983451128005981,
        1433.4661865234375,
        200.980712890625,
        0.9338825941085815,
        1462.232177734375,
        228.23280334472656,
        0.8800187706947327,
        1427.41015625,
        225.2047882080078,
        0.8699154257774353,
        1457.690185546875,
        252.45687866210938,
        0.9104225635528564,
        1418.3260498046875,
        246.40086364746094,
        0.8820246458053589,
        1459.2042236328125,
        243.3728485107422,
        0.7636973261833191,
        1441.0361328125,
        243.3728485107422,
        0.7950364351272583,
        1462.232177734375,
        272.1389465332031,
        0.8326294422149658,
        1431.9521484375,
        273.6529541015625,
        0.8797481060028076,
        1466.7742919921875,
        311.5030822753906,
        0.8419409394264221,
        1431.9521484375,
        308.4750671386719,
        0.8443164825439453,
        1412.4940903809459,
        165.09878815059994,
        64.65425275155462,
        155.03410847640714
    ],
    "2": [
        941.3775634765625,
        207.791015625,
        0.9363092184066772,
        945.3441162109375,
        203.81167602539062,
        0.9243643879890442,
        938.3216552734375,
        203.8086700439453,
        0.9263216853141785,
        954.1881713867188,
        206.72592163085938,
        0.9370037317276001,
        936.3116455078125,
        205.8013916015625,
        0.8273885250091553,
        963.0565185546875,
        228.39059448242188,
        0.8861600160598755,
        932.3590087890625,
        228.40353393554688,
        0.8914420008659363,
        973.8982543945312,
        256.0321044921875,
        0.8883686065673828,
        925.4970092773438,
        255.95567321777344,
        0.8565504550933838,
        958.09228515625,
        256.10601806640625,
        0.8326859474182129,
        913.9482421875,
        239.54864501953125,
        0.6976566314697266,
        957.1154174804688,
        281.756103515625,
        0.7751113772392273,
        936.317138671875,
        281.69268798828125,
        0.7722609639167786,
        961.072509765625,
        321.2713623046875,
        0.8843542337417603,
        932.4010620117188,
        319.2928466796875,
        0.827233076095581,
        977.8762817382812,
        359.7402038574219,
        0.8922534584999084,
        931.445068359375,
        352.878173828125,
        0.8255666494369507,
        912.6401857417807,
        185.79741182194346,
        73.06813616626232,
        188.53982263722992
    ],