{
    "5": [
        808.1123657226562,
        194.42929077148438,
        0.9473580718040466,
        811.7162475585938,
        190.8253631591797,
        0.9526181817054749,
        804.5084228515625,
        190.8253631591797,
        0.9540592432022095,
        817.1221923828125,
        194.42929077148438,
        0.8965557813644409,
        800.9044799804688,
        194.42929077148438,
        0.9333903193473816,
        829.7359619140625,
        210.64700317382812,
        0.8691337704658508,
        800.9044799804688,
        212.44895935058594,
        0.9036532044410706,
        845.95361328125,
        237.67648315429688,
        0.9186174869537354,
        799.1025390625,
        232.27059936523438,
        0.8621002435684204,
        824.3300170898438,
        246.6863250732422,
        0.8866351246833801,
        791.8946533203125,
        244.8843536376953,
        0.9271970391273499,
        829.7359619140625,
        264.70599365234375,
        0.8114718794822693,
        809.914306640625,
        264.70599365234375,
        0.7797146439552307,
        829.7359619140625,
        306.1512145996094,
        0.9047874808311462,
        802.7064208984375,
        304.3492431640625,
        0.8878664970397949,
        840.5477294921875,
        345.7944641113281,
        0.878388524055481,
        800.9044799804688,
        342.1905517578125,
        0.8916704058647156,
        781.0700862514434,
        175.14823700034134,
        70.30225088402017,
        184.52140312526654
    ],
    "7": [
        1112.0855712890625,
        209.16322326660156,
        0.931260347366333,
        1118.162841796875,
        205.1116943359375,
        0.9287770986557007,
        1112.0855712890625,
        205.1116943359375,
        0.9301133751869202,
        1128.291748046875,
        209.16322326660156,
        0.949882984161377,
        1110.059814453125,
        207.137451171875,
        0.7224076390266418,
        1138.4205322265625,
        233.4723663330078,
        0.9064306020736694,
        1106.00830078125,
        231.44659423828125,
        0.9051896333694458,
        1152.600830078125,
        259.8072814941406,
        0.8947831988334656,
        1106.00830078125,
        257.781494140625,
        0.853384792804718,
        1146.5235595703125,
        286.1421813964844,
        0.9326568245887756,
        1106.00830078125,
        282.09063720703125,
        0.8958665728569031,
        1138.4205322265625,
        292.2194519042969,
        0.8150665163993835,
        1116.1370849609375,
        294.2452087402344,
        0.8560136556625366,
        1150.5750732421875,
        334.7604675292969,
        0.8931137323379517,
        1103.9825439453125,
        334.7604675292969,
        0.8986851572990417,
        1158.6781005859375,
        377.30145263671875,
        0.8773900866508484,
        1099.9310302734375,
        373.24993896484375,
        0.8819929361343384,
        1083.1147066134477,
        185.46180940194495,
        84.2766478634203,
        207.43799730844148
    ],
    "2": [
        940.37060546875,
        207.2556610107422,
        0.9079245924949646,
        944.0628662109375,
        203.56341552734375,
        0.8962249159812927,
        938.5244750976562,
        203.56341552734375,
        0.9185089468955994,
        951.4473266601562,
        207.2556610107422,
        0.9262251853942871,
        934.8322143554688,
        207.2556610107422,
        0.9064105153083801,
        962.5240478515625,
        227.56300354003906,
        0.9112771153450012,
        931.1400146484375,
        229.4091339111328,
        0.902336597442627,
        973.600830078125,
        255.2548370361328,
        0.9056290984153748,
        923.7554931640625,
        257.1009521484375,
        0.8527050614356995,
        958.8318481445312,
        255.2548370361328,
        0.9382421374320984,
        910.8326416015625,
        240.48587036132812,
        0.830254077911377,
        956.9857177734375,
        282.9466857910156,
        0.7967841625213623,
        938.5244750976562,
        282.9466857910156,
        0.7536375522613525,
        960.677978515625,
        319.8691101074219,
        0.9302160739898682,
        932.986083984375,
        318.0229797363281,
        0.8664512038230896,
        977.2930297851562,
        358.6376647949219,
        0.8864073157310486,
        931.1400146484375,
        353.09930419921875,
        0.8454850912094116,
        910.0415165912133,
        185.65600509700073,
        73.58110226746464,
        189.04294223318084
    ],
    "1": [
        1436.4620361328125,
        184.4928436279297,
        0.9042769074440002,
        1439.485107421875,
        181.46969604492188,
        0.918403148651123,
        1434.950439453125,
        181.46969604492188,
        0.9454272985458374,
        1448.5545654296875,
        182.9812774658203,
        0.9293676614761353,
        1433.4388427734375,
        184.4928436279297,
        0.7842236161231995,
        1459.1356201171875,
        201.12013244628906,
        0.8954043388366699,
        1433.4388427734375,
        201.12013244628906,
        0.9270269870758057,
        1463.6702880859375,
        228.3284149169922,
        0.8838136196136475,
        1428.9041748046875,
        226.81683349609375,
        0.8742032051086426,
        1457.6240234375,
        252.5135498046875,
        0.901073694229126,
        1418.3231201171875,
        246.46726989746094,
        0.8883533477783203,
        1459.1356201171875,
        243.44412231445312,
        0.7574089169502258,
        1440.9967041015625,
        243.44412231445312,
        0.7937442064285278,
        1460.6470947265625,
        272.1639709472656,
        0.8380910754203796,
        1431.92724609375,
        273.675537109375,
        0.8760808110237122,
        1466.693359375,
        311.46484375,
        0.8448137640953064,
        1431.92724609375,
        308.4416809082031,
        0.8396123051643372,
        1412.5072443298545,
        165.29587631088808,
        64.53668734014218,
        154.7849216569078
    ],
    "13": [
        1061.0843505859375,
        139.0676727294922,
        0.8907350301742554,
        1064.1141357421875,
        136.03787231445312,
        0.8787856101989746,
        1059.5694580078125,
        136.03787231445312,
        0.8807021975517273,
        1068.6588134765625,
        136.03787231445312,
        0.8876982927322388,
        1055.0247802734375,
        136.03787231445312,
        0.8905202150344849,
        1076.2332763671875,
        152.70175170898438,
        0.8870620727539062,
        1048.9652099609375,
        151.18685913085938,
        0.899631917476654,
        1086.837646484375,
        170.88052368164062,
        0.8899520635604858,
        1044.4205322265625,
        170.88052368164062,
        0.8202486038208008,
        1088.3525390625,
        189.05929565429688,
        0.8419620394706726,
        1041.390625,
        186.0294952392578,
        0.7694563865661621,
        1070.1737060546875,
        196.6337890625,
        0.8381357192993164,
        1051.9949951171875,
        196.6337890625,
        0.8264850974082947,
        1071.6885986328125,
        231.4764404296875,
        0.8501461744308472,
        1048.9652099609375,
        231.4764404296875,
        0.8701816201210022,
        1073.2034912109375,
        260.2594909667969,
        0.8615095615386963,
        1047.4503173828125,
        264.80419921875,
        0.8931760191917419,
        1030.789179090456,
        119.82842340381322,
        62.10534789208373,
        155.12558568493566
    ],