{
    "7": [
        1115.7762451171875,
        210.996826171875,
        0.9500887989997864,
        1119.79736328125,
        206.97573852539062,
        0.9484205842018127,
        1113.7657470703125,
        206.97573852539062,
        0.9454383850097656,
        1129.85009765625,
        208.98626708984375,
        0.9706456065177917,
        1111.755126953125,
        208.98626708984375,
        0.7306807041168213,
        1139.9027099609375,
        235.12335205078125,
        0.9069859981536865,
        1109.74462890625,
        233.11279296875,
        0.9249141812324524,
        1155.987060546875,
        261.2604064941406,
        0.8962671160697937,
        1107.7340087890625,
        259.2498779296875,
        0.84211665391922,
        1145.9344482421875,
        287.3974914550781,
        0.9197444915771484,
        1105.7235107421875,
        281.3658447265625,
        0.880398690700531,
        1139.9027099609375,
        293.4291076660156,
        0.8257290124893188,
        1117.7867431640625,
        293.4291076660156,
        0.8505825996398926,
        1151.966064453125,
        335.6505432128906,
        0.9096896648406982,
        1105.7235107421875,
        333.6399841308594,
        0.8717624545097351,
        1157.9976806640625,
        377.8719482421875,
        0.8847104907035828,
        1099.69189453125,
        373.8508605957031,
        0.8501593470573425,
        1085.1028341897554,
        187.47343773271407,
        83.46282766250692,
        205.879723121846
    ],
    "5": [
        806.7183227539062,
        194.07745361328125,
        0.9330624341964722,
        808.519775390625,
        190.47451782226562,
        0.9162301421165466,
        803.1153564453125,
        192.27598571777344,
        0.9402053952217102,
        815.7256469726562,
        194.07745361328125,
        0.9232789874076843,
        799.512451171875,
        194.07745361328125,
        0.9281937479972839,
        828.3358764648438,
        212.0920867919922,
        0.8745012283325195,
        797.7109985351562,
        213.8935546875,
        0.8906388878822327,
        842.74755859375,
        237.31259155273438,
        0.9111769199371338,
        799.512451171875,
        233.70965576171875,
        0.8419918417930603,
        819.3285522460938,
        246.3199005126953,
        0.8765550255775452,
        792.3065795898438,
        248.12136840820312,
        0.8982251286506653,
        828.3358764648438,
        262.5330810546875,
        0.8100285530090332,
        810.3212280273438,
        264.33453369140625,
        0.794235110282898,
        828.3358764648438,
        305.7682189941406,
        0.9093232154846191,
        803.1153564453125,
        303.9667663574219,
        0.8751013875007629,
        840.9461059570312,
        343.5989685058594,
        0.8779922723770142,
        801.3139038085938,
        341.7975158691406,
        0.8871228098869324,
        779.7247038779419,
        174.80174536371482,
        70.20038387637953,
        184.46996908763936
    ],
    "2": [
        939.4401245117188,
        207.9470977783203,
        0.9065442085266113,
        945.0657348632812,
        204.19667053222656,
        0.9008235335350037,
        937.5648803710938,
        204.19667053222656,
        0.9204506874084473,
        952.5665893554688,
        206.07188415527344,
        0.9238896369934082,
        933.814453125,
        206.07188415527344,
        0.8937414884567261,
        961.9426879882812,
        228.57449340820312,
        0.917724609375,
        930.0640258789062,
        228.57449340820312,
        0.8725844621658325,
        975.0692138671875,
        254.82754516601562,
        0.9180430769920349,
        920.6879272460938,
        252.9523162841797,
        0.8898537158966064,
        961.9426879882812,
        251.0771026611328,
        0.9393838047981262,
        907.5614013671875,
        239.8258056640625,
        0.8191658854484558,
        958.1922607421875,
        282.955810546875,
        0.8303375840187073,
        939.4401245117188,
        281.0805969238281,
        0.8000819683074951,
        961.9426879882812,
        320.46014404296875,
        0.921278715133667,
        931.939208984375,
        318.5849304199219,
        0.8773514032363892,
        978.8196411132812,
        357.9645080566406,
        0.8809894323348999,
        930.0640258789062,
        354.21405029296875,
        0.8682065010070801,
        908.4416055668783,
        184.1318408118486,
        75.12346521990276,
        192.02228746251276
    ],
    "1": [
        1436.5631103515625,
        185.14537048339844,
        0.9152470231056213,
        1439.5728759765625,
        182.1356201171875,
        0.9270820021629333,
        1435.0582275390625,
        182.1356201171875,
        0.9518141746520996,
        1448.6021728515625,
        183.64048767089844,
        0.922758162021637,
        1433.5533447265625,
        185.14537048339844,
        0.748181164264679,
        1459.1363525390625,
        201.6990203857422,
        0.896458625793457,
        1433.5533447265625,
        201.6990203857422,
        0.9272059202194214,
        1463.65087890625,
        228.7868194580078,
        0.902414858341217,
        1429.0386962890625,
        225.77706909179688,
        0.8867318034172058,
        1457.6314697265625,
        251.3599853515625,
        0.8506231904029846,
        1420.009521484375,
        246.84535217285156,
        0.8711286783218384,
        1457.6314697265625,
        243.83560180664062,
        0.7500447630882263,
        1439.5728759765625,
        243.83560180664062,
        0.8084840774536133,
        1460.6412353515625,
        272.42828369140625,
        0.851220965385437,
        1430.5435791015625,
        273.93316650390625,
        0.8626757860183716,
        1466.66064453125,
        311.5550842285156,
        0.8406573534011841,
        1430.5435791015625,
        308.54534912109375,
        0.8373584151268005,
        1412.7204890075648,
        166.0333706298539,
        64.23903090002432,
        154.0995592832419
    ],
    "11": [
        666.901611328125,
        287.8734130859375,
        0.850044310092926,
        664.7496948242188,
        285.72149658203125,
        0.7246358394622803,
        666.901611328125,
        283.569580078125,
        0.9049078226089478,
        643.2304077148438,
        292.1772766113281,
        0.8575946688652039,
        662.5977172851562,
        287.8734130859375,
        0.9322910904884338,
        636.7745971679688,
        318.0003967285156,
        0.8899150490760803,
        679.8131713867188,
        313.696533203125,
        0.8835439085960388,
        630.31884765625,
        354.5831298828125,
        0.8996767997741699,
        697.028564453125,
        348.12738037109375,
        0.9086596369743347,
        649.6861572265625,
        361.0389404296875,
        0.689267635345459,
        707.7882080078125,
        378.25433349609375,
        0.9494833946228027,
        653.9900512695312,
        378.25433349609375,
        0.791590690612793,
        681.965087890625,
        373.95050048828125,
        0.8119451403617859,
        656.1419677734375,
        425.59674072265625,
        0.8633223176002502,
        679.8131713867188,
        414.83709716796875,
        0.856836199760437,
        660.44580078125,
        475.0910339355469,
        0.8563042879104614,
        684.1170043945312,
        457.8756103515625,
        0.8551024198532104,
        617.8016356446992,
        266.9997301720072,
        91.74410859866941,
        220.35726065828197
    ],