{
    "5": [
        803.2565307617188,
        194.92652893066406,
        0.930185079574585,
        806.8090209960938,
        191.3740692138672,
        0.9250196814537048,
        799.7041015625,
        193.15029907226562,
        0.9358686208724976,
        813.9139404296875,
        194.92652893066406,
        0.896824300289154,
        796.151611328125,
        194.92652893066406,
        0.9318649768829346,
        826.3475341796875,
        212.6888427734375,
        0.8648066520690918,
        797.9278564453125,
        216.24130249023438,
        0.8828616142272949,
        840.557373046875,
        237.5560760498047,
        0.8768129944801331,
        797.9278564453125,
        235.77984619140625,
        0.8606052398681641,
        817.4663696289062,
        246.43724060058594,
        0.8809512257575989,
        792.5991821289062,
        248.21347045898438,
        0.8887692093849182,
        828.123779296875,
        262.4233093261719,
        0.7888541221618652,
        810.3614501953125,
        264.1995544433594,
        0.8048811554908752,
        829.9000244140625,
        306.8291015625,
        0.8992077112197876,
        801.4802856445312,
        303.2766418457031,
        0.879766583442688,
        840.557373046875,
        344.12994384765625,
        0.894095778465271,
        801.4802856445312,
        340.5774841308594,
        0.8780989050865173,
        778.282390876882,
        175.92087112818083,
        69.48681305092487,
        181.886061058119
    ],
    "7": [
        1117.2740478515625,
        211.2802734375,
        0.9431488513946533,
        1121.293212890625,
        207.26113891601562,
        0.9485192894935608,
        1115.2645263671875,
        207.26113891601562,
        0.9579247236251831,
        1131.341064453125,
        209.2707061767578,
        0.9622034430503845,
        1115.2645263671875,
        209.2707061767578,
        0.7508448362350464,
        1143.3984375,
        233.38548278808594,
        0.8884583711624146,
        1111.245361328125,
        233.38548278808594,
        0.9155906438827515,
        1157.46533203125,
        259.50982666015625,
        0.8634238243103027,
        1111.245361328125,
        257.5002746582031,
        0.8397849798202515,
        1145.407958984375,
        283.6246032714844,
        0.8892683386802673,
        1107.2261962890625,
        277.5959167480469,
        0.8483812212944031,
        1143.3984375,
        293.67242431640625,
        0.8127520084381104,
        1119.2835693359375,
        293.67242431640625,
        0.843889594078064,
        1153.4461669921875,
        335.873291015625,
        0.9114618301391602,
        1107.2261962890625,
        331.8541564941406,
        0.8831886053085327,
        1159.474853515625,
        376.0645751953125,
        0.8382514119148254,
        1101.197509765625,
        372.0454406738281,
        0.890014111995697,
        1086.6965130220767,
        187.7683222053626,
        83.26036175394552,
        205.77950320151456
    ],
    "2": [
        942.5276489257812,
        207.91835021972656,
        0.8913990259170532,
        948.1610717773438,
        204.1627197265625,
        0.9204218983650208,
        940.6498413085938,
        204.1627197265625,
        0.9069636464118958,
        955.67236328125,
        207.91835021972656,
        0.9342767596244812,
        936.8941650390625,
        207.91835021972656,
        0.907758355140686,
        961.3057861328125,
        230.45216369628906,
        0.8804360032081604,
        931.2607421875,
        230.45216369628906,
        0.8663471937179565,
        976.328369140625,
        256.7416076660156,
        0.919527530670166,
        919.9938354492188,
        254.86378479003906,
        0.8807834982872009,
        965.0614624023438,
        249.23033142089844,
        0.9138109087944031,
        901.2156372070312,
        243.5968780517578,
        0.6962739825248718,
        957.5501708984375,
        286.78668212890625,
        0.8646253943443298,
        936.8941650390625,
        284.9088439941406,
        0.8432386517524719,
        965.0614624023438,
        322.4652099609375,
        0.882999837398529,
        929.3829345703125,
        322.4652099609375,
        0.8842354416847229,
        983.839599609375,
        361.89935302734375,
        0.8842034339904785,
        929.3829345703125,
        356.2658996582031,
        0.8840275406837463,
        907.3010011607446,
        185.94792293338816,
        76.08668261347714,
        192.28844182961097
    ],
    "1": [
        1435.9620361328125,
        185.7618408203125,
        0.9044223427772522,
        1440.4913330078125,
        182.74237060546875,
        0.9275316596031189,
        1435.9620361328125,
        182.74237060546875,
        0.9425289630889893,
        1448.0399169921875,
        184.25210571289062,
        0.9023865461349487,
        1434.4522705078125,
        185.7618408203125,
        0.7454663515090942,
        1460.117919921875,
        202.36898803710938,
        0.8724461197853088,
        1432.942626953125,
        202.36898803710938,
        0.92569500207901,
        1464.6470947265625,
        228.03457641601562,
        0.9037197828292847,
        1428.413330078125,
        226.5248260498047,
        0.921232283115387,
        1458.608154296875,
        250.6806640625,
        0.8805789351463318,
        1420.8646240234375,
        246.15145874023438,
        0.8909549713134766,
        1457.098388671875,
        246.15145874023438,
        0.7821294069290161,
        1438.9815673828125,
        244.64170837402344,
        0.7978493571281433,
        1458.608154296875,
        273.3267822265625,
        0.8473473191261292,
        1429.923095703125,
        274.8365173339844,
        0.8856417536735535,
        1466.1568603515625,
        311.0702819824219,
        0.8371905088424683,
        1431.432861328125,
        308.0508117675781,
        0.8443244695663452,
        1412.0746026872428,
        166.5881528412629,
        64.3819270979327,
        154.5973876401976
    ],
    "9": [
        236.28189086914062,
        247.18154907226562,
        0.9336163997650146,
        234.37303161621094,
        243.36383056640625,
        0.9528537392616272,
        230.55531311035156,
        245.27268981933594,
        0.9283786416053772,
        222.91986083984375,
        249.0904083251953,
        0.6756065487861633,
        219.10214233398438,
        249.0904083251953,
        0.9591292142868042,
        217.1932830810547,
        270.087890625,
        0.7360005974769592,
        219.10214233398438,
        271.9967346191406,
        0.8710362315177917,
        221.01100158691406,
        300.629638671875,
        0.9448260068893433,
        200.01353454589844,
        298.7207946777344,
        0.9627989530563354,
        242.0084686279297,
        321.6271057128906,
        0.8895739912986755,
        205.7401123046875,
        325.44482421875,
        1.0125737190246582,
        192.3780975341797,
        327.35369873046875,
        0.7086524963378906,
        205.7401123046875,
        329.2625427246094,
        0.6575586199760437,
        182.8337860107422,
        367.43975830078125,
        0.8015220761299133,
        228.6464385986328,
        359.8043212890625,
        0.8475567102432251,
        159.92745971679688,
        399.8904113769531,
        0.8354734182357788,
        221.01100158691406,
        397.9815368652344,
        0.8726813793182373,
        165.94444386509053,
        221.03015735540333,
        81.50021305819533,
        195.46731904877862
    ],