{
    "7": [
        1118.4012451171875,
        214.835693359375,
        0.938274621963501,
        1124.38134765625,
        210.84901428222656,
        0.9402249455451965,
        1118.4012451171875,
        210.84901428222656,
        0.952102541923523,
        1134.3480224609375,
        214.835693359375,
        0.9690236449241638,
        1120.3946533203125,
        214.835693359375,
        0.7162947654724121,
        1144.3148193359375,
        236.76248168945312,
        0.8201038837432861,
        1120.3946533203125,
        236.76248168945312,
        0.8626065254211426,
        1164.2481689453125,
        260.6826171875,
        0.9252565503120422,
        1120.3946533203125,
        262.67596435546875,
        0.8958612680435181,
        1146.30810546875,
        280.6160583496094,
        0.9009070992469788,
        1114.41455078125,
        284.6027526855469,
        0.9051334261894226,
        1148.301513671875,
        292.5761413574219,
        0.8347297310829163,
        1126.3746337890625,
        292.5761413574219,
        0.8498084545135498,
        1146.30810546875,
        332.4430236816406,
        0.8898457288742065,
        1108.4345703125,
        330.4496765136719,
        0.8771796226501465,
        1158.2681884765625,
        372.3099365234375,
        0.831794023513794,
        1102.45458984375,
        370.31658935546875,
        0.9051499366760254,
        1090.1183270420017,
        187.52681183548404,
        82.47936219278427,
        204.11859630740335
    ],
    "1": [
        1439.9212646484375,
        180.64085388183594,
        0.9155116677284241,
        1442.99609375,
        177.5661163330078,
        0.9172686338424683,
        1438.3839111328125,
        179.10348510742188,
        0.92499178647995,
        1450.682861328125,
        180.64085388183594,
        0.9304937720298767,
        1436.8465576171875,
        180.64085388183594,
        0.7767450213432312,
        1462.98193359375,
        199.0893096923828,
        0.8325960636138916,
        1435.3092041015625,
        199.0893096923828,
        0.9333307147026062,
        1481.4302978515625,
        217.5377655029297,
        0.8931690454483032,
        1429.15966796875,
        219.07513427734375,
        0.9050047993659973,
        1469.13134765625,
        237.52359008789062,
        0.8592743873596191,
        1424.547607421875,
        237.52359008789062,
        0.8881052732467651,
        1458.3697509765625,
        245.21044921875,
        0.8199977874755859,
        1439.9212646484375,
        243.67308044433594,
        0.8389776349067688,
        1461.4444580078125,
        275.9578857421875,
        0.8784153461456299,
        1432.2344970703125,
        274.4205017089844,
        0.908498227596283,
        1466.056640625,
        311.3174133300781,
        0.8361608386039734,
        1432.2344970703125,
        308.24267578125,
        0.8787510991096497,
        1413.9430394849737,
        162.65365273590515,
        65.7929652396258,
        157.42673905964654
    ],
    "2": [
        953.08935546875,
        206.47796630859375,
        0.9258633852005005,
        958.4560546875,
        204.68907165527344,
        0.92352694272995,
        949.5115966796875,
        202.90017700195312,
        0.9311687350273132,
        963.8226928710938,
        208.26686096191406,
        0.9251306653022766,
        945.933837890625,
        206.47796630859375,
        0.8893088102340698,
        970.978271484375,
        231.52243041992188,
        0.8849068284034729,
        940.567138671875,
        231.52243041992188,
        0.8722677826881409,
        985.2893676757812,
        258.35577392578125,
        0.9366550445556641,
        931.6226806640625,
        252.98910522460938,
        0.9054360389709473,
        976.3449096679688,
        249.4113311767578,
        0.8981654644012451,
        920.8893432617188,
        252.98910522460938,
        0.6964120864868164,
        965.611572265625,
        286.97802734375,
        0.8357154726982117,
        945.933837890625,
        285.18914794921875,
        0.8213571310043335,
        974.5560302734375,
        324.5447082519531,
        0.8739186525344849,
        935.2005004882812,
        322.7558288574219,
        0.877223789691925,
        992.4449462890625,
        363.9002990722656,
        0.8692949414253235,
        929.8338012695312,
        354.9558410644531,
        0.8653464913368225,
        919.0961147742975,
        190.91463068985743,
        73.35316973945135,
        183.1823655567293
    ],
    "5": [
        801.5414428710938,
        195.40740966796875,
        0.9416325688362122,
        803.30712890625,
        193.6417694091797,
        0.9197921752929688,
        798.0101318359375,
        193.6417694091797,
        0.9384335875511169,
        810.3696899414062,
        195.40740966796875,
        0.9195774793624878,
        794.4788208007812,
        197.17306518554688,
        0.9252487421035767,
        820.963623046875,
        214.82957458496094,
        0.8519899845123291,
        794.4788208007812,
        216.59521484375,
        0.9162209630012512,
        835.0888061523438,
        241.3143310546875,
        0.8512775301933289,
        796.2445068359375,
        237.78302001953125,
        0.8518642783164978,
        813.9010009765625,
        243.07998657226562,
        0.7917307019233704,
        787.416259765625,
        248.37692260742188,
        0.890461802482605,
        824.4949340820312,
        266.033447265625,
        0.765019416809082,
        806.83837890625,
        266.033447265625,
        0.7832869291305542,
        826.2605590820312,
        308.4090576171875,
        0.8772630095481873,
        792.7131958007812,
        303.1120910644531,
        0.9158340692520142,
        840.3857421875,
        343.7220458984375,
        0.8945932984352112,
        790.9475708007812,
        340.1907653808594,
        0.8717041015625,
        774.3018198038512,
        176.5149588817873,
        70.37015791817669,
        180.80258857211274
    ],
    "13": [
        1050.9093017578125,
        139.22781372070312,
        0.9127418994903564,
        1053.8349609375,
        136.30213928222656,
        0.9189435839653015,
        1047.9835205078125,
        136.30213928222656,
        0.9202120900154114,
        1059.686279296875,
        139.22781372070312,
        0.9235612154006958,
        1045.057861328125,
        137.7649688720703,
        0.8883264064788818,
        1067.00048828125,
        156.78189086914062,
        0.8941399455070496,
        1040.66943359375,
        153.85621643066406,
        0.9057837724685669,
        1074.314697265625,
        178.7244873046875,
        0.8656503558158875,
        1036.2808837890625,
        171.41029357910156,
        0.854158878326416,
        1071.3890380859375,
        199.20423889160156,
        0.8056840896606445,
        1033.355224609375,
        184.5758514404297,
        0.8558792471885681,
        1061.149169921875,
        199.20423889160156,
        0.8104423880577087,
        1043.5950927734375,
        197.7414093017578,
        0.805382251739502,
        1062.6119384765625,
        234.31239318847656,
        0.8108052611351013,
        1042.1322021484375,
        232.8495635986328,
        0.8389350771903992,
        1065.53759765625,
        266.494873046875,
        0.8364005088806152,
        1046.520751953125,
        265.03204345703125,
        0.8433498740196228,
        1022.673960523949,
        127.96392150427894,
        60.859147208905256,
        149.79485139429684
    ],