{
    "2": [
        957.1698608398438,
        206.4678497314453,
        0.9112257361412048,
        960.8492431640625,
        202.7884979248047,
        0.9418979287147522,
        953.4905395507812,
        202.7884979248047,
        0.938554584980011,
        968.2079467773438,
        206.4678497314453,
        0.9569797515869141,
        949.8111572265625,
        204.628173828125,
        0.9026260375976562,
        975.566650390625,
        230.38368225097656,
        0.9073043465614319,
        944.2921142578125,
        228.54400634765625,
        0.9037185311317444,
        988.4443969726562,
        257.9788513183594,
        0.9225287437438965,
        935.09375,
        252.45982360839844,
        0.9306166768074036,
        979.2460327148438,
        248.7804718017578,
        0.9177284836769104,
        922.2160034179688,
        252.45982360839844,
        0.8282267451286316,
        970.047607421875,
        285.5740661621094,
        0.8196820616722107,
        949.8111572265625,
        285.5740661621094,
        0.8523160815238953,
        977.4063720703125,
        324.2073059082031,
        0.8923546075820923,
        938.7730712890625,
        320.5279541015625,
        0.9093940854072571,
        992.123779296875,
        362.840576171875,
        0.8797919750213623,
        936.9334106445312,
        357.321533203125,
        0.8656131625175476,
        920.2097513113939,
        186.7832771374275,
        75.75992245825455,
        188.383158783937
    ],
    "13": [
        1049.47509765625,
        143.25064086914062,
        0.9293459057807922,
        1052.39404296875,
        141.79119873046875,
        0.9244252443313599,
        1046.5562744140625,
        140.33175659179688,
        0.9201712608337402,
        1058.2318115234375,
        143.25064086914062,
        0.9383672475814819,
        1043.6373291015625,
        141.79119873046875,
        0.9092264771461487,
        1066.9884033203125,
        162.2233428955078,
        0.8913545608520508,
        1040.718505859375,
        156.38558959960938,
        0.9101724028587341,
        1074.28564453125,
        184.11492919921875,
        0.8777016997337341,
        1036.3402099609375,
        172.4394073486328,
        0.8950979709625244,
        1071.36669921875,
        204.5470733642578,
        0.8289135694503784,
        1031.9619140625,
        184.11492919921875,
        0.8646481037139893,
        1059.6912841796875,
        203.08763122558594,
        0.8049946427345276,
        1043.6373291015625,
        200.16876220703125,
        0.8414509296417236,
        1062.610107421875,
        233.73585510253906,
        0.8126476407051086,
        1036.3402099609375,
        230.8169708251953,
        0.8801121115684509,
        1065.5289306640625,
        267.3029479980469,
        0.8529667258262634,
        1043.6373291015625,
        264.3840637207031,
        0.8857908844947815,
        1021.360674034393,
        129.09408350803687,
        60.60730517584898,
        149.4465228442241
    ],
    "1": [
        1440.949951171875,
        179.8369903564453,
        0.9098854660987854,
        1444.052001953125,
        176.73504638671875,
        0.9192179441452026,
        1439.3990478515625,
        176.73504638671875,
        0.9482945799827576,
        1453.3577880859375,
        178.2860107421875,
        0.9074293375015259,
        1437.8480224609375,
        179.8369903564453,
        0.7854390740394592,
        1464.214599609375,
        195.34671020507812,
        0.87613844871521,
        1436.297119140625,
        196.89767456054688,
        0.9356369972229004,
        1485.92822265625,
        209.30545043945312,
        0.9359880089759827,
        1433.1951904296875,
        213.9583740234375,
        0.8832064270973206,
        1476.622314453125,
        229.4680938720703,
        0.8754655122756958,
        1431.6441650390625,
        232.57003784179688,
        0.898271918296814,
        1464.214599609375,
        240.32489013671875,
        0.8036019206047058,
        1445.6029052734375,
        240.32489013671875,
        0.836948037147522,
        1467.3165283203125,
        272.8952941894531,
        0.8307234644889832,
        1434.74609375,
        272.8952941894531,
        0.9059032201766968,
        1470.41845703125,
        308.5676574707031,
        0.831140398979187,
        1431.6441650390625,
        307.0166931152344,
        0.8703177571296692,
        1416.081189562851,
        160.139698762274,
        66.79820866093041,
        158.81941163277025
    ],
    "5": [
        796.0371704101562,
        196.44033813476562,
        0.940525472164154,
        799.4960327148438,
        192.98146057128906,
        0.920932412147522,
        794.3077392578125,
        192.98146057128906,
        0.9320551156997681,
        806.413818359375,
        196.44033813476562,
        0.9200542569160461,
        790.8488159179688,
        196.44033813476562,
        0.9122010469436646,
        815.0609741210938,
        215.46417236328125,
        0.852975070476532,
        789.119384765625,
        217.193603515625,
        0.8566747903823853,
        827.1670532226562,
        243.13519287109375,
        0.8452411890029907,
        785.6605224609375,
        239.6763153076172,
        0.6892080903053284,
        802.9548950195312,
        241.40574645996094,
        0.8140641450881958,
        780.4722290039062,
        246.5940704345703,
        0.787499189376831,
        818.5198364257812,
        267.3473205566406,
        0.7836937308311462,
        802.9548950195312,
        269.0767822265625,
        0.7994791865348816,
        821.978759765625,
        308.8538513183594,
        0.8946132659912109,
        787.3899536132812,
        303.6655578613281,
        0.9256592392921448,
        841.0025634765625,
        345.1720886230469,
        0.8847339749336243,
        787.3899536132812,
        339.9837646484375,
        0.881366491317749,
        770.6773331743304,
        176.20587582804131,
        69.74345809946942,
        177.09460522685646
    ],
    "7": [
        1121.0,
        221.90391540527344,
        0.9131573438644409,
        1124.8258056640625,
        218.0780487060547,
        0.9485771656036377,
        1121.0,
        218.0780487060547,
        0.9144234657287598,
        1136.303466796875,
        221.90391540527344,
        0.9609894752502441,
        1124.8258056640625,
        221.90391540527344,
        0.5799580812454224,
        1147.781005859375,
        242.94618225097656,
        0.8555622696876526,
        1126.73876953125,
        242.94618225097656,
        0.8568978905677795,
        1164.9974365234375,
        269.72723388671875,
        0.8908029198646545,
        1134.3905029296875,
        271.64019775390625,
        0.7753044366836548,
        1138.2164306640625,
        283.1177978515625,
        0.858269214630127,
        1126.73876953125,
        292.68243408203125,
        0.7983431816101074,
        1157.345703125,
        298.4212646484375,
        0.7889912128448486,
        1140.1292724609375,
        298.4212646484375,
        0.8214300274848938,
        1138.2164306640625,
        332.85406494140625,
        0.8965427875518799,
        1119.0870361328125,
        332.85406494140625,
        0.8587735891342163,
        1151.60693359375,
        376.85150146484375,
        0.8674282431602478,
        1103.7835693359375,
        371.11273193359375,
        0.87577885389328,
        1091.863464182728,
        197.60962243204565,
        79.31526355845403,
        195.88445351878462
    ],