{
    "2": [
        953.9268798828125,
        210.565185546875,
        0.918708086013794,
        959.4833374023438,
        206.86090087890625,
        0.9121809601783752,
        952.0747680664062,
        206.86090087890625,
        0.9313996434211731,
        968.7440795898438,
        210.565185546875,
        0.951541006565094,
        950.2225952148438,
        210.565185546875,
        0.7934625744819641,
        978.0048217773438,
        232.79095458984375,
        0.8728054761886597,
        946.518310546875,
        230.93881225585938,
        0.8969012498855591,
        990.9698486328125,
        260.57318115234375,
        0.9334937930107117,
        937.257568359375,
        251.31243896484375,
        0.8904155492782593,
        979.8569946289062,
        253.16458129882812,
        0.8739033341407776,
        929.8489990234375,
        255.0167236328125,
        0.8831021189689636,
        972.4483642578125,
        288.3553771972656,
        0.813381552696228,
        953.9268798828125,
        286.50323486328125,
        0.8433293104171753,
        978.0048217773438,
        323.5461730957031,
        0.8853086829185486,
        935.4054565429688,
        321.69403076171875,
        0.9267436861991882,
        996.5263061523438,
        362.4412841796875,
        0.879278302192688,
        944.6661987304688,
        355.0326843261719,
        0.9192759990692139,
        922.1886282488633,
        187.04289886143565,
        76.44161968726837,
        189.65993191885516
    ],
    "13": [
        1048.3441162109375,
        145.39981079101562,
        0.9259159564971924,
        1051.232421875,
        142.51144409179688,
        0.9387633800506592,
        1045.4556884765625,
        142.51144409179688,
        0.9082844257354736,
        1057.0091552734375,
        145.39981079101562,
        0.9059075713157654,
        1044.0115966796875,
        143.95562744140625,
        0.9081395268440247,
        1064.2301025390625,
        162.72998046875,
        0.915693998336792,
        1039.6790771484375,
        158.39743041992188,
        0.900956928730011,
        1072.8951416015625,
        184.39268493652344,
        0.8946760296821594,
        1036.7906494140625,
        172.83924865722656,
        0.8603633046150208,
        1071.4510498046875,
        206.05540466308594,
        0.8713987469673157,
        1031.013916015625,
        185.8368682861328,
        0.8487091660499573,
        1058.453369140625,
        201.7228546142578,
        0.8103638291358948,
        1042.5673828125,
        200.27867126464844,
        0.8335736989974976,
        1062.785888671875,
        234.9390106201172,
        0.8011407852172852,
        1031.013916015625,
        224.8297576904297,
        0.881446123123169,
        1064.2301025390625,
        266.71099853515625,
        0.8535777926445007,
        1039.6790771484375,
        262.3784484863281,
        0.8654972910881042,
        1020.4473709601757,
        129.9471061633134,
        60.12591184210896,
        147.88404650967695
    ],
    "1": [
        1442.1383056640625,
        180.82212829589844,
        0.900559663772583,
        1445.24169921875,
        179.27044677734375,
        0.9280688762664795,
        1440.586669921875,
        177.71876525878906,
        0.9382299184799194,
        1453.0001220703125,
        180.82212829589844,
        0.8912689089775085,
        1440.586669921875,
        182.37380981445312,
        0.7343810200691223,
        1465.41357421875,
        196.3389129638672,
        0.862080454826355,
        1439.034912109375,
        197.89059448242188,
        0.9355086088180542,
        1488.688720703125,
        208.75234985351562,
        0.9154428243637085,
        1435.931640625,
        216.5107421875,
        0.9125284552574158,
        1477.826904296875,
        227.37249755859375,
        0.9390066862106323,
        1432.8282470703125,
        233.57920837402344,
        0.8897016644477844,
        1465.41357421875,
        241.3376007080078,
        0.8045837879180908,
        1446.7933349609375,
        241.3376007080078,
        0.819883406162262,
        1471.6202392578125,
        272.3711853027344,
        0.8399368524551392,
        1434.3798828125,
        272.3711853027344,
        0.8540462255477905,
        1479.378662109375,
        304.9564514160156,
        0.8711370229721069,
        1431.276611328125,
        308.059814453125,
        0.8833410143852234,
        1418.6365928229006,
        161.11585557880704,
        67.17539736785398,
        158.89179330905125
    ],
    "5": [
        792.1574096679688,
        193.68685913085938,
        0.9204230308532715,
        797.4068603515625,
        191.9370574951172,
        0.9202848076820374,
        790.4076538085938,
        190.187255859375,
        0.9060948491096497,
        802.65625,
        195.43667602539062,
        0.9223557114601135,
        786.9080200195312,
        193.68685913085938,
        0.8744690418243408,
        811.4053344726562,
        216.43435668945312,
        0.8579315543174744,
        785.158203125,
        216.43435668945312,
        0.8853103518486023,
        818.404541015625,
        240.931640625,
        0.9048911929130554,
        776.4091796875,
        239.1818389892578,
        0.7739846110343933,
        797.4068603515625,
        235.68222045898438,
        0.910682201385498,
        771.1597290039062,
        233.9324188232422,
        0.7372310757637024,
        814.9049072265625,
        268.9285583496094,
        0.763204038143158,
        797.4068603515625,
        268.9285583496094,
        0.7945924401283264,
        820.1543579101562,
        309.1741027832031,
        0.871455192565918,
        781.6585693359375,
        302.17486572265625,
        0.8899474143981934,
        839.4022216796875,
        342.4204406738281,
        0.8659709692001343,
        783.4083862304688,
        340.6706237792969,
        0.910515308380127,
        766.20113272988,
        173.21409959244636,
        71.16049813320762,
        179.1802756821246
    ],
    "7": [
        1123.030517578125,
        227.83187866210938,
        0.9317135810852051,
        1126.693359375,
        226.00045776367188,
        0.9443143010139465,
        1124.86181640625,
        224.16903686523438,
        0.9104192852973938,
        1137.681884765625,
        229.66329956054688,
        0.9028603434562683,
        1134.01904296875,
        229.66329956054688,
        0.7188927531242371,
        1146.8388671875,
        251.64035034179688,
        0.8470035791397095,
        1134.01904296875,
        249.80892944335938,
        0.8527496457099915,
        1166.984619140625,
        279.1116638183594,
        0.8331195116043091,
        1146.8388671875,
        279.1116638183594,
        0.8303839564323425,
        1137.681884765625,
        291.9316101074219,
        0.8375131487846375,
        1132.1875,
        291.9316101074219,
        0.7902361154556274,
        1166.984619140625,
        302.9201354980469,
        0.8064157962799072,
        1150.501708984375,
        299.2572937011719,
        0.7830003499984741,
        1139.51318359375,
        335.8857116699219,
        0.885989248752594,
        1128.524658203125,
        326.7286071777344,
        0.9037677049636841,
        1145.007568359375,
        385.3340759277344,
        0.8730108141899109,
        1113.873291015625,
        368.8512878417969,
        0.8246192932128906,
        1097.1342319312166,
        208.23559999133047,
        75.60086476668812,
        187.5376220030714
    ],