{
    "13": [
        1047.656982421875,
        144.27896118164062,
        0.9521484375,
        1050.522705078125,
        142.84608459472656,
        0.9533621668815613,
        1044.791259765625,
        141.4132080078125,
        0.9265531897544861,
        1057.6871337890625,
        144.27896118164062,
        0.9347865581512451,
        1043.3583984375,
        142.84608459472656,
        0.8792847990989685,
        1064.8514404296875,
        162.9063262939453,
        0.8864042162895203,
        1039.0596923828125,
        157.17481994628906,
        0.92442786693573,
        1073.44873046875,
        184.39944458007812,
        0.8863644599914551,
        1036.1939697265625,
        171.50357055664062,
        0.8687611818313599,
        1072.015869140625,
        205.89256286621094,
        0.8940902352333069,
        1031.8953857421875,
        184.39944458007812,
        0.8837496638298035,
        1057.6871337890625,
        201.5939483642578,
        0.8384314775466919,
        1040.4925537109375,
        198.7281951904297,
        0.8415940403938293,
        1061.9857177734375,
        233.1171875,
        0.8261171579360962,
        1027.5966796875,
        224.5199432373047,
        0.859529972076416,
        1064.8514404296875,
        267.50616455078125,
        0.8444408774375916,
        1033.3282470703125,
        261.7746887207031,
        0.8342810273170471,
        1019.8502090688994,
        128.94716169552186,
        59.91207437381718,
        146.72642788151887
    ],
    "1": [
        1446.11328125,
        183.1882781982422,
        0.9079188704490662,
        1449.1295166015625,
        181.68017578125,
        0.8944331407546997,
        1444.605224609375,
        180.1720733642578,
        0.9208585619926453,
        1456.6700439453125,
        183.1882781982422,
        0.8801372647285461,
        1441.5889892578125,
        183.1882781982422,
        0.763299286365509,
        1468.73486328125,
        199.77743530273438,
        0.8538148403167725,
        1441.5889892578125,
        201.28553771972656,
        0.9102861285209656,
        1492.8646240234375,
        211.84226989746094,
        0.9345906376838684,
        1441.5889892578125,
        219.38279724121094,
        0.9081531167030334,
        1479.2916259765625,
        231.4476318359375,
        0.9417840242385864,
        1437.064697265625,
        235.97195434570312,
        0.8962439894676208,
        1467.226806640625,
        243.51248168945312,
        0.8033596873283386,
        1447.6214599609375,
        243.51248168945312,
        0.8135585784912109,
        1474.767333984375,
        273.674560546875,
        0.8626596331596375,
        1434.0484619140625,
        275.18267822265625,
        0.8943368792533875,
        1491.3564453125,
        306.8528747558594,
        0.8634309768676758,
        1431.0322265625,
        308.3609924316406,
        0.874355137348175,
        1422.9813735894932,
        165.54340099255825,
        65.8693590689495,
        154.43005802505576
    ],
    "5": [
        790.08837890625,
        191.69517517089844,
        0.914821445941925,
        793.6231079101562,
        189.9278106689453,
        0.9308004379272461,
        786.5536499023438,
        189.9278106689453,
        0.923157811164856,
        800.692626953125,
        193.46255493164062,
        0.9443812370300293,
        783.0189208984375,
        191.69517517089844,
        0.9070256352424622,
        807.7620849609375,
        212.9036407470703,
        0.9061660170555115,
        781.2515258789062,
        212.9036407470703,
        0.9083843231201172,
        809.5294799804688,
        234.1121063232422,
        0.7640098929405212,
        770.6472778320312,
        234.1121063232422,
        0.8903266787528992,
        790.08837890625,
        223.50787353515625,
        0.7942203283309937,
        767.112548828125,
        225.27525329589844,
        0.7566508650779724,
        807.7620849609375,
        267.6921691894531,
        0.8013388514518738,
        791.8557739257812,
        267.6921691894531,
        0.8099552989006042,
        816.5989990234375,
        304.8070068359375,
        0.8914499878883362,
        779.484130859375,
        301.2722473144531,
        0.9042032361030579,
        836.0400390625,
        343.6891784667969,
        0.8120778799057007,
        783.0189208984375,
        340.1544494628906,
        0.8721621036529541,
        761.8612130529804,
        171.0169110080709,
        72.36072705481092,
        180.97894115247277
    ],
    "2": [
        949.906982421875,
        217.57589721679688,
        0.9397423267364502,
        955.133056640625,
        214.0918426513672,
        0.92624831199646,
        951.6489868164062,
        212.3498077392578,
        0.9190273880958557,
        965.5852661132812,
        219.31793212890625,
        0.9079922437667847,
        955.133056640625,
        215.8338623046875,
        0.5172873735427856,
        979.521484375,
        238.48025512695312,
        0.8803027272224426,
        948.1649780273438,
        236.73822021484375,
        0.8899868726730347,
        993.4577026367188,
        266.35272216796875,
        0.922927975654602,
        942.9388427734375,
        259.3846130371094,
        0.8402277231216431,
        979.521484375,
        259.3846130371094,
        0.8157593011856079,
        932.4866943359375,
        264.6107177734375,
        0.8187023997306824,
        974.29541015625,
        292.4831848144531,
        0.7857257127761841,
        953.3910522460938,
        290.74114990234375,
        0.7956772446632385,
        981.2634887695312,
        327.32379150390625,
        0.8501614332199097,
        932.4866943359375,
        325.5817565917969,
        0.9381278157234192,
        1009.135986328125,
        365.6484375,
        0.8643132448196411,
        948.1649780273438,
        349.97015380859375,
        0.9692687392234802,
        928.3942376630051,
        197.19413934887518,
        72.63999034419862,
        178.38386365955898
    ],
    "9": [
        354.1004333496094,
        233.7271270751953,
        0.9422528147697449,
        352.3385009765625,
        230.2033233642578,
        0.9581466317176819,
        348.814697265625,
        230.2033233642578,
        0.9500673413276672,
        340.00518798828125,
        233.7271270751953,
        0.6319905519485474,
        338.2432861328125,
        233.7271270751953,
        0.9793382287025452,
        336.48138427734375,
        253.10806274414062,
        0.7233896851539612,
        340.00518798828125,
        256.6318664550781,
        0.8328177332878113,
        340.00518798828125,
        283.0604248046875,
        0.6199555397033691,
        352.3385009765625,
        283.0604248046875,
        0.9004070162773132,
        364.6718444824219,
        284.82232666015625,
        0.606015682220459,
        373.4813537597656,
        283.0604248046875,
        0.9185318946838379,
        334.719482421875,
        309.48895263671875,
        0.7226700782775879,
        324.1480712890625,
        311.2508544921875,
        0.7407713532447815,
        352.3385009765625,
        335.9175109863281,
        0.878262460231781,
        311.81475830078125,
        350.0127258300781,
        0.9065704941749573,
        366.4337463378906,
        371.15557861328125,
        0.8941624164581299,
        274.8147888183594,
        369.3936767578125,
        0.891075611114502,
        294.45152170406385,
        207.82716055605772,
        75.25024568834584,
        180.41886912894677
    ],