{
    "13": [
        1044.09521484375,
        144.80621337890625,
        0.936066210269928,
        1048.313232421875,
        141.9941864013672,
        0.9539871215820312,
        1042.689208984375,
        141.9941864013672,
        0.9412083625793457,
        1055.3433837890625,
        144.80621337890625,
        0.9358646273612976,
        1039.8770751953125,
        143.40020751953125,
        0.8659802079200745,
        1063.7794189453125,
        163.08447265625,
        0.8763376474380493,
        1035.6590576171875,
        157.46038818359375,
        0.927983283996582,
        1073.62158203125,
        184.1747589111328,
        0.8689419627189636,
        1032.8470458984375,
        175.7386474609375,
        0.8245037198066711,
        1070.8095703125,
        205.26504516601562,
        0.8398421406745911,
        1028.6290283203125,
        192.61087036132812,
        0.8243681788444519,
        1055.3433837890625,
        201.04698181152344,
        0.7874858975410461,
        1037.0650634765625,
        199.64097595214844,
        0.8132153153419495,
        1059.5614013671875,
        233.38543701171875,
        0.8376369476318359,
        1024.410888671875,
        227.7613525390625,
        0.8385022282600403,
        1063.7794189453125,
        267.1298828125,
        0.8596767783164978,
        1021.598876953125,
        261.5058288574219,
        0.8383849859237671,
        1017.9118028051046,
        128.35578963427787,
        59.39693134166009,
        143.9763887055654
    ],
    "1": [
        1451.0372314453125,
        185.56382751464844,
        0.922321081161499,
        1454.05712890625,
        184.0538787841797,
        0.9111945629119873,
        1449.52734375,
        182.5439453125,
        0.9107815623283386,
        1463.1168212890625,
        187.07376098632812,
        0.8812326788902283,
        1448.017333984375,
        187.07376098632812,
        0.7496209144592285,
        1472.1763916015625,
        202.1731719970703,
        0.8290314674377441,
        1451.0372314453125,
        203.68312072753906,
        0.933143675327301,
        1494.8255615234375,
        218.78253173828125,
        0.9176000356674194,
        1449.52734375,
        223.31234741210938,
        0.8621183633804321,
        1479.7261962890625,
        238.41175842285156,
        0.8409566283226013,
        1443.487548828125,
        238.41175842285156,
        0.850652813911438,
        1472.1763916015625,
        248.98135375976562,
        0.7960073351860046,
        1454.05712890625,
        247.47140502929688,
        0.8185416460037231,
        1482.7459716796875,
        279.18017578125,
        0.8789510726928711,
        1438.957763671875,
        276.1602783203125,
        0.887319803237915,
        1509.9249267578125,
        307.8690490722656,
        0.8612849116325378,
        1431.4080810546875,
        309.3789978027344,
        0.8826028108596802,
        1429.006808419959,
        167.89749808983584,
        66.71007215964528,
        154.61799542643826
    ],
    "2": [
        941.6290893554688,
        232.7583465576172,
        0.8735761046409607,
        944.68896484375,
        229.69842529296875,
        0.8605484366416931,
        943.1590576171875,
        229.69842529296875,
        0.870570182800293,
        955.398681640625,
        234.28829956054688,
        0.8872537016868591,
        944.68896484375,
        232.7583465576172,
        0.5832428932189941,
        972.2282104492188,
        252.64776611328125,
        0.8602533936500549,
        943.1590576171875,
        251.11781311035156,
        0.8788080215454102,
        989.0576782226562,
        274.067138671875,
        0.9130975008010864,
        952.3387451171875,
        272.53717041015625,
        0.8715609908103943,
        975.2880859375,
        275.59710693359375,
        0.9476058483123779,
        941.6290893554688,
        286.3067932128906,
        0.8085103631019592,
        973.7581176757812,
        303.13629150390625,
        0.7857140898704529,
        955.398681640625,
        300.0763854980469,
        0.7944360971450806,
        982.9378662109375,
        336.7953186035156,
        0.8264452815055847,
        924.799560546875,
        324.5556640625,
        0.8733940124511719,
        1010.47705078125,
        367.3944396972656,
        0.8453913331031799,
        943.1590576171875,
        345.97503662109375,
        0.8768064975738525,
        932.7500420681847,
        217.91781782253864,
        65.18667887308698,
        156.66737479341086
    ],
    "5": [
        783.853515625,
        189.3613739013672,
        0.9462456703186035,
        787.3829345703125,
        185.83192443847656,
        0.9212424755096436,
        780.3240356445312,
        185.83192443847656,
        0.9207282662391663,
        794.4418334960938,
        191.1260986328125,
        0.9359430074691772,
        778.559326171875,
        189.3613739013672,
        0.8668632507324219,
        801.500732421875,
        210.53805541992188,
        0.869848906993866,
        773.26513671875,
        210.53805541992188,
        0.8717733025550842,
        815.6185302734375,
        226.42056274414062,
        0.7292067408561707,
        757.3826293945312,
        228.18528747558594,
        0.8150783181190491,
        826.2068481445312,
        214.0675048828125,
        0.6752051115036011,
        753.8532104492188,
        212.3027801513672,
        0.6991020441055298,
        803.2654418945312,
        265.2444763183594,
        0.8060787320137024,
        785.6182250976562,
        265.2444763183594,
        0.8283097743988037,
        808.5596313476562,
        304.0683898925781,
        0.8916687369346619,
        776.7946166992188,
        300.5389404296875,
        0.8703945875167847,
        827.9715576171875,
        335.8334045410156,
        0.7112287282943726,
        783.853515625,
        339.36285400390625,
        0.8730919361114502,
        753.9602116978592,
        170.47885796985048,
        72.13960086990664,
        180.70764999187435
    ],
    "6": [
        1210.210205078125,
        363.6837158203125,
        0.6238381862640381,
        1212.9161376953125,
        360.9778137207031,
        0.7077897191047668,
        1218.327880859375,
        360.9778137207031,
        0.4651561975479126,
        1212.9161376953125,
        363.6837158203125,
        0.9356364011764526,
        1237.2694091796875,
        366.3896484375,
        0.9417327046394348,
        1196.6805419921875,
        401.5666809082031,
        0.9255135655403137,
        1245.38720703125,
        401.5666809082031,
        0.9008638858795166,
        1188.562744140625,
        444.8614807128906,
        0.8888893127441406,
        1250.799072265625,
        444.8614807128906,
        0.8818994760513306,
        1180.4449462890625,
        485.4503479003906,
        0.906220018863678,
        1248.0931396484375,
        482.7444152832031,
        0.9090728163719177,
        1202.0924072265625,
        477.33258056640625,
        0.813616931438446,
        1231.8575439453125,
        480.03851318359375,
        0.8096680641174316,
        1204.79833984375,
        528.7451782226562,
        0.9430840611457825,
        1221.0338134765625,
        536.8629150390625,
        0.8875524401664734,
        1202.0924072265625,
        582.8636474609375,
        0.7810245752334595,
        1204.79833984375,
        580.15771484375,
        0.8516312837600708,
        1160.445459973092,
        337.4362705383027,
        113.0590546749595,
        277.08666671760994
    ],