{
    "13": [
        1032.9979248046875,
        149.66798400878906,
        0.9401484727859497,
        1037.26513671875,
        148.2455596923828,
        0.9528350830078125,
        1031.575439453125,
        146.82315063476562,
        0.9306086897850037,
        1044.377197265625,
        149.66798400878906,
        0.9430593848228455,
        1030.153076171875,
        148.2455596923828,
        0.8084760904312134,
        1052.9117431640625,
        168.15939331054688,
        0.8820478916168213,
        1025.8858642578125,
        163.8921356201172,
        0.9138509631156921,
        1062.86865234375,
        188.07321166992188,
        0.876164972782135,
        1020.1961669921875,
        185.22837829589844,
        0.882969081401825,
        1061.4462890625,
        206.5646209716797,
        0.8612452745437622,
        1017.351318359375,
        202.29737854003906,
        0.8581324815750122,
        1045.7996826171875,
        206.5646209716797,
        0.819817304611206,
        1028.730712890625,
        205.1422119140625,
        0.8467327952384949,
        1052.9117431640625,
        236.43536376953125,
        0.8360302448272705,
        1013.0841064453125,
        232.16810607910156,
        0.8610197305679321,
        1064.2911376953125,
        267.728515625,
        0.8316134214401245,
        1003.1271362304688,
        260.6164245605469,
        0.8489009141921997,
        1005.8276744102081,
        131.6033117005038,
        61.45247834446718,
        145.65537611820798
    ],
    "1": [
        1465.928955078125,
        187.9502410888672,
        0.9252052903175354,
        1468.953857421875,
        186.4377899169922,
        0.9120489954948425,
        1465.928955078125,
        186.4377899169922,
        0.9294250011444092,
        1478.028564453125,
        187.9502410888672,
        0.8871007561683655,
        1468.953857421875,
        189.46267700195312,
        0.6132428050041199,
        1491.640625,
        206.09962463378906,
        0.8474439978599548,
        1475.003662109375,
        206.09962463378906,
        0.8462710976600647,
        1494.66552734375,
        233.32369995117188,
        0.896371066570282,
        1478.028564453125,
        227.27389526367188,
        0.9188607931137085,
        1479.541015625,
        248.44818115234375,
        0.9343984723091125,
        1461.3916015625,
        239.3734893798828,
        0.8966874480247498,
        1502.227783203125,
        246.93572998046875,
        0.7759921550750732,
        1488.61572265625,
        243.91082763671875,
        0.7793036699295044,
        1499.202880859375,
        280.2095947265625,
        0.8877184987068176,
        1465.928955078125,
        269.6224670410156,
        0.7770752310752869,
        1518.8646240234375,
        313.48345947265625,
        0.8571801781654358,
        1452.31689453125,
        307.4336853027344,
        0.8813865184783936,
        1446.8380689481494,
        170.25464964000543,
        66.91824969327286,
        154.87462002374008
    ],
    "11": [
        657.4728393554688,
        273.3695068359375,
        0.5665371417999268,
        643.5860595703125,
        273.3695068359375,
        0.5432696342468262,
        657.4728393554688,
        271.38568115234375,
        0.6617271900177002,
        641.6022338867188,
        279.32098388671875,
        0.8728742599487305,
        659.4566650390625,
        275.35333251953125,
        0.9279040098190308,
        635.6507568359375,
        303.1268615722656,
        0.8997358679771423,
        675.3272094726562,
        299.1592102050781,
        0.9158600568771362,
        627.7154541015625,
        336.85186767578125,
        0.9179454445838928,
        693.181640625,
        326.9327697753906,
        0.8924222588539124,
        641.6022338867188,
        346.77099609375,
        0.8167349100112915,
        703.1007690429688,
        348.75482177734375,
        0.9400427341461182,
        653.5051879882812,
        358.6739501953125,
        0.8118017315864563,
        679.2948608398438,
        356.69012451171875,
        0.8271093368530273,
        651.5213623046875,
        396.3666076660156,
        0.8600651025772095,
        687.2301635742188,
        386.4474792480469,
        0.8648848533630371,
        653.5051879882812,
        440.0107421875,
        0.9020243883132935,
        677.31103515625,
        426.12396240234375,
        0.879105269908905,
        618.7933391782959,
        252.14254100587846,
        87.27803477050031,
        203.143660266207
    ],
    "26": [
        811.6860961914062,
        342.78424072265625,
        0.4656205475330353,
        813.8932495117188,
        338.3700256347656,
        0.6379030346870422,
        831.5501098632812,
        336.16290283203125,
        0.5437489748001099,
        813.8932495117188,
        342.78424072265625,
        0.862298846244812,
        835.96435546875,
        340.5771179199219,
        0.8957825899124146,
        805.0647583007812,
        369.26959228515625,
        0.9136873483657837,
        846.9999389648438,
        364.8553771972656,
        0.8835804462432861,
        796.236328125,
        408.99761962890625,
        0.921988308429718,
        864.6567993164062,
        395.75494384765625,
        0.8623738884925842,
        794.0292358398438,
        437.6900939941406,
        0.9173765778541565,
        877.8994750976562,
        428.86163330078125,
        0.9363378286361694,
        818.3074340820312,
        433.2758483886719,
        0.8021647334098816,
        844.7927856445312,
        431.0687561035156,
        0.8401276469230652,
        824.9287719726562,
        477.4181213378906,
        0.9033657312393188,
        853.6212768554688,
        470.7967834472656,
        0.8706437945365906,
        840.3786010742188,
        523.7674560546875,
        0.8258389234542847,
        860.2426147460938,
        519.353271484375,
        0.8508466482162476,
        785.515885584607,
        319.1681388346296,
        94.27564853388708,
        226.00833651535737
    ],
    "5": [
        769.390869140625,
        192.83042907714844,
        0.9016621708869934,
        772.8960571289062,
        191.0778350830078,
        0.9142504334449768,
        769.390869140625,
        189.3252410888672,
        0.9352578520774841,
        781.6590576171875,
        192.83042907714844,
        0.9170582294464111,
        769.390869140625,
        192.83042907714844,
        0.6318244338035583,
        790.4220581054688,
        213.86160278320312,
        0.8028962016105652,
        767.6383056640625,
        213.86160278320312,
        0.8350702524185181,
        772.8960571289062,
        231.38758850097656,
        0.5084618330001831,
        758.8753051757812,
        233.1401824951172,
        0.7338768243789673,
        750.1123046875,
        226.12979125976562,
        0.6867324709892273,
        750.1123046875,
        226.12979125976562,
        0.8340303897857666,
        793.92724609375,
        266.4395446777344,
        0.7553377747535706,
        778.1538696289062,
        266.4395446777344,
        0.8242791891098022,
        795.6798706054688,
        306.7492980957031,
        0.8912425637245178,
        760.6279296875,
        296.23370361328125,
        0.9153848886489868,
        814.9584350585938,
        338.2960510253906,
        0.7711976170539856,
        776.4013061523438,
        333.03826904296875,
        0.9105721712112427,
        745.1805338429556,
        172.32502385952023,
        71.2044686630743,
        179.46601687195698
    ],