{
    "6": [
        1234.720947265625,
        295.7597351074219,
        0.8256804943084717,
        1236.9700927734375,
        291.2615051269531,
        0.860946774482727,
        1236.9700927734375,
        289.01239013671875,
        0.7024450898170471,
        1236.9700927734375,
        295.7597351074219,
        0.9142960906028748,
        1259.461181640625,
        295.7597351074219,
        0.8798577189445496,
        1234.720947265625,
        327.24737548828125,
        0.8906323909759521,
        1268.4576416015625,
        322.7491455078125,
        0.9323437809944153,
        1234.720947265625,
        363.2332763671875,
        0.906654417514801,
        1277.4542236328125,
        356.48590087890625,
        0.9017068147659302,
        1234.720947265625,
        396.97003173828125,
        0.8915139436721802,
        1284.2015380859375,
        387.97357177734375,
        0.8793339729309082,
        1248.2156982421875,
        392.4718017578125,
        0.8072801232337952,
        1272.9559326171875,
        390.2226867675781,
        0.7994773983955383,
        1250.4647216796875,
        437.4541320800781,
        0.859673023223877,
        1270.706787109375,
        437.4541320800781,
        0.8975799083709717,
        1266.2086181640625,
        484.68560791015625,
        0.8539337515830994,
        1284.2015380859375,
        471.19091796875,
        0.8499507904052734,
        1210.8343114451623,
        271.6941637371443,
        95.00467590065318,
        230.30965713522176
    ],
    "1": [
        1477.4560546875,
        187.1814422607422,
        0.9406739473342896,
        1480.4017333984375,
        184.23583984375,
        0.9210883378982544,
        1478.9288330078125,
        184.23583984375,
        0.915534496307373,
        1486.2928466796875,
        187.1814422607422,
        0.8749262690544128,
        1484.820068359375,
        187.1814422607422,
        0.552588939666748,
        1501.0208740234375,
        203.3822479248047,
        0.8743911981582642,
        1489.238525390625,
        204.8550567626953,
        0.8117849230766296,
        1501.0208740234375,
        232.83827209472656,
        0.8879240155220032,
        1486.2928466796875,
        226.9470672607422,
        0.895298421382904,
        1478.9288330078125,
        246.09349060058594,
        0.8020608425140381,
        1471.5648193359375,
        241.67507934570312,
        0.8752101063728333,
        1514.276123046875,
        238.72947692871094,
        0.8212579488754272,
        1501.0208740234375,
        238.72947692871094,
        0.7345945239067078,
        1502.49365234375,
        269.6582946777344,
        0.7860049605369568,
        1486.2928466796875,
        266.71270751953125,
        0.8672836422920227,
        1512.8033447265625,
        305.0055236816406,
        0.8597660064697266,
        1496.6025390625,
        302.0599365234375,
        0.8673232793807983,
        1464.9488779766184,
        169.94963898483888,
        61.834494498654976,
        150.81488100177296
    ],
    "13": [
        1005.2955322265625,
        161.9921875,
        0.8725544214248657,
        1007.6923217773438,
        159.5953826904297,
        0.9062826633453369,
        1004.0971069335938,
        159.5953826904297,
        0.9313241839408875,
        1016.0811157226562,
        161.9921875,
        0.90279620885849,
        1001.7003173828125,
        161.9921875,
        0.6611048579216003,
        1025.6683349609375,
        178.7698211669922,
        0.84017413854599,
        1001.7003173828125,
        176.37301635742188,
        0.8433976769447327,
        1031.660400390625,
        200.341064453125,
        0.7735718488693237,
        990.9146728515625,
        197.9442596435547,
        0.8742115497589111,
        1032.8587646484375,
        213.52349853515625,
        0.5854498744010925,
        975.33544921875,
        214.72189331054688,
        0.8586196303367615,
        1031.660400390625,
        208.72988891601562,
        0.7375571131706238,
        1013.684326171875,
        208.72988891601562,
        0.8175210952758789,
        1046.0411376953125,
        235.09474182128906,
        0.780926525592804,
        992.1130981445312,
        230.30113220214844,
        0.8291240334510803,
        1054.4300537109375,
        263.85638427734375,
        0.8377024531364441,
        993.3114624023438,
        259.0627746582031,
        0.8786931037902832,
        987.1186213771159,
        145.57408291102442,
        56.72663070294902,
        122.71639270014825
    ],
    "11": [
        686.3414306640625,
        269.4421691894531,
        0.4711103141307831,
        689.9260864257812,
        267.64984130859375,
        0.6372778415679932,
        704.2646484375,
        267.64984130859375,
        0.547286868095398,
        688.1337280273438,
        271.2344970703125,
        0.9051563143730164,
        707.8493041992188,
        269.4421691894531,
        0.93567955493927,
        679.172119140625,
        294.5346984863281,
        0.9070938229560852,
        718.6032104492188,
        292.74237060546875,
        0.8768469095230103,
        664.8335571289062,
        323.21185302734375,
        0.934444010257721,
        732.9418334960938,
        319.6272277832031,
        0.8848477005958557,
        679.172119140625,
        335.75811767578125,
        0.8922199010848999,
        740.111083984375,
        333.9657897949219,
        0.6467806696891785,
        691.7183837890625,
        346.5120544433594,
        0.7888292670249939,
        718.6032104492188,
        344.7197265625,
        0.7845678329467773,
        680.9644775390625,
        375.189208984375,
        0.9033476114273071,
        729.357177734375,
        376.9815368652344,
        0.8338170647621155,
        688.1337280273438,
        418.2049560546875,
        0.8830470442771912,
        723.980224609375,
        419.9972839355469,
        0.8890742063522339,
        660.8476034869332,
        250.26430178018137,
        81.45719759905444,
        183.53390575842394
    ],
    "26": [
        817.157958984375,
        345.5167541503906,
        0.686654806137085,
        813.2772216796875,
        339.6955871582031,
        0.4318281412124634,
        815.2175903320312,
        341.635986328125,
        0.7792951464653015,
        793.8733520507812,
        347.4571228027344,
        0.8632574677467346,
        815.2175903320312,
        347.4571228027344,
        0.9008935689926147,
        784.1714477539062,
        370.7417297363281,
        0.8888235688209534,
        826.8599243164062,
        366.8609619140625,
        0.8864891529083252,
        772.5291748046875,
        407.6090393066406,
        0.7631433010101318,
        838.502197265625,
        399.8475036621094,
        0.8784765601158142,
        768.6483764648438,
        419.2513427734375,
        0.8114427924156189,
        830.7406616210938,
        413.43017578125,
        0.7423763871192932,
        795.8137817382812,
        425.0724792480469,
        0.7914214730262756,
        822.9791259765625,
        423.1321105957031,
        0.7991297841072083,
        768.6483764648438,
        458.05902099609375,
        0.8333539962768555,
        838.502197265625,
        456.1186218261719,
        0.8851430416107178,
        751.1849365234375,
        500.7474670410156,
        0.8815712928771973,
        855.9656372070312,
        498.80706787109375,
        0.8530786633491516,
        758.4226491998139,
        316.9931088657212,
        88.3648892738629,
        198.69527888987614
    ],