{
    "6": [
        1234.2432861328125,
        291.1618957519531,
        0.8529805541038513,
        1236.500244140625,
        288.9049072265625,
        0.8901315331459045,
        1236.500244140625,
        286.6479187011719,
        0.7029597759246826,
        1238.75732421875,
        291.1618957519531,
        0.9316738247871399,
        1259.0701904296875,
        291.1618957519531,
        0.9001041054725647,
        1231.986328125,
        322.75970458984375,
        0.8917974233627319,
        1268.09814453125,
        320.5027160644531,
        0.9306225180625916,
        1231.986328125,
        358.8714599609375,
        0.9027947783470154,
        1279.383056640625,
        352.10052490234375,
        0.940125584602356,
        1231.986328125,
        392.72625732421875,
        0.8594952821731567,
        1283.89697265625,
        383.69830322265625,
        0.9313071966171265,
        1245.5281982421875,
        388.2122802734375,
        0.7948676943778992,
        1270.3551025390625,
        385.9552917480469,
        0.7913060784339905,
        1247.78515625,
        435.6090087890625,
        0.8785308003425598,
        1268.09814453125,
        431.09503173828125,
        0.9029278755187988,
        1265.841064453125,
        483.0057067871094,
        0.9039230942726135,
        1283.89697265625,
        469.4637756347656,
        0.8614642024040222,
        1210.2261352759253,
        267.0121731855382,
        95.43102909763502,
        231.11530693390245
    ],
    "1": [
        1477.8822021484375,
        186.95413208007812,
        0.9271110892295837,
        1480.806884765625,
        184.0293426513672,
        0.9188358783721924,
        1479.344482421875,
        184.0293426513672,
        0.9084658622741699,
        1488.118896484375,
        186.95413208007812,
        0.8792433738708496,
        1485.194091796875,
        186.95413208007812,
        0.5455726385116577,
        1502.742919921875,
        204.50289916992188,
        0.8544828295707703,
        1488.118896484375,
        204.50289916992188,
        0.8062006831169128,
        1502.742919921875,
        232.2884521484375,
        0.9017229080200195,
        1486.656494140625,
        226.43885803222656,
        0.8891780972480774,
        1480.806884765625,
        243.9876251220703,
        0.825401782989502,
        1473.4949951171875,
        241.06283569335938,
        0.8611279726028442,
        1514.4420166015625,
        239.60043334960938,
        0.8097457885742188,
        1502.742919921875,
        239.60043334960938,
        0.7382914423942566,
        1501.280517578125,
        270.310791015625,
        0.8476144075393677,
        1482.269287109375,
        264.461181640625,
        0.8292334675788879,
        1514.4420166015625,
        303.9459228515625,
        0.8863873481750488,
        1493.968505859375,
        301.0211181640625,
        0.8411899209022522,
        1465.4915012778692,
        169.84416103740688,
        61.34114661366357,
        149.74934557356102
    ],
    "13": [
        1004.635986328125,
        162.93026733398438,
        0.8867481350898743,
        1008.2466430664062,
        160.52316284179688,
        0.8863014578819275,
        1003.4324340820312,
        159.31959533691406,
        0.9018467664718628,
        1016.6715698242188,
        161.72671508789062,
        0.8985494375228882,
        1002.2288818359375,
        161.72671508789062,
        0.6865116357803345,
        1025.096435546875,
        178.57652282714844,
        0.8364813327789307,
        1002.2288818359375,
        176.16940307617188,
        0.8437888622283936,
        1031.1142578125,
        199.03701782226562,
        0.7911249399185181,
        991.3968505859375,
        197.8334503173828,
        0.8739143013954163,
        1033.5213623046875,
        213.47970581054688,
        0.6035565137863159,
        974.5470581054688,
        214.68325805664062,
        0.867520272731781,
        1029.91064453125,
        208.6654815673828,
        0.7346587181091309,
        1013.0608520507812,
        208.6654815673828,
        0.8210235238075256,
        1045.556884765625,
        235.1437530517578,
        0.7694703936576843,
        992.6004028320312,
        229.12596130371094,
        0.8226532340049744,
        1055.1854248046875,
        264.0291442871094,
        0.8613336682319641,
        992.6004028320312,
        259.21490478515625,
        0.8783719539642334,
        986.2573082678698,
        145.23800453214284,
        57.2177346889282,
        123.24427770491036
    ],
    "26": [
        812.7571411132812,
        345.80523681640625,
        0.7351081371307373,
        808.879150390625,
        339.98828125,
        0.5373708009719849,
        810.818115234375,
        341.92724609375,
        0.8495994210243225,
        789.4891967773438,
        347.7442626953125,
        0.8582992553710938,
        808.879150390625,
        347.7442626953125,
        0.8351648449897766,
        777.855224609375,
        369.07318115234375,
        0.894767701625824,
        820.5131225585938,
        367.13421630859375,
        0.8951506018638611,
        768.1602172851562,
        405.91412353515625,
        0.8180942535400391,
        832.1470947265625,
        398.15814208984375,
        0.8878849744796753,
        766.2212524414062,
        421.42608642578125,
        0.8002122640609741,
        828.2691040039062,
        417.548095703125,
        0.819808304309845,
        789.4891967773438,
        423.36505126953125,
        0.7531691789627075,
        816.6351318359375,
        421.42608642578125,
        0.7889840602874756,
        764.2822265625,
        456.3280029296875,
        0.8378563523292542,
        834.0860595703125,
        456.3280029296875,
        0.8835100531578064,
        750.7092895507812,
        500.92486572265625,
        0.8799493312835693,
        853.4760131835938,
        495.10791015625,
        0.8476050496101379,
        753.8694806182891,
        317.30201309679956,
        88.69033452171152,
        198.5531650160442
    ],
    "11": [
        689.48193359375,
        269.970458984375,
        0.5519919395446777,
        691.2467041015625,
        266.4408264160156,
        0.6844688057899475,
        707.130126953125,
        268.20562744140625,
        0.5526236891746521,
        691.2467041015625,
        271.73529052734375,
        0.9136286973953247,
        708.8949584960938,
        269.970458984375,
        0.9610304236412048,
        682.422607421875,
        294.6780090332031,
        0.8891585469245911,
        719.48388671875,
        292.9131774902344,
        0.8773462772369385,
        666.5391845703125,
        322.9151916503906,
        0.9005585312843323,
        735.3673095703125,
        317.6206970214844,
        0.8592469096183777,
        680.6577758789062,
        333.5041198730469,
        0.8922553062438965,
        740.6618041992188,
        331.7392883300781,
        0.6348165273666382,
        694.7763671875,
        345.8578796386719,
        0.8042231798171997,
        719.48388671875,
        344.09307861328125,
        0.7834094166755676,
        685.9522705078125,
        374.0950622558594,
        0.8828241229057312,
        731.8377075195312,
        375.8598937988281,
        0.8318691253662109,
        694.7763671875,
        416.4508361816406,
        0.9236106276512146,
        724.7783813476562,
        419.9804992675781,
        0.8646889925003052,
        664.4028306445872,
        251.08683150455482,
        80.16012678645382,
        180.7179973117009
    ],