{
    "6": [
        1233.691162109375,
        284.92340087890625,
        0.7285116314888,
        1235.997314453125,
        280.31109619140625,
        0.7926998734474182,
        1235.997314453125,
        278.0049133300781,
        0.607966423034668,
        1238.303466796875,
        284.92340087890625,
        0.9093844890594482,
        1259.058837890625,
        282.61724853515625,
        0.8892407417297363,
        1231.385009765625,
        312.5972595214844,
        0.9241908192634583,
        1268.283447265625,
        310.2911071777344,
        0.9232168197631836,
        1226.772705078125,
        351.8018798828125,
        0.9001700282096863,
        1282.120361328125,
        344.8834228515625,
        0.9103233814239502,
        1229.078857421875,
        384.0880432128906,
        0.9097050428390503,
        1286.732666015625,
        374.8634338378906,
        0.9247859716415405,
        1242.915771484375,
        381.7818908691406,
        0.8319677114486694,
        1268.283447265625,
        377.1695861816406,
        0.8149504065513611,
        1240.609619140625,
        425.5988464355469,
        0.8908905982971191,
        1259.058837890625,
        416.37420654296875,
        0.9203029870986938,
        1263.671142578125,
        469.415771484375,
        0.8560037612915039,
        1275.201904296875,
        462.497314453125,
        0.8325411081314087,
        1204.5025172837038,
        257.9414539686616,
        97.5819656580552,
        236.15014036575172
    ],
    "1": [
        1479.8824462890625,
        186.68312072753906,
        0.9030237197875977,
        1482.7900390625,
        183.77548217773438,
        0.8925814628601074,
        1481.336181640625,
        183.77548217773438,
        0.9066628813743591,
        1490.05908203125,
        188.13693237304688,
        0.8557091951370239,
        1488.6053466796875,
        188.13693237304688,
        0.5601202845573425,
        1506.0511474609375,
        204.1289520263672,
        0.8495985269546509,
        1490.05908203125,
        205.582763671875,
        0.8475140929222107,
        1503.1435546875,
        233.20533752441406,
        0.9375358819961548,
        1488.6053466796875,
        227.3900604248047,
        0.8978751301765442,
        1479.8824462890625,
        244.8358917236328,
        0.8228735327720642,
        1474.067138671875,
        240.47442626953125,
        0.8637208342552185,
        1514.7740478515625,
        241.92825317382812,
        0.7956210970878601,
        1501.689697265625,
        239.02061462402344,
        0.7659491300582886,
        1500.23583984375,
        271.004638671875,
        0.8618142604827881,
        1476.9747314453125,
        260.8279113769531,
        0.8145967125892639,
        1514.7740478515625,
        304.4424743652344,
        0.8847282528877258,
        1487.1514892578125,
        294.2657470703125,
        0.867072343826294,
        1466.1415674217972,
        169.67344793990503,
        60.91950080667061,
        148.8710592451314
    ],
    "13": [
        1005.17333984375,
        160.02232360839844,
        0.8945999145507812,
        1007.6048583984375,
        157.5907745361328,
        0.8818152546882629,
        1003.95751953125,
        157.5907745361328,
        0.9131056666374207,
        1016.1152954101562,
        160.02232360839844,
        0.8969970941543579,
        1001.5260009765625,
        160.02232360839844,
        0.6978268027305603,
        1024.625732421875,
        177.04315185546875,
        0.831713080406189,
        1001.5260009765625,
        175.827392578125,
        0.8585076928138733,
        1029.48876953125,
        196.49554443359375,
        0.7667796611785889,
        990.5840454101562,
        197.71131896972656,
        0.8984963893890381,
        1029.48876953125,
        212.30059814453125,
        0.6401801109313965,
        973.5631713867188,
        214.73214721679688,
        0.8526287078857422,
        1029.48876953125,
        208.6532745361328,
        0.7617318034172058,
        1012.4679565429688,
        208.6532745361328,
        0.8314876556396484,
        1044.078125,
        232.96876525878906,
        0.7979004979133606,
        991.7998046875,
        229.32144165039062,
        0.8694645762443542,
        1055.02001953125,
        264.5788879394531,
        0.8409056067466736,
        991.7998046875,
        259.7157897949219,
        0.8921650052070618,
        985.1905115103998,
        143.36623113891653,
        58.202212290023,
        124.49524033043645
    ],
    "5": [
        729.3558349609375,
        177.81826782226562,
        0.9096938967704773,
        733.0469970703125,
        174.12710571289062,
        0.8800432682037354,
        729.3558349609375,
        174.12710571289062,
        0.8235309720039368,
        742.27490234375,
        175.97268676757812,
        0.9050256013870239,
        729.3558349609375,
        174.12710571289062,
        0.8339637517929077,
        749.6572265625,
        192.58290100097656,
        0.8637534379959106,
        729.3558349609375,
        190.73731994628906,
        0.9461202621459961,
        745.966064453125,
        168.59036254882812,
        0.6286600232124329,
        714.5911865234375,
        177.81826782226562,
        0.7462788224220276,
        734.892578125,
        150.1345672607422,
        0.7029348611831665,
        710.9000244140625,
        166.74478149414062,
        0.7465403079986572,
        747.8116455078125,
        247.95028686523438,
        0.7565122842788696,
        733.0469970703125,
        246.10470581054688,
        0.833654522895813,
        751.5028076171875,
        292.24420166015625,
        0.9048550128936768,
        734.892578125,
        292.24420166015625,
        0.8377196192741394,
        758.8851318359375,
        332.8469543457031,
        0.8625478744506836,
        738.583740234375,
        329.1557922363281,
        0.800063967704773,
        697.9857006216428,
        161.76170048411223,
        75.65930516267383,
        188.98741823055377
    ],
    "26": [
        803.1980590820312,
        342.0744323730469,
        0.5824095606803894,
        799.3743286132812,
        340.1625671386719,
        0.42337024211883545,
        801.2861938476562,
        340.1625671386719,
        0.7314932942390442,
        776.4319458007812,
        343.9862976074219,
        0.8880382776260376,
        799.3743286132812,
        343.9862976074219,
        0.9082430601119995,
        766.8726196289062,
        365.01678466796875,
        0.9041646718978882,
        810.8455200195312,
        365.01678466796875,
        0.8487527370452881,
        755.4014282226562,
        399.4303283691406,
        0.8977140188217163,
        822.3167114257812,
        395.6065979003906,
        0.8808348178863525,
        757.3132934570312,
        418.5489807128906,
        0.8474545478820801,
        822.3167114257812,
        408.9896545410156,
        0.8858618140220642,
        772.6082153320312,
        422.3727111816406,
        0.7966171503067017,
        801.2861938476562,
        422.3727111816406,
        0.801571249961853,
        755.4014282226562,
        456.7862548828125,
        0.8391997218132019,
        820.4048461914062,
        454.8743896484375,
        0.8442064523696899,
        749.6658325195312,
        498.8472595214844,
        0.8529293537139893,
        845.259033203125,
        493.1116638183594,
        0.8392151594161987,
        744.6640054564468,
        317.7937085285532,
        88.39016432343988,
        195.77492701855954
    ],