{
    "6": [
        1216.2958984375,
        270.6064147949219,
        0.8390399813652039,
        1216.2958984375,
        266.6966857910156,
        0.8722591400146484,
        1216.2958984375,
        266.6966857910156,
        0.7348646521568298,
        1220.20556640625,
        270.6064147949219,
        0.9112170338630676,
        1237.79931640625,
        270.6064147949219,
        0.8483586311340332,
        1214.3409423828125,
        299.9293212890625,
        0.848014235496521,
        1245.6187744140625,
        294.0647277832031,
        0.938378095626831,
        1214.3409423828125,
        335.1167907714844,
        0.887912929058075,
        1255.39306640625,
        321.4327697753906,
        0.9353378415107727,
        1212.3861083984375,
        362.48480224609375,
        0.9503737688064575,
        1249.5284423828125,
        342.93621826171875,
        0.8359107375144958,
        1222.160400390625,
        354.6653747558594,
        0.8183805346488953,
        1241.708984375,
        352.71051025390625,
        0.7701702117919922,
        1208.4764404296875,
        387.8979797363281,
        0.847851037979126,
        1231.9346923828125,
        382.0334167480469,
        0.8716877698898315,
        1208.4764404296875,
        428.9500427246094,
        0.9032807946205139,
        1241.708984375,
        423.08544921875,
        0.9047313928604126,
        1187.32269780366,
        247.73454331326434,
        83.35938368133793,
        200.17765944952453
    ],
    "13": [
        1008.0564575195312,
        154.35552978515625,
        0.8729851841926575,
        1012.0118408203125,
        151.71861267089844,
        0.9030826687812805,
        1006.7379760742188,
        150.400146484375,
        0.9370555281639099,
        1018.6041259765625,
        154.35552978515625,
        0.8851665258407593,
        1005.4195556640625,
        153.0370635986328,
        0.8593936562538147,
        1027.8333740234375,
        171.4954833984375,
        0.8360770344734192,
        1001.4641723632812,
        170.17703247070312,
        0.8820810317993164,
        1034.4256591796875,
        195.2277374267578,
        0.791654646396637,
        996.1903076171875,
        193.90928649902344,
        0.8788114190101624,
        1034.4256591796875,
        211.0492401123047,
        0.66605544090271,
        989.5980224609375,
        211.0492401123047,
        0.8652992248535156,
        1029.15185546875,
        204.4569549560547,
        0.7879906296730042,
        1010.693359375,
        204.4569549560547,
        0.8332976698875427,
        1044.9732666015625,
        230.8261260986328,
        0.8112050890922546,
        992.2349853515625,
        225.5522918701172,
        0.8589048385620117,
        1055.52099609375,
        263.78759765625,
        0.8577385544776917,
        993.5534057617188,
        258.5137634277344,
        0.8794553279876709,
        983.9538303945588,
        134.97416137197666,
        62.70827246285273,
        135.01019996512224
    ],
    "1": [
        1482.424560546875,
        197.81846618652344,
        0.8813319802284241,
        1486.348388671875,
        196.5105438232422,
        0.8902326822280884,
        1483.7325439453125,
        195.20263671875,
        0.8873567581176758,
        1494.1959228515625,
        199.1263885498047,
        0.8077162504196167,
        1485.0404052734375,
        197.81846618652344,
        0.569913387298584,
        1504.6593017578125,
        214.82142639160156,
        0.8653122782707214,
        1486.348388671875,
        214.82142639160156,
        0.8673908114433289,
        1503.351318359375,
        242.28775024414062,
        0.8875153064727783,
        1487.65625,
        235.74813842773438,
        0.9355659484863281,
        1479.808837890625,
        244.90357971191406,
        0.8105635046958923,
        1475.885009765625,
        243.5956573486328,
        0.8019201755523682,
        1515.12255859375,
        248.8273468017578,
        0.7856277823448181,
        1498.11962890625,
        247.51942443847656,
        0.8179413080215454,
        1513.814697265625,
        273.6778259277344,
        0.8456214666366577,
        1473.2691650390625,
        265.8302917480469,
        0.8855358958244324,
        1539.97314453125,
        305.0679016113281,
        0.8402989506721497,
        1473.2691650390625,
        294.6045227050781,
        0.8749390840530396,
        1468.9878036845687,
        179.89992290242964,
        56.95574381786696,
        133.93107033772543
    ],
    "9": [
        563.41943359375,
        177.86770629882812,
        0.8936050534248352,
        562.2615966796875,
        173.46173095703125,
        0.8690956234931946,
        559.064453125,
        173.47203063964844,
        0.9142404794692993,
        549.0872802734375,
        177.82186889648438,
        0.6170436143875122,
        551.5445556640625,
        177.04896545410156,
        0.9203023314476013,
        549.0830688476562,
        200.2154541015625,
        0.6446536183357239,
        557.81787109375,
        197.73843383789062,
        0.8271596431732178,
        573.822265625,
        222.52154541015625,
        0.736756443977356,
        586.6472778320312,
        202.56256103515625,
        0.8352508544921875,
        593.7734375,
        225.71340942382812,
        0.8565586805343628,
        613.765625,
        213.7655029296875,
        0.8379523754119873,
        567.44287109375,
        249.641845703125,
        0.673491358757019,
        576.1968994140625,
        245.68740844726562,
        0.7448436617851257,
        584.9703369140625,
        293.5841979980469,
        0.7816462516784668,
        600.14501953125,
        287.956787109375,
        0.8045458793640137,
        595.3409423828125,
        334.2060241699219,
        0.7858223915100098,
        616.1182861328125,
        329.4600830078125,
        0.8291233777999878,
        545.6741943359375,
        189.50152587890625,
        69.28070068359375,
        155.754150390625
    ],
    "20": [
        949.2528076171875,
        264.8254699707031,
        0.3784477710723877,
        931.697509765625,
        262.8748779296875,
        0.47173911333084106,
        949.2528076171875,
        264.8254699707031,
        0.5222802758216858,
        929.7469482421875,
        266.77606201171875,
        0.913810133934021,
        949.2528076171875,
        266.77606201171875,
        0.8761332631111145,
        916.0927734375,
        286.2819519042969,
        0.8846837878227234,
        955.1046142578125,
        292.13372802734375,
        0.8992872834205627,
        906.33984375,
        313.5902099609375,
        0.9193150997161865,
        955.1046142578125,
        323.3431396484375,
        0.8626184463500977,
        919.9939575195312,
        325.2937316894531,
        0.7607710957527161,
        941.450439453125,
        327.24432373046875,
        0.6747013926506042,
        914.1422119140625,
        342.84906005859375,
        0.7666693925857544,
        937.54931640625,
        346.7502136230469,
        0.8059958219528198,
        898.5374755859375,
        385.76202392578125,
        0.8391749858856201,
        943.4010620117188,
        387.7126159667969,
        0.824314296245575,
        882.9328002929688,
        432.576171875,
        0.8713957667350769,
        951.2034301757812,
        430.6255798339844,
        0.8757901191711426,
        885.7730624514696,
        245.9047689366647,
        82.09590855272643,
        199.7403404177262
    ],