{
    "13": [
        1012.8259887695312,
        154.66265869140625,
        0.8915831446647644,
        1016.789306640625,
        152.02044677734375,
        0.8814120888710022,
        1011.5048828125,
        152.02044677734375,
        0.8765786290168762,
        1023.3948974609375,
        154.66265869140625,
        0.9029690623283386,
        1008.8626708984375,
        153.341552734375,
        0.8729938268661499,
        1030.0003662109375,
        171.83705139160156,
        0.8672081828117371,
        1003.5782470703125,
        171.83705139160156,
        0.8806821703910828,
        1036.60595703125,
        194.29586791992188,
        0.7761951088905334,
        999.6149291992188,
        194.29586791992188,
        0.8909597396850586,
        1036.60595703125,
        210.14915466308594,
        0.7316082715988159,
        995.651611328125,
        214.11248779296875,
        0.8626635074615479,
        1028.6793212890625,
        204.86473083496094,
        0.7989671230316162,
        1011.5048828125,
        204.86473083496094,
        0.8363903164863586,
        1045.8536376953125,
        231.28688049316406,
        0.8169528245925903,
        993.0093994140625,
        228.64466857910156,
        0.8679043650627136,
        1055.1014404296875,
        262.9934387207031,
        0.8462857604026794,
        993.0093994140625,
        259.0301208496094,
        0.8887901902198792,
        986.254209834441,
        135.24238823523598,
        62.39131076739511,
        135.28135415197795
    ],
    "6": [
        1214.3560791015625,
        266.8080749511719,
        0.8162522315979004,
        1214.3560791015625,
        264.8562927246094,
        0.8223004937171936,
        1214.3560791015625,
        264.8562927246094,
        0.6462613344192505,
        1218.2596435546875,
        268.7598571777344,
        0.9029874801635742,
        1235.8255615234375,
        268.7598571777344,
        0.843671977519989,
        1212.404296875,
        298.0364990234375,
        0.8763600587844849,
        1243.6326904296875,
        294.1329345703125,
        0.9025595784187317,
        1208.500732421875,
        335.1202697753906,
        0.9093137979507446,
        1251.4398193359375,
        321.45782470703125,
        0.9075695276260376,
        1204.59716796875,
        362.4451599121094,
        0.9088746905326843,
        1241.680908203125,
        348.78271484375,
        0.6789047122001648,
        1216.307861328125,
        352.6862487792969,
        0.7639211416244507,
        1235.8255615234375,
        352.6862487792969,
        0.7985637784004211,
        1204.59716796875,
        381.9629211425781,
        0.899466335773468,
        1228.0184326171875,
        378.0593566894531,
        0.8260822892189026,
        1208.500732421875,
        428.8055725097656,
        0.8975332379341125,
        1235.8255615234375,
        420.99847412109375,
        0.8866087198257446,
        1183.4992939861702,
        245.9240752606479,
        83.18299502851892,
        199.86194327038925
    ],
    "1": [
        1486.2679443359375,
        205.76129150390625,
        0.8773330450057983,
        1488.763671875,
        203.26559448242188,
        0.9185264110565186,
        1486.2679443359375,
        203.26559448242188,
        0.8826300501823425,
        1495.0029296875,
        205.76129150390625,
        0.8328915238380432,
        1490.011474609375,
        205.76129150390625,
        0.6144276261329651,
        1507.4814453125,
        224.47909545898438,
        0.8223315477371216,
        1487.515869140625,
        221.9833984375,
        0.9049981236457825,
        1499.994384765625,
        249.43617248535156,
        0.8294202089309692,
        1488.763671875,
        243.1968994140625,
        0.8772106170654297,
        1476.28515625,
        251.931884765625,
        0.7407697439193726,
        1477.532958984375,
        250.68402099609375,
        0.5062658190727234,
        1517.46435546875,
        253.1797332763672,
        0.7759125828742981,
        1502.4901123046875,
        251.931884765625,
        0.7946389317512512,
        1518.712158203125,
        276.8889465332031,
        0.8330366015434265,
        1475.0372314453125,
        265.65826416015625,
        0.7985240817070007,
        1543.669189453125,
        310.58099365234375,
        0.820405900478363,
        1475.0372314453125,
        295.60675048828125,
        0.8484155535697937,
        1472.9663706837925,
        187.41785886299675,
        55.30383068302308,
        127.78022590026171
    ],
    "9": [
        570.2508544921875,
        195.59844970703125,
        0.850995659828186,
        567.6497192382812,
        193.79537963867188,
        0.8175320625305176,
        565.0291748046875,
        192.09014892578125,
        0.8807937502861023,
        557.8687133789062,
        198.86505126953125,
        0.6299188733100891,
        557.998046875,
        196.60861206054688,
        0.8553177118301392,
        557.8687133789062,
        219.7523651123047,
        0.7144516706466675,
        562.0670166015625,
        217.0006103515625,
        0.7618932723999023,
        580.4966430664062,
        240.63967895507812,
        0.6275582909584045,
        589.19970703125,
        221.49298095703125,
        0.8445264101028442,
        599.6433715820312,
        245.86151123046875,
        0.7354488968849182,
        617.0494384765625,
        228.45541381835938,
        0.9419926404953003,
        571.7936401367188,
        266.7488098144531,
        0.7413035035133362,
        580.4966430664062,
        263.2676086425781,
        0.7802388072013855,
        589.19970703125,
        312.0046691894531,
        0.7425005435943604,
        611.82763671875,
        299.8204040527344,
        0.7920161485671997,
        599.6433715820312,
        355.5198974609375,
        0.8012667298316956,
        629.2337036132812,
        343.33563232421875,
        0.8033697605133057,
        539.1474394152101,
        175.01868993291006,
        73.9954523994545,
        178.23843920945833
    ],
    "8": [
        1374.4141845703125,
        216.34461975097656,
        0.943286120891571,
        1378.9832763671875,
        213.29855346679688,
        0.9369575381278992,
        1375.937255859375,
        213.29855346679688,
        0.8858501315116882,
        1388.12158203125,
        219.3907012939453,
        0.9170382618904114,
        1386.5985107421875,
        217.86766052246094,
        0.6273034811019897,
        1395.7366943359375,
        237.6671600341797,
        0.7823532819747925,
        1385.075439453125,
        233.09803771972656,
        0.7011756300926208,
        1401.828857421875,
        269.6509704589844,
        0.868609607219696,
        1362.2298583984375,
        239.19020080566406,
        0.5065758228302002,
        1386.5985107421875,
        284.88134765625,
        0.9626136422157288,
        1350.0455322265625,
        274.2200622558594,
        0.3062496781349182,
        1420.1053466796875,
        283.3583068847656,
        0.7544589042663574,
        1403.3519287109375,
        278.7891845703125,
        0.7950204610824585,
        1406.39794921875,
        321.43426513671875,
        0.8209336400032043,
        1385.075439453125,
        300.1117248535156,
        0.8579278588294983,
        1439.90478515625,
        350.3719787597656,
        0.8744298815727234,
        1401.828857421875,
        332.09552001953125,
        0.8366249799728394,
        1366.1658675784358,
        195.4790319994869,
        66.75677972749781,
        155.95905034553869
    ],