{
    "13": [
        1019.115478515625,
        152.69761657714844,
        0.9202263355255127,
        1021.794189453125,
        150.01889038085938,
        0.9005759358406067,
        1016.436767578125,
        150.01889038085938,
        0.9270334839820862,
        1028.490966796875,
        152.69761657714844,
        0.9203543066978455,
        1013.7579956054688,
        151.35824584960938,
        0.9061328172683716,
        1035.1878662109375,
        170.10934448242188,
        0.8810895681381226,
        1007.0612182617188,
        170.10934448242188,
        0.8542029857635498,
        1041.8846435546875,
        187.5210723876953,
        0.6255830526351929,
        1003.0430908203125,
        191.53915405273438,
        0.8403671383857727,
        1039.2059326171875,
        204.93280029296875,
        0.6454480886459351,
        1001.7037353515625,
        210.29025268554688,
        0.8546153903007507,
        1031.169677734375,
        204.93280029296875,
        0.8013554811477661,
        1011.0792846679688,
        206.27215576171875,
        0.8248803019523621,
        1048.5814208984375,
        231.72007751464844,
        0.850348174571991,
        995.0069580078125,
        229.04135131835938,
        0.8954090476036072,
        1055.2783203125,
        263.86480712890625,
        0.883052408695221,
        993.6675415039062,
        258.5073547363281,
        0.8840029239654541,
        989.6142930391751,
        134.34830242049088,
        63.02049332807212,
        137.15089183867292
    ],
    "6": [
        1212.4874267578125,
        264.6248779296875,
        0.7744568586349487,
        1214.4444580078125,
        262.66790771484375,
        0.720521092414856,
        1214.4444580078125,
        262.66790771484375,
        0.5542187094688416,
        1216.4013671875,
        266.58184814453125,
        0.9113056659698486,
        1235.9710693359375,
        264.6248779296875,
        0.9176449775695801,
        1210.530517578125,
        293.9794616699219,
        0.8674612045288086,
        1241.842041015625,
        290.0655212402344,
        0.9023298025131226,
        1206.6165771484375,
        329.2049560546875,
        0.8883755207061768,
        1249.669921875,
        317.463134765625,
        0.9060764908790588,
        1194.8746337890625,
        354.6455993652344,
        0.8848060965538025,
        1237.9281005859375,
        335.0758972167969,
        0.8508756756782532,
        1214.4444580078125,
        350.7316589355469,
        0.7746667265892029,
        1234.01416015625,
        350.7316589355469,
        0.8031257390975952,
        1202.70263671875,
        380.0862731933594,
        0.9296842813491821,
        1226.186279296875,
        376.17230224609375,
        0.8702234625816345,
        1208.573486328125,
        425.09661865234375,
        0.9281530380249023,
        1230.1002197265625,
        421.18267822265625,
        0.8887507319450378,
        1179.591415279493,
        243.68529861975387,
        83.40479517215795,
        200.39390588663608
    ],
    "9": [
        573.5388793945312,
        213.79833984375,
        0.8922127485275269,
        571.8414306640625,
        210.4035186767578,
        0.8607093095779419,
        570.1466064453125,
        212.10360717773438,
        0.9093812704086304,
        560.81982421875,
        218.86480712890625,
        0.6247076988220215,
        563.3588256835938,
        218.0631866455078,
        0.9430128335952759,
        564.049072265625,
        240.1461181640625,
        0.7126289010047913,
        569.3387451171875,
        238.3604736328125,
        0.79628586769104,
        582.6950073242188,
        263.25238037109375,
        0.6849033832550049,
        592.202880859375,
        246.9176483154297,
        0.8162623643875122,
        604.9689331054688,
        268.9775390625,
        0.8000330328941345,
        621.0548095703125,
        251.133056640625,
        0.8831683993339539,
        573.2952880859375,
        289.336669921875,
        0.5882145166397095,
        586.3880615234375,
        285.9488525390625,
        0.6473103761672974,
        600.6094360351562,
        328.24371337890625,
        0.6436091661453247,
        622.0455932617188,
        317.0587158203125,
        0.6536259651184082,
        598.966064453125,
        368.2568359375,
        0.7484795451164246,
        637.2181396484375,
        354.7055358886719,
        0.6732076406478882,
        546.9274815179581,
        197.56370979966314,
        71.7433872309598,
        171.8662593444702
    ],
    "1": [
        1489.6907958984375,
        209.66586303710938,
        0.9240104556083679,
        1492.1339111328125,
        207.22271728515625,
        0.9076587557792664,
        1489.6907958984375,
        207.22271728515625,
        0.9083030819892883,
        1500.684814453125,
        212.10899353027344,
        0.8399407267570496,
        1493.35546875,
        209.66586303710938,
        0.5531523823738098,
        1511.678955078125,
        227.98941040039062,
        0.8154413104057312,
        1489.6907958984375,
        225.5462646484375,
        0.8716655969619751,
        1500.684814453125,
        253.64239501953125,
        0.8556028008460999,
        1489.6907958984375,
        247.53453063964844,
        0.8488518595695496,
        1478.6966552734375,
        258.5286560058594,
        0.7557448744773865,
        1477.4749755859375,
        258.5286560058594,
        0.7030843496322632,
        1522.673095703125,
        256.0855407714844,
        0.7435029149055481,
        1505.5711669921875,
        254.86395263671875,
        0.8279936909675598,
        1522.673095703125,
        278.07379150390625,
        0.857820451259613,
        1476.25341796875,
        264.63653564453125,
        0.7007423043251038,
        1543.4398193359375,
        311.0561828613281,
        0.8102335929870605,
        1475.0318603515625,
        296.3973388671875,
        0.8531134724617004,
        1473.563126363262,
        191.70875218354584,
        55.465113365575235,
        125.08885266334832
    ],
    "33": [
        802.8172607421875,
        135.03170776367188,
        0.9228448271751404,
        808.4844970703125,
        135.03170776367188,
        0.9189276695251465,
        802.8172607421875,
        133.14263916015625,
        0.8951225876808167,
        814.151611328125,
        138.809814453125,
        0.8804336190223694,
        799.0391845703125,
        133.14263916015625,
        0.8499722480773926,
        810.37353515625,
        153.9222869873047,
        0.8997131586074829,
        795.2610473632812,
        148.25511169433594,
        0.8242146968841553,
        787.704833984375,
        152.03323364257812,
        0.41138985753059387,
        768.814208984375,
        146.36605834960938,
        0.8840323090553284,
        778.259521484375,
        140.69888305664062,
        0.4911547303199768,
        766.9251708984375,
        127.4754638671875,
        0.7131409049034119,
        806.5953979492188,
        206.81593322753906,
        0.7810777425765991,
        797.150146484375,
        206.81593322753906,
        0.7814541459083557,
        808.4844970703125,
        254.04238891601562,
        0.8202672004699707,
        793.3720092773438,
        254.04238891601562,
        0.8391630053520203,
        823.596923828125,
        293.7126159667969,
        0.8679887652397156,
        797.150146484375,
        293.7126159667969,
        0.8765212297439575,
        768.7780659355159,
        120.48591090527219,
        73.74565101930773,
        193.43965157185255
    ],