{
    "13": [
        1023.6351928710938,
        151.15501403808594,
        0.9295057058334351,
        1026.361083984375,
        148.42913818359375,
        0.9213446974754333,
        1019.54638671875,
        148.42913818359375,
        0.941807746887207,
        1030.449951171875,
        151.15501403808594,
        0.9385755658149719,
        1015.4575805664062,
        149.79208374023438,
        0.9062380790710449,
        1037.2645263671875,
        167.51028442382812,
        0.8970758318901062,
        1008.6428833007812,
        168.8732147216797,
        0.8790720105171204,
        1042.71630859375,
        187.95436096191406,
        0.7978219985961914,
        1005.9169921875,
        192.0431671142578,
        0.8135889768600464,
        1039.990478515625,
        201.583740234375,
        0.7581748366355896,
        1005.9169921875,
        209.76136779785156,
        0.8087978363037109,
        1033.17578125,
        205.6725616455078,
        0.7843940258026123,
        1012.731689453125,
        207.03549194335938,
        0.7984463572502136,
        1049.531005859375,
        231.56838989257812,
        0.8448371291160583,
        996.37646484375,
        230.20545959472656,
        0.8429490923881531,
        1056.345703125,
        264.2789306640625,
        0.8648732900619507,
        993.6505737304688,
        258.8271484375,
        0.8918917775154114,
        990.9170509291631,
        132.48272478405045,
        64.07340301355828,
        139.5649683655618
    ],
    "6": [
        1211.0267333984375,
        265.1335754394531,
        0.7982643842697144,
        1212.9830322265625,
        261.2208557128906,
        0.737122654914856,
        1212.9830322265625,
        261.2208557128906,
        0.5472995042800903,
        1214.939453125,
        265.1335754394531,
        0.9179075360298157,
        1234.5029296875,
        265.1335754394531,
        0.9415706396102905,
        1209.0704345703125,
        292.5224914550781,
        0.8716472387313843,
        1242.328369140625,
        288.60980224609375,
        0.8770462870597839,
        1205.15771484375,
        327.7368469238281,
        0.900878369808197,
        1250.15380859375,
        317.955078125,
        0.925278902053833,
        1193.4195556640625,
        349.2567138671875,
        0.9405404925346375,
        1236.4593505859375,
        333.60589599609375,
        0.8162487149238586,
        1214.939453125,
        349.2567138671875,
        0.7826662659645081,
        1234.5029296875,
        351.21307373046875,
        0.7835934162139893,
        1199.28857421875,
        376.6456604003906,
        0.9199403524398804,
        1224.72119140625,
        374.6893005371094,
        0.918356716632843,
        1207.114013671875,
        421.6417541503906,
        0.8900294303894043,
        1228.6339111328125,
        419.6853942871094,
        0.8994460701942444,
        1178.1195570312955,
        242.24419489195793,
        83.42153471654342,
        200.33056956132498
    ],
    "1": [
        1491.9305419921875,
        210.63783264160156,
        0.9336415529251099,
        1494.369140625,
        208.1991729736328,
        0.9252474308013916,
        1491.9305419921875,
        208.1991729736328,
        0.9370235800743103,
        1502.9044189453125,
        211.85716247558594,
        0.8513136506080627,
        1494.369140625,
        210.63783264160156,
        0.5581732988357544,
        1513.87841796875,
        228.92774963378906,
        0.8135887980461121,
        1491.9305419921875,
        227.7084197998047,
        0.8687990307807922,
        1505.3431396484375,
        255.75294494628906,
        0.8290848731994629,
        1491.9305419921875,
        248.43698120117188,
        0.8515894412994385,
        1482.1759033203125,
        260.6302490234375,
        0.7802726030349731,
        1482.1759033203125,
        260.6302490234375,
        0.7167325019836426,
        1523.633056640625,
        256.9722595214844,
        0.7324495315551758,
        1506.5625,
        255.75294494628906,
        0.7956852912902832,
        1522.4136962890625,
        278.920166015625,
        0.8607204556465149,
        1476.0792236328125,
        264.2882385253906,
        0.729119598865509,
        1543.1422119140625,
        309.4033508300781,
        0.8062251210212708,
        1474.8599853515625,
        295.9907531738281,
        0.8398341536521912,
        1474.2927860563382,
        192.7137759816804,
        56.00409929160742,
        124.8590026537648
    ],
    "33": [
        804.863037109375,
        142.09315490722656,
        0.9146282076835632,
        808.7977294921875,
        140.12582397460938,
        0.9500954747200012,
        802.895751953125,
        138.1584930419922,
        0.9373083114624023,
        814.69970703125,
        144.06048583984375,
        0.9228256344795227,
        798.9610595703125,
        140.12582397460938,
        0.9080784320831299,
        812.7323608398438,
        159.79910278320312,
        0.8911008834838867,
        791.0917358398438,
        155.8644561767578,
        0.875973641872406,
        798.9610595703125,
        167.66842651367188,
        0.45066291093826294,
        769.451171875,
        157.83177185058594,
        0.838932454586029,
        795.0264282226562,
        153.89712524414062,
        0.3164125978946686,
        767.4838256835938,
        138.1584930419922,
        0.7001182436943054,
        808.7977294921875,
        210.94964599609375,
        0.788836658000946,
        795.0264282226562,
        208.98231506347656,
        0.8378642797470093,
        806.8303833007812,
        256.1982116699219,
        0.844691812992096,
        791.0917358398438,
        256.1982116699219,
        0.8881845474243164,
        822.5690307617188,
        295.5447692871094,
        0.8889784812927246,
        796.9937744140625,
        295.5447692871094,
        0.826831042766571,
        765.5915334212768,
        115.14078227449484,
        76.57572530600169,
        201.45438108641713
    ],
    "9": [
        576.4509887695312,
        220.16192626953125,
        0.8771504163742065,
        573.163330078125,
        218.51808166503906,
        0.8889895677566528,
        571.51953125,
        218.51808166503906,
        0.9592656493186951,
        563.30029296875,
        226.73727416992188,
        0.6730855107307434,
        564.9441528320312,
        226.73727416992188,
        0.9529440402984619,
        566.5880126953125,
        246.46334838867188,
        0.6884305477142334,
        574.8071899414062,
        243.1756591796875,
        0.8759624361991882,
        584.6702270507812,
        269.4770812988281,
        0.7192547917366028,
        592.889404296875,
        259.6140441894531,
        0.8047099709510803,
        610.9716186523438,
        280.98394775390625,
        0.6015353202819824,
        617.5469970703125,
        264.5455627441406,
        0.992113471031189,
        573.163330078125,
        297.4223327636719,
        0.6255019307136536,
        586.3140258789062,
        294.1346740722656,
        0.7535032629966736,
        602.75244140625,
        330.2991027832031,
        0.7689338326454163,
        620.8346557617188,
        325.3675842285156,
        0.8276743292808533,
        599.4647216796875,
        368.1073913574219,
        0.8694751858711243,
        637.2730102539062,
        358.2443542480469,
        0.8315527439117432,
        550.1723516062433,
        204.21668276063852,
        70.63955701629186,
        168.3291003791155
    ],