{
    "13": [
        1042.277587890625,
        143.58419799804688,
        0.9075519442558289,
        1043.7161865234375,
        140.7071075439453,
        0.8888235092163086,
        1037.9619140625,
        140.7071075439453,
        0.904061496257782,
        1046.59326171875,
        142.14566040039062,
        0.8826339244842529,
        1032.207763671875,
        142.14566040039062,
        0.9272191524505615,
        1050.9088134765625,
        159.408203125,
        0.8926821351051331,
        1020.6994018554688,
        159.408203125,
        0.8729109168052673,
        1053.7860107421875,
        179.5478515625,
        0.8001193404197693,
        1013.5067138671875,
        180.98638916015625,
        0.8904865384101868,
        1052.347412109375,
        192.49476623535156,
        0.652729868888855,
        1012.0681762695312,
        199.68748474121094,
        0.897864580154419,
        1039.4005126953125,
        198.2489471435547,
        0.8509989380836487,
        1020.6994018554688,
        199.68748474121094,
        0.8038635849952698,
        1049.4703369140625,
        229.89695739746094,
        0.8518036007881165,
        1007.7525024414062,
        229.89695739746094,
        0.8602699041366577,
        1056.6630859375,
        262.9835205078125,
        0.8411570191383362,
        996.244140625,
        257.22930908203125,
        0.8372706770896912,
        1001.0983375430824,
        125.31466051566247,
        66.53455122498644,
        147.307117411754
    ],
    "26": [
        724.2202758789062,
        350.5125427246094,
        0.8384585976600647,
        722.2734375,
        346.6188049316406,
        0.6580950617790222,
        722.2734375,
        346.6188049316406,
        0.9026715755462646,
        696.9642333984375,
        346.6188049316406,
        0.8911438584327698,
        718.3796997070312,
        348.565673828125,
        0.8928322196006775,
        681.3892822265625,
        368.0343017578125,
        0.8733106851577759,
        722.2734375,
        369.9811706542969,
        0.8501219749450684,
        665.8143920898438,
        401.1309814453125,
        0.8377342820167542,
        730.0609130859375,
        405.02471923828125,
        0.9219767451286316,
        663.8675537109375,
        430.3339538574219,
        0.8756315112113953,
        741.7420654296875,
        432.28082275390625,
        0.9217723608016968,
        675.5487060546875,
        420.5996398925781,
        0.8050486445426941,
        700.85791015625,
        418.65277099609375,
        0.7548394799232483,
        685.2830200195312,
        449.8025817871094,
        0.9003608822822571,
        732.0077514648438,
        453.6963195800781,
        0.8685847520828247,
        679.4424438476562,
        498.47418212890625,
        0.8759063482284546,
        739.7952270507812,
        504.31475830078125,
        0.8843500018119812,
        661.0901179867685,
        321.89366848775387,
        89.26999523747577,
        199.3588076877296
    ],
    "1": [
        1511.622314453125,
        202.2425994873047,
        0.9168890714645386,
        1514.32666015625,
        199.5381622314453,
        0.9488397836685181,
        1510.27001953125,
        199.5381622314453,
        0.9083653092384338,
        1522.43994140625,
        202.2425994873047,
        0.931903064250946,
        1508.9178466796875,
        202.2425994873047,
        0.7470070123672485,
        1531.905517578125,
        219.8214111328125,
        0.9134977459907532,
        1507.565673828125,
        218.4691925048828,
        0.8911184668540955,
        1538.6666259765625,
        242.80908203125,
        0.8247532844543457,
        1504.8612060546875,
        238.75244140625,
        0.9171625971794128,
        1535.962158203125,
        260.38787841796875,
        0.7769646644592285,
        1496.7479248046875,
        252.27459716796875,
        0.8473615050315857,
        1525.1444091796875,
        257.6834716796875,
        0.784709632396698,
        1508.9178466796875,
        256.33123779296875,
        0.7737460136413574,
        1531.905517578125,
        279.31890869140625,
        0.8400558233261108,
        1491.3389892578125,
        273.9100646972656,
        0.7781174778938293,
        1545.4276123046875,
        310.4198913574219,
        0.8232312798500061,
        1476.464599609375,
        295.5455017089844,
        0.8224014639854431,
        1483.6549206803538,
        186.42166966031246,
        62.69568136281464,
        138.46693577935773
    ],
    "20": [
        944.8224487304688,
        276.01812744140625,
        0.8211817145347595,
        942.9696655273438,
        274.16534423828125,
        0.5889285802841187,
        942.9696655273438,
        274.16534423828125,
        0.8917025327682495,
        924.4417114257812,
        277.87091064453125,
        0.867354691028595,
        941.1168823242188,
        276.01812744140625,
        0.8964167833328247,
        913.324951171875,
        298.25164794921875,
        0.9032997488975525,
        948.5280151367188,
        298.25164794921875,
        0.918079674243927,
        902.2081909179688,
        326.0435485839844,
        0.9064903855323792,
        950.380859375,
        331.6019287109375,
        0.8972392082214355,
        915.177734375,
        337.1603088378906,
        0.7541723251342773,
        941.1168823242188,
        344.57147216796875,
        0.7716826796531677,
        913.324951171875,
        353.83544921875,
        0.7585926651954651,
        935.5584716796875,
        355.688232421875,
        0.8152647614479065,
        898.5026245117188,
        392.7441101074219,
        0.8453101515769958,
        944.8224487304688,
        392.7441101074219,
        0.8636277318000793,
        874.4163208007812,
        431.65277099609375,
        0.8621660470962524,
        942.9696655273438,
        431.65277099609375,
        0.8895801901817322,
        880.7562235994175,
        258.04607228766554,
        81.81263411099485,
        189.72599096936545
    ],
    "5": [
        743.653076171875,
        198.31472778320312,
        0.9502766728401184,
        743.653076171875,
        194.92919921875,
        0.9275884628295898,
        740.267578125,
        194.92919921875,
        0.9468051195144653,
        745.3458251953125,
        196.62196350097656,
        0.6858527660369873,
        730.1109619140625,
        196.62196350097656,
        0.9140619039535522,
        745.3458251953125,
        218.6278533935547,
        0.8384826183319092,
        718.2616577148438,
        215.24232482910156,
        0.8406329154968262,
        750.4241333007812,
        242.3264923095703,
        0.8565388321876526,
        706.412353515625,
        240.6337432861328,
        0.7924963235855103,
        735.1892700195312,
        232.16993713378906,
        0.7502030730247498,
        716.5689086914062,
        230.4771728515625,
        0.6409670114517212,
        735.1892700195312,
        266.025146484375,
        0.7143040299415588,
        714.8761596679688,
        264.3323974609375,
        0.7617158889770508,
        726.7254638671875,
        304.9586486816406,
        0.9026434421539307,
        709.7978515625,
        304.9586486816406,
        0.8592043519020081,
        733.4965209960938,
        338.8138427734375,
        0.8781103491783142,
        719.9544067382812,
        337.12109375,
        0.732324481010437,
        692.543427077265,
        175.1239284815795,
        66.67134727424252,
        173.33860815239936
    ],