{
    "1": [
        1526.5186767578125,
        194.29434204101562,
        0.92172771692276,
        1529.392578125,
        191.42054748535156,
        0.9338175654411316,
        1525.081787109375,
        191.42054748535156,
        0.9436267018318176,
        1538.013916015625,
        194.29434204101562,
        0.9163023829460144,
        1522.2080078125,
        192.85745239257812,
        0.8521386384963989,
        1546.63525390625,
        211.537109375,
        0.8830934166908264,
        1519.334228515625,
        210.1002197265625,
        0.9072887897491455,
        1555.2567138671875,
        235.96437072753906,
        0.8631466031074524,
        1516.46044921875,
        228.77987670898438,
        0.9192191362380981,
        1535.14013671875,
        246.02264404296875,
        0.7378270030021667,
        1506.4022216796875,
        244.58575439453125,
        0.8892496824264526,
        1543.761474609375,
        250.33334350585938,
        0.8017226457595825,
        1525.081787109375,
        248.8964385986328,
        0.8055198788642883,
        1536.5770263671875,
        276.1974792480469,
        0.8334598541259766,
        1504.96533203125,
        270.44989013671875,
        0.8359441757202148,
        1546.63525390625,
        312.11993408203125,
        0.852607011795044,
        1487.7225341796875,
        296.3140563964844,
        0.8756968379020691,
        1494.4663175643109,
        177.4825715401261,
        65.54162552960679,
        147.1384216594432
    ],
    "20": [
        949.508056640625,
        266.1128845214844,
        0.916689932346344,
        947.5513916015625,
        264.1562194824219,
        0.7575531005859375,
        947.5513916015625,
        262.1995849609375,
        0.9457870721817017,
        927.9849243164062,
        266.1128845214844,
        0.9219460487365723,
        943.6380615234375,
        266.1128845214844,
        0.8670842051506042,
        916.2449951171875,
        287.6360168457031,
        0.9417938590049744,
        949.508056640625,
        287.6360168457031,
        0.9120805859565735,
        906.4617919921875,
        315.0290832519531,
        0.9394198656082153,
        951.4646606445312,
        318.9423828125,
        0.9323829412460327,
        920.1583251953125,
        322.8556823730469,
        0.6999833583831787,
        943.6380615234375,
        334.5955810546875,
        0.8253580331802368,
        912.3317260742188,
        342.42218017578125,
        0.8013243675231934,
        935.8115234375,
        346.3354797363281,
        0.7734572887420654,
        910.3750610351562,
        385.46844482421875,
        0.8932932019233704,
        941.6814575195312,
        389.3817443847656,
        0.8226983547210693,
        888.8519287109375,
        424.6014099121094,
        0.8397943377494812,
        945.5947265625,
        430.4713439941406,
        0.8801971077919006,
        881.8365551569997,
        245.1767175915016,
        86.42670322769357,
        200.36083689064006
    ],
    "13": [
        1047.809326171875,
        147.2748260498047,
        0.9147892594337463,
        1050.5555419921875,
        144.52854919433594,
        0.9481666088104248,
        1045.06298828125,
        143.15541076660156,
        0.9204733371734619,
        1051.9287109375,
        145.9016876220703,
        0.8457415699958801,
        1038.197265625,
        144.52854919433594,
        0.9259594082832336,
        1053.3018798828125,
        162.37937927246094,
        0.9306028485298157,
        1024.4658203125,
        158.25994873046875,
        0.8676702380180359,
        1058.79443359375,
        184.34962463378906,
        0.8169395327568054,
        1016.22705078125,
        178.8570556640625,
        0.8573908805847168,
        1058.79443359375,
        207.69300842285156,
        0.7969472408294678,
        1012.1076049804688,
        198.08102416992188,
        0.799627959728241,
        1042.316650390625,
        199.45416259765625,
        0.8094751834869385,
        1023.0927124023438,
        198.08102416992188,
        0.7747547626495361,
        1049.182373046875,
        231.03639221191406,
        0.8231366276741028,
        1014.8538818359375,
        228.2901153564453,
        0.8397126197814941,
        1047.809326171875,
        259.8723449707031,
        0.8570612072944641,
        1013.4807739257812,
        258.49920654296875,
        0.874671220779419,
        1004.5278690445457,
        128.4628451005333,
        63.219435611124936,
        140.60949849956376
    ],
    "8": [
        1413.6092529296875,
        218.16940307617188,
        0.9299877285957336,
        1418.033935546875,
        215.2195587158203,
        0.9475476145744324,
        1413.6092529296875,
        213.74462890625,
        0.959037721157074,
        1428.3583984375,
        219.6443328857422,
        0.9202256202697754,
        1410.6593017578125,
        216.69448852539062,
        0.7006894946098328,
        1437.2080078125,
        238.818359375,
        0.87038254737854,
        1409.1844482421875,
        235.86849975585938,
        0.8643225431442261,
        1447.532470703125,
        263.89208984375,
        0.8026577830314636,
        1409.1844482421875,
        260.9422302246094,
        0.8071714639663696,
        1441.6328125,
        281.5911865234375,
        0.8416042923927307,
        1410.6593017578125,
        281.5911865234375,
        0.7693231701850891,
        1446.0574951171875,
        280.1162414550781,
        0.7634284496307373,
        1425.4085693359375,
        281.5911865234375,
        0.7565172910690308,
        1447.532470703125,
        300.76519775390625,
        0.8803432583808899,
        1406.234619140625,
        303.71502685546875,
        0.8830611109733582,
        1457.85693359375,
        336.16339111328125,
        0.862615704536438,
        1403.2847900390625,
        327.3138427734375,
        0.917076826095581,
        1392.3709914990864,
        195.0131391896645,
        64.60039791132112,
        151.03217117564571
    ],
    "26": [
        718.9539794921875,
        347.6694641113281,
        0.8003422021865845,
        717.0011596679688,
        345.7166748046875,
        0.6022738814353943,
        717.0011596679688,
        345.7166748046875,
        0.8561612367630005,
        691.6148071289062,
        345.7166748046875,
        0.864500880241394,
        713.0955810546875,
        347.6694641113281,
        0.8898065686225891,
        677.9451904296875,
        367.19744873046875,
        0.8884506821632385,
        717.0011596679688,
        369.1502380371094,
        0.896155834197998,
        658.417236328125,
        398.4422302246094,
        0.8823205232620239,
        726.76513671875,
        406.25341796875,
        0.8977922201156616,
        648.6532592773438,
        429.6869812011719,
        0.927111029624939,
        734.5763549804688,
        431.6398010253906,
        0.9406489133834839,
        670.134033203125,
        423.8285827636719,
        0.7350382804870605,
        693.5675659179688,
        423.8285827636719,
        0.7796533107757568,
        681.850830078125,
        451.1677551269531,
        0.8922150731086731,
        724.8123779296875,
        457.0261535644531,
        0.9065595865249634,
        677.9451904296875,
        499.98773193359375,
        0.8617823719978333,
        715.04833984375,
        503.893310546875,
        0.8313401937484741,
        653.7773387945333,
        324.8217463125479,
        89.34445487342987,
        199.9665070550637
    ],