{
    "13": [
        1049.921630859375,
        162.39315795898438,
        0.9449639320373535,
        1051.3349609375,
        159.56643676757812,
        0.9101669788360596,
        1045.6815185546875,
        159.56643676757812,
        0.9342714548110962,
        1054.1617431640625,
        160.97979736328125,
        0.8520611524581909,
        1038.61474609375,
        162.39315795898438,
        0.9595581293106079,
        1062.641845703125,
        177.94015502929688,
        0.8664040565490723,
        1031.5478515625,
        179.353515625,
        0.9043694138526917,
        1073.9488525390625,
        199.14060974121094,
        0.8879655599594116,
        1023.0677490234375,
        200.55398559570312,
        0.866157591342926,
        1064.0552978515625,
        211.8608856201172,
        0.9059417843818665,
        1021.6543579101562,
        218.92770385742188,
        0.8179746270179749,
        1054.1617431640625,
        218.92770385742188,
        0.819968044757843,
        1035.7879638671875,
        217.51434326171875,
        0.8200275897979736,
        1054.1617431640625,
        250.02171325683594,
        0.8700412511825562,
        1035.7879638671875,
        247.19497680664062,
        0.8346185088157654,
        1047.0948486328125,
        259.9152526855469,
        0.7463343739509583,
        1042.8548583984375,
        276.8756103515625,
        0.9232271909713745,
        1013.6041953004881,
        144.44342538359766,
        62.7414074551798,
        144.72847850048478
    ],
    "1": [
        1584.0010986328125,
        190.01197814941406,
        0.9156267642974854,
        1587.045654296875,
        186.96742248535156,
        0.9170470237731934,
        1580.95654296875,
        186.96742248535156,
        0.9062016010284424,
        1591.612548828125,
        190.01197814941406,
        0.9193106889724731,
        1574.867431640625,
        190.01197814941406,
        0.9056965112686157,
        1597.70166015625,
        209.80154418945312,
        0.8803636431694031,
        1567.256103515625,
        206.7570037841797,
        0.8999149799346924,
        1611.402099609375,
        229.59112548828125,
        0.8479695916175842,
        1559.644775390625,
        223.5020294189453,
        0.8615232110023499,
        1596.1793212890625,
        246.33615112304688,
        0.8565022349357605,
        1544.4219970703125,
        237.20249938964844,
        0.8215214014053345,
        1590.0902099609375,
        252.42526245117188,
        0.8071082830429077,
        1567.256103515625,
        250.90298461914062,
        0.8238023519515991,
        1600.74609375,
        282.8707580566406,
        0.8728286623954773,
        1544.4219970703125,
        273.73712158203125,
        0.851483166217804,
        1619.013427734375,
        316.3608093261719,
        0.8790582418441772,
        1527.6768798828125,
        307.2271728515625,
        0.8726648688316345,
        1546.2108047886454,
        172.2013691606816,
        67.96927415772348,
        155.8809430337685
    ],
    "26": [
        705.1095581054688,
        349.3004455566406,
        0.9323217868804932,
        705.1095581054688,
        344.90887451171875,
        0.8755166530609131,
        702.9137573242188,
        344.90887451171875,
        0.936579167842865,
        680.955810546875,
        344.90887451171875,
        0.8095465302467346,
        696.3263549804688,
        347.1046447753906,
        0.9047034382820129,
        665.5852661132812,
        366.8667907714844,
        0.8563762903213501,
        694.1305541992188,
        371.2583923339844,
        0.9055563807487488,
        641.4315185546875,
        399.8036804199219,
        0.8861052989959717,
        691.9347534179688,
        408.58685302734375,
        0.9014078974723816,
        637.0399780273438,
        430.5447998046875,
        0.906072199344635,
        705.1095581054688,
        437.1321716308594,
        0.9162157773971558,
        648.0189208984375,
        432.7406005859375,
        0.7607934474945068,
        665.5852661132812,
        430.5447998046875,
        0.7686943411827087,
        672.1726684570312,
        474.4606628417969,
        0.7933754920959473,
        700.7179565429688,
        472.2648620605469,
        0.8517128825187683,
        669.9768676757812,
        520.5723266601562,
        0.8468770980834961,
        700.7179565429688,
        527.15966796875,
        0.8720220923423767,
        633.2057873439371,
        317.0222672914017,
        97.69582578346035,
        224.8492129525223
    ],
    "6": [
        1266.346435546875,
        239.2281494140625,
        0.7923799753189087,
        1264.0816650390625,
        236.96339416503906,
        0.6430850625038147,
        1264.0816650390625,
        234.69862365722656,
        0.8827096819877625,
        1239.1693115234375,
        239.2281494140625,
        0.8585824370384216,
        1259.5521240234375,
        239.2281494140625,
        0.9165041446685791,
        1232.375,
        266.4053039550781,
        0.9295182824134827,
        1270.8759765625,
        266.4053039550781,
        0.8839391469955444,
        1230.1102294921875,
        300.3767395019531,
        0.8762261271476746,
        1282.1998291015625,
        295.84722900390625,
        0.8748282790184021,
        1236.904541015625,
        325.2891540527344,
        0.8567973971366882,
        1286.7293701171875,
        320.7596130371094,
        0.903361439704895,
        1245.963623046875,
        332.08343505859375,
        0.7905020713806152,
        1270.8759765625,
        329.81866455078125,
        0.8174238801002502,
        1250.4931640625,
        377.3786926269531,
        0.8735339641571045,
        1275.405517578125,
        377.3786926269531,
        0.8897573351860046,
        1252.7579345703125,
        427.2034606933594,
        0.9090517163276672,
        1277.6702880859375,
        422.6739501953125,
        0.8944489359855652,
        1207.4234582169868,
        214.99516625908856,
        97.46319079276259,
        231.9117783849663
    ],
    "2": [
        803.362060546875,
        198.002197265625,
        0.9111276865005493,
        803.362060546875,
        194.30038452148438,
        0.8752087354660034,
        799.659912109375,
        194.30123901367188,
        0.8843384981155396,
        804.4207763671875,
        196.9384307861328,
        0.6293600797653198,
        790.4058837890625,
        198.0019073486328,
        0.9144282341003418,
        808.9146728515625,
        214.65887451171875,
        0.8360031843185425,
        781.1497802734375,
        217.46502685546875,
        0.8615971207618713,
        822.0325927734375,
        233.32664489746094,
        0.6742973327636719,
        775.5958251953125,
        240.57861328125,
        0.850243091583252,
        822.8115234375,
        233.17437744140625,
        0.7833435535430908,
        785.774169921875,
        255.3895263671875,
        0.8709604740142822,
        812.61669921875,
        264.63897705078125,
        0.7788149118423462,
        794.1066284179688,
        264.6407470703125,
        0.7624159455299377,
        815.3928833007812,
        304.4438781738281,
        0.8281782865524292,
        792.2557373046875,
        306.30963134765625,
        0.8673086166381836,
        815.3923950195312,
        344.24420166015625,
        0.8607890605926514,
        797.808837890625,
        344.2321472167969,
        0.8959632515907288,
        769.4373605834771,
        183.72238024618588,
        73.40622954741877,
        189.1136820414025
    ],