{
    "1": [
        1601.2786865234375,
        188.4252471923828,
        0.9470826983451843,
        1606.0274658203125,
        185.25941467285156,
        0.9585680961608887,
        1599.69580078125,
        185.25941467285156,
        0.9390537142753601,
        1612.359130859375,
        188.4252471923828,
        0.9073657989501953,
        1594.947021484375,
        186.8423309326172,
        0.8984254002571106,
        1621.856689453125,
        207.4202423095703,
        0.8575800061225891,
        1588.6153564453125,
        202.67149353027344,
        0.9224665760993958,
        1636.1029052734375,
        224.8323211669922,
        0.8596634864807129,
        1580.7008056640625,
        223.24940490722656,
        0.886212944984436,
        1626.6053466796875,
        246.99314880371094,
        0.8492098450660706,
        1566.45458984375,
        239.0785675048828,
        0.8545624017715454,
        1610.7762451171875,
        251.7418975830078,
        0.809506893157959,
        1588.6153564453125,
        248.57606506347656,
        0.8452627062797546,
        1615.5250244140625,
        281.81732177734375,
        0.8579206466674805,
        1571.203369140625,
        278.6514892578125,
        0.8166296482086182,
        1620.273681640625,
        318.224365234375,
        0.8843683004379272,
        1547.4595947265625,
        303.9781494140625,
        0.7290323972702026,
        1560.408263223,
        169.90511256453192,
        70.66062610384824,
        162.090619044341
    ],
    "10": [
        484.2777404785156,
        259.9830322265625,
        0.9329597353935242,
        482.3755798339844,
        256.1786804199219,
        0.9221642017364502,
        482.3755798339844,
        258.0808410644531,
        0.9724661707878113,
        474.76690673828125,
        259.9830322265625,
        0.6676397919654846,
        472.8647155761719,
        261.88519287109375,
        0.8888441324234009,
        476.6690673828125,
        282.80908203125,
        0.8818271160125732,
        459.5495300292969,
        286.6134338378906,
        0.8543307185173035,
        476.6690673828125,
        307.5373229980469,
        0.9053446054458618,
        451.9408264160156,
        315.14599609375,
        0.9052415490150452,
        491.8864440917969,
        326.55902099609375,
        0.9062938690185547,
        461.4516906738281,
        337.9720458984375,
        0.8796186447143555,
        465.25604248046875,
        336.06988525390625,
        0.7946866750717163,
        451.9408264160156,
        337.9720458984375,
        0.754644513130188,
        476.6690673828125,
        374.1133117675781,
        0.8625890612602234,
        469.0603942871094,
        376.0154724121094,
        0.8170405626296997,
        451.9408264160156,
        408.3523864746094,
        0.8176586627960205,
        474.76690673828125,
        419.7654113769531,
        0.8866228461265564,
        428.247355933273,
        239.62976140921558,
        75.91953682120925,
        194.7823895010623
    ],
    "13": [
        1055.1439208984375,
        157.4222869873047,
        0.9204691052436829,
        1055.1439208984375,
        154.5658416748047,
        0.8892645835876465,
        1050.8592529296875,
        154.5658416748047,
        0.91077721118927,
        1058.0003662109375,
        157.4222869873047,
        0.7864201664924622,
        1042.2899169921875,
        158.8505096435547,
        0.9204801917076111,
        1063.7132568359375,
        173.13272094726562,
        0.8603802919387817,
        1035.1488037109375,
        175.98915100097656,
        0.8747410774230957,
        1076.5672607421875,
        185.98670959472656,
        0.8984007239341736,
        1030.8641357421875,
        197.4124755859375,
        0.8820649981498718,
        1070.8543701171875,
        205.98179626464844,
        0.8438894748687744,
        1036.5770263671875,
        217.40756225585938,
        0.8506878018379211,
        1058.0003662109375,
        214.55111694335938,
        0.8017717003822327,
        1040.8616943359375,
        214.55111694335938,
        0.8014417886734009,
        1056.5721435546875,
        245.9719696044922,
        0.847137451171875,
        1038.0052490234375,
        245.9719696044922,
        0.856454610824585,
        1053.7156982421875,
        271.6799621582031,
        0.8159796595573425,
        1042.2899169921875,
        275.964599609375,
        0.8673821091651917,
        1017.407342239757,
        142.14028728018724,
        62.619225347350834,
        146.2498524128926
    ],
    "26": [
        698.74658203125,
        354.20355224609375,
        0.9323655962944031,
        696.4890747070312,
        349.6885986328125,
        0.8390207290649414,
        696.4890747070312,
        349.6885986328125,
        0.9340171813964844,
        673.914306640625,
        349.6885986328125,
        0.7843946814537048,
        687.4591674804688,
        354.20355224609375,
        0.9196146130561829,
        658.1119995117188,
        372.26336669921875,
        0.8651700615882874,
        687.4591674804688,
        379.0357971191406,
        0.9201399087905884,
        635.5372314453125,
        408.3829650878906,
        0.8914480805397034,
        685.2017211914062,
        415.1553955078125,
        0.8863235116004944,
        631.0222778320312,
        439.98760986328125,
        0.9059207439422607,
        696.4890747070312,
        446.7600402832031,
        0.9303868412971497,
        642.3096923828125,
        439.98760986328125,
        0.7812525629997253,
        662.626953125,
        442.2450866699219,
        0.7729923129081726,
        669.3993530273438,
        482.8796691894531,
        0.7904477715492249,
        691.97412109375,
        482.8796691894531,
        0.8655000925064087,
        671.6568603515625,
        530.28662109375,
        0.8163478970527649,
        673.914306640625,
        532.5441284179688,
        0.790848433971405,
        623.045817916228,
        323.2761919008533,
        99.47947016566752,
        231.16544114986254
    ],
    "6": [
        1275.089599609375,
        245.71902465820312,
        0.8224562406539917,
        1270.6485595703125,
        243.49850463867188,
        0.7137218713760376,
        1272.869140625,
        243.49850463867188,
        0.8605321049690247,
        1250.6639404296875,
        250.16004943847656,
        0.8211744427680969,
        1270.6485595703125,
        247.9395294189453,
        0.9648584723472595,
        1241.7818603515625,
        274.5857238769531,
        0.9122543931007385,
        1279.5306396484375,
        276.80621337890625,
        0.8883910179138184,
        1241.7818603515625,
        305.67291259765625,
        0.8757416009902954,
        1290.6331787109375,
        307.8934326171875,
        0.9031368494033813,
        1250.6639404296875,
        325.6575622558594,
        0.7575024366378784,
        1297.2947998046875,
        330.09857177734375,
        0.8969031572341919,
        1255.10498046875,
        341.201171875,
        0.7701218128204346,
        1281.751220703125,
        338.98065185546875,
        0.7748454213142395,
        1259.5460205078125,
        390.052490234375,
        0.9070323705673218,
        1297.2947998046875,
        385.6114501953125,
        0.8585475087165833,
        1259.5460205078125,
        434.4627990722656,
        0.9356521964073181,
        1312.83837890625,
        430.0217590332031,
        0.9354687929153442,
        1221.6697666087732,
        221.95950443299722,
        95.7371199578115,
        227.380756290565
    ],