{
    "1": [
        1614.6668701171875,
        184.37107849121094,
        0.9392231106758118,
        1617.887451171875,
        181.15040588378906,
        0.9256343245506287,
        1611.4461669921875,
        181.15040588378906,
        0.940608561038971,
        1622.718505859375,
        184.37107849121094,
        0.9334627985954285,
        1606.6151123046875,
        184.37107849121094,
        0.9234979152679443,
        1632.3804931640625,
        203.69508361816406,
        0.894992470741272,
        1598.5634765625,
        202.08474731445312,
        0.8880568742752075,
        1646.87353515625,
        221.40875244140625,
        0.8875675797462463,
        1590.5118408203125,
        221.40875244140625,
        0.8908032774925232,
        1645.26318359375,
        245.5637664794922,
        0.8961502909660339,
        1582.460205078125,
        239.12242126464844,
        0.8781376481056213,
        1624.328857421875,
        247.17410278320312,
        0.8303188681602478,
        1603.39453125,
        245.5637664794922,
        0.8359344601631165,
        1621.108154296875,
        280.9911193847656,
        0.885522186756134,
        1587.2911376953125,
        271.3291015625,
        0.8502217531204224,
        1621.108154296875,
        316.41845703125,
        0.8372081518173218,
        1580.849853515625,
        303.5357666015625,
        0.8809338808059692,
        1574.9855600510036,
        165.5302131462803,
        71.310887362524,
        164.89811436894934
    ],
    "13": [
        1058.7314453125,
        153.6103515625,
        0.9156565070152283,
        1060.2159423828125,
        150.64137268066406,
        0.93433678150177,
        1055.762451171875,
        150.64137268066406,
        0.9409261345863342,
        1061.700439453125,
        153.6103515625,
        0.8109845519065857,
        1046.8555908203125,
        155.0948486328125,
        0.9238726496696472,
        1069.1229248046875,
        168.45529174804688,
        0.891724169254303,
        1039.43310546875,
        172.90878295898438,
        0.8834240436553955,
        1076.54541015625,
        183.30023193359375,
        0.8603290915489197,
        1034.9796142578125,
        196.66067504882812,
        0.8858973979949951,
        1072.0919189453125,
        202.59866333007812,
        0.8499739170074463,
        1043.8865966796875,
        212.9901123046875,
        0.8901511430740356,
        1058.7314453125,
        211.505615234375,
        0.7608692049980164,
        1040.9176025390625,
        211.505615234375,
        0.7413021922111511,
        1057.2469482421875,
        245.64898681640625,
        0.8330836892127991,
        1037.9486083984375,
        244.16448974609375,
        0.8596142530441284,
        1055.762451171875,
        279.7923278808594,
        0.8598158359527588,
        1040.9176025390625,
        276.8233642578125,
        0.8477634191513062,
        1019.9197575236475,
        137.72628965676608,
        64.26300871128285,
        152.01212137474897
    ],
    "14": [
        1370.8572998046875,
        162.66860961914062,
        0.9413941502571106,
        1373.495849609375,
        160.03009033203125,
        0.9289433360099792,
        1369.5380859375,
        160.03009033203125,
        0.9146281480789185,
        1378.7728271484375,
        161.34934997558594,
        0.9145419001579285,
        1364.2611083984375,
        162.66860961914062,
        0.9152384996414185,
        1384.0499267578125,
        177.18043518066406,
        0.9162863492965698,
        1358.9840087890625,
        178.49969482421875,
        0.9072791934013367,
        1394.60400390625,
        191.6922607421875,
        0.7757697105407715,
        1353.70703125,
        193.0115203857422,
        0.8690794706344604,
        1378.7728271484375,
        200.92706298828125,
        0.7236225008964539,
        1360.30322265625,
        199.60780334472656,
        0.7912237048149109,
        1381.411376953125,
        215.4388885498047,
        0.7656126618385315,
        1364.2611083984375,
        214.11964416503906,
        0.7729778289794922,
        1378.7728271484375,
        245.7818145751953,
        0.8745670914649963,
        1360.30322265625,
        243.14329528808594,
        0.8533247709274292,
        1378.7728271484375,
        272.1669616699219,
        0.8779792785644531,
        1358.9840087890625,
        270.8476867675781,
        0.8557826280593872,
        1342.655722515699,
        147.23330337701756,
        57.72237055636924,
        135.09195049533233
    ],
    "10": [
        480.9153747558594,
        264.66064453125,
        0.9398147463798523,
        479.0275573730469,
        260.8850402832031,
        0.8985314965248108,
        477.1397705078125,
        262.7728576660156,
        0.9343187808990479,
        473.3641662597656,
        266.5484619140625,
        0.5887230634689331,
        467.70074462890625,
        266.5484619140625,
        0.8770856261253357,
        475.251953125,
        289.20208740234375,
        0.884645938873291,
        452.59832763671875,
        291.08990478515625,
        0.8867203593254089,
        475.251953125,
        311.8557434082031,
        0.8423396944999695,
        441.271484375,
        319.4069519042969,
        0.9030529856681824,
        488.4665832519531,
        332.62158203125,
        0.9206210374832153,
        452.59832763671875,
        343.9483947753906,
        0.9222041368484497,
        460.1495361328125,
        342.0605773925781,
        0.7993595600128174,
        445.0470886230469,
        343.9483947753906,
        0.7386732697486877,
        456.3739318847656,
        381.7044677734375,
        0.7762985229492188,
        460.1495361328125,
        383.5922546386719,
        0.8505181074142456,
        437.4958801269531,
        413.797119140625,
        0.892238438129425,
        462.0373229980469,
        425.1239318847656,
        0.8743485808372498,
        421.5093085211435,
        242.57335545649187,
        75.39267944564256,
        193.31105971873592
    ],
    "26": [
        693.0941162109375,
        353.77447509765625,
        0.9093329310417175,
        693.0941162109375,
        351.4755859375,
        0.8382759690284729,
        690.795166015625,
        351.4755859375,
        0.9543636441230774,
        667.8062133789062,
        353.77447509765625,
        0.8982935547828674,
        683.8984985351562,
        353.77447509765625,
        0.9047321081161499,
        651.7139282226562,
        374.4645690917969,
        0.8604440689086914,
        683.8984985351562,
        379.0623779296875,
        0.8722088932991028,
        631.0238037109375,
        408.94805908203125,
        0.8775683045387268,
        679.3007202148438,
        415.8447570800781,
        0.9334615468978882,
        628.7249145507812,
        441.13262939453125,
        0.9053638577461243,
        688.4962768554688,
        450.3282470703125,
        0.9361582398414612,
        640.2194213867188,
        443.4315490722656,
        0.7881171703338623,
        658.610595703125,
        443.4315490722656,
        0.7844640612602234,
        663.2083740234375,
        491.70843505859375,
        0.7897751331329346,
        679.3007202148438,
        491.70843505859375,
        0.8719090223312378,
        665.50732421875,
        539.9852905273438,
        0.5576205849647522,
        656.3117065429688,
        539.9852905273438,
        0.8172619938850403,
        614.076184262123,
        326.8773459620341,
        100.56330107561143,
        235.40730930777028
    ],