{
    "20": [
        1025.654052734375,
        292.31866455078125,
        0.9317896366119385,
        1023.3737182617188,
        287.75811767578125,
        0.9292392730712891,
        1021.0934448242188,
        290.03839111328125,
        0.9550970792770386,
        1018.8131713867188,
        292.31866455078125,
        0.5695708394050598,
        1007.4118041992188,
        294.59893798828125,
        0.9289805293083191,
        1023.3737182617188,
        315.1214294433594,
        0.9312180876731873,
        998.2907104492188,
        321.9622497558594,
        0.876544713973999,
        1023.3737182617188,
        347.0452575683594,
        0.8422455787658691,
        989.1696166992188,
        356.1663513183594,
        0.9067018032073975,
        1032.494873046875,
        374.4085693359375,
        0.8700315952301025,
        1007.4118041992188,
        381.2493896484375,
        0.8731566667556763,
        1018.8131713867188,
        388.0902099609375,
        0.8037881255149841,
        996.0104370117188,
        388.0902099609375,
        0.7902182936668396,
        1027.934326171875,
        438.2562561035156,
        0.860284149646759,
        982.3287963867188,
        433.6957092285156,
        0.8957209587097168,
        1027.934326171875,
        481.58148193359375,
        0.8823325634002686,
        970.9274291992188,
        477.02093505859375,
        0.8983304500579834,
        960.3449504216934,
        267.91969557014926,
        91.85337779540976,
        233.50020958258688
    ],
    "6": [
        1373.402099609375,
        268.6785583496094,
        0.9052184820175171,
        1369.94091796875,
        264.2996826171875,
        0.7859206199645996,
        1370.010986328125,
        264.32781982421875,
        0.89935302734375,
        1348.79248046875,
        271.7921142578125,
        0.8001712560653687,
        1362.5205078125,
        269.6334228515625,
        0.9370921850204468,
        1341.2880859375,
        297.6614074707031,
        0.898181676864624,
        1374.3349609375,
        298.5796813964844,
        0.8506033420562744,
        1340.0654296875,
        333.18243408203125,
        0.8725671172142029,
        1380.88818359375,
        333.17181396484375,
        0.8734503388404846,
        1360.54931640625,
        344.85235595703125,
        0.4230574369430542,
        1392.7265625,
        356.8633117675781,
        0.8817684650421143,
        1348.845947265625,
        364.80401611328125,
        0.7230273485183716,
        1373.4088134765625,
        364.6708679199219,
        0.7461728453636169,
        1359.305419921875,
        412.8494567871094,
        0.7350968718528748,
        1387.9345703125,
        413.47296142578125,
        0.7264764904975891,
        1356.813232421875,
        465.2975158691406,
        0.9059741497039795,
        1399.982177734375,
        470.0940856933594,
        0.9127742648124695,
        1317.1364289352807,
        242.97718980188017,
        100.93814299378005,
        245.58364884324828
    ],
    "13": [
        1097.8092041015625,
        163.51766967773438,
        0.9530540108680725,
        1099.5360107421875,
        160.0641326904297,
        0.9272043704986572,
        1094.3555908203125,
        160.0641326904297,
        0.9592289924621582,
        1101.2626953125,
        163.51766967773438,
        0.6163666844367981,
        1085.7218017578125,
        165.24444580078125,
        0.953779399394989,
        1102.989501953125,
        182.5121612548828,
        0.8465169668197632,
        1077.087890625,
        185.9656982421875,
        0.89422208070755,
        1102.989501953125,
        203.23341369628906,
        0.7580364942550659,
        1061.5469970703125,
        208.41372680664062,
        0.9062792062759399,
        1106.4429931640625,
        215.32080078125,
        0.8626887798309326,
        1070.1807861328125,
        227.408203125,
        0.8748284578323364,
        1096.0823974609375,
        236.04205322265625,
        0.8037150502204895,
        1080.54150390625,
        236.04205322265625,
        0.7814143300056458,
        1094.3555908203125,
        275.7577819824219,
        0.8659396171569824,
        1075.3612060546875,
        274.0310363769531,
        0.8099824786186218,
        1077.087890625,
        294.7522888183594,
        0.7787649035453796,
        1070.1807861328125,
        308.5664367675781,
        0.8662965297698975,
        1049.9336254937489,
        145.04120580792716,
        69.84957286702479,
        176.8214070889456
    ],
    "10": [
        468.1254577636719,
        277.56201171875,
        0.9196192026138306,
        468.1248474121094,
        274.4996337890625,
        0.9250766038894653,
        464.06658935546875,
        275.529052734375,
        0.9170595407485962,
        469.09991455078125,
        275.6077880859375,
        0.678662896156311,
        451.8931884765625,
        277.5472717285156,
        0.9028387069702148,
        470.1593017578125,
        299.88201904296875,
        0.8952121734619141,
        437.6669921875,
        301.935302734375,
        0.8651323914527893,
        474.22015380859375,
        327.28955078125,
        0.7794971466064453,
        421.4483642578125,
        327.2923889160156,
        0.8898031711578369,
        482.32568359375,
        347.573486328125,
        0.7256163358688354,
        424.479248046875,
        351.628173828125,
        0.8820570111274719,
        464.06939697265625,
        360.78021240234375,
        0.7915617227554321,
        440.71502685546875,
        362.7982177734375,
        0.7835304737091064,
        473.20062255859375,
        402.39520263671875,
        0.8583917617797852,
        436.6597900390625,
        403.4019775390625,
        0.8730394244194031,
        482.3346252441406,
        443.99127197265625,
        0.8660041689872742,
        433.60882568359375,
        440.97265625,
        0.8975639343261719,
        429.33564218661775,
        233.81358010653645,
        83.26123678922579,
        208.8636003875485
    ],
    "26": [
        730.046142578125,
        371.6333923339844,
        0.943839430809021,
        727.5479736328125,
        369.13525390625,
        0.8978124260902405,
        725.0498657226562,
        369.13525390625,
        0.975473940372467,
        717.555419921875,
        374.13153076171875,
        0.5990892052650452,
        712.5591430664062,
        374.13153076171875,
        0.9502773284912109,
        715.0572509765625,
        396.6148376464844,
        0.9049326777458191,
        695.0720825195312,
        399.1130065917969,
        0.8981674909591675,
        702.5665283203125,
        434.0870056152344,
        0.877477765083313,
        672.5888061523438,
        439.08331298828125,
        0.8970787525177002,
        700.0684204101562,
        464.06475830078125,
        0.6566115617752075,
        692.573974609375,
        471.5592041015625,
        0.9127224087715149,
        687.5776977539062,
        461.5666198730469,
        0.8102191090583801,
        672.5888061523438,
        464.06475830078125,
        0.8214545249938965,
        697.5702514648438,
        519.02392578125,
        0.7636494040489197,
        692.573974609375,
        521.5220947265625,
        0.812492847442627,
        660.0980834960938,
        544.00537109375,
        0.8382174968719482,
        687.5776977539062,
        578.9794311523438,
        0.885284960269928,
        636.144343234328,
        342.405127468661,
        110.36106686924916,
        255.81005677692997
    ],