{
    "20": [
        1027.217041015625,
        295.05853271484375,
        0.9282097220420837,
        1027.217041015625,
        290.53692626953125,
        0.9274622201919556,
        1024.956298828125,
        292.7977294921875,
        0.9627495408058167,
        1020.4346923828125,
        292.7977294921875,
        0.5694853067398071,
        1011.3914794921875,
        297.3193359375,
        0.9563164114952087,
        1027.217041015625,
        315.4057922363281,
        0.8936033248901367,
        1002.3482055664062,
        324.4490051269531,
        0.8848795294761658,
        1027.217041015625,
        349.3178405761719,
        0.8377603888511658,
        993.3049926757812,
        358.3610534667969,
        0.880084216594696,
        1036.26025390625,
        374.18670654296875,
        0.9035148620605469,
        1013.6522827148438,
        383.22991943359375,
        0.8572916388511658,
        1022.6954956054688,
        390.0123291015625,
        0.8300283551216125,
        1000.08740234375,
        390.0123291015625,
        0.8085281848907471,
        1031.7386474609375,
        439.7500305175781,
        0.8498566746711731,
        986.5225830078125,
        435.2284240722656,
        0.8781808614730835,
        1036.26025390625,
        484.96612548828125,
        0.8731316924095154,
        970.6969604492188,
        475.92291259765625,
        0.8542189002037048,
        964.4828578238469,
        270.8679302943891,
        91.55641256363742,
        231.50638645841417
    ],
    "13": [
        1100.988037109375,
        162.16583251953125,
        0.9564564824104309,
        1102.7220458984375,
        158.6975860595703,
        0.9268523454666138,
        1097.519775390625,
        160.4317169189453,
        0.9592314958572388,
        1102.7220458984375,
        162.16583251953125,
        0.6132381558418274,
        1088.84912109375,
        163.89996337890625,
        0.9658650159835815,
        1104.4561767578125,
        179.50706481933594,
        0.8667412400245667,
        1080.178466796875,
        182.97531127929688,
        0.9012828469276428,
        1102.7220458984375,
        200.31654357910156,
        0.7128952145576477,
        1066.3055419921875,
        208.98716735839844,
        0.9090818166732788,
        1107.9244384765625,
        212.45541381835938,
        0.8765950798988342,
        1078.4443359375,
        226.32839965820312,
        0.9043243527412415,
        1099.25390625,
        234.99900817871094,
        0.8156823515892029,
        1083.646728515625,
        234.99900817871094,
        0.7824483513832092,
        1097.519775390625,
        274.88385009765625,
        0.8683261275291443,
        1076.710205078125,
        273.14971923828125,
        0.8449901342391968,
        1081.91259765625,
        297.4274597167969,
        0.892419695854187,
        1071.5079345703125,
        307.8321838378906,
        0.8443739414215088,
        1053.0805698957206,
        143.61069149498263,
        69.80287032895876,
        177.57426549849396
    ],
    "6": [
        1377.658935546875,
        270.775146484375,
        0.9231699109077454,
        1372.86181640625,
        265.9780578613281,
        0.8645591735839844,
        1372.86181640625,
        265.9780578613281,
        0.9273184537887573,
        1353.6734619140625,
        273.1737060546875,
        0.850436806678772,
        1365.666259765625,
        270.775146484375,
        0.9524441361427307,
        1346.4779052734375,
        299.5577392578125,
        0.9118896722793579,
        1377.658935546875,
        299.5577392578125,
        0.9005528092384338,
        1344.079345703125,
        335.5359191894531,
        0.9240716695785522,
        1384.8546142578125,
        337.9344787597656,
        0.8884570598602295,
        1365.666259765625,
        345.130126953125,
        0.38144350051879883,
        1396.8472900390625,
        359.5213928222656,
        0.9173146486282349,
        1353.6734619140625,
        369.1156005859375,
        0.805084228515625,
        1377.658935546875,
        369.1156005859375,
        0.7849553823471069,
        1360.869140625,
        417.0865478515625,
        0.9140231013298035,
        1392.05029296875,
        417.0865478515625,
        0.85923171043396,
        1358.4705810546875,
        465.0574951171875,
        0.9143221974372864,
        1406.4415283203125,
        472.25311279296875,
        0.9136838912963867,
        1321.2993517749653,
        245.1106930817835,
        100.72644949978121,
        245.61126936165527
    ],
    "45": [
        467.7054138183594,
        279.0190734863281,
        0.8920252919197083,
        469.7327880859375,
        274.9643249511719,
        0.9209483861923218,
        465.67803955078125,
        274.9643249511719,
        0.9214521050453186,
        471.7601318359375,
        274.9643249511719,
        0.6799861192703247,
        453.5138244628906,
        279.0190734863281,
        0.8808004260063171,
        473.7875061035156,
        301.32012939453125,
        0.8731975555419922,
        439.32220458984375,
        303.3475036621094,
        0.8664681315422058,
        475.81488037109375,
        327.6759338378906,
        0.822784423828125,
        425.130615234375,
        329.70330810546875,
        0.8586858510971069,
        485.9517517089844,
        347.94964599609375,
        0.886374294757843,
        427.1579895019531,
        354.0317687988281,
        0.8807688355445862,
        465.67803955078125,
        362.1412353515625,
        0.8127695322036743,
        443.376953125,
        364.1686096191406,
        0.8053172826766968,
        475.81488037109375,
        402.6886291503906,
        0.8452334403991699,
        439.32220458984375,
        402.6886291503906,
        0.8591418266296387,
        485.9517517089844,
        445.263427734375,
        0.8502787351608276,
        435.2674865722656,
        439.1813049316406,
        0.880817174911499,
        429.3868561948376,
        237.0525138966811,
        82.71920129257057,
        207.6026726249483
    ],
    "26": [
        731.7278442382812,
        371.3227233886719,
        0.9239810109138489,
        731.7278442382812,
        366.22723388671875,
        0.9339994788169861,
        729.1800537109375,
        366.22723388671875,
        0.9606592655181885,
        721.5368041992188,
        371.3227233886719,
        0.6199101805686951,
        716.4413452148438,
        371.3227233886719,
        0.9487214684486389,
        718.9890747070312,
        396.8002014160156,
        0.9158565998077393,
        696.059326171875,
        399.34796142578125,
        0.8937077522277832,
        703.7025756835938,
        435.0164489746094,
        0.8837057948112488,
        678.22509765625,
        437.5641784667969,
        0.9099257588386536,
        706.2503051757812,
        463.0416564941406,
        0.6800529360771179,
        701.1548461914062,
        468.1371765136719,
        0.9287527203559875,
        693.5115966796875,
        460.4939270019531,
        0.8294869065284729,
        675.6773681640625,
        460.4939270019531,
        0.8367434740066528,
        708.798095703125,
        513.9966430664062,
        0.8609209060668945,
        690.9638671875,
        519.0921630859375,
        0.7100673317909241,
        675.6773681640625,
        552.212890625,
        0.7970273494720459,
        690.9638671875,
        577.6903686523438,
        0.8904410004615784,
        638.8286461679459,
        338.9662790973033,
        111.9136445864541,
        260.8894987075647
    ],