{
    "6": [
        1409.1700439453125,
        278.4763488769531,
        0.916528582572937,
        1404.3212890625,
        276.0519714355469,
        0.7973163723945618,
        1406.74560546875,
        276.0519714355469,
        0.9202103018760681,
        1380.077392578125,
        280.9007568359375,
        0.9014173150062561,
        1397.048095703125,
        280.9007568359375,
        0.9107407331466675,
        1372.80419921875,
        309.993408203125,
        0.9364581108093262,
        1411.5943603515625,
        309.993408203125,
        0.8977633714675903,
        1367.9554443359375,
        346.35919189453125,
        0.9121097326278687,
        1421.2919921875,
        343.934814453125,
        0.9329584240913391,
        1377.6529541015625,
        365.7543029785156,
        0.7899172902107239,
        1428.5650634765625,
        370.60308837890625,
        0.9248588681221008,
        1382.501708984375,
        380.3006286621094,
        0.7915671467781067,
        1409.1700439453125,
        380.3006286621094,
        0.7971479892730713,
        1372.80419921875,
        423.9396057128906,
        0.836156964302063,
        1411.5943603515625,
        438.4859313964844,
        0.8523436188697815,
        1363.106689453125,
        467.5785827636719,
        0.8965024948120117,
        1409.1700439453125,
        489.3980712890625,
        0.8751466870307922,
        1343.4555116899728,
        254.95972485425065,
        99.91195389613472,
        248.25741522264164
    ],
    "20": [
        1063.744140625,
        296.7087707519531,
        0.929606020450592,
        1063.744140625,
        292.074462890625,
        0.9268244504928589,
        1059.10986328125,
        294.3916320800781,
        0.9396975040435791,
        1056.7926025390625,
        294.3916320800781,
        0.6612199544906616,
        1047.5240478515625,
        296.7087707519531,
        0.9312607645988464,
        1061.427001953125,
        317.56317138671875,
        0.9015326499938965,
        1035.938232421875,
        324.5146179199219,
        0.8968579173088074,
        1066.061279296875,
        352.3204650878906,
        0.923262894153595,
        1028.98681640625,
        361.5890808105469,
        0.9309172630310059,
        1084.5985107421875,
        375.49200439453125,
        0.8962702751159668,
        1038.25537109375,
        396.3464050292969,
        0.885100245475769,
        1061.427001953125,
        394.02923583984375,
        0.8297948241233826,
        1045.2069091796875,
        396.3464050292969,
        0.844357967376709,
        1059.10986328125,
        445.0066223144531,
        0.8438825011253357,
        1052.1583251953125,
        442.6894836425781,
        0.8663510680198669,
        1042.8897705078125,
        489.0325622558594,
        0.8650848269462585,
        1022.0353393554688,
        472.8124694824219,
        0.8034437298774719,
        1000.9021139218282,
        274.23238574988176,
        95.56104161133499,
        237.27658461745528
    ],
    "13": [
        1128.446533203125,
        170.78765869140625,
        0.9676026701927185,
        1128.446533203125,
        167.12164306640625,
        0.9522984623908997,
        1122.947509765625,
        167.12164306640625,
        0.9636450409889221,
        1130.279541015625,
        170.78765869140625,
        0.6824535727500916,
        1113.782470703125,
        172.62066650390625,
        0.9618757963180542,
        1130.279541015625,
        190.95074462890625,
        0.9062532186508179,
        1104.617431640625,
        192.78375244140625,
        0.8807660937309265,
        1128.446533203125,
        212.94683837890625,
        0.7968639135360718,
        1091.786376953125,
        218.44586181640625,
        0.8932723999023438,
        1135.778564453125,
        227.61090087890625,
        0.905441403388977,
        1111.949462890625,
        231.27691650390625,
        0.8492425680160522,
        1124.780517578125,
        245.94097900390625,
        0.8083673119544983,
        1106.450439453125,
        245.94097900390625,
        0.8015189170837402,
        1124.780517578125,
        284.43414306640625,
        0.8710192441940308,
        1099.118408203125,
        286.26715087890625,
        0.8811905980110168,
        1110.116455078125,
        322.92730712890625,
        0.8775619864463806,
        1077.122314453125,
        308.26324462890625,
        0.8305200338363647,
        1076.688499248041,
        147.5084441352402,
        72.35484009843208,
        187.6999924169159
    ],
    "26": [
        756.00830078125,
        371.9953918457031,
        0.9398990273475647,
        756.00830078125,
        366.72503662109375,
        0.9244167804718018,
        753.3731079101562,
        366.72503662109375,
        0.9470294713973999,
        740.1972045898438,
        371.9953918457031,
        0.6844848990440369,
        740.1972045898438,
        371.9953918457031,
        0.9627198576927185,
        742.8323974609375,
        395.7120056152344,
        0.8951143622398376,
        721.7509765625,
        403.6175537109375,
        0.9112116694450378,
        737.56201171875,
        437.8748779296875,
        0.8982751965522766,
        716.4805908203125,
        448.41558837890625,
        0.8337458968162537,
        756.00830078125,
        458.956298828125,
        0.7793861031532288,
        756.00830078125,
        464.2266540527344,
        0.8288663029670715,
        737.56201171875,
        474.7673645019531,
        0.8242415189743042,
        716.4805908203125,
        477.4025573730469,
        0.7961558699607849,
        753.3731079101562,
        532.7413330078125,
        0.8582528829574585,
        711.210205078125,
        530.1061401367188,
        0.8458746075630188,
        771.8193359375,
        585.4448852539062,
        0.866041898727417,
        692.7639770507812,
        577.5393676757812,
        0.8883007168769836,
        676.426858584582,
        335.89344044387485,
        114.36475954156492,
        269.84233563475846
    ],
    "14": [
        1366.70263671875,
        159.0710906982422,
        0.9004979729652405,
        1369.4779052734375,
        156.2957763671875,
        0.8968657851219177,
        1363.92724609375,
        156.2957763671875,
        0.9018946886062622,
        1373.640869140625,
        159.0710906982422,
        0.8956896066665649,
        1359.7642822265625,
        159.0710906982422,
        0.9226034283638,
        1380.5792236328125,
        177.11065673828125,
        0.8785383701324463,
        1351.4383544921875,
        175.72300720214844,
        0.8641728758811951,
        1387.5174560546875,
        195.15023803710938,
        0.8229104280471802,
        1344.5,
        193.7625732421875,
        0.8720421195030212,
        1376.416259765625,
        200.7008819580078,
        0.8036765456199646,
        1355.601318359375,
        202.08853149414062,
        0.827141523361206,
        1373.640869140625,
        218.74044799804688,
        0.7796423435211182,
        1355.601318359375,
        217.35279846191406,
        0.7613826394081116,
        1368.0902099609375,
        249.2689666748047,
        0.8289335370063782,
        1354.213623046875,
        247.88131713867188,
        0.8310843110084534,
        1362.53955078125,
        275.6344909667969,
        0.8613819479942322,
        1354.213623046875,
        270.0838623046875,
        0.7831947803497314,
        1335.6970775479497,
        145.61072386929717,
        57.84814027109974,
        142.09648555477307
    ],