{
    "6": [
        1412.8499755859375,
        279.0675354003906,
        0.9197071194648743,
        1410.3756103515625,
        276.5931396484375,
        0.8072505593299866,
        1412.8499755859375,
        276.5931396484375,
        0.9148192405700684,
        1385.6317138671875,
        281.5419006347656,
        0.8989245295524597,
        1402.952392578125,
        281.5419006347656,
        0.9113569855690002,
        1375.7342529296875,
        311.2344970703125,
        0.9439695477485657,
        1417.7987060546875,
        308.7601318359375,
        0.8825385570526123,
        1373.259765625,
        348.3502502441406,
        0.9211718440055847,
        1425.221923828125,
        345.8758850097656,
        0.9325082302093506,
        1380.6829833984375,
        365.6709289550781,
        0.73764568567276,
        1435.119384765625,
        373.0940856933594,
        0.9418904185295105,
        1385.6317138671875,
        380.5172424316406,
        0.7906915545463562,
        1412.8499755859375,
        378.0428466796875,
        0.7803104519844055,
        1383.1573486328125,
        425.0561218261719,
        0.8907123804092407,
        1412.8499755859375,
        434.95367431640625,
        0.8736631274223328,
        1370.785400390625,
        472.06939697265625,
        0.9076023101806641,
        1410.3756103515625,
        489.39007568359375,
        0.9159265160560608,
        1348.4522790800645,
        255.06594534111915,
        101.57724790788279,
        253.37693846915735
    ],
    "13": [
        1134.368896484375,
        170.77755737304688,
        0.9372063875198364,
        1134.368896484375,
        167.06004333496094,
        0.9243906736373901,
        1130.6513671875,
        168.91879272460938,
        0.9151835441589355,
        1136.2276611328125,
        170.77755737304688,
        0.6749734282493591,
        1119.4989013671875,
        170.77755737304688,
        0.9280697703361511,
        1138.08642578125,
        193.0826416015625,
        0.8982799649238586,
        1110.205078125,
        193.0826416015625,
        0.9173641800880432,
        1138.08642578125,
        215.38772583007812,
        0.8616294264793396,
        1095.3349609375,
        217.24647521972656,
        0.8820098638534546,
        1147.3802490234375,
        228.39901733398438,
        0.8891375064849854,
        1113.922607421875,
        232.1165313720703,
        0.8997704982757568,
        1130.6513671875,
        246.98658752441406,
        0.8031293749809265,
        1113.922607421875,
        246.98658752441406,
        0.7860308885574341,
        1126.933837890625,
        286.0204772949219,
        0.8221245408058167,
        1110.205078125,
        286.0204772949219,
        0.886643648147583,
        1110.205078125,
        323.19561767578125,
        0.8861303329467773,
        1087.9000244140625,
        312.0430908203125,
        0.8664833307266235,
        1083.6259083379389,
        149.03014377198332,
        73.60461417847864,
        190.336637220225
    ],
    "1": [
        1837.6204833984375,
        249.99227905273438,
        0.9662936329841614,
        1841.1561279296875,
        244.68881225585938,
        0.9867690205574036,
        1832.3170166015625,
        246.45663452148438,
        0.9596881866455078,
        1844.6917724609375,
        246.45663452148438,
        0.8981038928031921,
        1823.4779052734375,
        248.22445678710938,
        0.9300575256347656,
        1846.4595947265625,
        262.3670654296875,
        0.8343031406402588,
        1811.1031494140625,
        267.6705322265625,
        0.8858525156974792,
        1849.9952392578125,
        271.2061767578125,
        0.8173925280570984,
        1800.4962158203125,
        294.1878967285156,
        0.8778964877128601,
        1858.8343505859375,
        287.1166076660156,
        0.8771094679832458,
        1818.1744384765625,
        306.56268310546875,
        0.5041985511779785,
        1828.7813720703125,
        308.33050537109375,
        0.8462098836898804,
        1805.7996826171875,
        310.09832763671875,
        0.8127532601356506,
        1841.1561279296875,
        341.9191589355469,
        0.8941246867179871,
        1796.9605712890625,
        340.1513366699219,
        0.8792586326599121,
        1849.9952392578125,
        389.65045166015625,
        0.8764137029647827,
        1779.2822265625,
        340.1513366699219,
        0.8864099383354187,
        1785.1026347469963,
        222.23741915613562,
        74.98268117630391,
        181.0252867363224
    ],
    "20": [
        1073.578125,
        298.2916564941406,
        0.9304572939872742,
        1073.578125,
        293.5738525390625,
        0.9119411706924438,
        1068.8602294921875,
        293.5738525390625,
        0.9546237587928772,
        1066.5013427734375,
        293.5738525390625,
        0.6882349848747253,
        1057.0657958984375,
        298.2916564941406,
        0.908706784248352,
        1073.578125,
        319.5217590332031,
        0.8744332790374756,
        1045.271240234375,
        324.23956298828125,
        0.8994197845458984,
        1075.93701171875,
        350.18743896484375,
        0.8883529305458069,
        1038.194580078125,
        361.98193359375,
        0.9332117438316345,
        1094.8082275390625,
        373.77642822265625,
        0.9130232930183411,
        1042.912353515625,
        395.00653076171875,
        0.9040530920028687,
        1068.8602294921875,
        390.2887268066406,
        0.7649453282356262,
        1052.3480224609375,
        392.64764404296875,
        0.802327036857605,
        1057.0657958984375,
        439.82562255859375,
        0.8114776015281677,
        1068.8602294921875,
        439.82562255859375,
        0.8608302474021912,
        1040.553466796875,
        489.3625183105469,
        0.8019258379936218,
        1042.912353515625,
        489.3625183105469,
        0.8210835456848145,
        1012.1546162942939,
        273.0514535307778,
        96.89896615508815,
        241.55129105333657
    ],
    "26": [
        764.3934936523438,
        374.00146484375,
        0.9406867623329163,
        761.7634887695312,
        368.74151611328125,
        0.894536018371582,
        759.133544921875,
        368.74151611328125,
        0.9351922869682312,
        748.6136474609375,
        371.3714599609375,
        0.7012551426887512,
        745.983642578125,
        374.00146484375,
        0.9388486742973328,
        751.2435913085938,
        397.67120361328125,
        0.8724892139434814,
        730.2037963867188,
        405.5611572265625,
        0.9211530685424805,
        748.6136474609375,
        439.75079345703125,
        0.834929883480072,
        730.2037963867188,
        447.6407470703125,
        0.8781251907348633,
        769.6534423828125,
        452.90069580078125,
        0.7597445249557495,
        767.0234375,
        458.16064453125,
        0.8907606601715088,
        748.6136474609375,
        476.5704345703125,
        0.7962049841880798,
        730.2037963867188,
        479.200439453125,
        0.8158361911773682,
        767.0234375,
        531.7999267578125,
        0.8393562436103821,
        724.94384765625,
        534.4298706054688,
        0.8209267258644104,
        772.2833862304688,
        589.6593627929688,
        0.8735641241073608,
        698.6441040039062,
        573.8795166015625,
        0.8759816288948059,
        684.63428934606,
        337.97081403650816,
        114.80881333073978,
        269.3093822639396
    ],