{
    "1": [
        1845.495361328125,
        252.880859375,
        0.9514737725257874,
        1847.3638916015625,
        249.1436767578125,
        0.9507638216018677,
        1839.8896484375,
        249.1436767578125,
        0.9311989545822144,
        1851.10107421875,
        251.01226806640625,
        0.9374457597732544,
        1830.546630859375,
        251.01226806640625,
        0.9408525824546814,
        1852.9697265625,
        269.6981201171875,
        0.8558651804924011,
        1817.466552734375,
        271.56671142578125,
        0.8969423770904541,
        1854.8382568359375,
        286.5154113769531,
        0.8308446407318115,
        1800.6492919921875,
        293.98974609375,
        0.9061612486839294,
        1862.3126220703125,
        307.0698547363281,
        0.9346822500228882,
        1815.5980224609375,
        316.41278076171875,
        0.8715664148330688,
        1836.1524658203125,
        312.6756286621094,
        0.8327152132987976,
        1813.7293701171875,
        312.6756286621094,
        0.8505417704582214,
        1847.3638916015625,
        348.1787414550781,
        0.8439499139785767,
        1806.2550048828125,
        350.0473327636719,
        0.9330519437789917,
        1856.7069091796875,
        398.6305847167969,
        0.8798478841781616,
        1783.83203125,
        333.2300720214844,
        0.868652880191803,
        1792.018487778153,
        223.54408296355984,
        78.92485877728632,
        191.3431893528176
    ],
    "6": [
        1414.673828125,
        282.22210693359375,
        0.9156600832939148,
        1412.203369140625,
        277.28125,
        0.8030064105987549,
        1414.673828125,
        277.28125,
        0.9263817667961121,
        1387.4990234375,
        282.22210693359375,
        0.8736088871955872,
        1404.7921142578125,
        282.22210693359375,
        0.91219162940979,
        1377.6173095703125,
        311.8673400878906,
        0.9471659064292908,
        1417.144287109375,
        309.39691162109375,
        0.8879761099815369,
        1375.1468505859375,
        348.92388916015625,
        0.924461841583252,
        1427.0260009765625,
        346.4534606933594,
        0.929552435874939,
        1382.55810546875,
        366.2169494628906,
        0.6939292550086975,
        1436.90771484375,
        373.6282653808594,
        0.9338482022285461,
        1387.4990234375,
        381.03955078125,
        0.8093710541725159,
        1414.673828125,
        381.03955078125,
        0.7762457132339478,
        1385.028564453125,
        427.97784423828125,
        0.9155888557434082,
        1414.673828125,
        435.38916015625,
        0.8945634961128235,
        1375.1468505859375,
        477.3865661621094,
        0.9044569134712219,
        1409.73291015625,
        489.7387390136719,
        0.8984861969947815,
        1350.4662250975641,
        255.7885008376523,
        101.24040414242108,
        252.9725548892436
    ],
    "13": [
        1136.88818359375,
        170.16827392578125,
        0.9555116295814514,
        1136.88818359375,
        166.46083068847656,
        0.9554329514503479,
        1131.3270263671875,
        166.46083068847656,
        0.9214015603065491,
        1138.7418212890625,
        170.16827392578125,
        0.7219297885894775,
        1122.058349609375,
        170.16827392578125,
        0.9537656307220459,
        1142.4493408203125,
        190.5592041015625,
        0.9130116701126099,
        1110.93603515625,
        190.5592041015625,
        0.9043908715248108,
        1142.4493408203125,
        212.80386352539062,
        0.8422356843948364,
        1096.1063232421875,
        214.6575927734375,
        0.9235978722572327,
        1149.8641357421875,
        225.77992248535156,
        0.861953616142273,
        1110.93603515625,
        229.48736572265625,
        0.9260273575782776,
        1135.034423828125,
        244.317138671875,
        0.8215234279632568,
        1114.6434326171875,
        242.46340942382812,
        0.8099294900894165,
        1127.6195068359375,
        286.9527282714844,
        0.7965666651725769,
        1112.789794921875,
        283.24530029296875,
        0.8007656931877136,
        1110.93603515625,
        322.1734313964844,
        0.8154480457305908,
        1094.2525634765625,
        316.6122741699219,
        0.7979050278663635,
        1086.1947776208676,
        148.47977265652497,
        73.58089889530629,
        189.82100996021848
    ],
    "26": [
        765.9683227539062,
        370.0126037597656,
        0.9056044220924377,
        763.3247680664062,
        367.3689880371094,
        0.8684245944023132,
        760.68115234375,
        367.3689880371094,
        0.9523550271987915,
        752.7503051757812,
        372.65618896484375,
        0.7005140781402588,
        747.4630737304688,
        372.65618896484375,
        0.9468944668769836,
        755.3939208984375,
        399.0922546386719,
        0.8672388195991516,
        734.2450561523438,
        404.3794860839844,
        0.9159456491470337,
        755.3939208984375,
        441.3899841308594,
        0.8325749039649963,
        736.888671875,
        449.32080078125,
        0.9132519364356995,
        776.5427856445312,
        454.6080017089844,
        0.6524658799171448,
        773.899169921875,
        454.6080017089844,
        0.9130683541297913,
        755.3939208984375,
        478.4004821777344,
        0.7875848412513733,
        734.2450561523438,
        481.0440673828125,
        0.8375439643859863,
        771.2555541992188,
        533.9161987304688,
        0.8586119413375854,
        734.2450561523438,
        533.9161987304688,
        0.8589668273925781,
        773.899169921875,
        589.4319458007812,
        0.8812538385391235,
        702.5217895507812,
        568.2830810546875,
        0.9293425679206848,
        688.375737827426,
        339.08238117056237,
        115.53106702955597,
        270.70534624682375
    ],
    "20": [
        1078.7562255859375,
        299.7272644042969,
        0.9212579727172852,
        1078.7562255859375,
        294.99310302734375,
        0.9044462442398071,
        1074.0220947265625,
        294.99310302734375,
        0.9469562768936157,
        1071.655029296875,
        294.99310302734375,
        0.6866245865821838,
        1062.1866455078125,
        299.7272644042969,
        0.9023780226707458,
        1076.38916015625,
        318.6639404296875,
        0.8910590410232544,
        1050.3511962890625,
        325.76519775390625,
        0.9039446711540222,
        1081.1234130859375,
        351.80316162109375,
        0.9000720381736755,
        1040.8829345703125,
        361.271484375,
        0.9173701405525208,
        1100.06005859375,
        375.4739990234375,
        0.8900602459907532,
        1045.6170654296875,
        396.77777099609375,
        0.9317564964294434,
        1071.655029296875,
        392.0436096191406,
        0.7834873199462891,
        1059.819580078125,
        392.0436096191406,
        0.7957315444946289,
        1059.819580078125,
        441.7524108886719,
        0.7714603543281555,
        1076.38916015625,
        441.7524108886719,
        0.8778799772262573,
        1040.8829345703125,
        489.0941162109375,
        0.8325198888778687,
        1057.4525146484375,
        491.4612121582031,
        0.6698647141456604,
        1017.0884291017971,
        274.39947073254405,
        97.29766735536487,
        242.38953595067017
    ],