{
    "1": [
        1868.0086669921875,
        266.37860107421875,
        0.9589053988456726,
        1871.6727294921875,
        262.7145690917969,
        0.981147050857544,
        1864.3446044921875,
        262.7145690917969,
        0.9752811193466187,
        1873.5047607421875,
        264.5466003417969,
        0.9012389183044434,
        1855.1845703125,
        264.5466003417969,
        0.9156957268714905,
        1879.000732421875,
        290.19482421875,
        0.8748853802680969,
        1838.6964111328125,
        282.86676025390625,
        0.851395845413208,
        1882.664794921875,
        319.507080078125,
        0.8704338669776917,
        1814.8802490234375,
        293.8588562011719,
        0.869015097618103,
        1888.160888671875,
        346.9873046875,
        0.9167094230651855,
        1809.3841552734375,
        325.00311279296875,
        0.9340734481811523,
        1858.8486328125,
        330.4991760253906,
        0.8046029210090637,
        1833.2003173828125,
        325.00311279296875,
        0.8345329761505127,
        1868.0086669921875,
        370.80352783203125,
        0.8441745042800903,
        1846.0244140625,
        361.6434326171875,
        0.8532824516296387,
        1855.1845703125,
        398.28375244140625,
        0.9093769192695618,
        1820.376220703125,
        367.1394958496094,
        0.8984236717224121,
        1813.8193626718698,
        235.78387074968086,
        77.2342303408218,
        187.59856455857553
    ],
    "20": [
        1098.1632080078125,
        303.8152770996094,
        0.9402628540992737,
        1098.1632080078125,
        299.1681213378906,
        0.8867797255516052,
        1093.51611328125,
        301.49169921875,
        0.9433878660202026,
        1091.1925048828125,
        301.49169921875,
        0.6778993010520935,
        1081.898193359375,
        306.1388854980469,
        0.8968555927276611,
        1093.51611328125,
        327.0511169433594,
        0.9062000513076782,
        1070.2802734375,
        334.0218505859375,
        0.8951613903045654,
        1100.48681640625,
        359.5812683105469,
        0.9063820242881775,
        1060.9859619140625,
        371.1991882324219,
        0.8961968421936035,
        1123.72265625,
        380.4934997558594,
        0.9306454062461853,
        1060.9859619140625,
        403.7293395996094,
        0.9762375354766846,
        1088.868896484375,
        399.0821533203125,
        0.7978878021240234,
        1077.2509765625,
        401.40576171875,
        0.8160336017608643,
        1067.9566650390625,
        447.87738037109375,
        0.8362496495246887,
        1095.8397216796875,
        452.5245666503906,
        0.8437334895133972,
        1042.397216796875,
        489.7018737792969,
        0.8626817464828491,
        1112.104736328125,
        503.64337158203125,
        0.8643330931663513,
        1037.21901841301,
        281.2765748516645,
        96.3290278470979,
        237.93479058175234
    ],
    "6": [
        1421.1185302734375,
        284.2682189941406,
        0.9345729351043701,
        1418.652099609375,
        281.8017272949219,
        0.7627277374267578,
        1421.1185302734375,
        281.8017272949219,
        0.9041808247566223,
        1393.9869384765625,
        284.2682189941406,
        0.8644865155220032,
        1413.718994140625,
        284.2682189941406,
        0.9074242115020752,
        1384.120849609375,
        316.3328857421875,
        0.9282339215278625,
        1426.051513671875,
        316.3328857421875,
        0.878403902053833,
        1379.1878662109375,
        350.8640441894531,
        0.921769380569458,
        1433.451171875,
        353.33056640625,
        0.9498715996742249,
        1393.9869384765625,
        365.6631164550781,
        0.5885722637176514,
        1445.78369140625,
        382.9287109375,
        0.9384661912918091,
        1391.5203857421875,
        385.3952331542969,
        0.7886932492256165,
        1418.652099609375,
        385.3952331542969,
        0.7836509943008423,
        1393.9869384765625,
        439.6584777832031,
        0.9001441597938538,
        1416.185546875,
        439.6584777832031,
        0.916614294052124,
        1393.9869384765625,
        491.4552307128906,
        0.9266257286071777,
        1411.25244140625,
        491.4552307128906,
        0.8600689768791199,
        1357.1663833184793,
        260.34304415516095,
        100.77258370659615,
        252.5708527226845
    ],
    "10": [
        494.7737121582031,
        287.62677001953125,
        0.9294690489768982,
        494.7737121582031,
        283.4756164550781,
        0.9196948409080505,
        488.5469665527344,
        285.55120849609375,
        0.9708943963050842,
        494.7737121582031,
        285.55120849609375,
        0.5880743861198425,
        478.1690673828125,
        287.62677001953125,
        0.9554772973060608,
        505.151611328125,
        312.53375244140625,
        0.8638308644294739,
        465.715576171875,
        316.6849060058594,
        0.8738082647323608,
        515.529541015625,
        337.4407043457031,
        0.8770668506622314,
        457.41326904296875,
        343.6674499511719,
        0.9200353622436523,
        521.7562255859375,
        356.1209411621094,
        0.8787230849266052,
        451.1865234375,
        370.6499938964844,
        0.8896234631538391,
        501.0004577636719,
        370.6499938964844,
        0.8323770761489868,
        480.24462890625,
        374.8011474609375,
        0.7855096459388733,
        498.92486572265625,
        412.16162109375,
        0.8913261890411377,
        492.6981201171875,
        416.3127746582031,
        0.8368407487869263,
        488.5469665527344,
        441.2197265625,
        0.8723105192184448,
        507.2272033691406,
        461.9755554199219,
        0.748481035232544,
        442.62851889559647,
        240.51107266706862,
        85.61014426650434,
        212.53948975582892
    ],
    "14": [
        1367.2734375,
        159.1604461669922,
        0.9543148875236511,
        1370.10498046875,
        156.32894897460938,
        0.9343416094779968,
        1364.4420166015625,
        156.32894897460938,
        0.9202627539634705,
        1374.352294921875,
        159.1604461669922,
        0.9105480909347534,
        1358.7789306640625,
        157.74468994140625,
        0.9263413548469543,
        1380.0152587890625,
        176.1494903564453,
        0.8667016625404358,
        1351.7001953125,
        176.1494903564453,
        0.8841951489448547,
        1384.2625732421875,
        195.9700469970703,
        0.8718711137771606,
        1343.2056884765625,
        193.13853454589844,
        0.9168435335159302,
        1374.352294921875,
        200.21730041503906,
        0.7707849144935608,
        1354.53173828125,
        200.21730041503906,
        0.8462440967559814,
        1371.520751953125,
        218.62210083007812,
        0.7616631984710693,
        1354.53173828125,
        217.2063446044922,
        0.7638445496559143,
        1367.2734375,
        249.76869201660156,
        0.8205121755599976,
        1353.115966796875,
        248.35293579101562,
        0.8326801657676697,
        1360.1947021484375,
        278.0837707519531,
        0.8169614672660828,
        1353.115966796875,
        276.6679992675781,
        0.833516538143158,
        1333.0242169319692,
        144.01183397161992,
        58.58837273470567,
        144.97323698080845
    ],