{
    "13": [
        1154.8597412109375,
        173.04551696777344,
        0.9591103196144104,
        1154.8597412109375,
        169.08474731445312,
        0.9270832538604736,
        1150.89892578125,
        169.08474731445312,
        0.94917231798172,
        1156.840087890625,
        173.04551696777344,
        0.7527816295623779,
        1139.0166015625,
        173.04551696777344,
        0.9460275769233704,
        1160.8009033203125,
        192.84939575195312,
        0.9326125979423523,
        1127.13427734375,
        194.82977294921875,
        0.8605837225914001,
        1170.7027587890625,
        216.61404418945312,
        0.8729940056800842,
        1109.310791015625,
        214.63365173339844,
        0.9358252882957458,
        1164.7615966796875,
        222.55520629882812,
        0.7987332344055176,
        1123.1734619140625,
        228.49636840820312,
        0.9463979601860046,
        1152.8792724609375,
        246.31985473632812,
        0.8246021866798401,
        1133.075439453125,
        244.33946228027344,
        0.8339685201644897,
        1142.9774169921875,
        291.8687744140625,
        0.816922664642334,
        1137.0362548828125,
        289.88836669921875,
        0.8884078860282898,
        1119.2127685546875,
        313.65301513671875,
        0.8550297617912292,
        1140.9969482421875,
        335.4372863769531,
        0.8820744752883911,
        1102.6556895752994,
        145.91418904036,
        78.66291451600023,
        202.7917160376789
    ],
    "10": [
        496.8962097167969,
        290.9277648925781,
        0.9390010833740234,
        496.8962097167969,
        286.6169128417969,
        0.9456458687782288,
        492.58538818359375,
        286.6169128417969,
        0.9426767230033875,
        499.0516357421875,
        288.7723388671875,
        0.6585588455200195,
        479.65283203125,
        290.9277648925781,
        0.8839492797851562,
        505.5179138183594,
        312.48199462890625,
        0.8968108892440796,
        469.461669921875,
        318.8772888183594,
        0.7731727361679077,
        516.1395263671875,
        338.438232421875,
        0.8182945847511292,
        459.0594482421875,
        348.061279296875,
        0.8275006413459778,
        526.59326171875,
        358.55322265625,
        0.7857897877693176,
        455.4042053222656,
        373.92352294921875,
        0.8015774488449097,
        505.0118408203125,
        372.0013427734375,
        0.6984004974365234,
        484.0430908203125,
        376.73406982421875,
        0.7018117308616638,
        506.05133056640625,
        416.1785888671875,
        0.7752461433410645,
        498.6375732421875,
        421.24432373046875,
        0.7828232049942017,
        491.265380859375,
        442.6239929199219,
        0.7415487766265869,
        511.82537841796875,
        462.44140625,
        0.7004222869873047,
        448.29927487048036,
        263.55385742187497,
        90.7277014797424,
        220.71547851562497
    ],
    "20": [
        1109.349609375,
        307.7542419433594,
        0.9400009512901306,
        1106.9940185546875,
        303.0428161621094,
        0.8843157291412354,
        1104.6383056640625,
        303.0428161621094,
        0.9385719299316406,
        1097.5711669921875,
        305.3985290527344,
        0.5746332406997681,
        1095.2154541015625,
        310.10992431640625,
        0.8925687670707703,
        1104.6383056640625,
        328.9555358886719,
        0.8801082372665405,
        1083.43701171875,
        338.3783264160156,
        0.8973299264907837,
        1111.705322265625,
        361.93536376953125,
        0.8894551396369934,
        1074.01416015625,
        373.7138671875,
        0.9097551107406616,
        1132.9066162109375,
        383.13665771484375,
        0.9474377036094666,
        1074.01416015625,
        409.04937744140625,
        0.9044116139411926,
        1102.2825927734375,
        404.33795166015625,
        0.7549374103546143,
        1088.1483154296875,
        406.69366455078125,
        0.8373416662216187,
        1081.081298828125,
        449.0962829589844,
        0.8884101510047913,
        1106.9940185546875,
        456.16339111328125,
        0.8259308338165283,
        1045.7457275390625,
        486.7875061035156,
        0.8921886682510376,
        1121.128173828125,
        505.6330871582031,
        0.8995898962020874,
        1047.4209443885507,
        280.1925194144965,
        97.94483325055558,
        241.22380711787105
    ],
    "6": [
        1426.5103759765625,
        288.5204162597656,
        0.9290638566017151,
        1421.5228271484375,
        283.53289794921875,
        0.7969835996627808,
        1424.0166015625,
        283.53289794921875,
        0.9361441731452942,
        1396.585205078125,
        288.5204162597656,
        0.8672952055931091,
        1416.5352783203125,
        288.5204162597656,
        0.9099198579788208,
        1384.1163330078125,
        318.4456787109375,
        0.929531455039978,
        1429.004150390625,
        318.4456787109375,
        0.878194272518158,
        1381.62255859375,
        353.3584899902344,
        0.9406735301017761,
        1433.99169921875,
        355.8522644042969,
        0.9444559812545776,
        1396.585205078125,
        368.3211364746094,
        0.5820316672325134,
        1446.4605712890625,
        385.77752685546875,
        0.9309503436088562,
        1394.0914306640625,
        390.76507568359375,
        0.7825491428375244,
        1421.5228271484375,
        390.76507568359375,
        0.7774578928947449,
        1399.0789794921875,
        445.6280517578125,
        0.913934588432312,
        1419.029052734375,
        445.6280517578125,
        0.8823928833007812,
        1399.0789794921875,
        495.50347900390625,
        0.8433917760848999,
        1411.5477294921875,
        490.5159606933594,
        0.871927797794342,
        1359.5043787371455,
        261.8371479226073,
        101.59311162937365,
        255.36210441182925
    ],
    "14": [
        1367.0745849609375,
        160.2889404296875,
        0.9312607645988464,
        1369.8851318359375,
        157.47828674316406,
        0.9174332618713379,
        1362.8585205078125,
        157.47828674316406,
        0.9109137058258057,
        1372.69580078125,
        160.2889404296875,
        0.9207643866539001,
        1358.642578125,
        160.2889404296875,
        0.9178221225738525,
        1379.722412109375,
        177.15286254882812,
        0.8771805167198181,
        1351.615966796875,
        177.15286254882812,
        0.8935224413871765,
        1385.34375,
        194.01678466796875,
        0.8468823432922363,
        1343.1839599609375,
        195.422119140625,
        0.9160202145576477,
        1374.1011962890625,
        201.04342651367188,
        0.8028609156608582,
        1354.4266357421875,
        202.44874572753906,
        0.8660405278205872,
        1372.69580078125,
        220.71800231933594,
        0.7828428745269775,
        1354.4266357421875,
        219.3126678466797,
        0.754280149936676,
        1367.0745849609375,
        251.63519287109375,
        0.8260770440101624,
        1354.4266357421875,
        248.8245391845703,
        0.829660177230835,
        1358.642578125,
        278.3363952636719,
        0.821002721786499,
        1353.021240234375,
        276.9310607910156,
        0.8123171329498291,
        1333.1349253669644,
        145.2519967778549,
        58.04180270146685,
        143.90537648197
    ],