{
    "50": [
        496.9040832519531,
        290.4996337890625,
        0.9606096744537354,
        496.9040832519531,
        286.24365234375,
        0.9855301976203918,
        492.6481018066406,
        288.37164306640625,
        0.9688742756843567,
        499.0320739746094,
        290.4996337890625,
        0.6889839172363281,
        479.880126953125,
        292.62762451171875,
        0.9034130573272705,
        507.5440673828125,
        313.9075622558594,
        0.9018149971961975,
        471.3681640625,
        320.2915344238281,
        0.8963968753814697,
        518.1840209960938,
        339.4434814453125,
        0.8968905210494995,
        460.72821044921875,
        350.08343505859375,
        0.9252251982688904,
        528.823974609375,
        362.8514099121094,
        0.928132176399231,
        456.47222900390625,
        375.6193542480469,
        0.8990413546562195,
        509.67205810546875,
        375.6193542480469,
        0.8619930148124695,
        488.3921203613281,
        379.8753356933594,
        0.8064591288566589,
        509.67205810546875,
        418.1792297363281,
        0.887424647808075,
        499.0320739746094,
        422.4352111816406,
        0.8001957535743713,
        492.6481018066406,
        441.587158203125,
        0.8055583238601685,
        513.9280395507812,
        467.1230773925781,
        0.8403886556625366,
        448.8958662304353,
        263.47410495783544,
        89.63246568440542,
        217.9065333608405
    ],
    "13": [
        1157.2623291015625,
        176.40304565429688,
        0.9520166516304016,
        1159.2266845703125,
        172.47442626953125,
        0.9463322162628174,
        1153.333740234375,
        172.47442626953125,
        0.9426827430725098,
        1159.2266845703125,
        176.40304565429688,
        0.7765054106712341,
        1141.5479736328125,
        176.40304565429688,
        0.9266855120658875,
        1165.11962890625,
        198.0104217529297,
        0.9022780060768127,
        1131.7264404296875,
        198.0104217529297,
        0.886211097240448,
        1172.976806640625,
        221.5821075439453,
        0.8676556348800659,
        1112.0833740234375,
        219.6177978515625,
        0.932305097579956,
        1167.0838623046875,
        229.4393310546875,
        0.8176852464675903,
        1125.83349609375,
        233.36795043945312,
        0.9305967688560486,
        1157.2623291015625,
        249.08241271972656,
        0.8363860845565796,
        1137.6192626953125,
        247.11810302734375,
        0.8297098278999329,
        1145.4765625,
        296.22576904296875,
        0.7973688244819641,
        1141.5479736328125,
        292.2971496582031,
        0.8373344540596008,
        1119.9405517578125,
        317.8331604003906,
        0.8275894522666931,
        1141.5479736328125,
        337.4762268066406,
        0.9101856350898743,
        1105.5469085822087,
        149.49204980738787,
        77.89495628668033,
        201.14500502182418
    ],
    "20": [
        1115.763427734375,
        306.52349853515625,
        0.9528888463973999,
        1113.400146484375,
        304.16015625,
        0.8962822556495667,
        1111.0367431640625,
        304.16015625,
        0.9518542289733887,
        1103.94677734375,
        306.52349853515625,
        0.604354739189148,
        1099.2200927734375,
        311.25018310546875,
        0.9180351495742798,
        1111.0367431640625,
        330.15692138671875,
        0.8736531734466553,
        1089.7667236328125,
        339.61029052734375,
        0.8985089063644409,
        1115.763427734375,
        363.2436828613281,
        0.9021495580673218,
        1080.3133544921875,
        375.0603942871094,
        0.9178776741027832,
        1137.0335693359375,
        384.5137634277344,
        0.9435531497001648,
        1082.6766357421875,
        410.5105285644531,
        0.9063048958778381,
        1108.6734619140625,
        403.4205017089844,
        0.7736180424690247,
        1096.856689453125,
        405.7838439941406,
        0.8327882885932922,
        1092.1300048828125,
        450.6873474121094,
        0.8702998161315918,
        1115.763427734375,
        453.0506896972656,
        0.8288914561271667,
        1051.9532470703125,
        481.4107666015625,
        0.827950119972229,
        1120.4901123046875,
        507.40753173828125,
        0.8844212293624878,
        1051.2681213008902,
        281.2357420130006,
        98.26715264906329,
        242.0061522293912
    ],
    "6": [
        1427.30126953125,
        289.96099853515625,
        0.9177370071411133,
        1422.270263671875,
        284.9300231933594,
        0.7996091842651367,
        1424.7857666015625,
        284.9300231933594,
        0.9367629885673523,
        1397.1153564453125,
        289.96099853515625,
        0.8435251116752625,
        1417.2392578125,
        289.96099853515625,
        0.9291231036186218,
        1387.053466796875,
        320.1468200683594,
        0.9201668500900269,
        1429.816650390625,
        320.1468200683594,
        0.872512936592102,
        1382.0224609375,
        355.36358642578125,
        0.9533673524856567,
        1434.84765625,
        357.87908935546875,
        0.934091329574585,
        1399.630859375,
        365.425537109375,
        0.5804275274276733,
        1444.90966796875,
        388.0649108886719,
        0.9280121922492981,
        1394.599853515625,
        393.09588623046875,
        0.7959829568862915,
        1422.270263671875,
        393.09588623046875,
        0.7971782088279724,
        1399.630859375,
        448.4365539550781,
        0.9259325861930847,
        1419.7547607421875,
        445.9210510253906,
        0.8745888471603394,
        1402.1463623046875,
        501.2617492675781,
        0.8704066872596741,
        1412.208251953125,
        488.684326171875,
        0.8741635084152222,
        1359.8029613879714,
        263.0453104240187,
        102.29526897770256,
        257.5856319568486
    ],
    "26": [
        787.7479248046875,
        367.3746643066406,
        0.9087457060813904,
        787.7479248046875,
        361.9776306152344,
        0.8972061276435852,
        785.0493774414062,
        364.6761474609375,
        0.9044118523597717,
        774.25537109375,
        364.6761474609375,
        0.6456009745597839,
        771.5568237304688,
        370.07318115234375,
        0.9060710668563843,
        779.6524047851562,
        394.3597717285156,
        0.9235423803329468,
        758.0642700195312,
        402.455322265625,
        0.9009225368499756,
        790.4464111328125,
        434.83746337890625,
        0.8085900545120239,
        760.7628173828125,
        442.9329833984375,
        0.9239330291748047,
        812.0345458984375,
        432.1389465332031,
        0.8377498388290405,
        795.8434448242188,
        434.83746337890625,
        0.8913622498512268,
        779.6524047851562,
        475.31512451171875,
        0.772287130355835,
        766.1598510742188,
        478.0136413574219,
        0.8333362936973572,
        785.0493774414062,
        531.98388671875,
        0.7956501841545105,
        782.3508911132812,
        531.98388671875,
        0.8359183669090271,
        774.25537109375,
        585.9541015625,
        0.8326010704040527,
        771.5568237304688,
        588.6526489257812,
        0.8695793151855469,
        717.8854587655845,
        335.80208985882916,
        115.43832515318252,
        276.32759842255757
    ],