{
    "6": [
        1429.849853515625,
        293.3304748535156,
        0.9193601608276367,
        1424.7498779296875,
        290.780517578125,
        0.7756330966949463,
        1427.2998046875,
        290.780517578125,
        0.9543271064758301,
        1401.8004150390625,
        293.3304748535156,
        0.8563823103904724,
        1422.199951171875,
        293.3304748535156,
        0.9398427605628967,
        1389.0506591796875,
        323.9298400878906,
        0.9068970680236816,
        1432.3997802734375,
        323.9298400878906,
        0.8827650547027588,
        1386.500732421875,
        359.62908935546875,
        0.9546869397163391,
        1437.4996337890625,
        362.1790466308594,
        0.9297013878822327,
        1401.8004150390625,
        364.72900390625,
        0.5919613242149353,
        1445.1495361328125,
        392.7784118652344,
        0.9074447751045227,
        1399.25048828125,
        397.8782958984375,
        0.8114328980445862,
        1424.7498779296875,
        397.8782958984375,
        0.7774618268013,
        1401.8004150390625,
        453.9771423339844,
        0.9257770776748657,
        1422.199951171875,
        448.87725830078125,
        0.8428449034690857,
        1401.8004150390625,
        510.07598876953125,
        0.9543136358261108,
        1417.10009765625,
        487.12646484375,
        0.9282644391059875,
        1361.6297045107622,
        266.0459662258962,
        103.29078067418004,
        261.11470548840873
    ],
    "50": [
        498.6751708984375,
        292.302001953125,
        0.9487603902816772,
        498.6751708984375,
        288.02252197265625,
        0.9572758078575134,
        494.3957214355469,
        290.1622619628906,
        0.9626513123512268,
        502.95465087890625,
        290.1622619628906,
        0.7291592359542847,
        483.6970520019531,
        294.4417419433594,
        0.9376853704452515,
        511.5135803222656,
        313.6993408203125,
        0.9099485874176025,
        472.9983825683594,
        322.2582702636719,
        0.882179856300354,
        522.2122192382812,
        341.515869140625,
        0.892554521560669,
        466.5791931152344,
        352.2145080566406,
        0.9153672456741333,
        530.7711791992188,
        367.1926574707031,
        0.8966072797775269,
        466.5791931152344,
        380.0310363769531,
        0.8696715831756592,
        513.6533203125,
        377.8913269042969,
        0.82499760389328,
        490.1162414550781,
        382.1707763671875,
        0.7843099236488342,
        522.2122192382812,
        420.68597412109375,
        0.8304821848869324,
        500.8149108886719,
        424.9654541015625,
        0.8549286127090454,
        505.0943908691406,
        450.6422424316406,
        0.5609496831893921,
        515.7930297851562,
        467.7601013183594,
        0.9118394255638123,
        452.3448231806861,
        260.84795639102424,
        90.52095801869967,
        219.10861491644397
    ],
    "20": [
        1131.4659423828125,
        306.02581787109375,
        0.9007586240768433,
        1131.4659423828125,
        301.27178955078125,
        0.9090038537979126,
        1129.0889892578125,
        303.6488037109375,
        0.9279206991195679,
        1121.9578857421875,
        303.6488037109375,
        0.6133885383605957,
        1114.826904296875,
        308.40283203125,
        0.9336320757865906,
        1124.3349609375,
        329.7958984375,
        0.8660236597061157,
        1107.69580078125,
        339.3039245605469,
        0.8779914975166321,
        1129.0889892578125,
        365.4510498046875,
        0.9336459636688232,
        1100.5648193359375,
        377.3360900878906,
        0.924331545829773,
        1148.10498046875,
        386.8441162109375,
        0.9127359986305237,
        1105.31884765625,
        412.9912109375,
        0.9089104533195496,
        1124.3349609375,
        405.8601989746094,
        0.7745941877365112,
        1114.826904296875,
        408.2372131347656,
        0.8177592158317566,
        1121.9578857421875,
        455.7773742675781,
        0.79242342710495,
        1126.7119140625,
        458.1543884277344,
        0.8249269723892212,
        1081.5487060546875,
        474.79345703125,
        0.8471782207489014,
        1119.5809326171875,
        508.07159423828125,
        0.8374724984169006,
        1066.7860781926556,
        280.59177410923206,
        98.45864927406683,
        243.40578807196886
    ],
    "26": [
        798.1021118164062,
        373.6011047363281,
        0.9345871210098267,
        795.3435668945312,
        368.08404541015625,
        0.9462599754333496,
        795.3435668945312,
        368.08404541015625,
        0.9358294010162354,
        787.0679931640625,
        368.08404541015625,
        0.6804679036140442,
        778.7924194335938,
        373.6011047363281,
        0.9554762244224548,
        789.8265380859375,
        395.66937255859375,
        0.9166350960731506,
        770.5167846679688,
        403.9449462890625,
        0.8953996300697327,
        795.3435668945312,
        437.0473327636719,
        0.7619959712028503,
        773.2753295898438,
        448.0814514160156,
        0.9083592295646667,
        817.411865234375,
        431.5302734375,
        0.6960429549217224,
        809.13623046875,
        434.2887878417969,
        0.9082776308059692,
        787.0679931640625,
        481.1838073730469,
        0.7519403696060181,
        778.7924194335938,
        481.1838073730469,
        0.842922568321228,
        781.5509643554688,
        536.3544311523438,
        0.8468874096870422,
        800.8606567382812,
        539.1129760742188,
        0.8335967063903809,
        770.5167846679688,
        588.7665405273438,
        0.8905272483825684,
        809.13623046875,
        599.8006591796875,
        0.8443402647972107,
        729.9664197377871,
        335.8092139828522,
        116.96172067482576,
        282.4736028682224
    ],
    "13": [
        1167.0560302734375,
        180.37857055664062,
        0.9743390083312988,
        1168.934326171875,
        176.62184143066406,
        0.9427667856216431,
        1163.29931640625,
        176.62184143066406,
        0.970340371131897,
        1170.812744140625,
        180.37857055664062,
        0.7465665936470032,
        1153.907470703125,
        180.37857055664062,
        0.930341899394989,
        1174.5694580078125,
        201.0405731201172,
        0.8895696997642517,
        1144.515625,
        202.9189453125,
        0.9131705164909363,
        1174.5694580078125,
        223.58094787597656,
        0.7935667634010315,
        1127.6103515625,
        231.0944061279297,
        0.8913843631744385,
        1174.5694580078125,
        236.72950744628906,
        0.8218439221382141,
        1142.63720703125,
        240.48623657226562,
        0.8070003986358643,
        1165.1776123046875,
        257.3915100097656,
        0.799561619758606,
        1148.2723388671875,
        257.3915100097656,
        0.7966820001602173,
        1163.29931640625,
        298.7155456542969,
        0.8113167881965637,
        1148.2723388671875,
        300.5939025878906,
        0.7998713254928589,
        1142.63720703125,
        319.3775329589844,
        0.7253409624099731,
        1142.63720703125,
        336.2828369140625,
        0.8639073371887207,
        1115.794944263927,
        160.28006717680603,
        74.3467348925526,
        192.3445399793967
    ],