{
    "6": [
        1435.357666015625,
        294.3117980957031,
        0.9070262312889099,
        1432.8173828125,
        291.77154541015625,
        0.7608159780502319,
        1435.357666015625,
        291.77154541015625,
        0.9636151790618896,
        1407.4150390625,
        294.3117980957031,
        0.8836724758148193,
        1427.7369384765625,
        294.3117980957031,
        0.9393437504768372,
        1394.7138671875,
        322.25439453125,
        0.9069334864616394,
        1440.4381103515625,
        324.7946472167969,
        0.8756614327430725,
        1392.173583984375,
        360.35797119140625,
        0.9487929940223694,
        1445.5185546875,
        360.35797119140625,
        0.9356076121330261,
        1409.9552001953125,
        373.05914306640625,
        0.5826301574707031,
        1448.058837890625,
        393.38104248046875,
        0.9604926109313965,
        1402.33447265625,
        398.4615173339844,
        0.8045305609703064,
        1430.277099609375,
        398.4615173339844,
        0.8082510232925415,
        1402.33447265625,
        454.34674072265625,
        0.8809489607810974,
        1435.357666015625,
        451.8065185546875,
        0.8736171126365662,
        1402.33447265625,
        507.6917419433594,
        0.9760034084320068,
        1435.357666015625,
        502.61126708984375,
        0.8957121968269348,
        1367.7445546844535,
        267.131233740999,
        102.20311578869178,
        260.1203055428237
    ],
    "11": [
        1048.74755859375,
        242.09445190429688,
        0.9304776787757874,
        1048.74755859375,
        237.97076416015625,
        0.9682046175003052,
        1042.5621337890625,
        240.03262329101562,
        0.9095196723937988,
        1048.74755859375,
        237.97076416015625,
        0.6014047265052795,
        1030.1910400390625,
        242.09445190429688,
        0.9204093217849731,
        1042.5621337890625,
        260.65106201171875,
        0.8404678106307983,
        1026.0673828125,
        268.8984375,
        0.8166637420654297,
        1048.74755859375,
        293.64056396484375,
        0.8803911805152893,
        1019.8817749023438,
        303.94976806640625,
        0.8842282295227051,
        1061.11865234375,
        316.3208312988281,
        0.8800570368766785,
        1030.1910400390625,
        332.8155822753906,
        0.8866972923278809,
        1046.685791015625,
        322.5063781738281,
        0.7704230546951294,
        1030.1910400390625,
        324.5682067871094,
        0.7190518379211426,
        1052.871337890625,
        367.866943359375,
        0.901755154132843,
        1038.4383544921875,
        369.92877197265625,
        0.8334592580795288,
        1026.0673828125,
        392.60906982421875,
        0.9297701716423035,
        1038.4383544921875,
        415.2893371582031,
        0.8425841331481934,
        997.4706463641512,
        217.97085106103674,
        79.87373738309225,
        211.13287681306116
    ],
    "26": [
        816.7543334960938,
        379.743408203125,
        0.9172961115837097,
        816.7543334960938,
        374.3232727050781,
        0.9369569420814514,
        814.0442504882812,
        377.0333557128906,
        0.9332586526870728,
        800.4938354492188,
        377.0333557128906,
        0.6879502534866333,
        800.4938354492188,
        379.743408203125,
        0.98165363073349,
        808.6240844726562,
        401.4240417480469,
        0.8611990809440613,
        792.3636474609375,
        412.26434326171875,
        0.9023749232292175,
        819.4644165039062,
        439.3651428222656,
        0.7328407764434814,
        800.4938354492188,
        455.6256103515625,
        0.919952392578125,
        838.4349365234375,
        433.9449768066406,
        0.6917053461074829,
        833.0147705078125,
        439.3651428222656,
        0.9012041687965393,
        811.3341674804688,
        488.14654541015625,
        0.6827566027641296,
        805.9140014648438,
        490.85662841796875,
        0.8333602547645569,
        803.2039184570312,
        539.6380004882812,
        0.8467704057693481,
        827.5946044921875,
        545.0581665039062,
        0.8167023658752441,
        776.1031494140625,
        585.7093505859375,
        0.8596624135971069,
        835.724853515625,
        607.3899536132812,
        0.8590584397315979,
        752.3122119229369,
        345.32543818457157,
        115.33384845356363,
        277.51190699877407
    ],
    "20": [
        1164.9639892578125,
        307.3212890625,
        0.9167192578315735,
        1162.5628662109375,
        302.51910400390625,
        0.8633193969726562,
        1160.1617431640625,
        304.9201965332031,
        0.893506646156311,
        1150.557373046875,
        304.9201965332031,
        0.6480002403259277,
        1150.557373046875,
        307.3212890625,
        0.9146828651428223,
        1152.95849609375,
        331.3322448730469,
        0.8446516394615173,
        1143.3541259765625,
        338.5355224609375,
        0.8912442326545715,
        1152.95849609375,
        374.5519714355469,
        0.7212701439857483,
        1150.557373046875,
        379.3541564941406,
        0.8384113311767578,
        1169.76611328125,
        400.9639892578125,
        0.8180702924728394,
        1174.568359375,
        403.3651123046875,
        0.8532199263572693,
        1157.7606201171875,
        408.16729736328125,
        0.7955304384231567,
        1140.9530029296875,
        410.5683898925781,
        0.7933609485626221,
        1176.969482421875,
        451.3869934082031,
        0.865678071975708,
        1133.749755859375,
        458.59027099609375,
        0.8812176585197449,
        1172.167236328125,
        501.80999755859375,
        0.8828345537185669,
        1121.7442626953125,
        506.6121826171875,
        0.8478087186813354,
        1102.7832375403023,
        279.2284863674636,
        97.94950595625755,
        245.87212561192973
    ],
    "14": [
        1368.560791015625,
        167.47413635253906,
        0.750310480594635,
        1371.41357421875,
        164.62139892578125,
        0.7733766436576843,
        1367.1343994140625,
        164.62139892578125,
        0.7975107431411743,
        1375.692626953125,
        164.62139892578125,
        0.9125739336013794,
        1360.0025634765625,
        164.62139892578125,
        0.9106279611587524,
        1382.8245849609375,
        177.45875549316406,
        0.8900291323661804,
        1354.297119140625,
        178.8851318359375,
        0.8810721039772034,
        1388.530029296875,
        196.00161743164062,
        0.8174711465835571,
        1344.3125,
        196.00161743164062,
        0.8650000095367432,
        1378.54541015625,
        201.7071075439453,
        0.83828204870224,
        1358.576171875,
        204.5598602294922,
        0.8429914116859436,
        1375.692626953125,
        221.6763458251953,
        0.790640115737915,
        1357.1497802734375,
        221.6763458251953,
        0.7677498459815979,
        1375.692626953125,
        253.0565643310547,
        0.8322697877883911,
        1355.723388671875,
        251.6302032470703,
        0.8092374205589294,
        1372.8399658203125,
        281.58404541015625,
        0.8407681584358215,
        1354.297119140625,
        280.1576843261719,
        0.8461862206459045,
        1335.7786810554983,
        145.08011121557774,
        58.43227643875912,
        146.06060695056794
    ],