{
    "2": [
        15562.4912109375,
        6178.7470703125,
        503.90948486328125
    ],
    "1": [
        17173.16796875,
        3821.607177734375,
        365.9664001464844
    ],
    "15": [
        22059.97265625,
        -399.07763671875,
        369.55072021484375
    ],
    "14": [
        3422.63623046875,
        6785.599609375,
        718.4251708984375
    ],
    "10": [
        3019.48779296875,
        1545.9801025390625,
        803.6748046875
    ],
    "11": [
        2547.1923828125,
        3644.124755859375,
        1349.4443359375
    ],
    "3": [
        10048.1572265625,
        3011.7822265625,
        628.4038696289062
    ]
}