{
    "2": [
        15543.962890625,
        6188.67529296875,
        517.1522216796875
    ],
    "1": [
        17175.841796875,
        3824.175537109375,
        367.9386901855469
    ],
    "15": [
        22037.25,
        -397.78985595703125,
        366.31378173828125
    ],
    "14": [
        3424.893310546875,
        6786.72705078125,
        718.0081787109375
    ],
    "10": [
        3028.816650390625,
        1537.900390625,
        802.3541259765625
    ],
    "11": [
        2554.41162109375,
        3649.86865234375,
        1346.7490234375
    ],
    "3": [
        10046.841796875,
        3005.439453125,
        632.5364990234375
    ]
}