{
    "2": [
        15545.29296875,
        6219.50537109375,
        471.599853515625
    ],
    "1": [
        17192.17578125,
        3836.5419921875,
        399.8521728515625
    ],
    "15": [
        21828.0234375,
        -366.12530517578125,
        384.43426513671875
    ],
    "14": [
        3458.58544921875,
        6828.8125,
        709.5174560546875
    ],
    "10": [
        3078.302734375,
        1462.23486328125,
        820.6942138671875
    ],
    "11": [
        2609.42431640625,
        3700.65625,
        1334.1873779296875
    ],
    "3": [
        10068.349609375,
        2958.23193359375,
        649.4008178710938
    ]
}