{
    "2": [
        15406.4658203125,
        6246.7548828125,
        507.2268371582031
    ],
    "1": [
        17167.7734375,
        3833.374755859375,
        360.86541748046875
    ],
    "15": [
        21695.16796875,
        -367.63946533203125,
        337.42791748046875
    ],
    "14": [
        3468.89453125,
        6866.3173828125,
        694.107666015625
    ],
    "10": [
        3131.973388671875,
        1406.71435546875,
        810.8482055664062
    ],
    "11": [
        2638.671875,
        3739.0625,
        1303.9752197265625
    ],
    "3": [
        10043.25390625,
        2926.560546875,
        639.1846923828125
    ]
}