{"2": [15356.87890625, 6261.6845703125, 468.10943603515625], "3": [10068.125, 2920.44873046875, 646.3292236328125], "10": [3057.854248046875, 1390.2039794921875, 771.5084228515625], "15": [21687.18359375, -411.7873229980469, 360.3384094238281], "14": [3352.3701171875, 6919.2978515625, 695.5738525390625], "11": [2543.0009765625, 3644.014892578125, 1318.7950439453125], "1": [17197.220703125, 3792.326171875, 327.92547607421875], "6": [8487.68359375, 5887.181640625, 639.2247314453125]}