{"2": [15318.005859375, 6270.5615234375, 452.87738037109375], "3": [10059.2177734375, 2921.6904296875, 652.1714477539062], "10": [3062.1005859375, 1393.561767578125, 775.6982421875], "1": [17183.388671875, 3788.678955078125, 327.39984130859375], "11": [2554.156982421875, 3659.92724609375, 1321.807861328125], "15": [21646.119140625, -421.14080810546875, 364.87762451171875], "14": [3355.42529296875, 6930.11376953125, 695.798095703125], "6": [8480.0625, 5902.140625, 643.100341796875]}