{
    "2": [
        15290.5546875,
        6278.82373046875,
        459.324951171875
    ],
    "1": [
        17172.77734375,
        3839.486572265625,
        355.55535888671875
    ],
    "15": [
        21581.943359375,
        -372.4888916015625,
        340.7940979003906
    ],
    "14": [
        3479.1708984375,
        6897.33544921875,
        676.504150390625
    ],
    "10": [
        3166.517578125,
        1368.6380615234375,
        801.42333984375
    ],
    "11": [
        2645.1435546875,
        3748.74755859375,
        1295.4013671875
    ],
    "3": [
        10035.5263671875,
        2917.8427734375,
        622.2661743164062
    ]
}