{
    "2": [
        15221.87890625,
        6297.607421875,
        525.2772827148438
    ],
    "1": [
        17177.291015625,
        3840.8681640625,
        355.82574462890625
    ],
    "15": [
        21440.05859375,
        -378.1997985839844,
        379.99774169921875
    ],
    "14": [
        3491.54931640625,
        6922.8037109375,
        678.1264038085938
    ],
    "10": [
        3200.30419921875,
        1345.0970458984375,
        783.59033203125
    ],
    "11": [
        2649.232421875,
        3754.1650390625,
        1295.814453125
    ],
    "3": [
        10031.84375,
        2911.1357421875,
        622.7786254882812
    ]
}