{"2": [15225.861328125, 6275.07373046875, 473.06353759765625], "3": [10042.1669921875, 2917.05029296875, 620.60107421875], "10": [3100.109375, 1366.622314453125, 767.700927734375], "15": [21502.03515625, -423.05712890625, 367.4376525878906], "1": [17165.083984375, 3800.1640625, 335.6720886230469], "11": [2560.108642578125, 3668.14599609375, 1320.104248046875], "14": [3363.512939453125, 6946.39794921875, 694.8717041015625]}