{
    "2": [
        15182.83984375,
        6307.228515625,
        544.075439453125
    ],
    "1": [
        17183.16015625,
        3842.23291015625,
        354.411865234375
    ],
    "15": [
        21285.1328125,
        -390.208251953125,
        379.3363952636719
    ],
    "14": [
        3503.609375,
        6948.736328125,
        674.1526489257812
    ],
    "10": [
        3246.749267578125,
        1342.02978515625,
        774.0969848632812
    ],
    "11": [
        2651.927978515625,
        3759.19873046875,
        1297.1260986328125
    ],
    "3": [
        10033.7080078125,
        2910.0185546875,
        638.2944946289062
    ]
}