{
    "2": [
        15159.6357421875,
        6308.0966796875,
        543.914794921875
    ],
    "1": [
        17172.619140625,
        3844.260009765625,
        358.732421875
    ],
    "15": [
        21150.87890625,
        -407.6558837890625,
        371.1224060058594
    ],
    "14": [
        3511.8056640625,
        6956.869140625,
        670.459228515625
    ],
    "10": [
        3268.63427734375,
        1342.65869140625,
        768.316650390625
    ],
    "11": [
        2650.07763671875,
        3758.9736328125,
        1296.5023193359375
    ],
    "3": [
        10023.890625,
        2916.88330078125,
        659.3142700195312
    ]
}