{"2": [15109.33984375, 6283.80078125, 495.880615234375], "11": [2562.572265625, 3652.39599609375, 1318.2537841796875], "1": [17165.39453125, 3807.87255859375, 339.3709716796875], "14": [3378.144287109375, 7020.6318359375, 694.8470458984375], "15": [21088.2578125, -458.26837158203125, 344.111328125], "10": [3232.7431640625, 1268.98876953125, 774.989990234375], "3": [10031.91796875, 2935.1220703125, 638.5965576171875], "6": [8641.404296875, 6120.39599609375, 903.7066650390625]}