{
    "2": [
        15145.646484375,
        6248.2646484375,
        410.6490478515625
    ],
    "1": [
        17186.466796875,
        3834.935546875,
        356.56640625
    ],
    "15": [
        20822.76953125,
        -493.88720703125,
        356.24566650390625
    ],
    "14": [
        3535.60595703125,
        6947.11328125,
        648.320556640625
    ],
    "10": [
        3386.3369140625,
        1280.5806884765625,
        773.5797729492188
    ],
    "11": [
        2641.069091796875,
        3737.926513671875,
        1303.23779296875
    ],
    "3": [
        10004.017578125,
        2916.80224609375,
        652.363525390625
    ]
}