{"2": [15094.486328125, 6265.125, 450.3778076171875], "1": [17158.54296875, 3811.859375, 331.8631286621094], "12": [8632.486328125, 6244.02783203125, 262.0789794921875], "14": [3368.778564453125, 6998.916015625, 657.1031494140625], "11": [2537.0751953125, 3631.22021484375, 1314.2501220703125], "10": [3299.7373046875, 1232.2568359375, 785.6717529296875], "15": [20756.109375, -493.648193359375, 343.504150390625], "3": [10029.015625, 2925.74072265625, 628.3192138671875], "6": [8591.716796875, 6164.31640625, 925.4296875]}