{"2": [15083.486328125, 6262.18310546875, 446.3363037109375], "15": [20686.23046875, -508.6202392578125, 345.0142822265625], "1": [17143.69140625, 3813.506103515625, 340.0908203125], "10": [3303.75341796875, 1230.587890625, 787.253173828125], "12": [8614.046875, 6207.626953125, 261.9139404296875], "11": [2537.10205078125, 3625.98681640625, 1313.0447998046875], "14": [3366.10205078125, 6997.08837890625, 643.2377319335938], "3": [10018.90625, 2921.2109375, 624.2430419921875]}