{
    "2": [
        15089.734375,
        6234.37646484375,
        433.4151916503906
    ],
    "1": [
        17170.90234375,
        3824.7109375,
        353.4029235839844
    ],
    "15": [
        20552.69140625,
        -536.7942504882812,
        351.63507080078125
    ],
    "14": [
        3555.1767578125,
        6906.9775390625,
        601.5617065429688
    ],
    "10": [
        3447.416015625,
        1219.722900390625,
        775.4913330078125
    ],
    "11": [
        2639.27783203125,
        3714.96630859375,
        1298.5345458984375
    ],
    "3": [
        10003.3125,
        2888.2626953125,
        644.9155883789062
    ]
}