{
    "2": [
        14968.927734375,
        6227.9423828125,
        530.5554809570312
    ],
    "1": [
        17127.072265625,
        3817.46826171875,
        355.195556640625
    ],
    "15": [
        20084.12890625,
        -537.4161987304688,
        378.3575439453125
    ],
    "14": [
        3550.19384765625,
        6761.9453125,
        562.8593139648438
    ],
    "10": [
        3505.365234375,
        1127.06591796875,
        748.1065063476562
    ],
    "11": [
        2672.47705078125,
        3635.709716796875,
        1259.9013671875
    ],
    "3": [
        9976.7900390625,
        2839.826171875,
        629.2637939453125
    ]
}