{
    "2": [
        14968.041015625,
        6216.46142578125,
        529.2927856445312
    ],
    "1": [
        17115.66015625,
        3817.0908203125,
        361.6483154296875
    ],
    "15": [
        20055.109375,
        -522.234375,
        424.6497802734375
    ],
    "14": [
        3544.14453125,
        6728.779296875,
        577.4986572265625
    ],
    "10": [
        3515.53515625,
        1113.77783203125,
        739.0379638671875
    ],
    "11": [
        2680.54150390625,
        3620.324462890625,
        1258.237060546875
    ],
    "3": [
        9976.6826171875,
        2835.07763671875,
        614.947509765625
    ]
}