{
    "2": [
        14978.66015625,
        6193.5712890625,
        520.598388671875
    ],
    "1": [
        17086.69140625,
        3817.2236328125,
        347.458251953125
    ],
    "14": [
        3536.633544921875,
        6665.27978515625,
        599.5022583007812
    ],
    "10": [
        3535.802001953125,
        1091.135498046875,
        726.2377319335938
    ],
    "11": [
        2721.78173828125,
        3584.45703125,
        1246.603271484375
    ],
    "3": [
        9978.1240234375,
        2820.50048828125,
        613.6646728515625
    ]
}