{
    "2": [
        14902.005859375,
        6196.962890625,
        366.0013732910156
    ],
    "1": [
        17071.78515625,
        3817.15234375,
        344.7075500488281
    ],
    "15": [
        19924.03515625,
        -467.736328125,
        610.5111694335938
    ],
    "14": [
        3538.57275390625,
        6636.6884765625,
        601.30908203125
    ],
    "10": [
        3544.39306640625,
        1081.8800048828125,
        719.466796875
    ],
    "11": [
        2742.52001953125,
        3575.623046875,
        1237.30126953125
    ],
    "3": [
        9980.75390625,
        2814.7939453125,
        612.55810546875
    ]
}