{"2": [14886.6220703125, 6192.10546875, 467.92010498046875], "3": [10001.591796875, 2782.27294921875, 595.0162353515625], "14": [3371.1728515625, 6477.54736328125, 737.3279418945312], "1": [16948.791015625, 3821.66552734375, 320.3514404296875], "15": [19391.28125, -442.48077392578125, 875.343994140625], "10": [3401.4765625, 1048.2459716796875, 758.5249633789062], "8": [8829.61328125, 6890.12451171875, 616.7885131835938], "11": [2720.0458984375, 3455.9775390625, 1209.4478759765625]}