{
    "2": [
        14872.5478515625,
        6176.5283203125,
        482.1260986328125
    ],
    "1": [
        16951.09375,
        3821.7265625,
        351.58148193359375
    ],
    "15": [
        19368.53125,
        -419.74468994140625,
        841.5164794921875
    ],
    "14": [
        3539.937744140625,
        6393.7568359375,
        688.05029296875
    ],
    "10": [
        3606.09619140625,
        1035.40771484375,
        766.186767578125
    ],
    "11": [
        2928.869384765625,
        3468.732421875,
        1146.9625244140625
    ],
    "3": [
        9981.759765625,
        2771.951171875,
        617.1273193359375
    ]
}