{
    "2": [
        14858.72265625,
        6175.60888671875,
        479.71514892578125
    ],
    "1": [
        16928.427734375,
        3820.542724609375,
        350.6443786621094
    ],
    "15": [
        19318.458984375,
        -411.7528381347656,
        823.5078125
    ],
    "14": [
        3543.430419921875,
        6356.650390625,
        700.9580078125
    ],
    "10": [
        3610.859619140625,
        1040.37744140625,
        777.1685180664062
    ],
    "11": [
        2961.6591796875,
        3444.66650390625,
        1133.65771484375
    ],
    "3": [
        9978.76171875,
        2771.40380859375,
        618.02001953125
    ]
}