{"2": [14870.576171875, 6196.9833984375, 464.095947265625], "3": [10010.130859375, 2788.5498046875, 596.4498901367188], "10": [3414.28759765625, 1049.3746337890625, 775.2650146484375], "8": [8620.19140625, 6995.923828125, 614.0219116210938], "1": [16800.853515625, 3844.970947265625, 347.8468017578125], "11": [2872.924072265625, 3373.32763671875, 1165.9111328125], "14": [3386.7626953125, 6309.8115234375, 726.91552734375], "12": [8628.4765625, 5791.19921875, 561.10888671875]}