{
    "2": [
        14836.845703125,
        6187.4814453125,
        499.8214111328125
    ],
    "1": [
        16805.10546875,
        3834.594970703125,
        365.8646545410156
    ],
    "14": [
        3547.4140625,
        6167.3154296875,
        636.00048828125
    ],
    "10": [
        3647.759033203125,
        1054.60498046875,
        695.5767822265625
    ],
    "11": [
        3098.8017578125,
        3357.31640625,
        1094.504638671875
    ],
    "3": [
        9987.1171875,
        2787.26318359375,
        615.2721557617188
    ]
}