{
    "2": [
        14851.47265625,
        6182.67919921875,
        498.53265380859375
    ],
    "1": [
        16786.603515625,
        3837.74365234375,
        362.5240173339844
    ],
    "15": [
        18829.9765625,
        -298.37994384765625,
        472.2225646972656
    ],
    "14": [
        3550.07666015625,
        6130.837890625,
        609.555419921875
    ],
    "10": [
        3648.490234375,
        1056.807373046875,
        680.1151123046875
    ],
    "11": [
        3127.34326171875,
        3337.0908203125,
        1083.73681640625
    ],
    "3": [
        9987.701171875,
        2791.16943359375,
        619.2664184570312
    ]
}