{
    "2": [
        15028.2265625,
        6247.044921875,
        465.7764892578125
    ],
    "1": [
        16633.21484375,
        3853.30859375,
        385.83544921875
    ],
    "15": [
        17986.49609375,
        49.996761322021484,
        437.9345397949219
    ],
    "14": [
        3225.87841796875,
        5440.388671875,
        599.4988403320312
    ],
    "10": [
        3551.5419921875,
        755.155029296875,
        743.4827270507812
    ],
    "3": [
        9882.80078125,
        2884.95361328125,
        651.6695556640625
    ],
    "13": [
        7588.505859375,
        6245.326171875,
        445.0089416503906
    ]
}