{
    "2": [
        15085.2021484375,
        6274.6494140625,
        444.447509765625
    ],
    "1": [
        16605.255859375,
        3843.0087890625,
        385.71380615234375
    ],
    "15": [
        17878.0,
        106.10311126708984,
        464.60498046875
    ],
    "14": [
        3133.09912109375,
        5307.716796875,
        567.0628051757812
    ],
    "10": [
        3527.218505859375,
        596.34521484375,
        797.560791015625
    ],
    "3": [
        9951.787109375,
        2825.41357421875,
        602.1111450195312
    ],
    "13": [
        7631.392578125,
        6227.87548828125,
        322.28607177734375
    ]
}