{"3": [9968.884765625, 2820.572998046875, 604.18212890625], "2": [15164.814453125, 6346.787109375, 383.49444580078125], "15": [17831.71875, 126.16357421875, 458.3504943847656], "10": [3447.431884765625, 486.26605224609375, 776.1741943359375], "8": [7907.759765625, 7641.2783203125, 582.5535888671875], "13": [6130.2841796875, 5197.41357421875, 599.8058471679688], "12": [8791.32421875, 5846.5322265625, 473.1403503417969], "1": [16599.912109375, 3838.38671875, 348.8660888671875], "14": [2895.7099609375, 5376.91015625, 644.2777099609375], "6": [10409.095703125, 5022.8037109375, 594.3450317382812], "11": [3548.89990234375, 3297.92138671875, 428.8528747558594]}