{
    "2": [
        15106.8095703125,
        6288.85791015625,
        432.3077392578125
    ],
    "1": [
        16569.57421875,
        3828.362548828125,
        388.4720153808594
    ],
    "15": [
        17829.083984375,
        126.95318603515625,
        473.5830078125
    ],
    "14": [
        3100.22900390625,
        5261.4267578125,
        570.5634765625
    ],
    "10": [
        3517.9990234375,
        542.211669921875,
        807.1070556640625
    ],
    "11": [
        3775.47998046875,
        3229.55517578125,
        534.45703125
    ],
    "3": [
        9958.771484375,
        2818.752685546875,
        615.0203857421875
    ],
    "13": [
        7637.6015625,
        6225.47509765625,
        327.4585266113281
    ]
}