{
    "2": [
        15202.78125,
        6358.60205078125,
        404.0977478027344
    ],
    "1": [
        16531.421875,
        3785.673095703125,
        358.5597839355469
    ],
    "15": [
        17562.330078125,
        247.14715576171875,
        483.3053894042969
    ],
    "14": [
        2978.8544921875,
        5087.1162109375,
        556.1781005859375
    ],
    "10": [
        3417.576904296875,
        276.13751220703125,
        746.6260986328125
    ],
    "11": [
        3955.505126953125,
        3243.2724609375,
        392.9862365722656
    ],
    "3": [
        10008.0859375,
        2794.29150390625,
        605.7918090820312
    ],
    "13": [
        7702.43505859375,
        6172.33203125,
        375.6305847167969
    ]
}