{
    "2": [
        15228.078125,
        6367.4404296875,
        416.4391174316406
    ],
    "1": [
        16522.078125,
        3775.854248046875,
        352.19976806640625
    ],
    "15": [
        17523.21875,
        270.718017578125,
        480.1769714355469
    ],
    "14": [
        2973.27880859375,
        5068.8427734375,
        558.7222290039062
    ],
    "10": [
        3415.388427734375,
        237.29090881347656,
        748.2838134765625
    ],
    "11": [
        4019.84033203125,
        3264.9052734375,
        367.3293762207031
    ],
    "3": [
        10008.447265625,
        2793.86767578125,
        600.1650390625
    ],
    "13": [
        7691.244140625,
        6149.9912109375,
        361.3092956542969
    ]
}