{
    "2": [
        15372.341796875,
        6427.39013671875,
        444.59405517578125
    ],
    "1": [
        16477.916015625,
        3685.393798828125,
        358.64544677734375
    ],
    "15": [
        17148.25390625,
        412.21331787109375,
        505.99365234375
    ],
    "14": [
        2885.385498046875,
        4989.4208984375,
        638.8561401367188
    ],
    "10": [
        3360.02880859375,
        -175.533447265625,
        757.5214233398438
    ],
    "3": [
        9976.078125,
        2792.085205078125,
        609.43310546875
    ],
    "13": [
        7580.951171875,
        5964.09326171875,
        174.4365692138672
    ]
}