{
    "2": [
        15367.03125,
        6403.71533203125,
        466.88897705078125
    ],
    "1": [
        16458.7109375,
        3631.169921875,
        340.5154724121094
    ],
    "15": [
        17041.00390625,
        434.9998779296875,
        513.2564697265625
    ],
    "14": [
        2887.490966796875,
        5006.900390625,
        662.3013916015625
    ],
    "10": [
        3316.29833984375,
        -405.53216552734375,
        828.722900390625
    ],
    "3": [
        9811.95703125,
        2722.5849609375,
        672.0226440429688
    ],
    "13": [
        7529.2548828125,
        5901.5419921875,
        206.76321411132812
    ]
}