{
    "2": [
        15287.55859375,
        6322.1748046875,
        447.71734619140625
    ],
    "1": [
        16349.01171875,
        3559.232177734375,
        231.3485565185547
    ],
    "15": [
        16593.14453125,
        500.4557189941406,
        509.79779052734375
    ],
    "14": [
        2979.81005859375,
        5166.7294921875,
        670.3069458007812
    ],
    "10": [
        3283.45947265625,
        -888.8136596679688,
        756.5355224609375
    ],
    "3": [
        9981.357421875,
        2779.40087890625,
        596.9667358398438
    ],
    "13": [
        7445.62109375,
        5639.60205078125,
        367.0932922363281
    ]
}