{"3": [10040.7138671875, 2810.3359375, 586.7740478515625], "2": [15358.009765625, 6306.1865234375, 423.00946044921875], "15": [16412.7109375, 550.427734375, 511.47991943359375], "8": [5940.6337890625, 8407.8779296875, 678.4883422851562], "13": [5386.58447265625, 4045.6416015625, 644.0997314453125], "12": [8004.13916015625, 5220.3212890625, 454.421630859375], "10": [3222.685302734375, -1081.172119140625, 725.5094604492188], "1": [16195.818359375, 3630.22900390625, 314.039306640625], "14": [2963.443359375, 5244.6015625, 696.2911376953125]}