{
    "2": [
        15186.0859375,
        6098.1298828125,
        389.135498046875
    ],
    "1": [
        16110.681640625,
        3603.745849609375,
        294.7366027832031
    ],
    "15": [
        16116.423828125,
        641.4200439453125,
        500.6641540527344
    ],
    "14": [
        3271.474609375,
        5366.431640625,
        674.1820678710938
    ],
    "10": [
        3534.2529296875,
        -1512.8402099609375,
        746.8130493164062
    ],
    "3": [
        10045.822265625,
        2834.927978515625,
        560.1607666015625
    ]
}