{
    "2": [
        15175.0546875,
        6083.33984375,
        388.33721923828125
    ],
    "1": [
        16086.6240234375,
        3601.37890625,
        297.80096435546875
    ],
    "15": [
        16059.572265625,
        660.053955078125,
        505.5578308105469
    ],
    "10": [
        3566.885009765625,
        -1567.2198486328125,
        750.9000244140625
    ],
    "11": [
        6424.962890625,
        3943.0400390625,
        959.6012573242188
    ],
    "3": [
        10030.408203125,
        2832.6484375,
        559.4873046875
    ],
    "14": [
        3383.940185546875,
        5389.7705078125,
        804.6328125
    ]
}