{"2": [15274.2177734375, 6082.61865234375, 415.4717712402344], "8": [4899.234375, 8503.9765625, 687.2241821289062], "15": [15868.34375, 712.30712890625, 508.8297119140625], "1": [15981.166015625, 3604.25634765625, 270.9860534667969], "11": [4492.1201171875, 2818.864501953125, 535.5618896484375], "10": [3752.021484375, -1813.2342529296875, 629.457763671875], "6": [8733.123046875, 3664.21337890625, 889.9229125976562]}