{"15": [15800.7216796875, 718.990234375, 514.2484130859375], "2": [15273.36328125, 6084.14404296875, 418.0035705566406], "10": [3960.82275390625, -1910.8006591796875, 652.0775146484375], "8": [4728.8056640625, 8489.5146484375, 670.5258178710938], "1": [15950.876953125, 3587.59814453125, 259.2742614746094], "11": [4482.232421875, 2709.67626953125, 580.2552490234375], "3": [10032.4658203125, 2779.6484375, 560.941650390625], "6": [8565.283203125, 3601.74462890625, 637.8182983398438], "14": [3651.546875, 5427.4619140625, 669.7669677734375]}