{
    "2": [
        15167.017578125,
        6061.0673828125,
        398.424560546875
    ],
    "1": [
        15889.6015625,
        3566.84912109375,
        330.3863830566406
    ],
    "15": [
        15751.9091796875,
        729.9403076171875,
        512.6810302734375
    ],
    "10": [
        4144.07177734375,
        -1974.2734375,
        722.2656860351562
    ],
    "11": [
        6640.6396484375,
        3666.698974609375,
        891.4752807617188
    ],
    "14": [
        3798.27197265625,
        5467.8564453125,
        705.19091796875
    ],
    "3": [
        9704.14453125,
        2610.53173828125,
        398.1821594238281
    ]
}