{
    "2": [
        15213.6923828125,
        6097.44775390625,
        411.0135192871094
    ],
    "1": [
        15905.5712890625,
        3395.6025390625,
        304.91510009765625
    ],
    "15": [
        15331.205078125,
        784.8046875,
        456.9471435546875
    ],
    "10": [
        5689.111328125,
        -1977.697509765625,
        590.8080444335938
    ],
    "11": [
        6895.5751953125,
        3327.01171875,
        909.85986328125
    ],
    "14": [
        4614.8984375,
        5313.5947265625,
        678.505615234375
    ],
    "3": [
        9323.498046875,
        2526.14453125,
        513.0318603515625
    ]
}