{"3": [10070.130859375, 2874.859375, 546.3661499023438], "15": [15406.107421875, 745.1856689453125, 475.56854248046875], "2": [15285.173828125, 6156.84765625, 415.66070556640625], "10": [5781.76171875, -1977.3277587890625, 559.85205078125], "6": [8062.67626953125, 3465.614013671875, 886.3908081054688], "11": [4740.0166015625, 2161.30712890625, 676.9884033203125], "1": [15953.654296875, 3399.2841796875, 327.1944885253906], "14": [4584.146484375, 5306.9248046875, 653.4820556640625], "8": [4900.1650390625, 8079.28466796875, 689.6937255859375]}