{
    "2": [
        15234.677734375,
        6115.6708984375,
        415.11260986328125
    ],
    "1": [
        15916.8125,
        3404.045654296875,
        302.9273681640625
    ],
    "15": [
        15292.86328125,
        794.536865234375,
        454.5662841796875
    ],
    "10": [
        5853.6494140625,
        -1909.73388671875,
        619.14599609375
    ],
    "11": [
        6931.646484375,
        3288.287841796875,
        950.2100830078125
    ],
    "14": [
        4717.958984375,
        5267.78564453125,
        661.5316162109375
    ],
    "3": [
        9270.263671875,
        2530.13232421875,
        540.5758056640625
    ]
}