{
    "2": [
        15301.3515625,
        6163.470703125,
        402.3402099609375
    ],
    "1": [
        15924.958984375,
        3417.23193359375,
        308.4297790527344
    ],
    "15": [
        15257.771484375,
        797.55810546875,
        460.2036437988281
    ],
    "10": [
        6086.6923828125,
        -1824.1290283203125,
        623.1185302734375
    ],
    "11": [
        6980.8876953125,
        3201.5244140625,
        929.84521484375
    ],
    "14": [
        4830.27734375,
        5211.22705078125,
        637.7794799804688
    ],
    "3": [
        9217.734375,
        2531.45849609375,
        538.369873046875
    ]
}