{
    "2": [
        15306.736328125,
        6205.76904296875,
        384.5534973144531
    ],
    "1": [
        15921.33984375,
        3431.56982421875,
        307.41650390625
    ],
    "15": [
        15233.8740234375,
        791.9979248046875,
        476.91986083984375
    ],
    "10": [
        6348.83837890625,
        -1742.391357421875,
        603.714111328125
    ],
    "11": [
        6956.123046875,
        3151.45458984375,
        927.257080078125
    ],
    "14": [
        4918.2958984375,
        5168.7265625,
        625.2723388671875
    ],
    "3": [
        9202.814453125,
        2547.19189453125,
        488.40985107421875
    ]
}