{
    "2": [
        15359.7685546875,
        6318.2626953125,
        349.362060546875
    ],
    "1": [
        16024.87890625,
        3483.818359375,
        277.0473937988281
    ],
    "15": [
        15227.3369140625,
        705.5367431640625,
        475.7003173828125
    ],
    "10": [
        6722.6767578125,
        -1554.3931884765625,
        588.3170776367188
    ],
    "11": [
        7090.0068359375,
        2944.468017578125,
        850.1451416015625
    ],
    "14": [
        5114.9560546875,
        5066.52294921875,
        614.9737548828125
    ],
    "3": [
        9275.447265625,
        2523.08740234375,
        384.9294128417969
    ]
}