{"15": [15232.365234375, 554.7803955078125, 410.398193359375], "2": [15562.94921875, 6568.849609375, 341.5500793457031], "14": [5242.5966796875, 4984.123046875, 624.5054931640625], "10": [7082.5927734375, -1345.154541015625, 467.6845703125], "8": [6131.92919921875, 7774.8359375, 772.20361328125], "6": [7952.23193359375, 3589.35791015625, 839.8436279296875], "1": [16119.330078125, 3684.124267578125, 196.911865234375], "11": [5163.2822265625, 1910.72900390625, 771.4588012695312], "3": [9981.669921875, 2539.77978515625, 490.4334716796875]}