{
    "2": [
        15482.505859375,
        6501.48681640625,
        336.6651611328125
    ],
    "1": [
        16085.1455078125,
        3701.20263671875,
        255.60333251953125
    ],
    "15": [
        15212.9375,
        548.8598022460938,
        452.9463195800781
    ],
    "10": [
        7168.6845703125,
        -1216.528076171875,
        603.6422119140625
    ],
    "11": [
        7199.2587890625,
        2746.23193359375,
        813.78369140625
    ],
    "14": [
        5401.240234375,
        4862.6162109375,
        601.51953125
    ],
    "3": [
        9659.66015625,
        2325.58642578125,
        326.93328857421875
    ]
}