{
    "2": [
        15496.3125,
        6517.2880859375,
        342.32049560546875
    ],
    "1": [
        16127.03125,
        3753.636474609375,
        254.15545654296875
    ],
    "15": [
        15211.19921875,
        514.947998046875,
        453.6357421875
    ],
    "10": [
        7255.755859375,
        -1134.3681640625,
        577.3033447265625
    ],
    "11": [
        7202.8330078125,
        2711.58740234375,
        819.6456909179688
    ],
    "14": [
        5446.65380859375,
        4823.2998046875,
        593.5169067382812
    ],
    "3": [
        9715.31640625,
        2278.09521484375,
        299.7421875
    ]
}