{
    "2": [
        15519.203125,
        6535.8251953125,
        348.3140563964844
    ],
    "1": [
        16194.205078125,
        3829.72607421875,
        238.47850036621094
    ],
    "15": [
        15245.501953125,
        451.3544921875,
        467.01025390625
    ],
    "11": [
        7087.7490234375,
        2718.086181640625,
        762.7993774414062
    ],
    "14": [
        5538.916015625,
        4746.78369140625,
        580.385498046875
    ],
    "3": [
        9864.537109375,
        2200.56396484375,
        261.63909912109375
    ]
}