{
    "2": [
        15530.30859375,
        6539.775390625,
        352.95062255859375
    ],
    "1": [
        16215.9384765625,
        3871.001220703125,
        224.99325561523438
    ],
    "15": [
        15248.548828125,
        427.3583984375,
        473.7165222167969
    ],
    "11": [
        7126.599609375,
        2653.73291015625,
        769.9338989257812
    ],
    "14": [
        5573.3974609375,
        4714.53466796875,
        576.562255859375
    ]
}