{
    "2": [
        15570.3671875,
        6533.1572265625,
        351.86395263671875
    ],
    "1": [
        16126.62109375,
        3969.01416015625,
        212.42385864257812
    ],
    "15": [
        15294.4599609375,
        347.24725341796875,
        478.647216796875
    ],
    "11": [
        7145.1220703125,
        2548.77685546875,
        687.1007080078125
    ],
    "14": [
        5657.375,
        4614.21875,
        539.9495849609375
    ],
    "3": [
        10278.2890625,
        2009.5809326171875,
        115.51504516601562
    ],
    "10": [
        7614.66943359375,
        -757.9625244140625,
        427.5933837890625
    ]
}