{"2": [15786.640625, 6572.7802734375, 383.3529357910156], "15": [15495.51953125, 258.2838134765625, 318.4879150390625], "8": [7294.8671875, 7414.67236328125, 626.0289916992188], "6": [8239.943359375, 3687.775146484375, 802.052978515625], "14": [5582.958984375, 4661.66845703125, 527.7167358398438], "10": [7772.544921875, -725.142578125, 635.9834594726562], "1": [16221.4765625, 4220.19873046875, 268.5191650390625]}