{
    "2": [
        15686.28125,
        6480.58642578125,
        340.0589904785156
    ],
    "1": [
        16170.8818359375,
        4235.611328125,
        253.66001892089844
    ],
    "15": [
        15307.078125,
        238.85031127929688,
        370.58160400390625
    ],
    "11": [
        7318.7431640625,
        2221.685791015625,
        655.0340576171875
    ],
    "14": [
        5705.8779296875,
        4384.37548828125,
        498.9230651855469
    ],
    "3": [
        10957.671875,
        1711.095703125,
        -142.65415954589844
    ],
    "10": [
        7673.3486328125,
        -620.6885375976562,
        967.3094482421875
    ]
}