{
    "2": [
        15736.794921875,
        6471.076171875,
        332.7627258300781
    ],
    "1": [
        16131.294921875,
        4258.41357421875,
        299.57366943359375
    ],
    "15": [
        15345.099609375,
        218.78762817382812,
        356.3818359375
    ],
    "11": [
        7466.16357421875,
        2083.939697265625,
        653.02783203125
    ],
    "14": [
        5668.2587890625,
        4314.5908203125,
        501.7783508300781
    ],
    "3": [
        11082.43359375,
        1667.81884765625,
        -167.0933837890625
    ]
}