{"8": [7975.19921875, 7010.0751953125, 598.2857666015625], "2": [15918.234375, 6564.69921875, 349.2699279785156], "15": [15585.39453125, 161.02076721191406, 298.91815185546875], "14": [5423.74951171875, 4357.3193359375, 563.2939453125], "6": [8413.091796875, 3637.251953125, 804.22705078125], "11": [5961.689453125, 1220.576416015625, 513.3853149414062], "1": [16249.33203125, 4417.2265625, 200.92933654785156]}