{"8": [8053.6044921875, 6947.1416015625, 603.707763671875], "2": [15920.982421875, 6562.8486328125, 342.6442565917969], "15": [15583.517578125, 162.0745849609375, 300.57611083984375], "14": [5404.7294921875, 4313.1357421875, 580.9991455078125], "6": [8429.232421875, 3632.7744140625, 811.8555908203125], "11": [5988.92626953125, 1184.1568603515625, 528.8626098632812], "1": [16234.39453125, 4449.7509765625, 202.73123168945312]}