{
    "2": [
        15840.951171875,
        6426.17138671875,
        348.50982666015625
    ],
    "1": [
        16201.974609375,
        4517.41015625,
        268.1727294921875
    ],
    "15": [
        15425.0888671875,
        150.72897338867188,
        376.68377685546875
    ],
    "11": [
        7852.1513671875,
        1611.985595703125,
        899.7673950195312
    ],
    "14": [
        5551.27734375,
        4065.379150390625,
        519.0245361328125
    ],
    "3": [
        11282.474609375,
        1651.34521484375,
        90.92176818847656
    ],
    "10": [
        7813.162109375,
        -356.9132080078125,
        1359.767333984375
    ]
}