{
    "2": [
        15995.3271484375,
        6419.47412109375,
        222.05337524414062
    ],
    "1": [
        16327.69921875,
        4587.2421875,
        284.3031005859375
    ],
    "15": [
        15472.3515625,
        175.7769775390625,
        379.98663330078125
    ],
    "3": [
        11267.0712890625,
        1640.9091796875,
        215.38243103027344
    ],
    "10": [
        7876.59423828125,
        -216.42745971679688,
        1028.427490234375
    ],
    "11": [
        8055.31591796875,
        1402.29541015625,
        915.8492431640625
    ]
}