{
    "2": [
        16015.482421875,
        6448.57275390625,
        181.90032958984375
    ],
    "1": [
        16369.935546875,
        4590.6025390625,
        253.6063232421875
    ],
    "15": [
        15479.580078125,
        182.6270751953125,
        382.9814453125
    ],
    "14": [
        5444.8056640625,
        3816.12109375,
        581.3143310546875
    ],
    "3": [
        11255.0712890625,
        1635.2314453125,
        226.52308654785156
    ],
    "10": [
        7882.62353515625,
        -198.6492156982422,
        931.0460205078125
    ],
    "11": [
        8088.83056640625,
        1366.1441650390625,
        905.7141723632812
    ]
}