{
    "2": [
        15887.65625,
        6984.67236328125,
        356.74066162109375
    ],
    "1": [
        16691.3046875,
        4510.9853515625,
        272.69329833984375
    ],
    "15": [
        15258.802734375,
        648.131103515625,
        361.43017578125
    ],
    "14": [
        5084.16015625,
        3760.3828125,
        539.837646484375
    ],
    "3": [
        11489.7685546875,
        1586.267333984375,
        -240.6365966796875
    ],
    "10": [
        7912.2138671875,
        -386.3028564453125,
        764.3452758789062
    ],
    "11": [
        8505.6171875,
        1173.717529296875,
        421.2475280761719
    ]
}