{"2": [15965.92578125, 7248.32275390625, 277.58575439453125], "8": [9248.115234375, 6454.17529296875, 681.7332153320312], "14": [4625.091796875, 3888.9912109375, 659.4681396484375], "1": [16863.7890625, 4515.93408203125, 270.7061767578125], "11": [5979.9150390625, 326.8760986328125, 563.9501953125], "3": [9871.1005859375, 1046.654052734375, 616.7117309570312]}