{
    "2": [
        15922.02734375,
        7618.93603515625,
        342.96051025390625
    ],
    "1": [
        16941.83203125,
        4499.3525390625,
        308.42529296875
    ],
    "15": [
        14449.044921875,
        1291.69189453125,
        471.36798095703125
    ],
    "14": [
        4634.5,
        3946.6572265625,
        569.306396484375
    ],
    "3": [
        11664.38671875,
        1710.2989501953125,
        -259.2959899902344
    ],
    "10": [
        7710.26171875,
        -654.311279296875,
        868.8915405273438
    ],
    "11": [
        8513.46484375,
        1376.0660400390625,
        453.3697204589844
    ]
}