{"2": [15965.9375, 7722.26171875, 351.0265197753906], "1": [16980.6640625, 4505.7880859375, 315.1734619140625], "11": [5755.14599609375, 308.2158508300781, 630.5638427734375], "8": [9192.638671875, 6650.630859375, 597.9111328125], "14": [4437.12890625, 3947.318359375, 600.1182861328125], "3": [10498.076171875, 1316.876220703125, 173.9969482421875]}