{
    "2": [
        15923.3818359375,
        7834.9384765625,
        387.76611328125
    ],
    "1": [
        16996.3125,
        4494.708984375,
        332.0113525390625
    ],
    "15": [
        14277.39453125,
        1455.0926513671875,
        531.614501953125
    ],
    "14": [
        4488.818359375,
        4000.29736328125,
        586.2490234375
    ],
    "3": [
        11672.705078125,
        1772.53515625,
        -303.8932800292969
    ],
    "10": [
        7695.224609375,
        -730.3088989257812,
        873.0303955078125
    ],
    "11": [
        8518.859375,
        1423.4056396484375,
        433.98077392578125
    ]
}