{
    "2": [
        15894.740234375,
        8047.79833984375,
        392.98199462890625
    ],
    "1": [
        17034.474609375,
        4469.546875,
        355.0711669921875
    ],
    "15": [
        14076.197265625,
        1626.384521484375,
        530.8231811523438
    ],
    "14": [
        4358.79345703125,
        4078.012939453125,
        601.16650390625
    ],
    "3": [
        11720.2802734375,
        1833.8380126953125,
        -364.3797912597656
    ],
    "10": [
        7661.634765625,
        -816.2525634765625,
        893.1083984375
    ],
    "11": [
        8442.2314453125,
        1507.6619873046875,
        401.2901611328125
    ]
}