{
    "2": [
        15888.580078125,
        8106.22265625,
        388.42047119140625
    ],
    "1": [
        17032.443359375,
        4462.78955078125,
        357.7270812988281
    ],
    "15": [
        13975.810546875,
        1702.1357421875,
        519.1439208984375
    ],
    "14": [
        4309.19140625,
        4101.0888671875,
        592.23876953125
    ],
    "3": [
        11730.5234375,
        1860.275390625,
        -386.91278076171875
    ],
    "10": [
        7652.5673828125,
        -837.5020751953125,
        891.8944091796875
    ],
    "11": [
        8428.154296875,
        1541.440185546875,
        396.8492126464844
    ]
}