{"15": [14099.171875, 1643.81298828125, 501.6062316894531], "1": [17012.70703125, 4471.9912109375, 339.24957275390625], "11": [5600.1552734375, 361.87103271484375, 510.6787414550781], "8": [9125.369140625, 6878.28173828125, 514.4691772460938], "14": [4111.76025390625, 4086.784423828125, 646.23095703125], "3": [10759.84765625, 1497.973388671875, 72.2979736328125], "2": [15980.2763671875, 8122.849609375, 366.27386474609375]}