{"8": [9107.626953125, 7129.1328125, 546.7215576171875], "15": [13761.3359375, 1927.62255859375, 550.0939331054688], "11": [5465.939453125, 481.0506591796875, 547.6246337890625], "14": [4012.018798828125, 4196.27685546875, 527.088623046875], "1": [17028.9375, 4429.021484375, 335.0710144042969], "2": [15959.3515625, 8365.671875, 217.3626708984375], "3": [10895.1640625, 1700.22705078125, 115.38298034667969]}