{
    "2": [
        15797.3232421875,
        8873.7265625,
        255.1827850341797
    ],
    "1": [
        16998.01953125,
        4361.765625,
        282.6893005371094
    ],
    "15": [
        13419.060546875,
        2238.315673828125,
        630.1469116210938
    ],
    "14": [
        4045.697265625,
        4511.853515625,
        537.595703125
    ],
    "3": [
        11705.921875,
        2146.14892578125,
        -374.4130859375
    ],
    "10": [
        7637.9794921875,
        -1017.3154296875,
        910.43994140625
    ],
    "11": [
        8179.412109375,
        1889.603759765625,
        519.2557983398438
    ]
}