{"11": [5356.2421875, 706.6773681640625, 628.4779052734375], "8": [8909.326171875, 7458.345703125, 702.0462646484375], "15": [13291.240234375, 2399.63720703125, 554.5693359375], "14": [3964.52587890625, 4572.09423828125, 593.6439819335938], "2": [15686.236328125, 8956.474609375, 222.3780517578125], "1": [16998.48828125, 4376.76171875, 288.8017578125], "3": [11003.0, 1979.65625, 192.10321044921875]}