{
    "2": [
        15501.173828125,
        9105.392578125,
        280.3873291015625
    ],
    "1": [
        16965.80078125,
        4361.2763671875,
        288.1651916503906
    ],
    "15": [
        13238.15234375,
        2421.65625,
        604.9715576171875
    ],
    "14": [
        4015.675537109375,
        4636.91796875,
        597.2623291015625
    ],
    "3": [
        11718.4765625,
        2280.7099609375,
        -330.553466796875
    ],
    "10": [
        7627.330078125,
        -1069.6090087890625,
        913.833740234375
    ],
    "11": [
        8096.6533203125,
        2040.2940673828125,
        560.9364013671875
    ]
}