{
    "2": [
        15443.853515625,
        9162.9453125,
        266.5561218261719
    ],
    "1": [
        17013.857421875,
        4346.5654296875,
        280.0601806640625
    ],
    "15": [
        13170.56640625,
        2485.74609375,
        591.8319091796875
    ],
    "14": [
        4002.9716796875,
        4690.033203125,
        618.38232421875
    ],
    "3": [
        11734.423828125,
        2334.9033203125,
        -336.37506103515625
    ],
    "10": [
        7628.1328125,
        -1089.82275390625,
        914.5536499023438
    ],
    "11": [
        8077.2822265625,
        2087.056884765625,
        572.2141723632812
    ]
}