{
    "1": [
        17309.13671875,
        4225.19482421875,
        33.53184509277344
    ],
    "14": [
        3986.275146484375,
        4814.966796875,
        662.6737060546875
    ],
    "3": [
        11727.82421875,
        2495.7314453125,
        -222.95484924316406
    ],
    "11": [
        8039.7998046875,
        2224.774658203125,
        578.8382568359375
    ],
    "10": [
        7468.048828125,
        -1139.8114013671875,
        829.25146484375
    ]
}