{"11": [5312.55810546875, 929.68017578125, 610.1033935546875], "15": [12984.6123046875, 2772.302734375, 619.50146484375], "8": [8761.6884765625, 7687.3896484375, 602.8878784179688], "14": [3970.3154296875, 4806.3984375, 680.128173828125], "3": [11081.1572265625, 2213.02197265625, 173.7488555908203]}