{
    "1": [
        16952.765625,
        4354.8408203125,
        -14.586257934570312
    ],
    "14": [
        3982.08203125,
        4919.3759765625,
        688.9410400390625
    ],
    "3": [
        11764.8515625,
        2573.9375,
        -330.85205078125
    ],
    "11": [
        8012.869140625,
        2306.473388671875,
        582.2031860351562
    ]
}