{
    "2": [
        14662.7607421875,
        9750.634765625,
        289.88812255859375
    ],
    "15": [
        12835.18359375,
        2926.71728515625,
        616.0394287109375
    ],
    "14": [
        3985.3359375,
        5019.6298828125,
        690.9368896484375
    ],
    "3": [
        11791.5673828125,
        2697.845947265625,
        -309.85247802734375
    ],
    "11": [
        7980.8349609375,
        2392.125,
        585.4166870117188
    ],
    "10": [
        7509.9267578125,
        -1156.43701171875,
        929.9354858398438
    ]
}