{
  "2": [
    15210.8359375,
    6280.69921875,
    491.224609375
  ],
  "3": [
    10043.75390625,
    2920.03076171875,
    640.7938232421875
  ],
  "10": [
    3128.8935546875,
    1355.01318359375,
    755.45849609375
  ],
  "1": [
    17173.12890625,
    3801.80859375,
    331.15447998046875
  ],
  "15": [
    21469.31640625,
    -408.49114990234375,
    364.52789306640625
  ],
  "11": [
    2566.31884765625,
    3666.6474609375,
    1314.3839111328125
  ],
  "14": [
    3379.2041015625,
    6968.20751953125,
    691.5204467773438
  ],
  "6": [
    8464.54296875,
    5952.369140625,
    655.752197265625
  ]
}