{
    "2": [
        14400.0751953125,
        9986.802734375,
        295.93450927734375
    ],
    "1": [
        16825.97265625,
        4447.2236328125,
        296.92010498046875
    ],
    "15": [
        12805.32421875,
        3082.326416015625,
        541.4029541015625
    ],
    "14": [
        3990.49267578125,
        5121.59326171875,
        690.0891723632812
    ],
    "3": [
        11866.962890625,
        2858.005859375,
        -342.98974609375
    ],
    "11": [
        7923.8212890625,
        2535.9404296875,
        636.7447509765625
    ],
    "10": [
        7519.6689453125,
        -1150.427734375,
        944.552978515625
    ]
}