{"8": [8514.212890625, 8001.80078125, 627.4639892578125], "11": [5256.94921875, 1245.21484375, 635.8841552734375], "15": [13057.5390625, 3051.630126953125, 714.2200927734375], "14": [4002.91796875, 5116.875, 674.845947265625], "2": [14277.490234375, 10044.59375, 324.00543212890625], "3": [11059.2578125, 2562.4521484375, 163.99708557128906]}