{
    "2": [
        13248.0283203125,
        10601.9892578125,
        355.670166015625
    ],
    "1": [
        16693.90625,
        4482.2919921875,
        380.2100830078125
    ],
    "15": [
        12469.732421875,
        3546.84765625,
        592.9572143554688
    ],
    "14": [
        4009.33447265625,
        5348.66064453125,
        705.67138671875
    ],
    "3": [
        12007.458984375,
        3232.15625,
        -430.8750915527344
    ],
    "11": [
        7722.591796875,
        2852.364501953125,
        693.46630859375
    ],
    "10": [
        7423.4775390625,
        -1127.800537109375,
        962.9183349609375
    ]
}