{
    "2": [
        12618.3896484375,
        10786.197265625,
        423.9060974121094
    ],
    "1": [
        16620.63671875,
        4510.740234375,
        379.97186279296875
    ],
    "15": [
        12247.65234375,
        3811.41845703125,
        639.04052734375
    ],
    "14": [
        4009.011474609375,
        5505.609375,
        723.9664306640625
    ],
    "3": [
        12105.8525390625,
        3428.4443359375,
        -454.75518798828125
    ],
    "11": [
        7651.4873046875,
        3007.946044921875,
        689.0830078125
    ],
    "10": [
        7384.453125,
        -1095.8358154296875,
        981.6251831054688
    ]
}