{"2": [15207.873046875, 6283.41845703125, 491.775634765625], "3": [10041.51171875, 2921.00439453125, 646.6304321289062], "1": [17170.296875, 3800.50390625, 336.84271240234375], "10": [3140.295166015625, 1334.213623046875, 764.2420043945312], "14": [3376.216796875, 7001.6904296875, 697.2308349609375], "11": [2565.149169921875, 3666.45068359375, 1321.3406982421875], "15": [21378.431640625, -420.51116943359375, 364.59942626953125], "6": [8433.46484375, 5969.3232421875, 665.9974365234375]}