{
    "1": [
        16465.7890625,
        4620.0537109375,
        394.4493408203125
    ],
    "15": [
        12041.3984375,
        4268.74609375,
        673.3109741210938
    ],
    "14": [
        4043.48193359375,
        5730.169921875,
        699.8660278320312
    ],
    "3": [
        12467.6494140625,
        3808.06640625,
        -523.134765625
    ],
    "11": [
        7464.7177734375,
        3408.59619140625,
        750.0534057617188
    ],
    "10": [
        7500.5498046875,
        -870.94580078125,
        669.5499267578125
    ]
}