{"3": [11084.35546875, 3183.49365234375, 153.93069458007812], "8": [7964.8984375, 8360.0810546875, 685.8419799804688], "14": [4040.876708984375, 5763.54296875, 666.3516845703125], "15": [12039.9736328125, 4361.830078125, 670.3021850585938], "1": [16439.87109375, 4654.6455078125, 355.009033203125], "11": [4831.50390625, 1873.464111328125, 903.9918212890625]}