{"2": [15122.9140625, 6275.25048828125, 468.78753662109375], "3": [10040.3046875, 2921.7919921875, 638.2119140625], "1": [17163.7109375, 3808.42431640625, 333.3576965332031], "11": [2548.1494140625, 3647.7392578125, 1321.17919921875], "14": [3379.759033203125, 7021.671875, 685.750732421875], "15": [20960.18359375, -474.2646789550781, 350.9103088378906], "10": [3262.078857421875, 1255.872802734375, 775.648193359375]}