{"2": [14965.3291015625, 6223.66259765625, 427.58526611328125], "3": [9990.23828125, 2823.77734375, 596.4755859375], "10": [3413.507568359375, 935.0006103515625, 647.1317138671875], "8": [8306.755859375, 7338.5, 564.033203125], "15": [18389.41015625, -128.66885375976562, 440.7615966796875], "11": [3233.93505859375, 3218.181640625, 994.1395263671875], "1": [16688.130859375, 3845.5908203125, 346.25616455078125], "12": [8868.7890625, 5842.26953125, 518.42822265625], "14": [3177.084716796875, 5791.9306640625, 643.3759765625], "6": [10449.0224609375, 4808.9150390625, 640.0428466796875]}