{"3": [9961.771484375, 2835.104248046875, 604.3038330078125], "15": [17940.8046875, 73.3592529296875, 444.87432861328125], "2": [15098.38671875, 6311.0859375, 400.17462158203125], "10": [3474.8369140625, 560.4481201171875, 748.145751953125], "8": [7991.34521484375, 7590.2802734375, 612.1322021484375], "1": [16638.65234375, 3846.142333984375, 357.5928039550781], "13": [6148.86279296875, 5255.61376953125, 579.955322265625], "12": [8831.1494140625, 5868.912109375, 481.65911865234375], "14": [2958.824951171875, 5464.939453125, 661.2855224609375], "6": [10392.380859375, 4983.45849609375, 608.09814453125]}