{"2": [15386.9990234375, 6415.46435546875, 404.7979736328125], "15": [17235.26171875, 407.34454345703125, 473.8741455078125], "3": [9956.3974609375, 2807.295654296875, 602.2804565429688], "13": [5814.1787109375, 4758.1591796875, 587.8173217773438], "10": [3301.314453125, -130.46597290039062, 711.7716674804688], "12": [8372.3671875, 5806.3984375, 494.8631591796875], "8": [7288.7939453125, 7981.7099609375, 643.2921142578125], "1": [16433.8125, 3721.2373046875, 316.44830322265625], "14": [2700.610595703125, 5107.681640625, 721.3438110351562]}