{
  "2": [
    1473.5635986328125,
    236.93055725097656
  ],
  "4": [
    1091.8699951171875,
    275.8809356689453
  ],
  "1": [
    1323.6070556640625,
    210.23837280273438
  ],
  "8": [
    1237.23388671875,
    337.54444885253906
  ],
  "15": [
    1204.3701782226562,
    140.59817504882812
  ],
  "5": [
    1122.802734375,
    356.9602355957031
  ],
  "14": [
    881.9245910644531,
    556.2798461914062
  ],
  "12": [
    1217.2366943359375,
    430.1028747558594
  ],
  "11": [
    366.0617218017578,
    474.8669738769531
  ],
  "10": [
    257.3612289428711,
    422.96697998046875
  ],
  "7": [
    1169.3242797851562,
    286.8006286621094
  ],
  "3": [
    975.97705078125,
    284.1703186035156
  ]
}