{"27": [1184.963134765625, 293.32398986816406], "2": [1486.0606689453125, 236.3967742919922], "8": [1334.3929443359375, 439.59429931640625], "15": [1093.094970703125, 179.0993423461914], "10": [128.8019027709961, 369.42401123046875], "3": [950.0770263671875, 277.9825134277344], "13": [823.0059509277344, 414.19300842285156], "12": [1121.734130859375, 356.91375732421875], "1": [1294.185791015625, 214.65377807617188], "7": [911.5242919921875, 255.70474243164062], "14": [589.8665771484375, 523.6351928710938], "28": [582.8641967773438, 455.12974548339844], "25": [1682.8564453125, 373.5937194824219]}