{"3": [954.0421142578125, 279.73822021484375], "2": [1476.6679077148438, 238.35871124267578], "15": [1078.98779296875, 182.21749877929688], "7": [844.41357421875, 269.9779052734375], "27": [1143.7930297851562, 291.9344787597656], "8": [1318.668701171875, 472.3969421386719], "13": [744.9431762695312, 403.36883544921875], "12": [1058.0259399414062, 371.8486328125], "10": [81.45301818847656, 370.76153564453125], "1": [1285.8648681640625, 217.47269439697266], "14": [637.2684326171875, 513.8458557128906], "11": [579.1838684082031, 446.97166442871094]}