{
    "1": [
        1461.5565185546875,
        243.9551544189453
    ],
    "2": [
        955.768310546875,
        282.307373046875
    ],
    "7": [
        1136.8809204101562,
        287.19944763183594
    ],
    "5": [
        840.8666687011719,
        268.4038391113281
    ],
    "13": [
        1075.3760375976562,
        187.13470458984375
    ],
    "11": [
        732.2499084472656,
        404.1654357910156
    ],
    "9": [
        91.25390243530273,
        372.50494384765625
    ],
    "6": [
        1307.927978515625,
        481.774658203125
    ],
    "8": [
        1033.3658447265625,
        372.4573059082031
    ],
    "26": [
        653.6681518554688,
        509.86854553222656
    ],
    "14": [
        1280.8764038085938,
        221.51879119873047
    ],
    "10": [
        582.8920593261719,
        456.2109680175781
    ],
    "24": [
        1677.7283935546875,
        381.73626708984375
    ]
}