{
    "1": [
        1458.0932006835938,
        242.34486389160156
    ],
    "7": [
        1135.852783203125,
        288.36627197265625
    ],
    "5": [
        838.5630493164062,
        267.7861022949219
    ],
    "2": [
        957.0997009277344,
        281.5044708251953
    ],
    "6": [
        1299.728271484375,
        493.096435546875
    ],
    "9": [
        91.10684204101562,
        367.0879821777344
    ],
    "8": [
        1012.0835571289062,
        375.2187194824219
    ],
    "13": [
        1074.2257080078125,
        189.90977478027344
    ],
    "12": [
        658.3264770507812,
        505.11566162109375
    ],
    "11": [
        724.6267700195312,
        400.70094299316406
    ],
    "14": [
        1280.1740112304688,
        222.94524383544922
    ],
    "10": [
        580.8945007324219,
        462.73081970214844
    ],
    "24": [
        1676.944580078125,
        381.6476287841797
    ]
}