{"7": [836.7093505859375, 265.0434265136719], "27": [1131.6715087890625, 291.52276611328125], "2": [1460.175048828125, 237.22584533691406], "15": [1073.6538696289062, 188.05148315429688], "10": [78.57814407348633, 356.94480895996094], "8": [1296.4950561523438, 505.6434020996094], "12": [998.0873107910156, 366.57298278808594], "13": [716.215087890625, 397.81683349609375], "14": [664.4569702148438, 507.2328186035156], "3": [958.1960144042969, 280.9542541503906], "1": [1281.4381103515625, 221.8428955078125], "11": [572.0848388671875, 462.1948547363281]}