{
    "7": [
        1129.2110595703125,
        295.27899169921875
    ],
    "1": [
        1453.2551879882812,
        241.22628784179688
    ],
    "5": [
        836.4388732910156,
        267.839599609375
    ],
    "13": [
        1072.2889404296875,
        192.27045440673828
    ],
    "11": [
        712.498046875,
        397.9300231933594
    ],
    "12": [
        672.5270385742188,
        506.63299560546875
    ],
    "6": [
        1290.1190185546875,
        507.7534484863281
    ],
    "8": [
        990.2032775878906,
        365.0621032714844
    ],
    "2": [
        957.8457946777344,
        284.60797119140625
    ],
    "14": [
        1278.4410400390625,
        224.87059783935547
    ],
    "9": [
        98.11782836914062,
        357.0461730957031
    ],
    "10": [
        572.0299987792969,
        463.2774963378906
    ]
}