{"2": [1471.2830200195312, 237.6331558227539], "4": [1082.8250732421875, 274.95166015625], "10": [254.49761962890625, 417.3006896972656], "1": [1329.2699584960938, 207.21356201171875], "3": [968.1954345703125, 278.4200134277344], "15": [1198.8218383789062, 141.89300537109375], "14": [891.8316650390625, 553.3929443359375], "11": [379.8385925292969, 476.75360107421875], "8": [1244.9771728515625, 334.90342712402344], "13": [1218.604248046875, 430.23126220703125], "6": [1143.0109252929688, 357.61326599121094], "7": [1182.1475219726562, 281.20745849609375]}