{"27": [1124.6626586914062, 289.57733154296875], "7": [825.7490234375, 263.6555938720703], "15": [1066.4669189453125, 191.0655059814453], "2": [1454.8572998046875, 237.5796356201172], "13": [673.2432250976562, 383.4563293457031], "10": [108.70848846435547, 345.23805236816406], "8": [1248.8080444335938, 535.9519653320312], "1": [1274.7646484375, 221.41159057617188], "11": [524.56103515625, 466.5572052001953], "3": [950.9236450195312, 283.53790283203125], "6": [932.4874877929688, 353.1309509277344], "14": [734.6029052734375, 491.7201232910156]}