{
    "5": [
        822.5623474121094,
        266.82464599609375
    ],
    "7": [
        1125.7838745117188,
        291.6483459472656
    ],
    "13": [
        1065.0172729492188,
        195.55763244628906
    ],
    "1": [
        1449.8876953125,
        242.76341247558594
    ],
    "9": [
        137.1084976196289,
        338.3257751464844
    ],
    "11": [
        672.6448974609375,
        381.1142272949219
    ],
    "6": [
        1240.0774536132812,
        543.3418579101562
    ],
    "14": [
        1269.72900390625,
        223.9270782470703
    ],
    "10": [
        522.3996124267578,
        459.44276428222656
    ],
    "26": [
        745.2137756347656,
        486.7841796875
    ],
    "2": [
        948.7848815917969,
        285.36529541015625
    ],
    "20": [
        922.9617614746094,
        352.728271484375
    ]
}