{"3": [946.7366943359375, 281.5053405761719], "27": [1127.7059936523438, 290.8498840332031], "7": [819.1997375488281, 263.4459533691406], "15": [1061.3973388671875, 194.20986938476562], "2": [1454.3923950195312, 240.17791748046875], "13": [665.8287353515625, 375.5201416015625], "6": [912.6640014648438, 350.9383239746094], "1": [1268.7404174804688, 220.52635955810547], "8": [1229.1840209960938, 548.1176147460938], "11": [509.235107421875, 456.43115234375], "10": [142.46993255615234, 333.449462890625], "14": [759.2455444335938, 483.9209289550781]}