{
    "7": [
        1136.8115844726562,
        291.85113525390625
    ],
    "2": [
        954.05322265625,
        285.90771484375
    ],
    "1": [
        1448.3047485351562,
        245.3442611694336
    ],
    "5": [
        817.179443359375,
        264.4776916503906
    ],
    "13": [
        1052.719970703125,
        198.09884643554688
    ],
    "9": [
        241.53036499023438,
        325.3251647949219
    ],
    "20": [
        892.2776794433594,
        333.3873291015625
    ],
    "14": [
        1257.7062377929688,
        223.66481018066406
    ],
    "11": [
        666.4422912597656,
        372.0141143798828
    ],
    "10": [
        508.5569305419922,
        432.37371826171875
    ],
    "26": [
        797.6849060058594,
        464.470458984375
    ],
    "6": [
        1199.7850341796875,
        523.34326171875
    ]
}