{
    "1": [
        1450.992431640625,
        243.62642669677734
    ],
    "5": [
        814.2580871582031,
        266.5295715332031
    ],
    "2": [
        958.6471862792969,
        285.6862335205078
    ],
    "7": [
        1138.3506469726562,
        294.8284454345703
    ],
    "13": [
        1052.7352294921875,
        199.53770446777344
    ],
    "9": [
        262.3605651855469,
        326.57080078125
    ],
    "20": [
        891.4976501464844,
        324.47003173828125
    ],
    "11": [
        667.5009460449219,
        369.4150848388672
    ],
    "14": [
        1257.0253295898438,
        223.143798828125
    ],
    "10": [
        507.9593048095703,
        432.99732971191406
    ],
    "6": [
        1197.1832275390625,
        517.8133850097656
    ],
    "26": [
        803.125732421875,
        458.86297607421875
    ]
}