{
    "2": [
        959.9293823242188,
        285.5740661621094
    ],
    "13": [
        1051.664306640625,
        201.6281967163086
    ],
    "1": [
        1454.9087524414062,
        240.32489013671875
    ],
    "5": [
        810.7373657226562,
        268.21205139160156
    ],
    "7": [
        1148.7374877929688,
        298.4212646484375
    ],
    "10": [
        504.239990234375,
        432.69036865234375
    ],
    "9": [
        284.4546661376953,
        324.2262268066406
    ],
    "26": [
        807.0406799316406,
        454.5644226074219
    ],
    "11": [
        667.9936828613281,
        367.66856384277344
    ],
    "14": [
        1257.7599487304688,
        223.02854919433594
    ],
    "6": [
        1197.4840698242188,
        504.37135314941406
    ],
    "20": [
        889.6074829101562,
        319.1297302246094
    ]
}