{
    "2": [
        961.6777954101562,
        286.5873260498047
    ],
    "5": [
        808.5107116699219,
        268.24122619628906
    ],
    "1": [
        1456.4028930664062,
        240.6477813720703
    ],
    "13": [
        1051.7092895507812,
        200.8150405883789
    ],
    "7": [
        1155.1445922851562,
        298.55902099609375
    ],
    "9": [
        295.47764587402344,
        318.2038269042969
    ],
    "20": [
        890.157958984375,
        318.4391784667969
    ],
    "10": [
        504.0354766845703,
        429.94615173339844
    ],
    "26": [
        811.60986328125,
        453.46075439453125
    ],
    "14": [
        1257.7723999023438,
        222.49813842773438
    ],
    "11": [
        667.2479858398438,
        366.0062561035156
    ],
    "6": [
        1200.0700073242188,
        498.81842041015625
    ]
}