{
    "13": [
        1050.7070922851562,
        199.73654174804688
    ],
    "1": [
        1456.945556640625,
        242.4653778076172
    ],
    "5": [
        802.8418273925781,
        268.78050231933594
    ],
    "2": [
        964.1475524902344,
        288.2421417236328
    ],
    "10": [
        506.700927734375,
        420.5448303222656
    ],
    "9": [
        319.2884826660156,
        312.7167053222656
    ],
    "14": [
        1259.0347290039062,
        222.03345489501953
    ],
    "7": [
        1163.0055541992188,
        305.5124816894531
    ],
    "26": [
        815.2917785644531,
        450.47540283203125
    ],
    "11": [
        666.19189453125,
        363.28416442871094
    ],
    "6": [
        1207.3917846679688,
        482.6475372314453
    ],
    "20": [
        886.9328002929688,
        322.2552795410156
    ]
}