{
    "13": [
        1046.9867553710938,
        200.18839263916016
    ],
    "1": [
        1459.5046997070312,
        246.86468505859375
    ],
    "5": [
        795.5229187011719,
        265.62579345703125
    ],
    "2": [
        965.7103271484375,
        300.25941467285156
    ],
    "6": [
        1213.0924072265625,
        481.2420349121094
    ],
    "11": [
        666.4510803222656,
        360.98057556152344
    ],
    "26": [
        820.9070129394531,
        444.7508850097656
    ],
    "10": [
        510.2570343017578,
        407.9008331298828
    ],
    "14": [
        1261.3218383789062,
        225.55702209472656
    ],
    "9": [
        353.43170166015625,
        311.42041015625
    ],
    "20": [
        885.9946594238281,
        335.8493347167969
    ],
    "7": [
        1174.736328125,
        310.9275817871094
    ]
}