{"15": [1046.1995849609375, 197.5325927734375], "2": [1469.0029296875, 245.31382751464844], "3": [964.2069396972656, 300.8976745605469], "7": [792.6233215332031, 261.77061462402344], "8": [1218.4163818359375, 477.69773864746094], "10": [352.06224060058594, 307.71754455566406], "11": [504.8937683105469, 407.3734130859375], "13": [664.0233154296875, 358.30316162109375], "1": [1266.3298950195312, 223.84869384765625], "14": [823.235107421875, 443.70347595214844], "6": [885.8197937011719, 339.3199768066406], "27": [1178.1414184570312, 310.36236572265625]}