{
    "1": [
        1468.7774658203125,
        248.6859130859375
    ],
    "13": [
        1044.6217651367188,
        201.4878921508789
    ],
    "2": [
        961.456298828125,
        302.6467742919922
    ],
    "6": [
        1218.3682861328125,
        475.9573669433594
    ],
    "5": [
        792.1436462402344,
        263.515869140625
    ],
    "9": [
        372.2882537841797,
        312.6016082763672
    ],
    "7": [
        1182.2867431640625,
        310.68650817871094
    ],
    "11": [
        666.2127685546875,
        358.8085479736328
    ],
    "10": [
        511.5747833251953,
        407.46876525878906
    ],
    "14": [
        1264.3847045898438,
        227.671142578125
    ],
    "26": [
        825.4576110839844,
        443.7401123046875
    ],
    "20": [
        884.6419677734375,
        343.07611083984375
    ]
}