{
    "13": [
        1042.9688720703125,
        202.46429443359375
    ],
    "1": [
        1473.0299072265625,
        249.40576171875
    ],
    "6": [
        1222.180419921875,
        470.32545471191406
    ],
    "5": [
        791.2695922851562,
        263.3890380859375
    ],
    "2": [
        958.1945495605469,
        302.27313232421875
    ],
    "26": [
        825.0091552734375,
        442.61683654785156
    ],
    "7": [
        1188.9197387695312,
        308.55397033691406
    ],
    "11": [
        666.0623779296875,
        358.4517059326172
    ],
    "20": [
        883.7711181640625,
        343.8988342285156
    ],
    "9": [
        380.1773223876953,
        312.47560119628906
    ],
    "10": [
        515.1397552490234,
        406.0898742675781
    ],
    "14": [
        1265.7949829101562,
        228.54866790771484
    ]
}