{
    "13": [
        1040.3651123046875,
        203.75029754638672
    ],
    "1": [
        1486.28125,
        247.0923614501953
    ],
    "5": [
        787.9977416992188,
        264.5263671875
    ],
    "26": [
        830.1293029785156,
        440.11326599121094
    ],
    "11": [
        665.7171020507812,
        357.2105255126953
    ],
    "6": [
        1227.7645263671875,
        452.3481750488281
    ],
    "8": [
        1206.7603759765625,
        302.5588073730469
    ],
    "20": [
        885.2939147949219,
        342.5920715332031
    ],
    "9": [
        398.40794372558594,
        311.4294738769531
    ],
    "14": [
        1269.738525390625,
        230.1267852783203
    ],
    "10": [
        519.9081115722656,
        402.3711853027344
    ],
    "2": [
        947.1058349609375,
        298.27972412109375
    ]
}