{
    "13": [
        1032.4891357421875,
        205.80535125732422
    ],
    "1": [
        1500.8466796875,
        243.5435562133789
    ],
    "11": [
        667.0631713867188,
        356.33067321777344
    ],
    "26": [
        832.9295654296875,
        428.4348449707031
    ],
    "5": [
        782.13330078125,
        267.0489959716797
    ],
    "9": [
        446.49623107910156,
        307.5572204589844
    ],
    "6": [
        1242.9267578125,
        431.31158447265625
    ],
    "14": [
        1284.1383666992188,
        231.21175384521484
    ],
    "10": [
        524.7633056640625,
        382.7836456298828
    ],
    "20": [
        891.3608703613281,
        340.10118103027344
    ],
    "8": [
        1237.9385986328125,
        291.1149597167969
    ],
    "2": [
        929.1402282714844,
        288.7677307128906
    ]
}