{"15": [1031.1428833007812, 200.20575714111328], "2": [1509.2442016601562, 238.92556762695312], "7": [774.4887084960938, 264.2597351074219], "8": [1247.505859375, 428.68145751953125], "13": [666.2041015625, 354.15907287597656], "14": [831.9006958007812, 428.0373077392578], "27": [1260.4703979492188, 288.89573669433594], "1": [1300.1591186523438, 225.8382568359375], "10": [461.90284729003906, 309.28916931152344], "6": [896.0149230957031, 341.3753967285156], "11": [525.1266479492188, 377.0991516113281]}