{
    "13": [
        1030.0629577636719,
        203.25469207763672
    ],
    "1": [
        1502.8689575195312,
        242.76832580566406
    ],
    "6": [
        1245.5953369140625,
        429.15061950683594
    ],
    "11": [
        668.1541137695312,
        356.3358154296875
    ],
    "5": [
        776.88720703125,
        266.9018859863281
    ],
    "26": [
        832.1925659179688,
        428.4998779296875
    ],
    "14": [
        1295.2351684570312,
        229.86102294921875
    ],
    "9": [
        469.1388702392578,
        312.0806121826172
    ],
    "8": [
        1258.044677734375,
        290.2267608642578
    ],
    "10": [
        530.1322631835938,
        378.9416198730469
    ],
    "20": [
        897.140869140625,
        341.6758575439453
    ]
}