{
    "13": [
        1029.5284729003906,
        202.03277587890625
    ],
    "1": [
        1504.2374877929688,
        243.10194396972656
    ],
    "5": [
        773.1324462890625,
        263.98411560058594
    ],
    "6": [
        1248.4600219726562,
        431.59820556640625
    ],
    "11": [
        670.3701171875,
        356.38075256347656
    ],
    "26": [
        833.7953796386719,
        427.4353485107422
    ],
    "8": [
        1267.5419311523438,
        286.8299865722656
    ],
    "10": [
        531.7778625488281,
        377.7217254638672
    ],
    "20": [
        895.8014526367188,
        344.340087890625
    ],
    "14": [
        1298.166259765625,
        230.8499755859375
    ],
    "9": [
        477.1905517578125,
        307.78375244140625
    ]
}