{
    "13": [
        1028.6540222167969,
        201.1055145263672
    ],
    "1": [
        1505.1963500976562,
        242.99134826660156
    ],
    "5": [
        769.5452270507812,
        269.1472625732422
    ],
    "6": [
        1252.7467041015625,
        431.0520935058594
    ],
    "11": [
        672.355712890625,
        355.53851318359375
    ],
    "26": [
        833.7466125488281,
        429.06427001953125
    ],
    "8": [
        1274.85595703125,
        285.5169219970703
    ],
    "20": [
        897.6903991699219,
        343.77000427246094
    ],
    "14": [
        1300.16650390625,
        230.06301879882812
    ],
    "10": [
        531.5942077636719,
        376.3982849121094
    ],
    "9": [
        493.8513641357422,
        314.4641876220703
    ]
}