{
    "13": [
        1027.4057922363281,
        201.84502410888672
    ],
    "6": [
        1254.9298095703125,
        433.5859680175781
    ],
    "1": [
        1507.0519409179688,
        241.1868896484375
    ],
    "11": [
        675.9166870117188,
        353.9676208496094
    ],
    "8": [
        1289.4758911132812,
        288.31134033203125
    ],
    "20": [
        902.6468505859375,
        344.7125244140625
    ],
    "26": [
        835.8455810546875,
        427.6116027832031
    ],
    "5": [
        766.6028137207031,
        269.056640625
    ],
    "10": [
        537.2125549316406,
        377.03302001953125
    ],
    "14": [
        1308.38671875,
        227.9882049560547
    ],
    "9": [
        519.9850769042969,
        322.5047912597656
    ]
}