{
    "6": [
        1262.2653198242188,
        410.081298828125
    ],
    "13": [
        1024.2795104980469,
        209.67266845703125
    ],
    "1": [
        1507.1126708984375,
        239.19287109375
    ],
    "26": [
        830.6640930175781,
        427.57293701171875
    ],
    "11": [
        689.3785095214844,
        350.8217315673828
    ],
    "5": [
        760.6979675292969,
        274.33734130859375
    ],
    "20": [
        914.1371459960938,
        347.5979461669922
    ],
    "8": [
        1329.1732788085938,
        287.8112335205078
    ],
    "10": [
        540.4584655761719,
        364.8861389160156
    ],
    "9": [
        529.8038635253906,
        301.39678955078125
    ],
    "14": [
        1319.1057739257812,
        228.01084899902344
    ]
}