{
    "6": [
        1261.7030639648438,
        403.3530578613281
    ],
    "13": [
        1023.344970703125,
        210.0418701171875
    ],
    "1": [
        1506.7122192382812,
        238.83425903320312
    ],
    "20": [
        916.4777221679688,
        348.6204528808594
    ],
    "11": [
        692.6807250976562,
        349.0156555175781
    ],
    "5": [
        759.0511779785156,
        276.4709167480469
    ],
    "26": [
        828.1290283203125,
        427.58042907714844
    ],
    "8": [
        1332.4970703125,
        290.70025634765625
    ],
    "32": [
        532.7188415527344,
        285.4842071533203
    ],
    "10": [
        539.7239379882812,
        363.1848449707031
    ],
    "14": [
        1324.4481811523438,
        226.72064971923828
    ]
}