{
    "6": [
        1249.9779663085938,
        374.72216796875
    ],
    "5": [
        735.7001647949219,
        230.58421325683594
    ],
    "1": [
        1507.3480834960938,
        240.03321075439453
    ],
    "13": [
        1020.8133850097656,
        208.30496215820312
    ],
    "26": [
        774.5166320800781,
        417.7087097167969
    ],
    "11": [
        714.4283447265625,
        342.7000427246094
    ],
    "20": [
        925.3684692382812,
        346.5070495605469
    ],
    "10": [
        541.30517578125,
        354.9478302001953
    ],
    "8": [
        1381.7953491210938,
        273.1988525390625
    ],
    "33": [
        819.6354370117188,
        254.39596557617188
    ],
    "14": [
        1344.5452270507812,
        236.73358917236328
    ]
}