{
    "6": [
        1247.460693359375,
        372.3828582763672
    ],
    "1": [
        1507.3104858398438,
        239.2950668334961
    ],
    "5": [
        733.8875732421875,
        222.65667724609375
    ],
    "13": [
        1020.7986755371094,
        207.7008056640625
    ],
    "26": [
        769.569091796875,
        416.6663818359375
    ],
    "20": [
        926.890869140625,
        347.30511474609375
    ],
    "11": [
        716.4780578613281,
        342.68165588378906
    ],
    "10": [
        539.6521301269531,
        352.7690887451172
    ],
    "33": [
        814.8921813964844,
        239.08335876464844
    ],
    "8": [
        1384.6370239257812,
        270.8369598388672
    ],
    "9": [
        551.8385925292969,
        216.22149658203125
    ],
    "14": [
        1346.4755249023438,
        231.71485137939453
    ]
}