{"8": [1244.072998046875, 365.33856201171875], "2": [1511.5723266601562, 237.38754272460938], "7": [726.87744140625, 200.29779052734375], "15": [1021.1737060546875, 202.8512420654297], "6": [927.066650390625, 346.2196502685547], "14": [753.56494140625, 414.7568359375], "10": [552.6517944335938, 218.90738677978516], "11": [525.9121398925781, 346.96510314941406], "1": [1400.5443115234375, 263.93760681152344], "13": [722.7957458496094, 342.64134216308594], "33": [812.7735290527344, 211.06777954101562]}