{
    "6": [
        1241.8222045898438,
        367.1476593017578
    ],
    "13": [
        1021.1129760742188,
        205.0067901611328
    ],
    "1": [
        1505.6067504882812,
        241.3360137939453
    ],
    "5": [
        729.1429748535156,
        204.13619995117188
    ],
    "20": [
        926.9747314453125,
        346.2355194091797
    ],
    "26": [
        753.8651123046875,
        415.0904998779297
    ],
    "10": [
        532.0154724121094,
        348.5939483642578
    ],
    "8": [
        1394.99609375,
        267.98667907714844
    ],
    "33": [
        812.6251220703125,
        211.6124267578125
    ],
    "2": [
        724.5101013183594,
        343.83056640625
    ],
    "9": [
        558.37890625,
        221.5273895263672
    ]
}