{"8": [1236.1590576171875, 355.13548278808594], "15": [1021.5735168457031, 201.7607192993164], "2": [1512.0604248046875, 242.68959045410156], "32": [565.212646484375, 236.2289276123047], "6": [926.5555725097656, 344.12770080566406], "30": [1412.2269287109375, 273.9027099609375], "3": [733.1676940917969, 342.87562561035156], "11": [524.7477722167969, 342.83843994140625], "33": [810.7653198242188, 199.09820556640625], "14": [738.3750915527344, 419.5362548828125], "1": [1367.09765625, 222.2925262451172]}