{
    "6": [
        1233.7268676757812,
        355.9093322753906
    ],
    "13": [
        1020.804443359375,
        204.77401733398438
    ],
    "1": [
        1505.9371337890625,
        245.87245178222656
    ],
    "9": [
        569.7399597167969,
        240.50972747802734
    ],
    "5": [
        727.4894714355469,
        201.0796661376953
    ],
    "20": [
        926.3656921386719,
        344.3745880126953
    ],
    "11": [
        735.5267639160156,
        345.87855529785156
    ],
    "10": [
        529.5265808105469,
        343.98081970214844
    ],
    "14": [
        1360.963623046875,
        225.16481018066406
    ],
    "26": [
        738.1663208007812,
        419.5575714111328
    ],
    "33": [
        810.0167846679688,
        204.59756469726562
    ]
}