{
    "13": [
        1022.9537353515625,
        206.3540267944336
    ],
    "6": [
        1224.72119140625,
        350.2348937988281
    ],
    "1": [
        1515.0977783203125,
        256.3626022338867
    ],
    "33": [
        801.9120788574219,
        209.96598052978516
    ],
    "9": [
        579.7386779785156,
        295.77850341796875
    ],
    "26": [
        702.4099731445312,
        419.9980773925781
    ],
    "20": [
        923.8230285644531,
        354.89112854003906
    ],
    "10": [
        522.74072265625,
        345.8739318847656
    ],
    "8": [
        1417.6204833984375,
        279.50047302246094
    ],
    "2": [
        746.8270263671875,
        341.01768493652344
    ],
    "14": [
        1373.8798217773438,
        233.93875885009766
    ],
    "5": [
        725.5866088867188,
        224.4974365234375
    ]
}