{
    "13": [
        1026.6983337402344,
        203.91028594970703
    ],
    "33": [
        800.3749694824219,
        218.72866821289062
    ],
    "1": [
        1516.5840454101562,
        257.8714141845703
    ],
    "6": [
        1223.8807983398438,
        349.3409729003906
    ],
    "20": [
        921.4712524414062,
        358.6708221435547
    ],
    "11": [
        695.1182250976562,
        418.8118591308594
    ],
    "8": [
        1427.75634765625,
        275.62046813964844
    ],
    "10": [
        515.4444274902344,
        341.5723571777344
    ],
    "2": [
        753.9656677246094,
        339.7718200683594
    ],
    "9": [
        583.7121887207031,
        302.78289794921875
    ],
    "5": [
        724.306640625,
        238.95376586914062
    ],
    "14": [
        1373.3794555664062,
        234.01029205322266
    ]
}