{
    "1": [
        1538.4910888671875,
        246.65782928466797
    ],
    "13": [
        1034.0065307617188,
        200.44263458251953
    ],
    "5": [
        728.4259643554688,
        267.14739990234375
    ],
    "26": [
        681.5755920410156,
        423.66888427734375
    ],
    "20": [
        923.416015625,
        342.3176727294922
    ],
    "8": [
        1437.1875,
        281.78851318359375
    ],
    "9": [
        572.8751831054688,
        304.0602111816406
    ],
    "14": [
        1365.497802734375,
        221.2643051147461
    ],
    "2": [
        784.2940063476562,
        328.93359375
    ],
    "10": [
        499.0694122314453,
        336.8401336669922
    ],
    "6": [
        1222.842529296875,
        348.6342315673828
    ]
}