{"2": [1556.5225830078125, 238.2102508544922], "14": [678.4133605957031, 422.42633056640625], "15": [1038.9182739257812, 209.01522064208984], "7": [733.3157958984375, 262.5122375488281], "32": [561.744140625, 297.8525390625], "30": [1459.4442749023438, 278.28245544433594], "6": [925.1335144042969, 352.8538513183594], "13": [800.1598205566406, 326.4587707519531], "11": [483.02162170410156, 336.41204833984375], "1": [1368.552001953125, 219.91284942626953], "8": [1237.440185546875, 339.5021667480469], "3": [798.2110900878906, 274.9927673339844]}