{"15": [1042.6412963867188, 213.42816162109375], "2": [1562.1901245117188, 243.903564453125], "14": [668.088134765625, 420.7749328613281], "8": [1248.2110595703125, 332.8365173339844], "6": [926.867919921875, 357.72303771972656], "7": [739.6666564941406, 256.9483337402344], "30": [1475.8948364257812, 274.3459777832031], "1": [1370.5346069335938, 217.25936889648438], "32": [553.0019836425781, 301.5980529785156], "11": [475.0792236328125, 339.7697448730469], "13": [817.6087951660156, 320.6243591308594], "3": [800.27099609375, 271.6431579589844]}