{
    "13": [
        1043.9910888671875,
        216.52491760253906
    ],
    "6": [
        1254.086181640625,
        327.739501953125
    ],
    "1": [
        1565.813232421875,
        250.01123046875
    ],
    "26": [
        662.5931701660156,
        424.6185607910156
    ],
    "20": [
        933.6027526855469,
        357.86273193359375
    ],
    "14": [
        1368.314697265625,
        218.45677947998047
    ],
    "5": [
        749.4634094238281,
        255.46160888671875
    ],
    "9": [
        546.1488952636719,
        298.203125
    ],
    "10": [
        477.0598449707031,
        343.91461181640625
    ],
    "11": [
        828.8577270507812,
        324.1481628417969
    ],
    "2": [
        804.878662109375,
        267.5855407714844
    ]
}