{
    "13": [
        1044.974853515625,
        218.2210235595703
    ],
    "1": [
        1578.6731567382812,
        251.66412353515625
    ],
    "26": [
        656.8020935058594,
        431.6427001953125
    ],
    "6": [
        1258.4197998046875,
        330.9510498046875
    ],
    "2": [
        803.3616638183594,
        264.6398620605469
    ],
    "10": [
        471.37738037109375,
        339.60792541503906
    ],
    "20": [
        934.6863708496094,
        354.9022521972656
    ],
    "5": [
        752.8743286132812,
        255.3929443359375
    ],
    "14": [
        1370.1936645507812,
        218.1977081298828
    ],
    "9": [
        543.2898254394531,
        295.0794219970703
    ],
    "11": [
        840.9004211425781,
        326.49346923828125
    ],
    "8": [
        1486.5062255859375,
        295.2243194580078
    ]
}