{
    "1": [
        1625.7410278320312,
        245.06507110595703
    ],
    "6": [
        1280.470703125,
        349.3001708984375
    ],
    "13": [
        1052.0291748046875,
        211.07915496826172
    ],
    "26": [
        644.9102172851562,
        446.6156005859375
    ],
    "9": [
        530.4552001953125,
        299.5512237548828
    ],
    "14": [
        1372.0130615234375,
        213.46619415283203
    ],
    "10": [
        447.8253173828125,
        347.6324920654297
    ],
    "5": [
        763.9159545898438,
        248.82298278808594
    ],
    "2": [
        808.3564758300781,
        269.1475372314453
    ],
    "20": [
        943.8404235839844,
        365.5286102294922
    ],
    "11": [
        869.1222229003906,
        323.5135498046875
    ],
    "8": [
        1539.5432739257812,
        315.9413604736328
    ]
}