{"8": [1332.88037109375, 357.4037170410156], "6": [978.2783508300781, 382.3087158203125], "11": [432.7196960449219, 355.27899169921875], "15": [1069.2083129882812, 217.78753662109375], "32": [498.7696838378906, 300.8087615966797], "1": [1371.576171875, 210.11937713623047], "33": [837.5514221191406, 270.08795166015625], "14": [640.3902587890625, 477.7055206298828], "3": [915.5432739257812, 318.8343963623047], "7": [775.9142761230469, 233.96725463867188], "2": [1684.9366455078125, 264.45494079589844]}