{
    "9": [
        501.1127166748047,
        302.9978332519531
    ],
    "6": [
        1341.6582641601562,
        347.42266845703125
    ],
    "10": [
        443.7697296142578,
        355.8698425292969
    ],
    "13": [
        1073.8273315429688,
        222.49078369140625
    ],
    "20": [
        986.5483093261719,
        381.3426208496094
    ],
    "26": [
        659.2765502929688,
        481.10142517089844
    ],
    "14": [
        1364.0042724609375,
        217.0325164794922
    ],
    "2": [
        846.9387512207031,
        265.85540771484375
    ],
    "11": [
        928.8020935058594,
        317.57777404785156
    ],
    "5": [
        783.5907592773438,
        233.10191345214844
    ],
    "40": [
        1706.3419189453125,
        273.463134765625
    ]
}