{
    "9": [
        499.4767303466797,
        304.7449035644531
    ],
    "6": [
        1344.991455078125,
        347.08856201171875
    ],
    "10": [
        444.3273010253906,
        358.229248046875
    ],
    "26": [
        664.273193359375,
        474.64569091796875
    ],
    "13": [
        1076.3403930664062,
        226.78624725341797
    ],
    "14": [
        1363.2821044921875,
        218.87010192871094
    ],
    "20": [
        988.58984375,
        381.2663269042969
    ],
    "2": [
        848.6608581542969,
        267.87408447265625
    ],
    "11": [
        930.8834228515625,
        316.31080627441406
    ],
    "5": [
        784.3052673339844,
        232.77030181884766
    ],
    "1": [
        1712.8645629882812,
        274.8428039550781
    ]
}