{
    "9": [
        497.4540710449219,
        304.02764892578125
    ],
    "6": [
        1351.5767822265625,
        351.9486999511719
    ],
    "10": [
        448.47682189941406,
        357.34698486328125
    ],
    "20": [
        994.3522338867188,
        381.63720703125
    ],
    "26": [
        669.5654602050781,
        470.0050354003906
    ],
    "13": [
        1080.4164428710938,
        232.47943115234375
    ],
    "1": [
        1724.083740234375,
        276.97406005859375
    ],
    "2": [
        854.3182678222656,
        267.65550231933594
    ],
    "14": [
        1362.5145874023438,
        218.5262451171875
    ],
    "5": [
        787.5444030761719,
        230.89315032958984
    ],
    "11": [
        937.9299926757812,
        314.6865234375
    ]
}