{
    "1": [
        1728.969482421875,
        281.50083923339844
    ],
    "10": [
        449.0954284667969,
        358.76641845703125
    ],
    "6": [
        1355.4545288085938,
        356.01202392578125
    ],
    "13": [
        1082.5001220703125,
        236.0233917236328
    ],
    "20": [
        999.268310546875,
        383.65435791015625
    ],
    "9": [
        494.4080810546875,
        306.158935546875
    ],
    "26": [
        671.5393676757812,
        467.18223571777344
    ],
    "2": [
        857.3947143554688,
        267.2958679199219
    ],
    "14": [
        1363.8052368164062,
        217.77572631835938
    ],
    "5": [
        790.1030578613281,
        231.56146240234375
    ],
    "11": [
        942.974609375,
        315.7138671875
    ]
}