{
    "20": [
        1048.8006591796875,
        394.98875427246094
    ],
    "6": [
        1391.321044921875,
        378.69403076171875
    ],
    "13": [
        1112.0278930664062,
        243.71580505371094
    ],
    "26": [
        720.0635986328125,
        473.4976806640625
    ],
    "14": [
        1363.8917846679688,
        218.9300079345703
    ],
    "5": [
        815.6676330566406,
        229.11419677734375
    ],
    "10": [
        477.8357849121094,
        365.1033477783203
    ],
    "1": [
        1795.3121948242188,
        299.30784606933594
    ],
    "11": [
        983.7799377441406,
        320.3334045410156
    ],
    "2": [
        887.312744140625,
        274.24903869628906
    ],
    "9": [
        489.66114807128906,
        316.1256866455078
    ]
}