{
    "1": [
        1840.826904296875,
        327.1351776123047
    ],
    "6": [
        1403.5653076171875,
        386.42034912109375
    ],
    "20": [
        1077.9747314453125,
        399.8272705078125
    ],
    "14": [
        1363.8470458984375,
        217.5589370727539
    ],
    "10": [
        488.548828125,
        371.2243194580078
    ],
    "26": [
        758.2891235351562,
        479.7260284423828
    ],
    "13": [
        1133.8734130859375,
        242.0406951904297
    ],
    "11": [
        999.0681457519531,
        315.77320861816406
    ],
    "5": [
        827.0411071777344,
        226.88433837890625
    ],
    "2": [
        902.0152282714844,
        278.9026794433594
    ],
    "9": [
        484.6607971191406,
        314.1484375
    ]
}