{"45": [499.4981384277344, 383.1516876220703], "8": [1420.2942504882812, 396.4571838378906], "3": [1035.9378662109375, 322.21795654296875], "33": [932.3949279785156, 277.9299011230469], "14": [803.7688903808594, 489.1463165283203], "15": [1178.884033203125, 252.8754425048828], "1": [1370.807861328125, 218.417724609375], "6": [1143.6474609375, 411.06373596191406], "2": [1899.5880737304688, 362.92613220214844], "7": [861.5792846679688, 222.75724029541016], "11": [488.41307067871094, 330.0595245361328]}