{"2": [1465.0423583984375, 242.09703826904297], "4": [1075.8797607421875, 276.4053955078125], "1": [1329.657470703125, 209.82354736328125], "12": [1198.4049682617188, 430.54449462890625], "14": [908.8545837402344, 565.5207824707031], "11": [383.7045135498047, 477.521484375], "10": [267.93951416015625, 403.80609130859375], "15": [1160.4468994140625, 152.73270416259766], "3": [962.3320617675781, 283.08941650390625], "8": [1259.3037109375, 347.9848937988281], "9": [1156.5285034179688, 353.37298583984375], "6": [1196.5728149414062, 288.35426330566406]}