{"2": [1452.5610961914062, 241.74188232421875], "3": [950.2747497558594, 280.8529052734375], "4": [1123.1304931640625, 286.11370849609375], "10": [265.95816802978516, 398.2363739013672], "8": [1286.5794677734375, 364.8555603027344], "1": [1321.643798828125, 208.26596069335938], "11": [402.42820739746094, 470.15184020996094], "14": [816.2953796386719, 529.80615234375], "13": [1036.6799926757812, 429.9193115234375], "12": [1154.297119140625, 351.0562438964844], "23": [1178.3983764648438, 278.1246643066406]}