{"3": [951.5287170410156, 280.2443542480469], "2": [1465.4661865234375, 240.6847381591797], "15": [1104.981689453125, 169.5942840576172], "10": [245.67918395996094, 395.1075134277344], "8": [1322.2136840820312, 384.7240905761719], "1": [1316.7310180664062, 208.25299072265625], "13": [943.0171813964844, 413.6289978027344], "7": [1088.2350463867188, 265.46771240234375], "14": [677.5155944824219, 527.3254699707031], "6": [1163.88916015625, 292.21376037597656], "11": [464.3653106689453, 481.0195007324219], "12": [1174.9190673828125, 351.638916015625]}