{"27": [1189.65234375, 294.2173156738281], "2": [1485.9766235351562, 235.9264373779297], "15": [1101.6947631835938, 176.69145965576172], "3": [948.9297790527344, 283.4222106933594], "8": [1333.167236328125, 402.2184143066406], "12": [1154.2904052734375, 358.6034698486328], "10": [182.81173706054688, 392.79930114746094], "1": [1305.2789306640625, 212.7229766845703], "13": [881.0458068847656, 409.09312438964844], "14": [594.9208374023438, 526.8756408691406], "7": [982.182373046875, 257.03863525390625], "11": [549.6580200195312, 497.4540252685547]}