{
    "4": [
        1077.4039306640625,
        203.84051513671875,
        0.9099700450897217,
        1081.34521484375,
        199.89915466308594,
        0.8986738324165344,
        1073.4625244140625,
        199.89915466308594,
        0.9215483069419861,
        1085.28662109375,
        199.89915466308594,
        0.942340075969696,
        1067.550537109375,
        199.89915466308594,
        0.9144683480262756,
        1095.1400146484375,
        219.60597229003906,
        0.9160481691360474,
        1057.697021484375,
        219.60597229003906,
        0.9264551401138306,
        1101.0521240234375,
        245.224853515625,
        0.8328654766082764,
        1049.8143310546875,
        249.1662139892578,
        0.8852165341377258,
        1089.22802734375,
        241.2834930419922,
        0.7604933977127075,
        1043.90234375,
        276.7557678222656,
        0.8958452343940735,
        1087.25732421875,
        278.7264709472656,
        0.8083631992340088,
        1063.609130859375,
        278.7264709472656,
        0.8176124691963196,
        1091.19873046875,
        320.1108093261719,
        0.8795908093452454,
        1059.667724609375,
        324.0521545410156,
        0.8746414184570312,
        1095.1400146484375,
        361.4951477050781,
        0.8905673623085022,
        1063.609130859375,
        365.4364929199219,
        0.9019659757614136
    ],
    "2": [
        1476.30908203125,
        169.93276977539062,
        0.9127089977264404,
        1479.78466796875,
        166.45712280273438,
        0.9213122129440308,
        1472.8333740234375,
        166.45712280273438,
        0.9139593839645386,
        1486.7359619140625,
        169.93276977539062,
        0.9537419676780701,
        1469.3577880859375,
        169.93276977539062,
        0.9217520952224731,
        1490.211669921875,
        192.52450561523438,
        0.8974113464355469,
        1462.406494140625,
        190.78668212890625,
        0.922183632850647,
        1493.687255859375,
        220.32972717285156,
        0.934170126914978,
        1457.1929931640625,
        215.1162567138672,
        0.8946948647499084,
        1493.687255859375,
        246.39712524414062,
        0.8546924591064453,
        1451.9794921875,
        237.70799255371094,
        0.8231208920478821,
        1481.5224609375,
        241.1836395263672,
        0.7824163436889648,
        1462.406494140625,
        239.44581604003906,
        0.8249959349632263,
        1476.30908203125,
        279.4158020019531,
        0.831460177898407,
        1453.71728515625,
        270.7266845703125,
        0.893317699432373,
        1471.0955810546875,
        312.43450927734375,
        0.8061504364013672,
        1462.406494140625,
        300.26971435546875,
        0.87017822265625
    ],
    "3": [
        951.7667236328125,
        210.90093994140625,
        0.9239304065704346,
        955.7623901367188,
        206.90525817871094,
        0.9419811964035034,
        949.7688598632812,
        206.90525817871094,
        0.9054281711578369,
        963.7537231445312,
        206.90525817871094,
        0.9582851529121399,
        947.77099609375,
        208.90310668945312,
        0.8100248575210571,
        975.7407836914062,
        222.8879852294922,
        0.8558389544487,
        945.773193359375,
        226.8836669921875,
        0.8915732502937317,
        985.72998046875,
        232.87718200683594,
        0.8746728301048279,
        935.7839965820312,
        250.8577423095703,
        0.8639430403709412,
        981.7343139648438,
        210.90093994140625,
        0.8831239938735962,
        927.7926025390625,
        252.85557556152344,
        0.8552855849266052,
        973.742919921875,
        278.8274841308594,
        0.8098940849304199,
        953.7645263671875,
        278.8274841308594,
        0.797397255897522,
        975.7407836914062,
        324.7778015136719,
        0.9023009538650513,
        953.7645263671875,
        326.775634765625,
        0.8757453560829163,
        983.7321166992188,
        366.732421875,
        0.8408727049827576,
        957.7601928710938,
        364.7345886230469,
        0.9247922897338867
    ],
    "10": [
        273.7445983886719,
        309.4360046386719,
        0.8996668457984924,
        271.2438659667969,
        306.9352722167969,
        0.8538517951965332,
        271.2438659667969,
        304.43450927734375,
        0.9257885217666626,
        246.2364501953125,
        309.4360046386719,
        0.8971685171127319,
        263.74163818359375,
        309.4360046386719,
        0.9247642159461975,
        231.2320098876953,
        339.44488525390625,
        0.9145868420600891,
        263.74163818359375,
        341.9456481933594,
        0.8930069208145142,
        216.22756958007812,
        374.45526123046875,
        0.9226043820381165,
        253.73867797851562,
        379.4567565917969,
        0.9844793677330017,
        236.23348999023438,
        399.4626770019531,
        0.397106409072876,
        238.73423767089844,
        409.46563720703125,
        0.8752052187919617,
        241.23497009277344,
        416.9678649902344,
        0.796185314655304,
        266.24237060546875,
        416.9678649902344,
        0.7681336402893066,
        253.73867797851562,
        469.4833984375,
        0.8782497048377991,
        291.2497863769531,
        459.4804382324219,
        0.8653799891471863,
        256.2394104003906,
        524.4996948242188,
        0.8451586961746216,
        298.75201416015625,
        509.4952697753906,
        0.9093144536018372
    ],
    "1": [
        1328.341796875,
        154.715576171875,
        0.8557301163673401,
        1332.536865234375,
        151.91885375976562,
        0.8628228902816772,
        1326.943359375,
        151.91885375976562,
        0.8703049421310425,
        1338.1302490234375,
        153.3172149658203,
        0.8825920820236206,
        1324.1466064453125,
        153.3172149658203,
        0.8577771782875061,
        1343.7237548828125,
        168.69921875,
        0.8597296476364136,
        1318.55322265625,
        168.69921875,
        0.8829963207244873,
        1349.317138671875,
        188.27630615234375,
        0.8550836443901062,
        1312.959716796875,
        185.47958374023438,
        0.856073796749115,
        1329.7401123046875,
        195.26812744140625,
        0.8910033702850342,
        1317.15478515625,
        193.86976623535156,
        0.8584937453269958,
        1336.73193359375,
        213.4468536376953,
        0.7759999632835388,
        1319.9515380859375,
        212.04849243164062,
        0.7949873208999634,
        1338.1302490234375,
        242.81248474121094,
        0.819769024848938,
        1321.3499755859375,
        242.81248474121094,
        0.8141987919807434,
        1343.7237548828125,
        269.38140869140625,
        0.8098083138465881,
        1325.5450439453125,
        267.9830322265625,
        0.8428947925567627
    ],