{
    "2": [
        1454.9844970703125,
        167.34596252441406,
        0.9355970621109009,
        1460.1134033203125,
        163.9267578125,
        0.9255329370498657,
        1453.27490234375,
        163.9267578125,
        0.9604836702346802,
        1466.9517822265625,
        169.05557250976562,
        0.9249765276908875,
        1449.855712890625,
        167.34596252441406,
        0.8979271650314331,
        1473.7901611328125,
        189.57083129882812,
        0.9115692377090454,
        1444.7269287109375,
        189.57083129882812,
        0.9403558373451233,
        1478.9189453125,
        216.9245147705078,
        0.9396558403968811,
        1441.3077392578125,
        216.9245147705078,
        0.8972793817520142,
        1485.7574462890625,
        242.56858825683594,
        0.8906109929084778,
        1437.888427734375,
        240.85897827148438,
        0.8624892234802246,
        1465.2421875,
        242.56858825683594,
        0.802348792552948,
        1446.4365234375,
        240.85897827148438,
        0.8343707919120789,
        1466.9517822265625,
        276.76068115234375,
        0.8574323654174805,
        1444.7269287109375,
        278.47027587890625,
        0.8690605759620667,
        1472.08056640625,
        310.9527893066406,
        0.8722689747810364,
        1444.7269287109375,
        312.6623840332031,
        0.8961899876594543
    ],
    "4": [
        1090.3973388671875,
        202.585205078125,
        0.8856237530708313,
        1096.322021484375,
        198.63540649414062,
        0.9092532992362976,
        1088.4224853515625,
        198.63540649414062,
        0.907789409160614,
        1100.2718505859375,
        200.6103057861328,
        0.9434594511985779,
        1080.5228271484375,
        200.6103057861328,
        0.9494243860244751,
        1102.2467041015625,
        218.38436889648438,
        0.9477046728134155,
        1068.6734619140625,
        220.35926818847656,
        0.9261894226074219,
        1104.2215576171875,
        238.1333465576172,
        0.9098176956176758,
        1062.748779296875,
        251.95762634277344,
        0.8865557312965393,
        1086.447509765625,
        218.38436889648438,
        0.9040741324424744,
        1064.7236328125,
        283.55596923828125,
        0.8820263147354126,
        1096.322021484375,
        277.63128662109375,
        0.8128582239151001,
        1074.59814453125,
        279.6061706542969,
        0.802282989025116,
        1102.2467041015625,
        321.0790100097656,
        0.8749292492866516,
        1068.6734619140625,
        323.05389404296875,
        0.8641518354415894,
        1104.2215576171875,
        364.5267333984375,
        0.8583376407623291,
        1066.6986083984375,
        362.5518493652344,
        0.8887757658958435
    ],
    "3": [
        957.5618896484375,
        200.6605224609375,
        0.9310281872749329,
        961.49365234375,
        196.72874450683594,
        0.9312230348587036,
        953.630126953125,
        196.72874450683594,
        0.9238892197608948,
        965.4254150390625,
        200.6605224609375,
        0.9269419312477112,
        947.732421875,
        200.6605224609375,
        0.9387650489807129,
        971.3230590820312,
        224.2511444091797,
        0.921340823173523,
        937.9030151367188,
        222.28526306152344,
        0.8796075582504272,
        979.1865844726562,
        247.84176635742188,
        0.9414402842521667,
        912.3464965820312,
        230.1488037109375,
        0.7746506333351135,
        967.3912963867188,
        234.08056640625,
        0.7575878500938416,
        924.141845703125,
        212.45582580566406,
        0.5417699813842773,
        963.4595336914062,
        281.2618103027344,
        0.8386693000793457,
        943.8006591796875,
        281.2618103027344,
        0.846491813659668,
        971.3230590820312,
        322.54541015625,
        0.8674595355987549,
        941.8347778320312,
        324.51129150390625,
        0.8568039536476135,
        981.1524658203125,
        365.79486083984375,
        0.8757534623146057,
        939.868896484375,
        361.86309814453125,
        0.909940779209137
    ],
    "10": [
        307.6742858886719,
        304.2530212402344,
        0.8907736539840698,
        307.6742858886719,
        299.5798645019531,
        0.685730516910553,
        307.6742858886719,
        299.5798645019531,
        0.9367964267730713,
        279.6352844238281,
        304.2530212402344,
        0.8899435997009277,
        300.66455078125,
        304.2530212402344,
        1.0056136846542358,
        265.61578369140625,
        327.6188659667969,
        0.8947091698646545,
        298.3279724121094,
        336.9652099609375,
        0.8764751553535461,
        253.932861328125,
        360.3310241699219,
        0.7429964542388916,
        305.33770751953125,
        374.3505554199219,
        0.8668158650398254,
        256.2694396972656,
        395.3797912597656,
        0.42141515016555786,
        317.0206298828125,
        407.0627136230469,
        0.8775598406791687,
        251.59628295898438,
        400.052978515625,
        0.7901543974876404,
        279.6352844238281,
        402.3895568847656,
        0.7672951817512512,
        263.2792053222656,
        446.7846374511719,
        0.8890041708946228,
        298.3279724121094,
        449.1212463378906,
        0.893111526966095,
        263.2792053222656,
        493.5163269042969,
        0.853674054145813,
        300.66455078125,
        502.8626708984375,
        0.8885167837142944
    ],
    "1": [
        1319.9031982421875,
        156.5819549560547,
        0.8059800863265991,
        1321.338623046875,
        153.71116638183594,
        0.8004579544067383,
        1318.4677734375,
        153.71116638183594,
        0.873926043510437,
        1328.515625,
        152.27577209472656,
        0.8299345374107361,
        1318.4677734375,
        153.71116638183594,
        0.7633156776428223,
        1341.4342041015625,
        163.75894165039062,
        0.8790920376777649,
        1315.5970458984375,
        166.62973022460938,
        0.9198957085609436,
        1348.611083984375,
        183.8544921875,
        0.8791217803955078,
        1311.290771484375,
        185.28990173339844,
        0.8735342025756836,
        1329.950927734375,
        193.90228271484375,
        0.856366753578186,
        1318.4677734375,
        193.90228271484375,
        0.8330553770065308,
        1335.6925048828125,
        209.69163513183594,
        0.7927462458610535,
        1319.9031982421875,
        208.25624084472656,
        0.8284450769424438,
        1329.950927734375,
        238.3995819091797,
        0.8314672112464905,
        1322.7740478515625,
        239.83497619628906,
        0.8699318170547485,
        1324.2093505859375,
        268.54290771484375,
        0.7668125033378601,
        1328.515625,
        265.672119140625,
        0.7305874824523926
    ],