{
    "3": [
        945.7174682617188,
        202.7607421875,
        0.9304073452949524,
        949.5916137695312,
        198.8865509033203,
        0.9423760175704956,
        943.7803344726562,
        198.8865509033203,
        0.9566342830657959,
        957.3400268554688,
        202.7607421875,
        0.9555709362030029,
        939.9061889648438,
        202.7607421875,
        0.9087077379226685,
        967.0254516601562,
        224.0687255859375,
        0.9365671277046204,
        937.9691162109375,
        224.0687255859375,
        0.9154382348060608,
        980.5850830078125,
        251.18800354003906,
        0.9293158054351807,
        926.3465576171875,
        243.43963623046875,
        0.9055290222167969,
        963.1512451171875,
        243.43963623046875,
        0.8565101027488708,
        912.7869262695312,
        235.69126892089844,
        0.8866254091262817,
        961.2141723632812,
        280.2443542480469,
        0.8318911194801331,
        941.84326171875,
        280.2443542480469,
        0.8206853270530701,
        965.08837890625,
        320.9232482910156,
        0.8803346157073975,
        941.84326171875,
        322.8603515625,
        0.8799991607666016,
        968.9625244140625,
        363.53924560546875,
        0.8597077131271362,
        941.84326171875,
        361.6021728515625,
        0.7994478344917297
    ],
    "2": [
        1452.952392578125,
        169.77369689941406,
        0.9418267607688904,
        1456.2894287109375,
        166.43670654296875,
        0.9576848149299622,
        1452.952392578125,
        166.43670654296875,
        0.9573124647140503,
        1464.6318359375,
        169.77369689941406,
        0.9380424618721008,
        1451.283935546875,
        169.77369689941406,
        0.6984632015228271,
        1476.3114013671875,
        189.79563903808594,
        0.8896558284759521,
        1449.615478515625,
        191.46412658691406,
        0.9351117610931396,
        1477.9798583984375,
        218.16004943847656,
        0.8661931157112122,
        1444.6099853515625,
        216.49156188964844,
        0.9080331325531006,
        1477.9798583984375,
        244.85597229003906,
        0.8962966799736023,
        1441.27294921875,
        241.51898193359375,
        0.8681089878082275,
        1476.3114013671875,
        239.85049438476562,
        0.7589743137359619,
        1454.6209716796875,
        241.51898193359375,
        0.8025292754173279,
        1484.65380859375,
        274.8888854980469,
        0.8507277965545654,
        1451.283935546875,
        276.557373046875,
        0.8449272513389587,
        1491.3277587890625,
        308.2587890625,
        0.860623300075531,
        1447.9468994140625,
        311.5957946777344,
        0.8579265475273132
    ],
    "15": [
        1107.666748046875,
        115.89280700683594,
        0.9091736674308777,
        1110.351806640625,
        113.20773315429688,
        0.8918501734733582,
        1106.32421875,
        111.86518859863281,
        0.8984426259994507,
        1115.7220458984375,
        115.89280700683594,
        0.8898902535438538,
        1102.296630859375,
        114.55026245117188,
        0.9203153848648071,
        1121.0921630859375,
        132.0032501220703,
        0.8708775043487549,
        1095.583984375,
        129.31817626953125,
        0.9197199940681458,
        1127.8048095703125,
        146.77114868164062,
        0.8968346118927002,
        1086.1861572265625,
        148.1136932373047,
        0.8821915984153748,
        1133.1749267578125,
        161.5390625,
        0.9121818542480469,
        1075.4459228515625,
        166.90921020507812,
        0.9053028225898743,
        1113.036865234375,
        169.5942840576172,
        0.8197816014289856,
        1096.926513671875,
        169.5942840576172,
        0.8066661953926086,
        1113.036865234375,
        199.13009643554688,
        0.8129871487617493,
        1099.611572265625,
        200.47262573242188,
        0.8265877962112427,
        1111.6943359375,
        223.29576110839844,
        0.734052836894989,
        1100.9541015625,
        228.66590881347656,
        0.7974494099617004
    ],
    "10": [
        274.2517395019531,
        293.9130859375,
        0.928878128528595,
        271.8706970214844,
        289.1510009765625,
        0.8883025646209717,
        269.4896240234375,
        291.53204345703125,
        0.915107011795044,
        257.58441162109375,
        293.9130859375,
        0.7039110064506531,
        257.58441162109375,
        296.29412841796875,
        0.9122939705848694,
        248.0602264404297,
        320.1045837402344,
        0.7877514958381653,
        248.0602264404297,
        324.8666687011719,
        0.9252240061759949,
        252.8223114013672,
        362.9634094238281,
        0.7324461340904236,
        243.2981414794922,
        362.9634094238281,
        0.9652606844902039,
        264.7275390625,
        386.77386474609375,
        1.0121116638183594,
        248.0602264404297,
        393.9169921875,
        0.949402928352356,
        248.0602264404297,
        393.9169921875,
        0.7044569253921509,
        243.2981414794922,
        396.29803466796875,
        0.7511829137802124,
        271.8706970214844,
        432.01373291015625,
        0.6448882222175598,
        274.2517395019531,
        434.394775390625,
        0.8859317302703857,
        267.10858154296875,
        479.6346435546875,
        0.8084405064582825,
        262.34649658203125,
        486.77777099609375,
        0.8362994194030762
    ],
    "8": [
        1302.09228515625,
        279.0866394042969,
        0.9234981536865234,
        1304.607421875,
        276.57147216796875,
        0.9742439389228821,
        1302.09228515625,
        274.0562744140625,
        0.874721348285675,
        1317.183349609375,
        279.0866394042969,
        0.9494490623474121,
        1324.728759765625,
        281.601806640625,
        0.8064504265785217,
        1309.6376953125,
        311.783935546875,
        0.9146780371665955,
        1334.78955078125,
        306.75360107421875,
        0.9136175513267517,
        1307.12255859375,
        352.02679443359375,
        0.883047342300415,
        1334.78955078125,
        344.48126220703125,
        0.6081566214561462,
        1297.0618896484375,
        387.2392578125,
        0.9160333275794983,
        1334.78955078125,
        377.1785583496094,
        0.17114299535751343,
        1312.1529541015625,
        384.7240905761719,
        0.7991409301757812,
        1332.2744140625,
        384.7240905761719,
        0.8036721348762512,
        1294.546630859375,
        435.02764892578125,
        0.8899739980697632,
        1327.2440185546875,
        429.9972839355469,
        0.8959731459617615,
        1297.0618896484375,
        487.84637451171875,
        0.8939362168312073,
        1327.2440185546875,
        485.3311767578125,
        0.8746346831321716
    ],