{
    "3": [
        945.6881103515625,
        201.04331970214844,
        0.9279064536094666,
        949.5530395507812,
        199.11087036132812,
        0.9439432621002197,
        941.8232421875,
        199.11087036132812,
        0.9658998250961304,
        957.2828979492188,
        201.04331970214844,
        0.9603476524353027,
        939.8907470703125,
        201.04331970214844,
        0.9090545773506165,
        966.9451904296875,
        224.23284912109375,
        0.9296533465385437,
        937.9583129882812,
        224.23284912109375,
        0.9110352993011475,
        980.472412109375,
        251.28729248046875,
        0.9169919490814209,
        926.363525390625,
        243.5574493408203,
        0.9101848006248474,
        963.0802612304688,
        245.4899139404297,
        0.8826816082000732,
        912.8363037109375,
        235.82760620117188,
        0.9021437764167786,
        961.1478271484375,
        280.2742004394531,
        0.8323804140090942,
        941.8232421875,
        280.2742004394531,
        0.8194631934165955,
        965.0127563476562,
        320.8558654785156,
        0.8894250988960266,
        941.8232421875,
        322.788330078125,
        0.8953880071640015,
        968.8776245117188,
        363.3699645996094,
        0.861817479133606,
        941.8232421875,
        361.4375305175781,
        0.8463356494903564
    ],
    "2": [
        1454.2435302734375,
        170.51962280273438,
        0.9094017148017883,
        1459.2091064453125,
        167.20919799804688,
        0.9385364651679993,
        1454.2435302734375,
        167.20919799804688,
        0.9301670789718628,
        1467.4852294921875,
        170.51962280273438,
        0.9183657169342041,
        1452.5882568359375,
        170.51962280273438,
        0.7511357069015503,
        1477.41650390625,
        190.38223266601562,
        0.886503279209137,
        1450.9329833984375,
        192.03746032714844,
        0.9341654181480408,
        1479.07177734375,
        218.52093505859375,
        0.8590505123138428,
        1447.62255859375,
        218.52093505859375,
        0.9045902490615845,
        1477.41650390625,
        245.00442504882812,
        0.8713015913963318,
        1442.656982421875,
        241.69398498535156,
        0.875903308391571,
        1477.41650390625,
        240.03875732421875,
        0.7342546582221985,
        1457.553955078125,
        241.69398498535156,
        0.7967731952667236,
        1487.3477783203125,
        274.79833984375,
        0.8776583671569824,
        1452.5882568359375,
        276.45355224609375,
        0.8538450598716736,
        1493.96875,
        307.9026794433594,
        0.8644295930862427,
        1447.62255859375,
        312.86834716796875,
        0.8720553517341614
    ],
    "15": [
        1107.2596435546875,
        113.71971893310547,
        0.9086589217185974,
        1109.9786376953125,
        112.36019897460938,
        0.8949130177497864,
        1105.900146484375,
        111.00067901611328,
        0.9024567604064941,
        1115.416748046875,
        113.71971893310547,
        0.90782630443573,
        1101.821533203125,
        112.36019897460938,
        0.916251003742218,
        1120.8548583984375,
        131.39344787597656,
        0.8638043999671936,
        1095.02392578125,
        128.67440795898438,
        0.923387885093689,
        1127.65234375,
        146.34812927246094,
        0.8814510107040405,
        1085.50732421875,
        147.70765686035156,
        0.8985735774040222,
        1133.0904541015625,
        161.30282592773438,
        0.8994488716125488,
        1074.6312255859375,
        168.1004180908203,
        0.8732971549034119,
        1112.69775390625,
        169.45993041992188,
        0.8128548860549927,
        1096.383544921875,
        169.45993041992188,
        0.8095377087593079,
        1111.338134765625,
        199.3693084716797,
        0.8271287679672241,
        1099.1025390625,
        199.3693084716797,
        0.8197054266929626,
        1112.69775390625,
        222.48110961914062,
        0.7103908658027649,
        1101.821533203125,
        229.27870178222656,
        0.8103560209274292
    ],
    "10": [
        266.2239990234375,
        290.3172607421875,
        0.9351285099983215,
        266.2239990234375,
        285.5320739746094,
        0.88865727186203,
        261.4388122558594,
        287.9246520996094,
        0.9074283242225647,
        249.47586059570312,
        290.3172607421875,
        0.7097243666648865,
        249.47586059570312,
        290.3172607421875,
        0.9127675890922546,
        242.29808044433594,
        316.6357727050781,
        0.7807419896125793,
        242.29808044433594,
        319.0283508300781,
        0.885565996170044,
        242.29808044433594,
        357.3098449707031,
        0.6166465878486633,
        237.5128936767578,
        357.3098449707031,
        0.9138753414154053,
        256.65362548828125,
        388.4135437011719,
        0.8046764135360718,
        242.29808044433594,
        393.19873046875,
        0.9313114881515503,
        244.690673828125,
        390.8061218261719,
        0.7519724369049072,
        235.12030029296875,
        393.19873046875,
        0.7621463537216187,
        268.6165771484375,
        431.4801940917969,
        0.8477557897567749,
        266.2239990234375,
        433.8727722167969,
        0.8698291778564453,
        268.6165771484375,
        479.33203125,
        0.8775891661643982,
        242.29808044433594,
        481.7246398925781,
        0.8828070759773254
    ],
    "8": [
        1301.7645263671875,
        281.0882263183594,
        0.9237062335014343,
        1306.8031005859375,
        278.5689392089844,
        0.9751132726669312,
        1304.2838134765625,
        278.5689392089844,
        0.8633168935775757,
        1316.880126953125,
        283.60748291015625,
        0.940396785736084,
        1326.9571533203125,
        283.60748291015625,
        0.7991071939468384,
        1311.841552734375,
        313.8387145996094,
        0.9120071530342102,
        1337.0343017578125,
        308.8001708984375,
        0.9139975905418396,
        1306.8031005859375,
        356.6662902832031,
        0.8971197009086609,
        1334.5150146484375,
        346.5892028808594,
        0.598974347114563,
        1296.7259521484375,
        386.89752197265625,
        0.9120609164237976,
        1311.841552734375,
        371.78192138671875,
        0.21028254926204681,
        1314.36083984375,
        386.89752197265625,
        0.8182133436203003,
        1334.5150146484375,
        386.89752197265625,
        0.7908642888069153,
        1296.7259521484375,
        437.28289794921875,
        0.9103284478187561,
        1326.9571533203125,
        432.244384765625,
        0.9067972302436829,
        1301.7645263671875,
        492.70684814453125,
        0.9215174913406372,
        1326.9571533203125,
        485.1490173339844,
        0.8737150430679321
    ],