{
    "3": [
        942.8988037109375,
        201.93716430664062,
        0.9089094400405884,
        948.697265625,
        198.07151794433594,
        0.9348204731941223,
        940.9660034179688,
        198.07151794433594,
        0.9463949799537659,
        956.4285888671875,
        201.93716430664062,
        0.9124487042427063,
        939.0331420898438,
        201.93716430664062,
        0.8683366179466248,
        966.0927124023438,
        225.13107299804688,
        0.9087634086608887,
        937.100341796875,
        223.19825744628906,
        0.8958175778388977,
        983.4881591796875,
        248.32498168945312,
        0.894770085811615,
        927.4362182617188,
        246.3921661376953,
        0.8935620784759521,
        964.159912109375,
        246.3921661376953,
        0.892765998840332,
        913.9064331054688,
        238.66085815429688,
        0.909687876701355,
        960.2942504882812,
        281.1830139160156,
        0.8405457735061646,
        940.9660034179688,
        281.1830139160156,
        0.8294699192047119,
        964.159912109375,
        321.7723693847656,
        0.8865597248077393,
        940.9660034179688,
        321.7723693847656,
        0.8701573014259338,
        968.0255126953125,
        364.2945251464844,
        0.8848320245742798,
        942.8988037109375,
        360.42889404296875,
        0.9144973754882812
    ],
    "2": [
        1464.5439453125,
        175.52960205078125,
        0.8961410522460938,
        1467.81298828125,
        172.26046752929688,
        0.8991450071334839,
        1464.5439453125,
        172.26046752929688,
        0.9369243383407593,
        1477.620361328125,
        175.52960205078125,
        0.9021013975143433,
        1462.909423828125,
        173.89503479003906,
        0.8124166131019592,
        1487.427734375,
        195.14434814453125,
        0.8976078033447266,
        1459.6402587890625,
        195.14434814453125,
        0.9367530345916748,
        1487.427734375,
        221.29733276367188,
        0.8449606895446777,
        1456.37109375,
        219.66278076171875,
        0.9105822443962097,
        1484.15869140625,
        249.08489990234375,
        0.7902370095252991,
        1451.4674072265625,
        242.54664611816406,
        0.9460115432739258,
        1487.427734375,
        245.81576538085938,
        0.7425550222396851,
        1466.178466796875,
        244.18121337890625,
        0.8179479241371155,
        1493.966064453125,
        278.50701904296875,
        0.8748667240142822,
        1458.005615234375,
        278.50701904296875,
        0.8771762251853943,
        1497.235107421875,
        309.5636901855469,
        0.8804605603218079,
        1448.1982421875,
        311.1982421875,
        0.881097137928009
    ],
    "8": [
        1306.2459716796875,
        292.47857666015625,
        0.9126822352409363,
        1308.8397216796875,
        289.8847351074219,
        0.9564682245254517,
        1306.2459716796875,
        289.8847351074219,
        0.8745017051696777,
        1321.808837890625,
        295.0723876953125,
        0.900704026222229,
        1329.59033203125,
        295.0723876953125,
        0.8352447748184204,
        1314.02734375,
        326.1982727050781,
        0.9253048300743103,
        1342.5594482421875,
        323.6044616699219,
        0.9068419337272644,
        1306.2459716796875,
        365.1056213378906,
        0.903357982635498,
        1347.7470703125,
        357.32415771484375,
        0.911582350730896,
        1290.6829833984375,
        393.6376953125,
        0.9159871339797974,
        1332.1842041015625,
        375.4809265136719,
        0.6318321824073792,
        1316.6212158203125,
        398.8253479003906,
        0.8311387896537781,
        1337.371826171875,
        398.8253479003906,
        0.8065417408943176,
        1303.652099609375,
        450.7018127441406,
        0.9727441668510437,
        1329.59033203125,
        442.92034912109375,
        0.8789322376251221,
        1321.808837890625,
        502.5782775878906,
        0.898733913898468,
        1329.59033203125,
        494.79681396484375,
        0.7714789509773254
    ],
    "10": [
        243.3107452392578,
        287.18450927734375,
        0.9589068293571472,
        243.3107452392578,
        282.3828430175781,
        0.916143536567688,
        240.90992736816406,
        282.3828430175781,
        0.9478331804275513,
        228.90579223632812,
        282.3828430175781,
        0.6980474591255188,
        226.5049591064453,
        284.78369140625,
        0.9557303786277771,
        224.10414123535156,
        311.1927795410156,
        0.7801274061203003,
        216.9016571044922,
        315.99444580078125,
        0.8914464116096497,
        226.5049591064453,
        352.0068359375,
        0.6522911787033081,
        212.10000610351562,
        354.40765380859375,
        0.9122804403305054,
        233.7074432373047,
        385.618408203125,
        0.7693967223167419,
        226.5049591064453,
        388.01922607421875,
        0.9576751589775085,
        226.5049591064453,
        380.8167419433594,
        0.8103300333023071,
        214.50082397460938,
        385.618408203125,
        0.817064106464386,
        245.71157836914062,
        421.63079833984375,
        0.9198552370071411,
        226.5049591064453,
        431.234130859375,
        0.9490318894386292,
        248.11239624023438,
        474.4490051269531,
        0.8851136565208435,
        200.0958709716797,
        476.8498229980469,
        0.8981108665466309
    ],
    "13": [
        869.7142333984375,
        320.7344970703125,
        0.9369025230407715,
        869.7142333984375,
        316.4158020019531,
        0.9824038743972778,
        869.7142333984375,
        316.4158020019531,
        0.8006035089492798,
        876.1922607421875,
        316.4158020019531,
        0.9162017107009888,
        893.4669799804688,
        314.2564697265625,
        0.823002815246582,
        878.3516235351562,
        344.48724365234375,
        0.8727545738220215,
        908.5823974609375,
        338.00921630859375,
        0.88933265209198,
        869.7142333984375,
        379.03668212890625,
        0.8614248037338257,
        917.2197265625,
        374.718017578125,
        0.6513789296150208,
        863.2362060546875,
        398.47076416015625,
        0.9104770421981812,
        895.6263427734375,
        400.6300964355469,
        0.8649876117706299,
        912.9010620117188,
        407.1081237792969,
        0.7771114110946655,
        934.4945068359375,
        400.6300964355469,
        0.7624903321266174,
        886.9889526367188,
        448.1356201171875,
        0.924357533454895,
        917.2197265625,
        441.6575927734375,
        0.871791422367096,
        902.1043701171875,
        499.9598083496094,
        0.8628205060958862,
        936.65380859375,
        487.0037536621094,
        0.9004825353622437
    ],