{
    "2": [
        1480.9161376953125,
        171.86495971679688,
        0.9370947480201721,
        1484.1629638671875,
        168.6180419921875,
        0.9508126974105835,
        1479.2926025390625,
        168.6180419921875,
        0.9565246105194092,
        1490.6568603515625,
        170.2415008544922,
        0.9431487917900085,
        1476.045654296875,
        170.2415008544922,
        0.8592941164970398,
        1502.0211181640625,
        189.7230682373047,
        0.9190407991409302,
        1472.798828125,
        189.7230682373047,
        0.9203963875770569,
        1510.138427734375,
        217.32196044921875,
        0.9148204326629639,
        1469.5518798828125,
        214.0750274658203,
        0.9081265926361084,
        1523.1260986328125,
        240.05044555664062,
        0.8985099792480469,
        1466.304931640625,
        236.80352783203125,
        0.8934169411659241,
        1497.1507568359375,
        238.42698669433594,
        0.8175951838493347,
        1477.669189453125,
        236.80352783203125,
        0.8267138600349426,
        1498.774169921875,
        274.1431884765625,
        0.8524860143661499,
        1472.798828125,
        272.51971435546875,
        0.8727613687515259,
        1497.1507568359375,
        308.2359313964844,
        0.8899749517440796,
        1472.798828125,
        304.989013671875,
        0.8857660293579102
    ],
    "27": [
        1181.3038330078125,
        208.8790283203125,
        0.9017449021339417,
        1185.495361328125,
        204.68751525878906,
        0.9157170653343201,
        1181.3038330078125,
        204.68751525878906,
        0.9516449570655823,
        1198.0699462890625,
        206.7832794189453,
        0.926672637462616,
        1181.3038330078125,
        206.7832794189453,
        0.7776243090629578,
        1208.5487060546875,
        231.93235778808594,
        0.8876602053642273,
        1177.1124267578125,
        227.7408447265625,
        0.9093526601791382,
        1223.218994140625,
        259.17718505859375,
        0.9047420024871826,
        1175.0166015625,
        254.9856719970703,
        0.900660514831543,
        1214.8359375,
        286.4220275878906,
        0.9063887000083923,
        1168.7293701171875,
        278.03900146484375,
        0.9134767651557922,
        1202.261474609375,
        294.8050537109375,
        0.8248904347419739,
        1179.2081298828125,
        292.70928955078125,
        0.8324728012084961,
        1210.64453125,
        338.8159484863281,
        0.9087039828300476,
        1164.537841796875,
        334.6244201660156,
        0.8792216181755066,
        1212.740234375,
        380.7310791015625,
        0.8832224607467651,
        1158.2506103515625,
        378.63531494140625,
        0.8182839155197144
    ],
    "15": [
        1102.1259765625,
        115.65186309814453,
        0.9462933540344238,
        1105.1015625,
        112.67628479003906,
        0.9252277612686157,
        1099.150390625,
        112.67628479003906,
        0.9213382601737976,
        1111.052734375,
        115.65186309814453,
        0.9105267524719238,
        1096.1748046875,
        114.16407012939453,
        0.8923429846763611,
        1117.00390625,
        133.50534057617188,
        0.8947181105613708,
        1090.2236328125,
        132.01756286621094,
        0.8919273614883423,
        1119.9794921875,
        157.30999755859375,
        0.882584810256958,
        1082.78466796875,
        152.84661865234375,
        0.888141393661499,
        1118.49169921875,
        176.65127563476562,
        0.9198285341262817,
        1079.80908203125,
        173.67568969726562,
        0.8848912715911865,
        1109.56494140625,
        176.65127563476562,
        0.8004475235939026,
        1090.2236328125,
        176.65127563476562,
        0.8135941624641418,
        1108.0771484375,
        209.38265991210938,
        0.8427547812461853,
        1087.248046875,
        206.40707397460938,
        0.8785024285316467,
        1106.58935546875,
        237.6506805419922,
        0.8255824446678162,
        1096.1748046875,
        233.1873016357422,
        0.8148365616798401
    ],
    "3": [
        940.2477416992188,
        201.32794189453125,
        0.9232620000839233,
        944.1502075195312,
        197.4254608154297,
        0.9246627688407898,
        938.2965087890625,
        197.4254608154297,
        0.9550544619560242,
        953.9064331054688,
        199.37669372558594,
        0.9373750686645508,
        936.3452758789062,
        199.37669372558594,
        0.8692737817764282,
        965.6138305664062,
        222.79156494140625,
        0.8719780445098877,
        934.39404296875,
        222.79156494140625,
        0.92547208070755,
        981.2237548828125,
        244.2552032470703,
        0.9088771343231201,
        928.540283203125,
        248.15768432617188,
        0.9096927642822266,
        965.6138305664062,
        246.20643615722656,
        0.9225602149963379,
        916.8328857421875,
        242.303955078125,
        0.8960030674934387,
        957.8088989257812,
        279.37750244140625,
        0.7791069149971008,
        940.2477416992188,
        279.37750244140625,
        0.7731555700302124,
        961.7113647460938,
        320.353515625,
        0.8137074112892151,
        940.2477416992188,
        322.3047790527344,
        0.7832707166671753,
        967.5650634765625,
        365.2320251464844,
        0.8099125623703003,
        942.198974609375,
        361.3295593261719,
        0.8707569241523743
    ],
    "13": [
        815.8290405273438,
        315.5213317871094,
        0.8601067066192627,
        815.8290405273438,
        311.0121765136719,
        0.8856803178787231,
        818.0836181640625,
        311.0121765136719,
        0.725879430770874,
        820.3381958007812,
        315.5213317871094,
        0.9474809765815735,
        840.62939453125,
        311.0121765136719,
        0.8757344484329224,
        818.0836181640625,
        344.830810546875,
        0.9169056415557861,
        854.1567993164062,
        340.3216552734375,
        0.914817214012146,
        811.3198852539062,
        380.9040222167969,
        0.8991866111755371,
        869.9388427734375,
        378.6494445800781,
        0.846550703048706,
        804.55615234375,
        401.1952209472656,
        0.9082517027854919,
        881.2117309570312,
        410.2135314941406,
        0.93960040807724,
        842.8839111328125,
        412.4681091308594,
        0.7504090666770935,
        867.6842651367188,
        410.2135314941406,
        0.8138067126274109,
        840.62939453125,
        457.55963134765625,
        0.9029732346534729,
        833.8656616210938,
        450.7958984375,
        0.7807291746139526,
        885.7208862304688,
        491.3782653808594,
        0.8714945912361145,
        829.3565063476562,
        502.6511535644531,
        0.9272228479385376
    ],