{
    "2": [
        1480.986083984375,
        171.45494079589844,
        0.922371506690979,
        1484.241455078125,
        168.1995086669922,
        0.9324179291725159,
        1479.3583984375,
        168.1995086669922,
        0.9487707614898682,
        1490.7523193359375,
        169.8272247314453,
        0.941775918006897,
        1476.1029052734375,
        171.45494079589844,
        0.8464054465293884,
        1502.1463623046875,
        189.3598175048828,
        0.9151046276092529,
        1472.8475341796875,
        189.3598175048828,
        0.9216815233230591,
        1510.284912109375,
        215.4032745361328,
        0.9156978130340576,
        1467.96435546875,
        213.7755584716797,
        0.907025158405304,
        1523.306640625,
        238.19129943847656,
        0.9159121513366699,
        1466.336669921875,
        236.56358337402344,
        0.9027007818222046,
        1497.26318359375,
        238.19129943847656,
        0.8156797885894775,
        1477.7305908203125,
        236.56358337402344,
        0.8224666118621826,
        1498.8909912109375,
        274.00103759765625,
        0.8510890007019043,
        1474.4752197265625,
        272.37335205078125,
        0.8613936305046082,
        1497.26318359375,
        308.18310546875,
        0.8830898404121399,
        1472.8475341796875,
        304.92767333984375,
        0.8979800939559937
    ],
    "15": [
        1101.5035400390625,
        115.70219421386719,
        0.9494946002960205,
        1104.5299072265625,
        112.67577362060547,
        0.9294617176055908,
        1098.47705078125,
        112.67577362060547,
        0.924937903881073,
        1110.582763671875,
        115.70219421386719,
        0.9121232628822327,
        1095.45068359375,
        114.18898010253906,
        0.9149043560028076,
        1116.6356201171875,
        133.86070251464844,
        0.8882140517234802,
        1089.3978271484375,
        132.3474884033203,
        0.9004443287849426,
        1119.6619873046875,
        156.558837890625,
        0.8930354118347168,
        1081.831787109375,
        153.53240966796875,
        0.8989371061325073,
        1118.1488037109375,
        177.74375915527344,
        0.9294002056121826,
        1077.2921142578125,
        173.20413208007812,
        0.8971970677375793,
        1107.5562744140625,
        177.74375915527344,
        0.8087053298950195,
        1089.3978271484375,
        176.23056030273438,
        0.8198967576026917,
        1107.5562744140625,
        209.52114868164062,
        0.8897262215614319,
        1086.371337890625,
        208.00794982910156,
        0.8817526698112488,
        1107.5562744140625,
        239.78533935546875,
        0.8259860873222351,
        1092.4241943359375,
        235.24571228027344,
        0.8728627562522888
    ],
    "27": [
        1181.3336181640625,
        208.56466674804688,
        0.9105468988418579,
        1187.58740234375,
        204.39547729492188,
        0.9255654811859131,
        1181.3336181640625,
        204.39547729492188,
        0.9570936560630798,
        1198.01025390625,
        206.48007202148438,
        0.9171521663665771,
        1181.3336181640625,
        206.48007202148438,
        0.7729384303092957,
        1208.4332275390625,
        231.49514770507812,
        0.8832274079322815,
        1177.1644287109375,
        229.41055297851562,
        0.9020357131958008,
        1223.025390625,
        260.6794128417969,
        0.9081279039382935,
        1175.079833984375,
        256.5102233886719,
        0.908565878868103,
        1212.6024169921875,
        287.779052734375,
        0.9142907857894897,
        1168.8260498046875,
        277.3561096191406,
        0.9096639752388,
        1202.179443359375,
        294.0328369140625,
        0.8203979730606079,
        1179.2490234375,
        294.0328369140625,
        0.8280051946640015,
        1208.4332275390625,
        339.893798828125,
        0.9306109547615051,
        1164.6568603515625,
        335.7246398925781,
        0.8814221620559692,
        1212.6024169921875,
        379.5010070800781,
        0.8890933394432068,
        1156.3184814453125,
        377.4164123535156,
        0.8593589663505554
    ],
    "3": [
        941.2642822265625,
        199.80276489257812,
        0.9002901315689087,
        945.19140625,
        195.87564086914062,
        0.9170496463775635,
        937.337158203125,
        195.87564086914062,
        0.9241265654563904,
        953.0455932617188,
        199.80276489257812,
        0.9448351860046387,
        935.3735961914062,
        199.80276489257812,
        0.8754769563674927,
        964.8269653320312,
        223.36546325683594,
        0.9125239849090576,
        933.4100341796875,
        223.36546325683594,
        0.9274882674217224,
        980.5354614257812,
        244.964599609375,
        0.942388117313385,
        927.5193481445312,
        246.92816162109375,
        0.8954719305038452,
        964.8269653320312,
        246.92816162109375,
        0.939995288848877,
        915.738037109375,
        243.00103759765625,
        0.9114633798599243,
        956.9727172851562,
        278.3450927734375,
        0.8043543100357056,
        939.3007202148438,
        278.3450927734375,
        0.7956662774085999,
        962.8634033203125,
        321.5433654785156,
        0.8568196296691895,
        941.2642822265625,
        321.5433654785156,
        0.7927869558334351,
        966.79052734375,
        364.74163818359375,
        0.8602661490440369,
        943.2278442382812,
        360.8145446777344,
        0.8974429368972778
    ],
    "8": [
        1313.7891845703125,
        317.1994934082031,
        0.8851620554924011,
        1316.4755859375,
        311.8266906738281,
        0.9461807608604431,
        1313.7891845703125,
        311.8266906738281,
        0.9189608693122864,
        1329.9075927734375,
        314.5130920410156,
        0.8993455171585083,
        1335.280517578125,
        314.5130920410156,
        0.774633526802063,
        1319.1619873046875,
        349.43634033203125,
        0.8999705910682678,
        1351.39892578125,
        344.06353759765625,
        0.8878311514854431,
        1313.7891845703125,
        392.4187927246094,
        0.8889018893241882,
        1359.4581298828125,
        384.3595886230469,
        0.8763934969902039,
        1300.357177734375,
        424.6556396484375,
        0.914271354675293,
        1348.7125244140625,
        419.2828369140625,
        0.627084493637085,
        1327.22119140625,
        424.6556396484375,
        0.8424067497253418,
        1346.026123046875,
        424.6556396484375,
        0.765678346157074,
        1308.4163818359375,
        478.38372802734375,
        0.9253717660903931,
        1332.5941162109375,
        470.32452392578125,
        0.890882134437561,
        1321.848388671875,
        537.484619140625,
        0.903285562992096,
        1346.026123046875,
        521.3662109375,
        0.8803601264953613
    ],