{
    "27": [
        1156.21435546875,
        212.35520935058594,
        0.9599349498748779,
        1160.2760009765625,
        208.2935333251953,
        0.9141481518745422,
        1156.21435546875,
        208.2935333251953,
        0.9495794773101807,
        1170.43017578125,
        214.38604736328125,
        0.9339388012886047,
        1154.1834716796875,
        212.35520935058594,
        0.7786110043525696,
        1178.5535888671875,
        240.7869110107422,
        0.8827109932899475,
        1150.121826171875,
        232.66355895996094,
        0.9129557013511658,
        1198.8619384765625,
        265.15692138671875,
        0.913284420967102,
        1139.9676513671875,
        250.9410858154297,
        0.9116274118423462,
        1188.707763671875,
        287.4961242675781,
        0.9334087371826172,
        1117.62841796875,
        265.15692138671875,
        0.8831740617752075,
        1174.4918212890625,
        299.6811218261719,
        0.8181947469711304,
        1150.121826171875,
        297.6502990722656,
        0.855196475982666,
        1192.7694091796875,
        340.2978515625,
        0.8302634954452515,
        1129.8134765625,
        336.2361755371094,
        0.9105622172355652,
        1209.01611328125,
        380.91455078125,
        0.9012469053268433,
        1119.6593017578125,
        374.8220520019531,
        0.9174453616142273
    ],
    "7": [
        859.6945190429688,
        195.06399536132812,
        0.9350875616073608,
        863.0433349609375,
        191.7151641845703,
        0.9345386028289795,
        856.3456420898438,
        191.7151641845703,
        0.9636191129684448,
        871.4154663085938,
        193.38958740234375,
        0.9356828927993774,
        852.996826171875,
        193.38958740234375,
        0.912638783454895,
        878.1130981445312,
        215.15704345703125,
        0.8217293620109558,
        851.3223876953125,
        211.80821228027344,
        0.8584740161895752,
        893.1829223632812,
        240.2733612060547,
        0.9062709212303162,
        834.5781860351562,
        225.2035675048828,
        0.8227938413619995,
        884.810791015625,
        263.7152404785156,
        0.9190830588340759,
        816.1595458984375,
        233.57568359375,
        0.8366689085960388,
        873.08984375,
        268.738525390625,
        0.8009173274040222,
        858.0200805664062,
        265.3896789550781,
        0.8819970488548279,
        847.9735717773438,
        300.552490234375,
        0.8559271693229675,
        837.927001953125,
        298.8780822753906,
        0.9416956305503845,
        866.3921508789062,
        334.0409240722656,
        0.8612866401672363,
        831.2293701171875,
        334.0409240722656,
        0.9206503629684448
    ],
    "3": [
        937.6282958984375,
        200.74685668945312,
        0.9208406805992126,
        941.483642578125,
        198.81918334960938,
        0.8895031809806824,
        935.7006225585938,
        196.89151000976562,
        0.9437113404273987,
        951.1219482421875,
        202.67453002929688,
        0.9223204255104065,
        933.77294921875,
        200.74685668945312,
        0.8606936931610107,
        960.7603149414062,
        223.87887573242188,
        0.9188200831413269,
        929.9176025390625,
        225.80654907226562,
        0.8984382152557373,
        978.1093139648438,
        245.08322143554688,
        0.9147956371307373,
        924.1346435546875,
        250.86622619628906,
        0.8955309987068176,
        960.7603149414062,
        243.15554809570312,
        0.9224308729171753,
        914.4962768554688,
        247.01089477539062,
        0.8435105085372925,
        962.68798828125,
        277.85357666015625,
        0.7958107590675354,
        943.4113159179688,
        277.85357666015625,
        0.812787652015686,
        964.6156616210938,
        322.18994140625,
        0.8894997835159302,
        939.5559692382812,
        320.2622985839844,
        0.8719895482063293,
        968.4710083007812,
        362.6709899902344,
        0.8757791519165039,
        941.483642578125,
        360.7433166503906,
        0.890735387802124
    ],
    "15": [
        1084.92333984375,
        121.84842681884766,
        0.9167958498001099,
        1087.95458984375,
        118.81714630126953,
        0.928408682346344,
        1081.89208984375,
        118.81714630126953,
        0.9356034398078918,
        1092.5015869140625,
        121.84842681884766,
        0.9106939435005188,
        1078.8607177734375,
        120.3327865600586,
        0.911312460899353,
        1100.0797119140625,
        140.03614807128906,
        0.9057626724243164,
        1072.7982177734375,
        138.52049255371094,
        0.9179148077964783,
        1109.173583984375,
        161.25514221191406,
        0.8831497430801392,
        1065.219970703125,
        159.739501953125,
        0.9062707424163818,
        1113.7205810546875,
        180.95849609375,
        0.9049798250198364,
        1060.673095703125,
        177.9272003173828,
        0.8634839653968811,
        1092.5015869140625,
        185.5054168701172,
        0.840442955493927,
        1074.3138427734375,
        183.98977661132812,
        0.8175501227378845,
        1090.9859619140625,
        212.7869873046875,
        0.8431658744812012,
        1074.3138427734375,
        217.3339080810547,
        0.8305440545082092,
        1103.111083984375,
        238.55291748046875,
        0.8110970854759216,
        1077.3450927734375,
        247.6467742919922,
        0.7878736257553101
    ],
    "2": [
        1474.376708984375,
        171.2637176513672,
        0.8989009261131287,
        1479.2022705078125,
        168.046630859375,
        0.9128589630126953,
        1474.376708984375,
        169.65518188476562,
        0.92525714635849,
        1487.2449951171875,
        171.2637176513672,
        0.921989381313324,
        1472.7681884765625,
        171.2637176513672,
        0.823324978351593,
        1496.8963623046875,
        190.56626892089844,
        0.9070618152618408,
        1469.551025390625,
        188.95773315429688,
        0.945966362953186,
        1500.1134033203125,
        217.91156005859375,
        0.8924490809440613,
        1467.9425048828125,
        213.08590698242188,
        0.8732671141624451,
        1498.5048828125,
        242.03973388671875,
        0.8794865608215332,
        1463.1168212890625,
        233.99700927734375,
        0.8632476329803467,
        1492.0706787109375,
        235.60556030273438,
        0.8014106750488281,
        1472.7681884765625,
        232.38845825195312,
        0.8273525238037109,
        1496.8963623046875,
        269.385009765625,
        0.8301240801811218,
        1456.6826171875,
        262.9508361816406,
        0.8942458033561707,
        1498.5048828125,
        306.381591796875,
        0.8262696862220764,
        1458.291259765625,
        298.3388366699219,
        0.864994466304779
    ],