{
    "3": [
        939.9649658203125,
        201.61883544921875,
        0.9140063524246216,
        945.6649780273438,
        197.81886291503906,
        0.9041822552680969,
        938.0650024414062,
        197.81886291503906,
        0.9439932107925415,
        953.264892578125,
        201.61883544921875,
        0.9558991193771362,
        936.1650390625,
        201.61883544921875,
        0.7923483848571777,
        966.5648193359375,
        222.51869201660156,
        0.9216078519821167,
        934.2650146484375,
        226.31866455078125,
        0.9182383418083191,
        977.9647216796875,
        249.11851501464844,
        0.909135103225708,
        930.465087890625,
        251.01849365234375,
        0.875828206539154,
        960.8648681640625,
        245.3185272216797,
        0.9251769781112671,
        922.8651123046875,
        249.11851501464844,
        0.8856276273727417,
        964.664794921875,
        279.518310546875,
        0.7980419993400574,
        943.7649536132812,
        281.41827392578125,
        0.7944859266281128,
        970.36474609375,
        321.3180236816406,
        0.8887701034545898,
        941.864990234375,
        321.3180236816406,
        0.8529096841812134,
        979.8646850585938,
        359.3177490234375,
        0.8839531540870667,
        941.864990234375,
        361.2177429199219,
        0.932157576084137
    ],
    "2": [
        1465.35888671875,
        175.58688354492188,
        0.9318084716796875,
        1468.552001953125,
        172.393798828125,
        0.951766312122345,
        1463.7623291015625,
        172.393798828125,
        0.9486382603645325,
        1476.53466796875,
        175.58688354492188,
        0.9143751859664917,
        1462.165771484375,
        175.58688354492188,
        0.8016657829284668,
        1487.71044921875,
        194.74539184570312,
        0.9134644865989685,
        1460.5692138671875,
        193.14886474609375,
        0.931415319442749,
        1489.3070068359375,
        221.88662719726562,
        0.8942007422447205,
        1455.7796630859375,
        218.69354248046875,
        0.9434474110603333,
        1486.1138916015625,
        249.02783203125,
        0.867968738079071,
        1450.989990234375,
        241.04513549804688,
        0.9031305909156799,
        1484.517333984375,
        239.44857788085938,
        0.7601690292358398,
        1465.35888671875,
        239.44857788085938,
        0.8071419596672058,
        1490.903564453125,
        269.78289794921875,
        0.8353896737098694,
        1452.5865478515625,
        269.78289794921875,
        0.8839612603187561,
        1495.693115234375,
        308.09991455078125,
        0.8674430847167969,
        1438.2176513671875,
        304.9068298339844,
        0.9052014946937561
    ],
    "7": [
        837.2427368164062,
        195.07318115234375,
        0.9438722133636475,
        840.6893920898438,
        193.349853515625,
        0.9403324723243713,
        835.5194091796875,
        193.349853515625,
        0.9464207291603088,
        849.3060302734375,
        196.7965087890625,
        0.9388011693954468,
        830.349365234375,
        195.07318115234375,
        0.9168433547019958,
        856.1994018554688,
        217.47650146484375,
        0.8355468511581421,
        828.6260375976562,
        214.02984619140625,
        0.8148661851882935,
        871.7093505859375,
        241.60316467285156,
        0.8741509318351746,
        807.946044921875,
        208.85984802246094,
        0.6870864629745483,
        854.4760131835938,
        260.559814453125,
        0.8855908513069153,
        788.9893798828125,
        198.5198516845703,
        0.8388442397117615,
        851.0293579101562,
        269.1764831542969,
        0.8736068606376648,
        835.5194091796875,
        267.4531555175781,
        0.8492417335510254,
        835.5194091796875,
        301.9197998046875,
        0.932923436164856,
        818.2860717773438,
        301.9197998046875,
        0.9311926364898682,
        849.3060302734375,
        338.10980224609375,
        0.9101866483688354,
        825.1793823242188,
        336.386474609375,
        0.9131394028663635
    ],
    "15": [
        1080.87353515625,
        120.58032989501953,
        0.9418319463729858,
        1084.0224609375,
        117.431396484375,
        0.9249916076660156,
        1077.724609375,
        117.431396484375,
        0.9620070457458496,
        1088.745849609375,
        119.005859375,
        0.9554263949394226,
        1074.57568359375,
        119.005859375,
        0.9080352783203125,
        1095.043701171875,
        137.89944458007812,
        0.8894578218460083,
        1066.703369140625,
        137.89944458007812,
        0.9026727676391602,
        1101.341552734375,
        159.9419403076172,
        0.8748029470443726,
        1060.405517578125,
        158.3674774169922,
        0.8741570115089417,
        1096.6181640625,
        178.8355255126953,
        0.9013122916221619,
        1057.256591796875,
        177.2610626220703,
        0.8320242166519165,
        1085.596923828125,
        185.1333770751953,
        0.8085872530937195,
        1068.27783203125,
        183.5589141845703,
        0.8050916790962219,
        1084.0224609375,
        218.1971435546875,
        0.8446481227874756,
        1073.001220703125,
        218.1971435546875,
        0.8206191658973694,
        1085.596923828125,
        249.6864471435547,
        0.8086274266242981,
        1077.724609375,
        249.6864471435547,
        0.8333209156990051
    ],
    "27": [
        1133.7257080078125,
        203.15267944335938,
        0.9394431114196777,
        1140.0828857421875,
        198.9145965576172,
        0.9184987545013428,
        1133.7257080078125,
        198.9145965576172,
        0.927169680595398,
        1152.797119140625,
        203.15267944335938,
        0.9406093955039978,
        1133.7257080078125,
        201.03363037109375,
        0.6667369604110718,
        1159.154296875,
        230.70021057128906,
        0.8551178574562073,
        1129.4876708984375,
        220.10501098632812,
        0.912394106388092,
        1173.987548828125,
        256.12872314453125,
        0.9144306778907776,
        1108.2972412109375,
        220.10501098632812,
        0.8083047866821289,
        1163.392333984375,
        281.5572204589844,
        0.9190500974655151,
        1074.392578125,
        205.27171325683594,
        0.7727840542793274,
        1152.797119140625,
        290.03338623046875,
        0.8263406753540039,
        1131.606689453125,
        287.9143371582031,
        0.8237374424934387,
        1169.74951171875,
        330.295166015625,
        0.842216432094574,
        1118.8924560546875,
        332.4142150878906,
        0.8806877732276917,
        1186.7017822265625,
        370.55694580078125,
        0.8176741600036621,
        1116.7734375,
        372.6759948730469,
        0.893771231174469
    ],