{
    "15": [
        1079.345947265625,
        119.50576782226562,
        0.9509843587875366,
        1082.552001953125,
        117.9027328491211,
        0.929358959197998,
        1076.139892578125,
        117.9027328491211,
        0.9293760657310486,
        1087.361083984375,
        121.10880279541016,
        0.9416546821594238,
        1072.933837890625,
        119.50576782226562,
        0.904768168926239,
        1093.773193359375,
        138.74215698242188,
        0.9035730957984924,
        1066.521728515625,
        138.74215698242188,
        0.9060301780700684,
        1100.1854248046875,
        159.5815887451172,
        0.8776241540908813,
        1058.5064697265625,
        159.5815887451172,
        0.8765580654144287,
        1095.376220703125,
        178.81797790527344,
        0.926295816898346,
        1055.3004150390625,
        177.21495056152344,
        0.8400838971138,
        1084.155029296875,
        185.23011779785156,
        0.8242968916893005,
        1068.124755859375,
        185.23011779785156,
        0.8125553131103516,
        1084.155029296875,
        218.89381408691406,
        0.8763624429702759,
        1072.933837890625,
        218.89381408691406,
        0.8802534341812134,
        1084.155029296875,
        252.5574951171875,
        0.8446719646453857,
        1077.742919921875,
        250.9544677734375,
        0.8175527453422546
    ],
    "3": [
        941.2658081054688,
        201.36143493652344,
        0.9048718214035034,
        946.9496459960938,
        197.57220458984375,
        0.9114393591880798,
        941.2658081054688,
        197.57220458984375,
        0.9398236274719238,
        954.528076171875,
        201.36143493652344,
        0.9542490243911743,
        937.4765625,
        201.36143493652344,
        0.7758255004882812,
        967.7903442382812,
        224.09678649902344,
        0.9190876483917236,
        935.5819702148438,
        225.9914093017578,
        0.8943489193916321,
        977.263427734375,
        250.6213836669922,
        0.920824408531189,
        933.6873168945312,
        252.5159912109375,
        0.8636459112167358,
        960.2119140625,
        246.8321533203125,
        0.915915846824646,
        926.10888671875,
        248.7267608642578,
        0.8787568807601929,
        964.0011596679688,
        279.04058837890625,
        0.8082153797149658,
        945.0549926757812,
        280.9351806640625,
        0.8063381314277649,
        971.57958984375,
        320.7220764160156,
        0.8771966099739075,
        941.2658081054688,
        318.82745361328125,
        0.8658303618431091,
        981.0526733398438,
        360.5089416503906,
        0.858370840549469,
        941.2658081054688,
        360.5089416503906,
        0.9172266721725464
    ],
    "2": [
        1463.1917724609375,
        175.25283813476562,
        0.9083867073059082,
        1466.343017578125,
        172.10154724121094,
        0.9313644766807556,
        1461.6160888671875,
        173.67718505859375,
        0.9300327301025391,
        1474.2213134765625,
        176.8284912109375,
        0.9019513726234436,
        1460.0404052734375,
        175.25283813476562,
        0.8088646531105042,
        1483.6751708984375,
        195.73626708984375,
        0.8992660641670227,
        1456.88916015625,
        194.16061401367188,
        0.9327868223190308,
        1485.2508544921875,
        222.52227783203125,
        0.8745828866958618,
        1453.73779296875,
        219.37098693847656,
        0.9370447993278503,
        1485.2508544921875,
        247.73265075683594,
        0.8794858455657959,
        1447.435302734375,
        243.00570678710938,
        0.8807984590530396,
        1480.52392578125,
        238.2787628173828,
        0.7537014484405518,
        1461.6160888671875,
        238.2787628173828,
        0.818814218044281,
        1488.402099609375,
        269.7917175292969,
        0.8406113982200623,
        1449.0108642578125,
        269.7917175292969,
        0.8761041760444641,
        1496.2803955078125,
        307.6072692871094,
        0.8504007458686829,
        1437.9813232421875,
        304.4559631347656,
        0.9210065603256226
    ],
    "7": [
        835.7615356445312,
        195.1608123779297,
        0.9442893266677856,
        839.2413330078125,
        191.68101501464844,
        0.9311666488647461,
        832.28173828125,
        191.68101501464844,
        0.9572888016700745,
        846.200927734375,
        196.9007110595703,
        0.9239800572395325,
        828.8019409179688,
        195.1608123779297,
        0.927100658416748,
        853.1605224609375,
        214.29969787597656,
        0.8721349835395813,
        827.06201171875,
        212.55979919433594,
        0.8217642307281494,
        867.0797119140625,
        240.39817810058594,
        0.9105680584907532,
        807.9231567382812,
        209.0800018310547,
        0.5937895774841309,
        849.6807250976562,
        259.53704833984375,
        0.8775342702865601,
        788.7842407226562,
        193.42091369628906,
        0.7736705541610718,
        849.6807250976562,
        266.49664306640625,
        0.8391972184181213,
        834.0216064453125,
        266.49664306640625,
        0.8536286950111389,
        835.7615356445312,
        301.29461669921875,
        0.9320967793464661,
        818.362548828125,
        301.29461669921875,
        0.9038876295089722,
        846.200927734375,
        341.31231689453125,
        0.9068187475204468,
        825.3221435546875,
        334.35272216796875,
        0.9339376091957092
    ],
    "13": [
        760.0767822265625,
        314.7610168457031,
        0.9255214333534241,
        755.7509155273438,
        310.43511962890625,
        0.7878206968307495,
        757.913818359375,
        310.43511962890625,
        0.9173660278320312,
        734.121337890625,
        312.59808349609375,
        0.867537796497345,
        751.4249877929688,
        312.59808349609375,
        0.9542273283004761,
        714.65478515625,
        338.55352783203125,
        0.9225417375564575,
        760.0767822265625,
        342.8794250488281,
        0.8939707279205322,
        701.6770629882812,
        370.997802734375,
        0.8793315887451172,
        766.565673828125,
        383.97552490234375,
        0.9080151915550232,
        710.328857421875,
        396.9532470703125,
        0.8937137126922607,
        768.7286376953125,
        416.41986083984375,
        0.9416096210479736,
        721.1436157226562,
        401.2791748046875,
        0.8163158297538757,
        749.2620239257812,
        403.442138671875,
        0.7892955541610718,
        721.1436157226562,
        453.1900634765625,
        0.8413155674934387,
        742.773193359375,
        446.7012023925781,
        0.91493159532547,
        749.2620239257812,
        479.1455078125,
        0.8681116700172424,
        740.6102294921875,
        492.12322998046875,
        0.7653382420539856
    ],