{
    "7": [
        821.671875,
        191.44866943359375,
        0.938291609287262,
        825.3250122070312,
        187.79554748535156,
        0.9347144365310669,
        818.0187377929688,
        187.79554748535156,
        0.9582135081291199,
        832.6312255859375,
        191.44866943359375,
        0.9392120242118835,
        814.3656616210938,
        191.44866943359375,
        0.9604969620704651,
        839.9375,
        211.54083251953125,
        0.8874717950820923,
        808.8859252929688,
        207.88771057128906,
        0.8864230513572693,
        860.0296630859375,
        237.11268615722656,
        0.8842564225196838,
        790.620361328125,
        204.23458862304688,
        0.7664634585380554,
        839.9375,
        253.55174255371094,
        0.8849830031394958,
        766.8750610351562,
        198.75491333007812,
        0.7845540046691895,
        839.9375,
        264.5111083984375,
        0.8107300400733948,
        823.4984130859375,
        264.5111083984375,
        0.8282909989356995,
        832.6312255859375,
        306.5220031738281,
        0.9406441450119019,
        808.8859252929688,
        301.0423278808594,
        0.9381005167961121,
        841.7640380859375,
        346.70635986328125,
        0.8636215329170227,
        818.0187377929688,
        333.92041015625,
        0.8542200922966003
    ],
    "27": [
        1115.5953369140625,
        206.9915771484375,
        0.9503130912780762,
        1119.6583251953125,
        202.92864990234375,
        0.9640509486198425,
        1113.5638427734375,
        200.89718627929688,
        0.9340363144874573,
        1131.8470458984375,
        204.96011352539062,
        0.9536659121513367,
        1113.5638427734375,
        202.92864990234375,
        0.7510297298431396,
        1137.94140625,
        229.337646484375,
        0.8636797666549683,
        1107.469482421875,
        227.30618286132812,
        0.9176141023635864,
        1156.224609375,
        257.7781066894531,
        0.9079996347427368,
        1095.28076171875,
        247.62078857421875,
        0.8804790377616882,
        1144.0357666015625,
        282.1556396484375,
        0.898630678653717,
        1076.99755859375,
        253.71517944335938,
        0.8354740738868713,
        1135.9100341796875,
        292.31292724609375,
        0.8032217025756836,
        1113.5638427734375,
        292.31292724609375,
        0.8271916508674622,
        1146.0672607421875,
        332.9421691894531,
        0.8779754042625427,
        1103.4066162109375,
        332.9421691894531,
        0.8975444436073303,
        1162.3189697265625,
        373.5713806152344,
        0.856443464756012,
        1101.3751220703125,
        371.5399169921875,
        0.885260820388794
    ],
    "8": [
        1269.650634765625,
        388.00555419921875,
        0.7532723546028137,
        1269.650634765625,
        384.8130187988281,
        0.8111339211463928,
        1272.8431396484375,
        384.8130187988281,
        0.5784158706665039,
        1272.8431396484375,
        388.00555419921875,
        0.9289716482162476,
        1301.5760498046875,
        388.00555419921875,
        0.9237589240074158,
        1256.8804931640625,
        423.12353515625,
        0.924207866191864,
        1311.1536865234375,
        429.50860595703125,
        0.9250075221061707,
        1240.917724609375,
        471.0116882324219,
        0.916891872882843,
        1314.34619140625,
        477.3967590332031,
        0.8981837034225464,
        1224.955078125,
        512.5147094726562,
        0.9134398102760315,
        1304.7685546875,
        509.32220458984375,
        0.9137176275253296,
        1256.8804931640625,
        515.707275390625,
        0.8439508080482483,
        1291.9984130859375,
        518.8998413085938,
        0.8667320609092712,
        1247.3028564453125,
        582.7506713867188,
        0.9014509320259094,
        1291.9984130859375,
        582.7506713867188,
        0.9247670769691467,
        1237.7252197265625,
        643.4089965820312,
        0.9192352294921875,
        1295.1910400390625,
        652.9866333007812,
        0.9234743118286133
    ],
    "2": [
        1441.11962890625,
        180.7815704345703,
        0.8961277604103088,
        1445.7518310546875,
        177.69342041015625,
        0.9203594923019409,
        1441.11962890625,
        177.69342041015625,
        0.9309448003768921,
        1455.016357421875,
        179.23748779296875,
        0.8887422680854797,
        1439.5755615234375,
        179.23748779296875,
        0.7340245246887207,
        1465.8248291015625,
        196.22225952148438,
        0.9077364802360535,
        1438.031494140625,
        196.22225952148438,
        0.9291125535964966,
        1468.9129638671875,
        224.01551818847656,
        0.8801458477973938,
        1431.855224609375,
        220.92738342285156,
        0.8701578974723816,
        1467.368896484375,
        250.26470947265625,
        0.8646382689476013,
        1422.5908203125,
        245.63250732421875,
        0.8916535377502441,
        1464.28076171875,
        236.3680877685547,
        0.798364520072937,
        1447.2958984375,
        236.3680877685547,
        0.8256494402885437,
        1467.368896484375,
        268.7935485839844,
        0.8806115984916687,
        1439.5755615234375,
        270.3376159667969,
        0.8582034707069397,
        1472.0010986328125,
        308.9393615722656,
        0.8654412627220154,
        1436.4874267578125,
        305.8512268066406,
        0.8688419461250305
    ],
    "1": [
        1271.3658447265625,
        172.4461669921875,
        0.8589155077934265,
        1274.0673828125,
        169.74468994140625,
        0.8260546922683716,
        1268.6644287109375,
        168.39395141601562,
        0.90614253282547,
        1282.1717529296875,
        167.043212890625,
        0.8823747038841248,
        1267.313720703125,
        165.69247436523438,
        0.8548551797866821,
        1291.626953125,
        180.5505828857422,
        0.8658266067504883,
        1265.9630126953125,
        179.19984436035156,
        0.8937227725982666,
        1299.7313232421875,
        199.46087646484375,
        0.8598365187644958,
        1265.9630126953125,
        195.40867614746094,
        0.8029240965843201,
        1283.5225830078125,
        211.6175079345703,
        0.8420764207839966,
        1268.6644287109375,
        206.2145538330078,
        0.7588549852371216,
        1286.2239990234375,
        223.7741241455078,
        0.8162915110588074,
        1270.01513671875,
        221.07266235351562,
        0.8104372620582581,
        1280.821044921875,
        250.78884887695312,
        0.8434648513793945,
        1261.9107666015625,
        246.73663330078125,
        0.8466194868087769,
        1280.821044921875,
        277.8035583496094,
        0.9049504399299622,
        1263.261474609375,
        272.400634765625,
        0.8940911293029785
    ],