{
    "3": [
        940.1553955078125,
        204.40985107421875,
        0.9368180632591248,
        945.7965087890625,
        200.6490936279297,
        0.923550546169281,
        938.2749633789062,
        200.6490936279297,
        0.9421311616897583,
        953.3179931640625,
        204.40985107421875,
        0.9381544589996338,
        934.5142211914062,
        202.5294647216797,
        0.8793333172798157,
        960.8395385742188,
        226.97438049316406,
        0.9088314771652222,
        932.6338500976562,
        226.97438049316406,
        0.9022123217582703,
        974.002197265625,
        253.2996826171875,
        0.9141910672187805,
        923.23193359375,
        255.1800537109375,
        0.8601837754249573,
        958.9591674804688,
        253.2996826171875,
        0.9339006543159485,
        911.94970703125,
        238.25665283203125,
        0.8933685421943665,
        957.0787963867188,
        281.5053405761719,
        0.8176707625389099,
        936.3945922851562,
        281.5053405761719,
        0.7757887840270996,
        960.8395385742188,
        319.1129150390625,
        0.9299060702323914,
        932.6338500976562,
        319.1129150390625,
        0.8670323491096497,
        977.762939453125,
        358.6008605957031,
        0.8910172581672668,
        930.7534790039062,
        352.959716796875,
        0.859070897102356
    ],
    "27": [
        1114.4478759765625,
        207.2217254638672,
        0.9371380805969238,
        1118.5272216796875,
        203.14230346679688,
        0.9406523704528809,
        1112.4080810546875,
        203.14230346679688,
        0.9407733678817749,
        1128.725830078125,
        205.18202209472656,
        0.960914671421051,
        1112.4080810546875,
        205.18202209472656,
        0.6951557397842407,
        1138.9244384765625,
        229.65855407714844,
        0.8892839550971985,
        1108.3287353515625,
        229.65855407714844,
        0.9383949041366577,
        1155.2420654296875,
        258.2145080566406,
        0.8942835927009583,
        1108.3287353515625,
        256.1748046875,
        0.8449186682701111,
        1147.083251953125,
        284.7307434082031,
        0.9353448748588562,
        1106.2890625,
        282.6910400390625,
        0.8819004893302917,
        1138.9244384765625,
        290.8498840332031,
        0.8168925046920776,
        1116.487548828125,
        290.8498840332031,
        0.8593337535858154,
        1151.16259765625,
        333.6838073730469,
        0.9009996056556702,
        1104.249267578125,
        331.64410400390625,
        0.9076495170593262,
        1159.321533203125,
        376.5177307128906,
        0.8801311254501343,
        1100.169921875,
        372.4383239746094,
        0.8837710618972778
    ],
    "7": [
        807.5352783203125,
        191.66485595703125,
        0.9127448797225952,
        809.329833984375,
        188.0758056640625,
        0.9110255837440491,
        803.9462280273438,
        188.0758056640625,
        0.9353908896446228,
        816.5079345703125,
        191.66485595703125,
        0.8882797360420227,
        800.357177734375,
        191.66485595703125,
        0.9106874465942383,
        829.0696411132812,
        209.61013793945312,
        0.8734683990478516,
        798.5626220703125,
        211.4046630859375,
        0.8976197838783264,
        845.2203369140625,
        234.7335205078125,
        0.929340124130249,
        796.7681274414062,
        229.34994506835938,
        0.8619814515113831,
        821.8914794921875,
        245.5006866455078,
        0.9271230697631836,
        789.5900268554688,
        241.91163635253906,
        0.9165160655975342,
        829.0696411132812,
        263.4459533691406,
        0.7906268835067749,
        809.329833984375,
        263.4459533691406,
        0.8129068613052368,
        829.0696411132812,
        304.7200927734375,
        0.8930651545524597,
        802.1516723632812,
        302.9255676269531,
        0.907597005367279,
        839.8367919921875,
        345.9942321777344,
        0.85175621509552,
        800.357177734375,
        340.61065673828125,
        0.8766688704490662
    ],
    "15": [
        1061.3973388671875,
        131.54823303222656,
        0.9007948040962219,
        1065.9822998046875,
        128.4915771484375,
        0.9071373343467712,
        1059.8690185546875,
        128.4915771484375,
        0.9289611577987671,
        1070.5673828125,
        130.0198974609375,
        0.9223988056182861,
        1055.2840576171875,
        130.0198974609375,
        0.9453284740447998,
        1078.208984375,
        148.35989379882812,
        0.8823919296264648,
        1049.170654296875,
        146.83155822753906,
        0.9347257018089294,
        1087.3790283203125,
        169.7565460205078,
        0.8818382024765015,
        1044.585693359375,
        168.22821044921875,
        0.8563584089279175,
        1088.9073486328125,
        189.62486267089844,
        0.8922504186630249,
        1043.057373046875,
        186.56820678710938,
        0.8297743797302246,
        1070.5673828125,
        194.20986938476562,
        0.8355568051338196,
        1052.227294921875,
        194.20986938476562,
        0.8277450799942017,
        1073.6240234375,
        229.36151123046875,
        0.8473808765411377,
        1049.170654296875,
        229.36151123046875,
        0.8828758001327515,
        1073.6240234375,
        259.92816162109375,
        0.8670283555984497,
        1047.642333984375,
        262.9848327636719,
        0.8789281845092773
    ],
    "2": [
        1441.273193359375,
        180.7559051513672,
        0.9119645357131958,
        1444.360107421875,
        177.66903686523438,
        0.9267829060554504,
        1441.273193359375,
        177.66903686523438,
        0.9472365379333496,
        1453.62060546875,
        179.21246337890625,
        0.9313701391220093,
        1439.729736328125,
        180.7559051513672,
        0.7245420217514038,
        1464.4246826171875,
        197.73361206054688,
        0.9201849699020386,
        1438.1864013671875,
        197.73361206054688,
        0.9443616271018982,
        1469.054931640625,
        225.5153350830078,
        0.9002383351325989,
        1433.5560302734375,
        222.42848205566406,
        0.9073997139930725,
        1461.3377685546875,
        248.66677856445312,
        0.9255688786506653,
        1424.2955322265625,
        242.49305725097656,
        0.9018361568450928,
        1464.4246826171875,
        239.4062042236328,
        0.7555103898048401,
        1444.360107421875,
        240.9496307373047,
        0.8005491495132446,
        1465.9681396484375,
        270.2747802734375,
        0.8106623888015747,
        1438.1864013671875,
        271.8182067871094,
        0.8845850825309753,
        1472.141845703125,
        308.8605041503906,
        0.8608289361000061,
        1436.6429443359375,
        305.7736511230469,
        0.8596267700195312
    ],