{
    "3": [
        939.3439331054688,
        203.3441162109375,
        0.9192571640014648,
        945.0512084960938,
        199.53924560546875,
        0.9252806305885315,
        937.4414672851562,
        199.53924560546875,
        0.9428131580352783,
        952.6609497070312,
        203.3441162109375,
        0.9319335222244263,
        935.5390625,
        203.3441162109375,
        0.8779837489128113,
        962.173095703125,
        226.17330932617188,
        0.9062174558639526,
        929.831787109375,
        226.17330932617188,
        0.895889401435852,
        975.4901733398438,
        252.80735778808594,
        0.906188428401947,
        922.2220458984375,
        254.7097930908203,
        0.8385649919509888,
        960.2706909179688,
        250.90492248535156,
        0.9552716612815857,
        908.905029296875,
        237.58790588378906,
        0.8594712018966675,
        958.3682250976562,
        281.3438415527344,
        0.8370743989944458,
        937.4414672851562,
        281.3438415527344,
        0.7958123087882996,
        962.173095703125,
        319.39251708984375,
        0.9238325953483582,
        931.7341918945312,
        317.4900817871094,
        0.8942180871963501,
        977.392578125,
        357.441162109375,
        0.8935880661010742,
        929.831787109375,
        353.63629150390625,
        0.8693907856941223
    ],
    "27": [
        1114.9991455078125,
        206.14837646484375,
        0.9275850653648376,
        1119.05615234375,
        204.11984252929688,
        0.9334043264389038,
        1114.9991455078125,
        202.09133911132812,
        0.9505197405815125,
        1129.19873046875,
        206.14837646484375,
        0.9594548940658569,
        1112.9705810546875,
        204.11984252929688,
        0.7774298191070557,
        1139.3414306640625,
        230.4906005859375,
        0.8815109133720398,
        1108.91357421875,
        230.4906005859375,
        0.9454385042190552,
        1155.569580078125,
        258.8898620605469,
        0.8918254971504211,
        1108.91357421875,
        256.861328125,
        0.8637048006057739,
        1147.4554443359375,
        285.2605895996094,
        0.9165748357772827,
        1106.8851318359375,
        279.175048828125,
        0.8955788016319275,
        1139.3414306640625,
        291.3461608886719,
        0.8176271319389343,
        1117.0277099609375,
        291.3461608886719,
        0.853893518447876,
        1151.512451171875,
        333.9450378417969,
        0.8813309669494629,
        1104.8565673828125,
        333.9450378417969,
        0.9041031002998352,
        1159.6265869140625,
        376.5439453125,
        0.8895749449729919,
        1100.799560546875,
        372.4869079589844,
        0.8825475573539734
    ],
    "7": [
        805.039306640625,
        191.35037231445312,
        0.9139609336853027,
        808.6304321289062,
        187.75926208496094,
        0.915488600730896,
        803.2437744140625,
        187.75926208496094,
        0.9230266213417053,
        815.8126220703125,
        191.35037231445312,
        0.9032475352287292,
        799.6526489257812,
        191.35037231445312,
        0.9092624187469482,
        828.3814697265625,
        209.30589294433594,
        0.8651716113090515,
        797.8571166992188,
        211.10145568847656,
        0.9107050895690918,
        844.54150390625,
        236.2391815185547,
        0.9225437641143799,
        796.0615234375,
        229.05697631835938,
        0.8690488338470459,
        819.4037475585938,
        245.21694946289062,
        0.8941131830215454,
        790.6749267578125,
        245.21694946289062,
        0.8861140608787537,
        828.3814697265625,
        261.3769226074219,
        0.8116086721420288,
        808.6304321289062,
        261.3769226074219,
        0.7769901156425476,
        828.3814697265625,
        304.4701843261719,
        0.8910612463951111,
        801.4482421875,
        302.67462158203125,
        0.8882074952125549,
        840.9503784179688,
        343.97235107421875,
        0.8537774682044983,
        799.6526489257812,
        340.3812255859375,
        0.8890696167945862
    ],
    "15": [
        1060.5966796875,
        132.19735717773438,
        0.8972599506378174,
        1063.64501953125,
        129.1490478515625,
        0.9073663949966431,
        1057.54833984375,
        129.1490478515625,
        0.9306287169456482,
        1068.217529296875,
        130.67320251464844,
        0.9108957052230835,
        1054.5,
        129.1490478515625,
        0.9268478751182556,
        1075.8382568359375,
        147.4389190673828,
        0.8917062282562256,
        1048.4034423828125,
        147.4389190673828,
        0.9183154106140137,
        1084.983154296875,
        168.77711486816406,
        0.8961960077285767,
        1043.8309326171875,
        168.77711486816406,
        0.8622457981109619,
        1088.031494140625,
        190.1153106689453,
        0.9016212821006775,
        1042.3067626953125,
        188.59115600585938,
        0.8426415324211121,
        1069.7415771484375,
        194.68777465820312,
        0.8254350423812866,
        1051.4517822265625,
        194.68777465820312,
        0.8179481029510498,
        1072.7899169921875,
        229.74339294433594,
        0.8416708707809448,
        1048.4034423828125,
        229.74339294433594,
        0.8826048374176025,
        1074.3140869140625,
        260.2265319824219,
        0.8644230365753174,
        1048.4034423828125,
        263.27484130859375,
        0.8741323351860046
    ],
    "2": [
        1441.4732666015625,
        180.9066925048828,
        0.9181919097900391,
        1444.55810546875,
        177.82188415527344,
        0.938499391078949,
        1441.4732666015625,
        177.82188415527344,
        0.9542199373245239,
        1453.8125,
        179.36428833007812,
        0.9335896372795105,
        1439.930908203125,
        179.36428833007812,
        0.7074040174484253,
        1466.15185546875,
        197.8731689453125,
        0.9142060279846191,
        1438.3885498046875,
        197.8731689453125,
        0.9409908056259155,
        1469.236572265625,
        225.63648986816406,
        0.8990381956100464,
        1433.76123046875,
        222.5516815185547,
        0.9138429760932922,
        1463.0670166015625,
        248.7725830078125,
        0.9170396327972412,
        1424.5068359375,
        244.14537048339844,
        0.9035367965698242,
        1464.609375,
        239.5181427001953,
        0.7684400677680969,
        1446.1005859375,
        241.06056213378906,
        0.8104130029678345,
        1466.15185546875,
        268.8238830566406,
        0.82867032289505,
        1436.8460693359375,
        271.90869140625,
        0.8919969797134399,
        1472.3214111328125,
        308.92645263671875,
        0.8623685240745544,
        1436.8460693359375,
        305.8416442871094,
        0.8552387356758118
    ],