{
    "2": [
        1449.9305419921875,
        181.1600341796875,
        0.9467172622680664,
        1453.0167236328125,
        178.07386779785156,
        0.9365530610084534,
        1449.9305419921875,
        178.07386779785156,
        0.9769529700279236,
        1462.2752685546875,
        181.1600341796875,
        0.8728898763656616,
        1448.387451171875,
        181.1600341796875,
        0.6923519968986511,
        1474.619873046875,
        198.13400268554688,
        0.8333612680435181,
        1449.9305419921875,
        198.13400268554688,
        0.9158384799957275,
        1497.7662353515625,
        210.4787139892578,
        0.9323579668998718,
        1449.9305419921875,
        216.65106201171875,
        0.8740699887275696,
        1485.4215087890625,
        228.9957733154297,
        0.9105116724967957,
        1443.7581787109375,
        232.0819549560547,
        0.8951065540313721,
        1474.619873046875,
        241.34048461914062,
        0.8458750247955322,
        1454.559814453125,
        241.34048461914062,
        0.8574356436729431,
        1483.87841796875,
        272.2022399902344,
        0.8758134245872498,
        1439.12890625,
        272.2022399902344,
        0.8969253301620483,
        1503.9385986328125,
        306.1501770019531,
        0.867732048034668,
        1436.042724609375,
        306.1501770019531,
        0.9062730073928833
    ],
    "15": [
        1046.1253662109375,
        140.26608276367188,
        0.9347023367881775,
        1050.44140625,
        138.827392578125,
        0.957201361656189,
        1044.6866455078125,
        137.38870239257812,
        0.9196718335151672,
        1057.634765625,
        141.70477294921875,
        0.9484850168228149,
        1043.2479248046875,
        138.827392578125,
        0.8621332049369812,
        1066.2669677734375,
        158.968994140625,
        0.8753710389137268,
        1038.931884765625,
        153.21424865722656,
        0.9256317019462585,
        1074.8990478515625,
        181.98794555664062,
        0.8801374435424805,
        1036.0545654296875,
        169.03977966308594,
        0.8217282891273499,
        1072.0216064453125,
        205.0069122314453,
        0.901589035987854,
        1030.2998046875,
        184.86532592773438,
        0.7344328761100769,
        1057.634765625,
        199.25216674804688,
        0.8049547672271729,
        1038.931884765625,
        196.3748016357422,
        0.8148942589759827,
        1061.950927734375,
        230.9032440185547,
        0.8393408060073853,
        1025.9837646484375,
        223.70980834960938,
        0.8399255871772766,
        1064.8282470703125,
        265.4316711425781,
        0.8583998084068298,
        1030.2998046875,
        261.1156311035156,
        0.8682593107223511
    ],
    "3": [
        947.8857421875,
        218.8645477294922,
        0.9342248439788818,
        951.2864990234375,
        215.46380615234375,
        0.9664744734764099,
        947.8857421875,
        215.46380615234375,
        0.9129636883735657,
        961.48876953125,
        220.56492614746094,
        0.9313448071479797,
        958.0880126953125,
        222.2653045654297,
        0.49137893319129944,
        978.4924926757812,
        242.66983032226562,
        0.8530476689338684,
        946.1853637695312,
        242.66983032226562,
        0.9004569053649902,
        993.7958984375,
        268.17547607421875,
        0.9037758708000183,
        947.8857421875,
        264.7747497558594,
        0.8552185297012329,
        980.19287109375,
        263.0743713378906,
        0.8589156866073608,
        937.6834716796875,
        269.8758544921875,
        0.8416874408721924,
        975.0917358398438,
        298.78228759765625,
        0.7961817383766174,
        954.687255859375,
        297.0819091796875,
        0.8031924962997437,
        983.5936279296875,
        334.4902038574219,
        0.8393500447273254,
        929.1815795898438,
        324.2879333496094,
        0.9394748210906982,
        1012.5000610351562,
        366.79736328125,
        0.8867660760879517,
        946.1853637695312,
        348.0932312011719,
        0.9421157240867615
    ],
    "7": [
        785.6659545898438,
        188.92849731445312,
        0.9533870220184326,
        789.2472534179688,
        185.34722900390625,
        0.9400008916854858,
        782.0846557617188,
        185.34722900390625,
        0.9592754244804382,
        796.4097900390625,
        188.92849731445312,
        0.9412901401519775,
        780.2940673828125,
        188.92849731445312,
        0.9017248749732971,
        803.5723266601562,
        210.41612243652344,
        0.9173049926757812,
        776.7127685546875,
        208.62548828125,
        0.9227935075759888,
        810.73486328125,
        228.32247924804688,
        0.71507728099823,
        765.968994140625,
        228.32247924804688,
        0.7858361601829529,
        837.5943603515625,
        215.78802490234375,
        0.4687570035457611,
        758.806396484375,
        221.15994262695312,
        0.8136560320854187,
        805.3629760742188,
        265.9258117675781,
        0.8097303509712219,
        787.4566040039062,
        265.9258117675781,
        0.8108994960784912,
        814.3161010742188,
        305.3197937011719,
        0.9025888442993164,
        776.7127685546875,
        301.738525390625,
        0.9005365967750549,
        834.0131225585938,
        341.13250732421875,
        0.7969198226928711,
        782.0846557617188,
        339.3418884277344,
        0.9068847298622131
    ],
    "14": [
        839.14453125,
        347.1664123535156,
        0.6980369687080383,
        834.0924072265625,
        344.640380859375,
        0.5506022572517395,
        836.6184692382812,
        344.640380859375,
        0.7541188597679138,
        808.8318481445312,
        347.1664123535156,
        0.9330748915672302,
        834.0924072265625,
        344.640380859375,
        0.8761622905731201,
        796.2015991210938,
        374.9530334472656,
        0.9155088663101196,
        844.1966552734375,
        374.9530334472656,
        0.9155601263046265,
        781.0452270507812,
        412.8438720703125,
        0.8939158320426941,
        859.3529663085938,
        410.31781005859375,
        0.9202126264572144,
        775.9931030273438,
        445.6825866699219,
        0.884157121181488,
        874.50927734375,
        433.05230712890625,
        0.932112455368042,
        803.7797241210938,
        448.2086486816406,
        0.8089843392372131,
        831.5663452148438,
        445.6825866699219,
        0.8041036128997803,
        821.462158203125,
        496.2037048339844,
        0.8531781435012817,
        834.0924072265625,
        498.7297668457031,
        0.8587300777435303,
        829.040283203125,
        544.1987915039062,
        0.6684711575508118,
        826.5142211914062,
        554.302978515625,
        0.8803641200065613
    ],