{
    "15": [
        1039.0770263671875,
        143.1734619140625,
        0.9404661059379578,
        1042.01806640625,
        141.7029266357422,
        0.9440907835960388,
        1037.6064453125,
        140.23239135742188,
        0.9627366065979004,
        1049.370849609375,
        143.1734619140625,
        0.9586654901504517,
        1036.135986328125,
        141.7029266357422,
        0.8459033370018005,
        1058.194091796875,
        160.8199462890625,
        0.8857586979866028,
        1030.2537841796875,
        157.8788604736328,
        0.9136318564414978,
        1068.48779296875,
        179.9369659423828,
        0.8747211694717407,
        1025.8421630859375,
        178.46641540527344,
        0.8871705532073975,
        1067.017333984375,
        199.05397033691406,
        0.7741279602050781,
        1019.9600219726562,
        197.58343505859375,
        0.8717614412307739,
        1049.370849609375,
        201.99505615234375,
        0.8388916254043579,
        1031.724365234375,
        200.52452087402344,
        0.8519607186317444,
        1056.7235107421875,
        232.8763885498047,
        0.8817576766014099,
        1017.0189208984375,
        228.4647674560547,
        0.8673028945922852,
        1064.076171875,
        265.228271484375,
        0.861113965511322,
        1005.2545776367188,
        257.8755798339844,
        0.870614767074585
    ],
    "2": [
        1466.0482177734375,
        183.37889099121094,
        0.9468079209327698,
        1469.1768798828125,
        180.25021362304688,
        0.9342524409294128,
        1466.0482177734375,
        181.81454467773438,
        0.9737886786460876,
        1478.5628662109375,
        181.81454467773438,
        0.8699778914451599,
        1466.0482177734375,
        184.94322204589844,
        0.703738808631897,
        1491.07763671875,
        200.58660888671875,
        0.8420240879058838,
        1473.869873046875,
        200.58660888671875,
        0.8663614988327026,
        1498.8992919921875,
        227.1803741455078,
        0.8990535736083984,
        1476.99853515625,
        222.4873504638672,
        0.8664019703865051,
        1483.2559814453125,
        244.38809204101562,
        0.892395555973053,
        1461.355224609375,
        235.00205993652344,
        0.9138790965080261,
        1500.463623046875,
        244.38809204101562,
        0.7760820388793945,
        1483.2559814453125,
        244.38809204101562,
        0.7547915577888489,
        1502.0279541015625,
        278.8035583496094,
        0.8891429305076599,
        1464.48388671875,
        272.54620361328125,
        0.8414005637168884,
        1523.9287109375,
        311.6546630859375,
        0.8431075215339661,
        1444.1474609375,
        303.8329772949219,
        0.8865269422531128
    ],
    "7": [
        771.3704223632812,
        186.1219940185547,
        0.9450522065162659,
        774.9984741210938,
        184.30795288085938,
        0.9519175291061401,
        771.3704223632812,
        184.30795288085938,
        0.9773033857345581,
        784.0687255859375,
        187.93603515625,
        0.9602928161621094,
        769.556396484375,
        184.30795288085938,
        0.7120059132575989,
        793.138916015625,
        207.89051818847656,
        0.8233984112739563,
        765.9282836914062,
        206.07647705078125,
        0.9272018671035767,
        809.46533203125,
        222.40286254882812,
        0.6409639120101929,
        753.22998046875,
        224.21690368652344,
        0.8064659237861633,
        822.1636352539062,
        215.1466827392578,
        0.4873938262462616,
        744.1597900390625,
        215.1466827392578,
        0.8060121536254883,
        796.7670288085938,
        262.31182861328125,
        0.8126505613327026,
        778.6265869140625,
        262.31182861328125,
        0.8411575555801392,
        796.7670288085938,
        302.2207946777344,
        0.9050124287605286,
        769.556396484375,
        298.59271240234375,
        0.8798414468765259,
        814.907470703125,
        334.8735656738281,
        0.7848036885261536,
        782.2546997070312,
        336.6876220703125,
        0.8908505439758301
    ],
    "8": [
        1224.407958984375,
        338.37872314453125,
        0.46412062644958496,
        1224.407958984375,
        335.6241760253906,
        0.6238738894462585,
        1249.198974609375,
        338.37872314453125,
        0.4874460995197296,
        1224.407958984375,
        341.13330078125,
        0.9334658980369568,
        1249.198974609375,
        341.13330078125,
        0.9609403610229492,
        1207.880615234375,
        374.18804931640625,
        0.9451207518577576,
        1260.21728515625,
        376.9425964355469,
        0.8776123523712158,
        1194.1077880859375,
        409.9973449707031,
        0.8665246367454529,
        1268.48095703125,
        409.9973449707031,
        0.8760325312614441,
        1188.5986328125,
        434.7884216308594,
        0.9177722334861755,
        1276.74462890625,
        434.7884216308594,
        0.8993908762931824,
        1213.3896484375,
        451.3157958984375,
        0.7765680551528931,
        1246.4444580078125,
        451.3157958984375,
        0.8089969158172607,
        1210.6351318359375,
        514.6707153320312,
        0.8881603479385376,
        1246.4444580078125,
        509.1615905761719,
        0.854979395866394,
        1205.1259765625,
        578.025634765625,
        0.9265378713607788,
        1235.4261474609375,
        558.7437133789062,
        0.9054486155509949
    ],
    "14": [
        809.255859375,
        338.7887268066406,
        0.5329867005348206,
        809.255859375,
        336.4734191894531,
        0.693378210067749,
        830.0938110351562,
        336.4734191894531,
        0.4702954888343811,
        811.5712280273438,
        343.41937255859375,
        0.8544791340827942,
        834.7244262695312,
        341.10406494140625,
        0.9046111702919006,
        802.3098754882812,
        371.2032775878906,
        0.9227582812309265,
        846.3010864257812,
        366.5726318359375,
        0.9058650732040405,
        793.048583984375,
        408.2485046386719,
        0.9138278961181641,
        864.8236694335938,
        401.3025207519531,
        0.8999261856079102,
        790.7332763671875,
        442.9783630371094,
        0.9447978734970093,
        876.4003295898438,
        431.4017639160156,
        0.922527551651001,
        813.8865356445312,
        440.6630554199219,
        0.7841716408729553,
        843.9857788085938,
        438.34771728515625,
        0.8220287561416626,
        825.463134765625,
        480.0235900878906,
        0.8869062662124634,
        853.2470703125,
        480.0235900878906,
        0.9010180234909058,
        837.039794921875,
        519.3840942382812,
        0.7598685026168823,
        850.9317016601562,
        521.699462890625,
        0.828000545501709
    ],