{
    "8": [
        1241.9736328125,
        310.0893249511719,
        0.9034576416015625,
        1241.9736328125,
        307.52716064453125,
        0.8834633231163025,
        1244.5357666015625,
        307.52716064453125,
        0.7233015298843384,
        1247.097900390625,
        312.6514587402344,
        0.8902133703231812,
        1267.5950927734375,
        312.6514587402344,
        0.8618420958518982,
        1239.4114990234375,
        340.8350524902344,
        0.91948401927948,
        1277.8436279296875,
        343.3971862792969,
        0.9341676235198975,
        1241.9736328125,
        371.5807800292969,
        0.8568503260612488,
        1288.0921630859375,
        379.2672119140625,
        0.9264017343521118,
        1241.9736328125,
        410.012939453125,
        0.8693225383758545,
        1293.2164306640625,
        415.13720703125,
        0.9799813032150269,
        1249.6600341796875,
        417.6993713378906,
        0.8032522201538086,
        1277.8436279296875,
        415.13720703125,
        0.8280945420265198,
        1249.6600341796875,
        456.13153076171875,
        0.878445029258728,
        1275.281494140625,
        471.50439453125,
        0.8457608222961426,
        1265.0328369140625,
        504.812255859375,
        0.9045655727386475,
        1277.8436279296875,
        527.87158203125,
        0.8615590929985046
    ],
    "15": [
        1010.5994873046875,
        150.030029296875,
        0.9230250716209412,
        1014.7258911132812,
        147.2790985107422,
        0.94793701171875,
        1010.5994873046875,
        147.2790985107422,
        0.94587641954422,
        1022.9786376953125,
        150.030029296875,
        0.9504628777503967,
        1009.2239990234375,
        148.65457153320312,
        0.6995671391487122,
        1032.6068115234375,
        166.5355682373047,
        0.8747788667678833,
        1006.4730834960938,
        166.5355682373047,
        0.8979777693748474,
        1043.610595703125,
        187.16749572753906,
        0.8724130988121033,
        1000.9712524414062,
        187.16749572753906,
        0.8652288913726807,
        1043.610595703125,
        207.79940795898438,
        0.8882633447647095,
        991.343017578125,
        206.4239501953125,
        0.847380518913269,
        1035.3577880859375,
        205.04849243164062,
        0.8058584332466125,
        1017.476806640625,
        205.04849243164062,
        0.836391270160675,
        1047.7369384765625,
        231.18226623535156,
        0.8093087673187256,
        1000.9712524414062,
        227.05587768554688,
        0.865207314491272,
        1055.98974609375,
        262.81787109375,
        0.8722384572029114,
        992.718505859375,
        257.3160400390625,
        0.879210889339447
    ],
    "2": [
        1481.704345703125,
        181.85394287109375,
        0.9034150838851929,
        1486.2764892578125,
        178.8058319091797,
        0.8996623754501343,
        1483.2283935546875,
        178.8058319091797,
        0.8945626020431519,
        1493.896728515625,
        181.85394287109375,
        0.881005585193634,
        1487.800537109375,
        181.85394287109375,
        0.5359355211257935,
        1507.61328125,
        201.6666717529297,
        0.8535987734794617,
        1487.800537109375,
        198.61856079101562,
        0.8772881031036377,
        1509.1373291015625,
        229.09967041015625,
        0.937251627445221,
        1489.3245849609375,
        223.00344848632812,
        0.8749953508377075,
        1492.3726806640625,
        244.34022521972656,
        0.8927723169326782,
        1475.6080322265625,
        238.24400329589844,
        0.8776689171791077,
        1519.8056640625,
        235.19589233398438,
        0.8603625893592834,
        1506.0892333984375,
        235.19589233398438,
        0.7938091158866882,
        1512.1854248046875,
        268.72509765625,
        0.8219152092933655,
        1493.896728515625,
        267.2010498046875,
        0.8724261522293091,
        1524.3778076171875,
        308.3505554199219,
        0.8851505517959595,
        1503.0411376953125,
        299.2062072753906,
        0.9086055159568787
    ],
    "14": [
        835.8292236328125,
        343.0830993652344,
        0.6649547815322876,
        831.9946899414062,
        339.24853515625,
        0.556896984577179,
        835.8292236328125,
        341.1658020019531,
        0.7911231517791748,
        812.8219604492188,
        348.83489990234375,
        0.8751996755599976,
        835.8292236328125,
        346.9176330566406,
        0.8358097076416016,
        807.0701904296875,
        371.8421325683594,
        0.8930889964103699,
        849.2501220703125,
        369.92486572265625,
        0.8985469937324524,
        795.5665283203125,
        406.35302734375,
        0.7966174483299255,
        862.6710205078125,
        396.76666259765625,
        0.8890445828437805,
        785.9801635742188,
        421.6911926269531,
        0.9476715922355652,
        866.5055541992188,
        417.85662841796875,
        0.9249751567840576,
        820.4910888671875,
        427.4429931640625,
        0.7630904912948608,
        847.3328247070312,
        425.5257263183594,
        0.79957515001297,
        793.6492919921875,
        452.3675231933594,
        0.8925378918647766,
        849.2501220703125,
        456.2020568847656,
        0.8533428907394409,
        789.8147583007812,
        502.216552734375,
        0.8845452070236206,
        856.919189453125,
        498.38201904296875,
        0.8794326782226562
    ],
    "27": [
        1279.85400390625,
        217.38372802734375,
        0.9403083920478821,
        1281.6116943359375,
        213.86817932128906,
        0.9274874925613403,
        1279.85400390625,
        213.86817932128906,
        0.8541338443756104,
        1290.400634765625,
        215.62596130371094,
        0.8682247996330261,
        1295.6739501953125,
        215.62596130371094,
        0.7247583270072937,
        1295.6739501953125,
        238.47705078125,
        0.8305069804191589,
        1306.2205810546875,
        233.2037353515625,
        0.8323025107383728,
        1309.7362060546875,
        270.1170349121094,
        0.8379166722297668,
        1325.55615234375,
        252.53927612304688,
        0.940712571144104,
        1295.6739501953125,
        294.7259216308594,
        0.9025227427482605,
        1337.860595703125,
        271.87481689453125,
        0.9307358264923096,
        1322.0406494140625,
        289.45257568359375,
        0.7124904990196228,
        1325.55615234375,
        285.9370422363281,
        0.5269529223442078,
        1302.705078125,
        328.1236877441406,
        0.9100703001022339,
        1293.9161376953125,
        308.78814697265625,
        0.7477161288261414,
        1334.344970703125,
        359.763671875,
        0.8394082188606262,
        1325.55615234375,
        343.94366455078125,
        0.6924165487289429
    ],