{
    "8": [
        1237.7430419921875,
        287.96453857421875,
        0.8793069124221802,
        1237.7430419921875,
        285.6800537109375,
        0.9091331958770752,
        1237.7430419921875,
        283.3955993652344,
        0.7482943534851074,
        1242.31201171875,
        290.2489929199219,
        0.9203758835792542,
        1260.5877685546875,
        290.2489929199219,
        0.8585298657417297,
        1235.4586181640625,
        322.2315673828125,
        0.8795759677886963,
        1272.0101318359375,
        317.6626281738281,
        0.9235010743141174,
        1233.1741943359375,
        358.7830810546875,
        0.8900138735771179,
        1283.4324951171875,
        351.9296875,
        0.9389904737472534,
        1235.4586181640625,
        395.3345947265625,
        0.851544201374054,
        1288.00146484375,
        383.9122619628906,
        0.9439615607261658,
        1249.1654052734375,
        388.481201171875,
        0.8058977127075195,
        1274.2945556640625,
        386.19671630859375,
        0.7984113693237305,
        1249.1654052734375,
        434.17059326171875,
        0.9126971960067749,
        1269.7257080078125,
        429.6016540527344,
        0.8828442096710205,
        1269.7257080078125,
        482.1444396972656,
        0.9157054424285889,
        1288.00146484375,
        468.4376220703125,
        0.8975778818130493
    ],
    "2": [
        1484.566162109375,
        181.99496459960938,
        0.9283918738365173,
        1487.5299072265625,
        179.03123474121094,
        0.9143667221069336,
        1484.566162109375,
        179.03123474121094,
        0.9261864423751831,
        1496.421142578125,
        183.47683715820312,
        0.861880898475647,
        1490.49365234375,
        183.47683715820312,
        0.5477468967437744,
        1508.276123046875,
        199.77737426757812,
        0.8353714942932129,
        1491.9755859375,
        198.29550170898438,
        0.8494293689727783,
        1508.276123046875,
        229.41473388671875,
        0.9224643111228943,
        1493.4573974609375,
        222.00538635253906,
        0.910836935043335,
        1486.048095703125,
        241.26966857910156,
        0.834506630897522,
        1480.12060546875,
        236.82406616210938,
        0.870629608631134,
        1521.6129150390625,
        236.82406616210938,
        0.7965330481529236,
        1506.794189453125,
        235.34219360351562,
        0.751754879951477,
        1508.276123046875,
        266.46142578125,
        0.8575195670127869,
        1487.5299072265625,
        262.01580810546875,
        0.8293269276618958,
        1521.6129150390625,
        302.0262451171875,
        0.8728815317153931,
        1499.3848876953125,
        297.58062744140625,
        0.8651492595672607
    ],
    "14": [
        812.37890625,
        344.8471374511719,
        0.7082712054252625,
        808.4403076171875,
        338.939208984375,
        0.5033401250839233,
        810.4096069335938,
        338.939208984375,
        0.8258112668991089,
        786.7779541015625,
        346.8164367675781,
        0.8661726713180542,
        808.4403076171875,
        346.8164367675781,
        0.8461992740631104,
        776.9314575195312,
        368.4787902832031,
        0.8971437811851501,
        820.256103515625,
        366.5094909667969,
        0.8940415382385254,
        767.0848999023438,
        403.92626953125,
        0.825997531414032,
        832.0719604492188,
        396.0490417480469,
        0.8970133662223816,
        765.1156005859375,
        421.6499938964844,
        0.7650059461593628,
        830.1026611328125,
        413.7727966308594,
        0.8495007753372192,
        786.7779541015625,
        425.588623046875,
        0.7661492228507996,
        816.3175048828125,
        421.6499938964844,
        0.784981906414032,
        763.1463012695312,
        457.09747314453125,
        0.8613781929016113,
        834.041259765625,
        455.128173828125,
        0.8933103680610657,
        749.3611450195312,
        500.42218017578125,
        0.9087414741516113,
        853.7343139648438,
        496.48358154296875,
        0.8727918267250061
    ],
    "13": [
        686.8807373046875,
        266.4468078613281,
        0.5176585912704468,
        690.4903564453125,
        264.64202880859375,
        0.6508635878562927,
        706.7333984375,
        264.64202880859375,
        0.5822616219520569,
        688.685546875,
        268.2515869140625,
        0.9098089337348938,
        706.7333984375,
        266.4468078613281,
        0.9520841836929321,
        679.66162109375,
        291.71380615234375,
        0.8934470415115356,
        717.5621337890625,
        289.9090270996094,
        0.8839127421379089,
        663.4185791015625,
        320.5903625488281,
        0.8903475999832153,
        733.80517578125,
        315.176025390625,
        0.8471128940582275,
        677.8568115234375,
        331.4190979003906,
        0.8956649899482727,
        739.2195434570312,
        331.4190979003906,
        0.7287321090698242,
        692.2951049804688,
        342.247802734375,
        0.7914085388183594,
        717.5621337890625,
        340.4430236816406,
        0.8001198768615723,
        683.2711791992188,
        372.92913818359375,
        0.8955293893814087,
        730.1956176757812,
        374.73394775390625,
        0.8611530065536499,
        692.2951049804688,
        416.2439880371094,
        0.9156152606010437,
        722.9764404296875,
        418.0487976074219,
        0.8880683183670044
    ],
    "15": [
        1004.3543701171875,
        158.63360595703125,
        0.9077879190444946,
        1008.0029907226562,
        156.201171875,
        0.8900512456893921,
        1003.1381225585938,
        154.98495483398438,
        0.9262757301330566,
        1016.5165405273438,
        158.63360595703125,
        0.9025981426239014,
        1001.9219360351562,
        157.41738891601562,
        0.5802417397499084,
        1026.246337890625,
        175.6606903076172,
        0.8235860466957092,
        1001.9219360351562,
        173.22825622558594,
        0.8563594818115234,
        1031.1112060546875,
        197.5526580810547,
        0.7276935577392578,
        990.9759521484375,
        195.12022399902344,
        0.8846755623817444,
        1031.1112060546875,
        217.01217651367188,
        0.6402477622032166,
        973.9488525390625,
        214.57974243164062,
        0.8798412084579468,
        1031.1112060546875,
        207.2824249267578,
        0.7229573130607605,
        1014.0841064453125,
        206.0662078857422,
        0.7935174107551575,
        1044.4896240234375,
        232.8230438232422,
        0.8054419159889221,
        992.192138671875,
        226.741943359375,
        0.8478122353553772,
        1055.435546875,
        262.0123291015625,
        0.8336461186408997,
        993.4083862304688,
        258.3636779785156,
        0.8631805777549744
    ],