{
    "8": [
        1238.1671142578125,
        285.0927429199219,
        0.8158335089683533,
        1238.1671142578125,
        280.44879150390625,
        0.899376392364502,
        1240.489013671875,
        280.44879150390625,
        0.7328600883483887,
        1240.489013671875,
        285.0927429199219,
        0.9034855961799622,
        1261.386962890625,
        285.0927429199219,
        0.8783438801765442,
        1233.523193359375,
        315.27850341796875,
        0.885705828666687,
        1272.996826171875,
        312.9565124511719,
        0.9257910847663879,
        1231.201171875,
        354.7521667480469,
        0.9117297530174255,
        1282.28466796875,
        345.4642333984375,
        0.8907808661460876,
        1233.523193359375,
        389.5818786621094,
        0.9160946011543274,
        1289.250732421875,
        377.97198486328125,
        0.915520429611206,
        1247.455078125,
        382.6159362792969,
        0.8314300179481506,
        1270.6748046875,
        380.2939453125,
        0.8148190975189209,
        1247.455078125,
        431.3775329589844,
        0.9020401835441589,
        1266.0308837890625,
        424.4115905761719,
        0.8942899107933044,
        1268.352783203125,
        477.817138671875,
        0.8937498927116394,
        1284.606689453125,
        466.2072448730469,
        0.8709498047828674
    ],
    "2": [
        1486.1934814453125,
        182.39578247070312,
        0.9322978854179382,
        1489.11328125,
        179.47601318359375,
        0.9017561078071594,
        1486.1934814453125,
        179.47601318359375,
        0.9440940618515015,
        1497.87255859375,
        183.85565185546875,
        0.863344132900238,
        1492.032958984375,
        183.85565185546875,
        0.5408944487571716,
        1509.551513671875,
        199.91433715820312,
        0.8350158333778381,
        1494.9527587890625,
        199.91433715820312,
        0.8217598795890808,
        1508.0916748046875,
        229.11192321777344,
        0.9430133700370789,
        1493.492919921875,
        223.27239990234375,
        0.8993200659751892,
        1486.1934814453125,
        240.79095458984375,
        0.8383195400238037,
        1480.35400390625,
        236.41131591796875,
        0.8593854308128357,
        1522.6904296875,
        239.33108520507812,
        0.796667218208313,
        1509.551513671875,
        236.41131591796875,
        0.744631290435791,
        1505.171875,
        267.06878662109375,
        0.8469954133033752,
        1484.733642578125,
        256.8496398925781,
        0.8564714789390564,
        1521.2305908203125,
        302.10589599609375,
        0.8771271109580994,
        1496.41259765625,
        293.34661865234375,
        0.8299516439437866
    ],
    "15": [
        1003.8311157226562,
        158.20826721191406,
        0.8999930024147034,
        1007.5079345703125,
        155.75704956054688,
        0.911414384841919,
        1003.8311157226562,
        154.5314483642578,
        0.937635600566864,
        1016.087158203125,
        156.98265075683594,
        0.8895612955093384,
        1002.60546875,
        156.98265075683594,
        0.6123911142349243,
        1025.8919677734375,
        175.36676025390625,
        0.8154665231704712,
        1002.60546875,
        172.91554260253906,
        0.8425594568252563,
        1030.79443359375,
        197.4276885986328,
        0.786669909954071,
        990.3494262695312,
        194.97647094726562,
        0.8932566046714783,
        1029.56884765625,
        217.0373992919922,
        0.7617713809013367,
        974.4165649414062,
        213.36058044433594,
        0.8878799676895142,
        1030.79443359375,
        206.00692749023438,
        0.7205776572227478,
        1013.635986328125,
        206.00692749023438,
        0.8148956298828125,
        1044.276123046875,
        231.7446746826172,
        0.7702168226242065,
        991.5750732421875,
        228.06785583496094,
        0.8606224656105042,
        1055.3065185546875,
        262.3848571777344,
        0.8439798355102539,
        992.8006591796875,
        257.482421875,
        0.8733079433441162
    ],
    "13": [
        687.3882446289062,
        266.1512145996094,
        0.5479660630226135,
        692.7483520507812,
        264.3645324707031,
        0.6876871585845947,
        708.8285522460938,
        264.3645324707031,
        0.6353123784065247,
        689.1749267578125,
        267.9378967285156,
        0.92332524061203,
        708.8285522460938,
        266.1512145996094,
        0.9651322960853577,
        680.2415161132812,
        291.16485595703125,
        0.8956047296524048,
        719.5487060546875,
        289.378173828125,
        0.8765886425971985,
        665.947998046875,
        319.75189208984375,
        0.9057191610336304,
        735.62890625,
        316.17852783203125,
        0.8999135494232178,
        680.2415161132812,
        330.4720458984375,
        0.8906163573265076,
        744.5623168945312,
        335.8321228027344,
        0.7348307371139526,
        694.5350341796875,
        341.1921691894531,
        0.7977452278137207,
        719.5487060546875,
        339.4054870605469,
        0.7850841879844666,
        689.1749267578125,
        373.35260009765625,
        0.8622015714645386,
        733.8422241210938,
        373.35260009765625,
        0.8671128749847412,
        696.3217163085938,
        414.44647216796875,
        0.9149278402328491,
        723.1220703125,
        418.01983642578125,
        0.8677815794944763
    ],
    "14": [
        808.2138061523438,
        337.6388244628906,
        0.6470268368721008,
        804.2800903320312,
        335.6719665527344,
        0.4368573725223541,
        806.2469482421875,
        337.6388244628906,
        0.8403485417366028,
        782.6447143554688,
        343.5393981933594,
        0.8827083110809326,
        804.2800903320312,
        343.5393981933594,
        0.8596983551979065,
        772.8104248046875,
        367.1416320800781,
        0.8819862604141235,
        816.0812377929688,
        365.1747741699219,
        0.866443395614624,
        761.0093383789062,
        398.6112976074219,
        0.9081541299819946,
        825.9154663085938,
        394.6775817871094,
        0.8642216324806213,
        761.0093383789062,
        416.31298828125,
        0.7976411581039429,
        825.9154663085938,
        410.41241455078125,
        0.7940532565116882,
        780.6778564453125,
        422.21356201171875,
        0.7781174778938293,
        810.1806640625,
        420.2467041015625,
        0.7851265668869019,
        759.04248046875,
        455.6500549316406,
        0.8669883012771606,
        827.88232421875,
        455.6500549316406,
        0.8573852181434631,
        749.2081909179688,
        500.8877258300781,
        0.8737342357635498,
        851.484619140625,
        494.9871520996094,
        0.8564804792404175
    ],