{
    "15": [
        1022.7354736328125,
        147.41184997558594,
        0.9450224041938782,
        1026.86083984375,
        144.66156005859375,
        0.9442000985145569,
        1019.9851684570312,
        144.66156005859375,
        0.9322828650474548,
        1030.986328125,
        147.41184997558594,
        0.9491203427314758,
        1017.23486328125,
        146.0366973876953,
        0.9141073822975159,
        1039.2371826171875,
        163.91360473632812,
        0.9310506582260132,
        1008.9840087890625,
        165.28875732421875,
        0.8986064195632935,
        1043.3626708984375,
        185.9159393310547,
        0.8540842533111572,
        1006.2337036132812,
        188.66624450683594,
        0.8532834053039551,
        1037.862060546875,
        205.16799926757812,
        0.8247587084770203,
        1004.8585815429688,
        207.9182891845703,
        0.8445508480072021,
        1033.736572265625,
        202.41769409179688,
        0.7695431709289551,
        1013.1094360351562,
        202.41769409179688,
        0.813832700252533,
        1050.2384033203125,
        229.92062377929688,
        0.8621729612350464,
        996.607666015625,
        228.54547119140625,
        0.8795246481895447,
        1057.1141357421875,
        262.92413330078125,
        0.8776678442955017,
        993.8573608398438,
        257.4235534667969,
        0.8902402520179749
    ],
    "8": [
        1213.370361328125,
        261.85870361328125,
        0.8467183113098145,
        1213.370361328125,
        259.87823486328125,
        0.8019825220108032,
        1213.370361328125,
        259.87823486328125,
        0.5607700347900391,
        1217.331298828125,
        261.85870361328125,
        0.9004806280136108,
        1237.135986328125,
        261.85870361328125,
        0.9110751152038574,
        1211.389892578125,
        291.56585693359375,
        0.8817980885505676,
        1243.0775146484375,
        287.6048889160156,
        0.8891685605049133,
        1207.428955078125,
        325.23394775390625,
        0.9159970283508301,
        1250.9993896484375,
        317.3120422363281,
        0.9257066249847412,
        1195.5460205078125,
        347.0191955566406,
        0.9565507173538208,
        1237.135986328125,
        331.1753845214844,
        0.8559979796409607,
        1217.331298828125,
        347.0191955566406,
        0.7821206450462341,
        1237.135986328125,
        348.9996643066406,
        0.777210533618927,
        1199.5069580078125,
        374.745849609375,
        0.9061179757118225,
        1225.253173828125,
        374.745849609375,
        0.8863056302070618,
        1207.428955078125,
        420.29681396484375,
        0.8941889405250549,
        1231.194580078125,
        420.29681396484375,
        0.9362344145774841
    ],
    "32": [
        570.2435302734375,
        216.39675903320312,
        0.8600367903709412,
        568.5859375,
        214.73910522460938,
        0.9020639061927795,
        566.9282836914062,
        214.73910522460938,
        0.954818069934845,
        556.982421875,
        224.6849365234375,
        0.7668681144714355,
        560.2977294921875,
        223.02731323242188,
        0.9487463235855103,
        560.2977294921875,
        242.91897583007812,
        0.7267389893531799,
        570.2435302734375,
        237.946044921875,
        0.9226255416870117,
        580.1893920898438,
        264.46826171875,
        0.7101538181304932,
        588.4776000976562,
        256.1800842285156,
        0.8811760544776917,
        608.3692626953125,
        281.0446472167969,
        0.6413629651069641,
        613.3421630859375,
        262.8106384277344,
        1.059950828552246,
        568.5859375,
        295.9634094238281,
        0.6803786754608154,
        581.8470458984375,
        290.990478515625,
        0.6755682229995728,
        600.0810546875,
        327.4585266113281,
        0.7303141355514526,
        616.6574096679688,
        322.4856262207031,
        0.8263014554977417,
        595.108154296875,
        367.2418518066406,
        0.8822813630104065,
        633.2338256835938,
        357.2960205078125,
        0.828572154045105
    ],
    "33": [
        802.8361206054688,
        137.9803924560547,
        0.9316774606704712,
        806.8291015625,
        135.98391723632812,
        0.9380467534065247,
        800.8396606445312,
        133.98744201660156,
        0.9497859477996826,
        812.8185424804688,
        139.9768829345703,
        0.9413649439811707,
        796.8466796875,
        135.98391723632812,
        0.9233521819114685,
        810.822021484375,
        155.94871520996094,
        0.8946272730827332,
        790.8572387695312,
        151.95574951171875,
        0.8911688923835754,
        806.8291015625,
        179.90646362304688,
        0.5107101798057556,
        766.8995361328125,
        153.9522247314453,
        0.8299003839492798,
        802.8361206054688,
        201.8677215576172,
        0.33288049697875977,
        766.8995361328125,
        139.9768829345703,
        0.6178151369094849,
        806.8291015625,
        207.85716247558594,
        0.7780634164810181,
        794.8502197265625,
        205.86068725585938,
        0.8024881482124329,
        804.8325805664062,
        253.77618408203125,
        0.8368345499038696,
        790.8572387695312,
        251.7797088623047,
        0.8893206119537354,
        822.8009033203125,
        295.7022399902344,
        0.912712812423706,
        796.8466796875,
        293.70574951171875,
        0.839180588722229
    ],
    "6": [
        943.6393432617188,
        275.5820007324219,
        0.6100276112556458,
        941.7398071289062,
        273.6824645996094,
        0.382811039686203,
        943.6393432617188,
        273.6824645996094,
        0.691271960735321,
        920.8448486328125,
        277.4815368652344,
        0.8589202761650085,
        941.7398071289062,
        277.4815368652344,
        0.8972814083099365,
        911.3471069335938,
        298.3764953613281,
        0.947662889957428,
        947.4384155273438,
        300.2760314941406,
        0.9207140803337097,
        901.8494262695312,
        326.86962890625,
        0.9402672052383423,
        949.3380126953125,
        330.6687316894531,
        0.8363939523696899,
        915.146240234375,
        338.26690673828125,
        0.7752518653869629,
        937.9407348632812,
        343.96551513671875,
        0.7575730085372925,
        911.3471069335938,
        353.4632263183594,
        0.7913140654563904,
        936.0411987304688,
        355.36279296875,
        0.7994594573974609,
        892.3516845703125,
        393.3536376953125,
        0.8460560441017151,
        947.4384155273438,
        391.4540710449219,
        0.8586381077766418,
        871.4567260742188,
        435.1435546875,
        0.8754904866218567,
        943.6393432617188,
        431.344482421875,
        0.8857724070549011
    ],