{
    "15": [
        1028.3233642578125,
        146.16505432128906,
        0.91722571849823,
        1031.10546875,
        143.3829803466797,
        0.9189352989196777,
        1025.541259765625,
        143.3829803466797,
        0.9140649437904358,
        1035.278564453125,
        146.16505432128906,
        0.9308428764343262,
        1019.9771728515625,
        144.77401733398438,
        0.9472207427024841,
        1042.2337646484375,
        162.8574981689453,
        0.9185986518859863,
        1013.02197265625,
        162.8574981689453,
        0.8737483024597168,
        1046.4068603515625,
        183.72303771972656,
        0.8693430423736572,
        1008.848876953125,
        185.11407470703125,
        0.890134871006012,
        1040.8426513671875,
        200.41546630859375,
        0.8674761056900024,
        1008.848876953125,
        205.9796142578125,
        0.870178759098053,
        1035.278564453125,
        201.80650329589844,
        0.7811052799224854,
        1015.8040161132812,
        201.80650329589844,
        0.816020667552948,
        1050.5799560546875,
        231.01828002929688,
        0.8323466181755066,
        999.111572265625,
        228.2362060546875,
        0.8756850957870483,
        1056.1441650390625,
        261.6210632324219,
        0.833814263343811,
        993.5474243164062,
        257.4479675292969,
        0.8760126829147339
    ],
    "33": [
        803.2703247070312,
        142.74171447753906,
        0.9188061356544495,
        807.281494140625,
        140.7361297607422,
        0.9650631546974182,
        801.2647705078125,
        138.73056030273438,
        0.942014217376709,
        813.2982177734375,
        142.74171447753906,
        0.919777512550354,
        797.2536010742188,
        138.73056030273438,
        0.9663147330284119,
        813.2982177734375,
        158.78634643554688,
        0.9153722524642944,
        787.2257080078125,
        156.78076171875,
        0.8919616341590881,
        807.281494140625,
        184.85888671875,
        0.6610216498374939,
        771.1810302734375,
        170.81982421875,
        0.8557570576667786,
        785.2200927734375,
        162.79751586914062,
        0.3424483835697174,
        771.1810302734375,
        156.78076171875,
        0.8045699000358582,
        809.2870483398438,
        210.93142700195312,
        0.806959867477417,
        793.242431640625,
        210.93142700195312,
        0.8287458419799805,
        805.2759399414062,
        257.05975341796875,
        0.8448136448860168,
        789.2312622070312,
        257.05975341796875,
        0.8806067109107971,
        821.320556640625,
        299.1769104003906,
        0.9000306725502014,
        795.2479858398438,
        299.1769104003906,
        0.8994411826133728
    ],
    "8": [
        1214.0269775390625,
        260.8128662109375,
        0.8066014647483826,
        1214.0269775390625,
        258.83245849609375,
        0.772228479385376,
        1212.0465087890625,
        258.83245849609375,
        0.49509134888648987,
        1216.00732421875,
        262.79327392578125,
        0.9136170148849487,
        1235.8115234375,
        260.8128662109375,
        0.8930965662002563,
        1210.0660400390625,
        290.51910400390625,
        0.8669724464416504,
        1243.733154296875,
        286.5582580566406,
        0.9324164986610413,
        1206.105224609375,
        324.1861572265625,
        0.9003475904464722,
        1249.6744384765625,
        316.2644958496094,
        0.8960757851600647,
        1194.2227783203125,
        342.0098876953125,
        0.9158197045326233,
        1235.8115234375,
        330.1274108886719,
        0.7461974620819092,
        1216.00732421875,
        351.9119873046875,
        0.7530010342597961,
        1239.7723388671875,
        351.9119873046875,
        0.7840356230735779,
        1194.2227783203125,
        371.71612548828125,
        0.8998442888259888,
        1223.928955078125,
        371.71612548828125,
        0.9212901592254639,
        1204.1248779296875,
        419.24609375,
        0.8733266592025757,
        1229.8702392578125,
        419.24609375,
        0.9020232558250427
    ],
    "2": [
        1500.1048583984375,
        206.654296875,
        0.9778595566749573,
        1502.5880126953125,
        204.17111206054688,
        0.937950849533081,
        1500.1048583984375,
        204.17111206054688,
        0.967852771282196,
        1511.2791748046875,
        207.8958740234375,
        0.89585942029953,
        1501.346435546875,
        206.654296875,
        0.595599889755249,
        1522.4534912109375,
        225.27813720703125,
        0.8267255425453186,
        1498.86328125,
        224.0365447998047,
        0.8791044354438782,
        1517.487060546875,
        252.59310913085938,
        0.8538846969604492,
        1500.1048583984375,
        245.14356994628906,
        0.8804925680160522,
        1493.8968505859375,
        258.8010559082031,
        0.7902346253395081,
        1490.172119140625,
        257.5594787597656,
        0.7904361486434937,
        1529.9029541015625,
        253.83470153808594,
        0.7506768107414246,
        1513.7623291015625,
        251.35153198242188,
        0.7918400764465332,
        1528.661376953125,
        276.1833190917969,
        0.8610009551048279,
        1485.2056884765625,
        262.5258483886719,
        0.751607358455658,
        1549.7684326171875,
        307.22308349609375,
        0.8077284693717957,
        1480.2393798828125,
        293.5655822753906,
        0.8534132838249207
    ],
    "6": [
        942.71875,
        279.2362976074219,
        0.7882488965988159,
        940.8653564453125,
        277.3829345703125,
        0.593616247177124,
        940.8653564453125,
        277.3829345703125,
        0.832226037979126,
        920.478271484375,
        279.2362976074219,
        0.8141919374465942,
        939.0120239257812,
        281.08966064453125,
        0.9229395985603333,
        909.3580322265625,
        301.47674560546875,
        0.9445182085037231,
        946.4254760742188,
        303.33013916015625,
        0.9234104752540588,
        901.944580078125,
        331.1307067871094,
        0.9319066405296326,
        948.2788696289062,
        334.83746337890625,
        0.838838517665863,
        914.9181518554688,
        340.3975830078125,
        0.7848014831542969,
        939.0120239257812,
        345.9576721191406,
        0.7293739318847656,
        911.21142578125,
        357.0779113769531,
        0.7812530994415283,
        935.3052368164062,
        358.9313049316406,
        0.7901914119720459,
        892.6776733398438,
        394.1453552246094,
        0.8498638272285461,
        946.4254760742188,
        392.2919921875,
        0.8714709281921387,
        872.2905883789062,
        434.9195251464844,
        0.8691127300262451,
        942.71875,
        431.2127990722656,
        0.8973186016082764
    ],