{
    "15": [
        1043.7923583984375,
        138.35015869140625,
        0.9339765906333923,
        1045.247314453125,
        135.44017028808594,
        0.9352119565010071,
        1039.4273681640625,
        135.44017028808594,
        0.9129042029380798,
        1048.1573486328125,
        136.89515686035156,
        0.8810540437698364,
        1033.6072998046875,
        136.89515686035156,
        0.9165564179420471,
        1051.0672607421875,
        155.8101348876953,
        0.9308025240898132,
        1021.9673461914062,
        154.35513305664062,
        0.8729554414749146,
        1053.977294921875,
        176.18008422851562,
        0.8583495020866394,
        1014.6923828125,
        177.6350860595703,
        0.8812029361724854,
        1052.5223388671875,
        190.73007202148438,
        0.7912431359291077,
        1013.2373657226562,
        196.550048828125,
        0.8904339075088501,
        1040.88232421875,
        195.09506225585938,
        0.8280898332595825,
        1021.9673461914062,
        196.550048828125,
        0.7978136539459229,
        1051.0672607421875,
        227.10499572753906,
        0.8713062405586243,
        1008.8723754882812,
        227.10499572753906,
        0.8761255145072937,
        1056.8873291015625,
        262.0249328613281,
        0.8559722900390625,
        995.7774047851562,
        256.2049560546875,
        0.8451080322265625
    ],
    "14": [
        722.7330932617188,
        350.3621520996094,
        0.8926394581794739,
        720.7652587890625,
        346.42645263671875,
        0.7276657819747925,
        720.7652587890625,
        346.42645263671875,
        0.9032350182533264,
        695.183349609375,
        346.42645263671875,
        0.8629360198974609,
        716.82958984375,
        348.394287109375,
        0.8773529529571533,
        679.440673828125,
        368.0726623535156,
        0.8708534240722656,
        720.7652587890625,
        368.0726623535156,
        0.8528001308441162,
        661.7301635742188,
        401.52587890625,
        0.8474511504173279,
        728.6365966796875,
        403.49371337890625,
        0.9129226803779602,
        659.7623291015625,
        431.04339599609375,
        0.8919350504875183,
        740.443603515625,
        431.04339599609375,
        0.9153817892074585,
        673.5371704101562,
        421.2042236328125,
        0.7711920142173767,
        699.1190185546875,
        419.23638916015625,
        0.7469913959503174,
        683.3763427734375,
        448.7539367675781,
        0.9154869318008423,
        732.572265625,
        454.6574401855469,
        0.8901855945587158,
        677.4728393554688,
        497.9498291015625,
        0.8781076669692993,
        738.4757690429688,
        503.85333251953125,
        0.8933807015419006
    ],
    "6": [
        944.5031127929688,
        274.8338317871094,
        0.9012792110443115,
        944.5031127929688,
        272.9647216796875,
        0.6816146373748779,
        944.5031127929688,
        271.09564208984375,
        0.9267865419387817,
        923.9429931640625,
        276.70294189453125,
        0.8954036831855774,
        940.7649536132812,
        274.8338317871094,
        0.9244016408920288,
        912.7283935546875,
        297.2630920410156,
        0.9198305010795593,
        948.2413330078125,
        297.2630920410156,
        0.9070969223976135,
        901.5137329101562,
        325.2996520996094,
        0.9180885553359985,
        950.1104736328125,
        330.9069519042969,
        0.9066272974014282,
        916.4666137695312,
        336.5142517089844,
        0.7554948925971985,
        942.634033203125,
        342.12158203125,
        0.7982931137084961,
        912.7283935546875,
        355.2052917480469,
        0.7742701768875122,
        935.1575927734375,
        355.2052917480469,
        0.8273283243179321,
        897.7755737304688,
        392.5873718261719,
        0.8526669144630432,
        944.5031127929688,
        392.5873718261719,
        0.8579538464546204,
        875.3463134765625,
        431.83856201171875,
        0.847054660320282,
        944.5031127929688,
        431.83856201171875,
        0.9004319310188293
    ],
    "2": [
        1517.303466796875,
        198.20663452148438,
        0.9264440536499023,
        1519.9849853515625,
        195.5250701904297,
        0.947931706905365,
        1515.962646484375,
        195.5250701904297,
        0.9114922285079956,
        1529.3704833984375,
        198.20663452148438,
        0.9407001733779907,
        1514.621826171875,
        198.20663452148438,
        0.7693144679069519,
        1537.4151611328125,
        215.6368408203125,
        0.8916156888008118,
        1513.2811279296875,
        215.6368408203125,
        0.8924952745437622,
        1545.4599609375,
        237.08938598632812,
        0.8187342882156372,
        1510.5994873046875,
        235.7486114501953,
        0.878217339515686,
        1544.119140625,
        253.17880249023438,
        0.7403072118759155,
        1502.5548095703125,
        250.4972381591797,
        0.8514907956123352,
        1533.392822265625,
        253.17880249023438,
        0.759183943271637,
        1515.962646484375,
        251.83802795410156,
        0.7835701704025269,
        1538.7559814453125,
        275.9721374511719,
        0.8251069784164429,
        1497.191650390625,
        270.6090087890625,
        0.8102132678031921,
        1552.163818359375,
        308.1509704589844,
        0.8295512199401855,
        1481.102294921875,
        293.40234375,
        0.8603175282478333
    ],
    "7": [
        741.4190063476562,
        194.2810821533203,
        0.9571570158004761,
        743.1375732421875,
        190.84393310546875,
        0.960885763168335,
        737.9818725585938,
        190.84393310546875,
        0.9533564448356628,
        743.1375732421875,
        194.2810821533203,
        0.7067186236381531,
        727.67041015625,
        192.5625,
        0.922602117061615,
        743.1375732421875,
        214.9040069580078,
        0.8569163084030151,
        715.640380859375,
        211.46685791015625,
        0.855297863483429,
        748.2933349609375,
        240.6826629638672,
        0.841206967830658,
        705.3289184570312,
        235.5269317626953,
        0.8155295252799988,
        732.8261108398438,
        228.65261840820312,
        0.7534502744674683,
        713.9217529296875,
        226.93405151367188,
        0.7241985201835632,
        732.8261108398438,
        263.024169921875,
        0.7335819005966187,
        713.9217529296875,
        261.30560302734375,
        0.7639538049697876,
        724.2332153320312,
        302.55145263671875,
        0.936079204082489,
        708.7660522460938,
        302.55145263671875,
        0.8891068696975708,
        732.8261108398438,
        338.64154052734375,
        0.88592928647995,
        719.0775146484375,
        336.9229736328125,
        0.7557505369186401
    ],