{
    "2": [
        1615.2630615234375,
        181.25399780273438,
        0.9349054098129272,
        1618.507080078125,
        178.010009765625,
        0.9373586177825928,
        1612.01904296875,
        178.010009765625,
        0.9429033398628235,
        1624.9949951171875,
        181.25399780273438,
        0.8861314654350281,
        1608.7750244140625,
        181.25399780273438,
        0.9072320461273193,
        1631.4830322265625,
        200.71795654296875,
        0.869451642036438,
        1600.6650390625,
        199.09596252441406,
        0.9280182719230652,
        1647.7030029296875,
        218.55992126464844,
        0.8884379863739014,
        1592.5550537109375,
        218.55992126464844,
        0.9387668371200562,
        1642.8370361328125,
        242.88986206054688,
        0.9212180972099304,
        1584.445068359375,
        233.1578826904297,
        0.8975223302841187,
        1624.9949951171875,
        246.1338653564453,
        0.8155006170272827,
        1602.287109375,
        242.88986206054688,
        0.8424504399299622,
        1623.373046875,
        278.57379150390625,
        0.874225378036499,
        1584.445068359375,
        270.46380615234375,
        0.8619133234024048,
        1628.239013671875,
        315.87969970703125,
        0.8625418543815613,
        1571.4691162109375,
        298.0377502441406,
        0.8178673982620239
    ],
    "8": [
        1281.0228271484375,
        247.9802703857422,
        0.8711351156234741,
        1278.786865234375,
        245.74432373046875,
        0.8167542219161987,
        1278.786865234375,
        245.74432373046875,
        0.9316258430480957,
        1256.427490234375,
        250.21620178222656,
        0.8710755705833435,
        1274.3150634765625,
        250.21620178222656,
        0.9440172910690308,
        1249.7196044921875,
        277.0475158691406,
        0.9278354644775391,
        1285.4947509765625,
        277.0475158691406,
        0.8974800109863281,
        1247.4837646484375,
        308.3506774902344,
        0.9334262609481812,
        1296.6744384765625,
        308.3506774902344,
        0.9050026535987854,
        1258.6634521484375,
        326.23822021484375,
        0.7224137783050537,
        1303.3822021484375,
        330.7101135253906,
        0.8862870335578918,
        1260.8994140625,
        344.1257629394531,
        0.7653984427452087,
        1287.730712890625,
        341.8898010253906,
        0.7783331871032715,
        1263.13525390625,
        388.8445739746094,
        0.9086397290229797,
        1305.6181640625,
        384.3727111816406,
        0.8824617862701416,
        1263.13525390625,
        435.7993469238281,
        0.9437770843505859,
        1325.74169921875,
        431.3274841308594,
        0.916846752166748
    ],
    "15": [
        1059.3050537109375,
        151.9517364501953,
        0.8996744155883789,
        1059.3050537109375,
        148.9606170654297,
        0.9210734367370605,
        1054.818359375,
        148.9606170654297,
        0.9327691793441772,
        1060.8006591796875,
        150.4561767578125,
        0.7869695425033569,
        1045.844970703125,
        151.9517364501953,
        0.9308179020881653,
        1066.782958984375,
        166.9073944091797,
        0.869470477104187,
        1038.3671875,
        171.3940887451172,
        0.8840956091880798,
        1078.7474365234375,
        181.86305236816406,
        0.8991502523422241,
        1032.3848876953125,
        193.82757568359375,
        0.8922920227050781,
        1072.76513671875,
        201.30540466308594,
        0.8570956587791443,
        1042.8538818359375,
        211.77435302734375,
        0.9346914887428284,
        1057.8095703125,
        210.27879333496094,
        0.7912556529045105,
        1041.3582763671875,
        210.27879333496094,
        0.765872061252594,
        1056.31396484375,
        243.1812286376953,
        0.8825130462646484,
        1039.86279296875,
        243.1812286376953,
        0.8608542680740356,
        1056.31396484375,
        274.5881042480469,
        0.8575018048286438,
        1041.3582763671875,
        274.5881042480469,
        0.8946579694747925
    ],
    "14": [
        695.2012939453125,
        353.30267333984375,
        0.9462754726409912,
        692.9127807617188,
        351.01416015625,
        0.8916581869125366,
        692.9127807617188,
        351.01416015625,
        0.9453387260437012,
        670.0277099609375,
        351.01416015625,
        0.8048721551895142,
        681.4702758789062,
        353.30267333984375,
        0.8984538316726685,
        651.7196655273438,
        373.8992004394531,
        0.883146345615387,
        683.7587890625,
        378.4762268066406,
        0.8804779648780823,
        628.8346557617188,
        408.226806640625,
        0.8964279890060425,
        679.1817626953125,
        415.0923156738281,
        0.9467877149581909,
        628.8346557617188,
        440.265869140625,
        0.872373640537262,
        690.624267578125,
        447.1313781738281,
        0.9180381894111633,
        640.2771606445312,
        442.55438232421875,
        0.8168550729751587,
        658.585205078125,
        442.55438232421875,
        0.7774096727371216,
        663.1622314453125,
        483.7474670410156,
        0.843307375907898,
        686.0472412109375,
        488.3244934082031,
        0.8993579149246216,
        665.4507446289062,
        536.3831176757812,
        0.7784508466720581,
        665.4507446289062,
        534.0946044921875,
        0.7829746007919312
    ],
    "1": [
        1376.2530517578125,
        161.03135681152344,
        0.9244980216026306,
        1378.9534912109375,
        158.3309783935547,
        0.9276846051216125,
        1373.552734375,
        158.3309783935547,
        0.9147522449493408,
        1381.65380859375,
        159.68116760253906,
        0.9027668833732605,
        1368.1519775390625,
        159.68116760253906,
        0.9005365967750549,
        1389.7550048828125,
        174.5332489013672,
        0.9182477593421936,
        1362.751220703125,
        174.5332489013672,
        0.883567214012146,
        1400.5565185546875,
        189.3853302001953,
        0.8355680108070374,
        1358.70068359375,
        192.08570861816406,
        0.8889161348342896,
        1384.354248046875,
        198.83665466308594,
        0.7985300421714783,
        1366.8017578125,
        197.48646545410156,
        0.8011866807937622,
        1385.7044677734375,
        212.3385467529297,
        0.7910235524177551,
        1368.1519775390625,
        210.9883575439453,
        0.7781190276145935,
        1383.0040283203125,
        243.3928985595703,
        0.8647480607032776,
        1362.751220703125,
        240.69252014160156,
        0.8344058394432068,
        1383.0040283203125,
        270.39666748046875,
        0.8519635200500488,
        1361.4010009765625,
        270.39666748046875,
        0.8706520199775696
    ],