{
    "2": [
        1619.7818603515625,
        179.94482421875,
        0.952983558177948,
        1624.6142578125,
        176.72328186035156,
        0.9353291988372803,
        1618.171142578125,
        176.72328186035156,
        0.9500969052314758,
        1629.446533203125,
        179.94482421875,
        0.9227238893508911,
        1613.3387451171875,
        179.94482421875,
        0.917603611946106,
        1639.1112060546875,
        199.27410888671875,
        0.8600543141365051,
        1605.284912109375,
        197.663330078125,
        0.9232867360115051,
        1653.608154296875,
        218.6033935546875,
        0.8831062912940979,
        1597.2310791015625,
        218.6033935546875,
        0.897010862827301,
        1651.997314453125,
        241.15423583984375,
        0.8994671106338501,
        1587.56640625,
        234.7111358642578,
        0.8892707228660583,
        1631.0572509765625,
        244.3757781982422,
        0.834391713142395,
        1610.1171875,
        241.15423583984375,
        0.8181683421134949,
        1627.835693359375,
        276.59124755859375,
        0.8628129959106445,
        1592.398681640625,
        268.5373840332031,
        0.8674874305725098,
        1627.835693359375,
        315.24981689453125,
        0.8649851083755493,
        1587.56640625,
        300.75286865234375,
        0.868316650390625
    ],
    "1": [
        1375.8087158203125,
        158.77479553222656,
        0.9330984950065613,
        1378.535888671875,
        156.04762268066406,
        0.9238805770874023,
        1373.08154296875,
        156.04762268066406,
        0.9192014932632446,
        1382.6265869140625,
        157.4112091064453,
        0.9117673635482788,
        1368.99072265625,
        157.4112091064453,
        0.9170389175415039,
        1389.444580078125,
        173.7742462158203,
        0.9218602180480957,
        1362.1728515625,
        173.7742462158203,
        0.9101213216781616,
        1398.9896240234375,
        188.77369689941406,
        0.7805361151695251,
        1358.08203125,
        190.1372833251953,
        0.8986483812332153,
        1382.6265869140625,
        198.3188018798828,
        0.8042383193969727,
        1364.9000244140625,
        195.5916290283203,
        0.8595330715179443,
        1386.7174072265625,
        211.9546661376953,
        0.7879931330680847,
        1367.627197265625,
        210.59107971191406,
        0.8098285794258118,
        1383.990234375,
        241.9535675048828,
        0.8669793009757996,
        1364.9000244140625,
        239.2263946533203,
        0.8796089887619019,
        1383.990234375,
        267.8616943359375,
        0.8404384255409241,
        1363.536376953125,
        267.8616943359375,
        0.8845528364181519
    ],
    "15": [
        1061.2279052734375,
        150.29220581054688,
        0.9133593440055847,
        1062.7677001953125,
        147.21258544921875,
        0.9376035332679749,
        1056.6083984375,
        147.21258544921875,
        0.9264454245567322,
        1064.3074951171875,
        148.7523956298828,
        0.7948418259620667,
        1048.909423828125,
        150.29220581054688,
        0.9080596566200256,
        1070.466796875,
        164.15052795410156,
        0.8960670828819275,
        1039.6705322265625,
        168.7699737548828,
        0.8987104892730713,
        1078.165771484375,
        179.5486602783203,
        0.8814927339553833,
        1035.051025390625,
        191.86717224121094,
        0.8878576159477234,
        1073.54638671875,
        201.10604858398438,
        0.848412036895752,
        1045.8297119140625,
        210.3449249267578,
        0.8994413614273071,
        1059.6881103515625,
        208.80511474609375,
        0.7729494571685791,
        1041.2103271484375,
        210.3449249267578,
        0.7564026713371277,
        1058.1483154296875,
        242.68101501464844,
        0.8442156314849854,
        1039.6705322265625,
        242.68101501464844,
        0.8736066818237305,
        1056.6083984375,
        278.0967102050781,
        0.9088993668556213,
        1041.2103271484375,
        276.5569152832031,
        0.8640418648719788
    ],
    "7": [
        768.2354125976562,
        174.86715698242188,
        0.9699392318725586,
        768.2354125976562,
        171.40513610839844,
        0.9577262997627258,
        764.7733764648438,
        173.13613891601562,
        0.9512650966644287,
        768.2354125976562,
        174.86715698242188,
        0.6919245719909668,
        754.3873291015625,
        174.86715698242188,
        0.9511616230010986,
        775.159423828125,
        195.63929748535156,
        0.9168421626091003,
        742.2702026367188,
        195.63929748535156,
        0.9127445220947266,
        782.08349609375,
        219.8734588623047,
        0.7671789526939392,
        733.6151733398438,
        216.41143798828125,
        0.8949434161186218,
        780.3524780273438,
        244.1076202392578,
        0.5695194602012634,
        738.8082275390625,
        226.79750061035156,
        0.9048989415168762,
        768.2354125976562,
        247.56964111328125,
        0.803412139415741,
        749.1942749023438,
        247.56964111328125,
        0.8033523559570312,
        769.9664306640625,
        287.3829040527344,
        0.8781967163085938,
        749.1942749023438,
        285.65191650390625,
        0.8720073699951172,
        769.9664306640625,
        320.2721252441406,
        0.9193809628486633,
        759.580322265625,
        308.1550598144531,
        0.9683638215065002
    ],
    "11": [
        473.1547546386719,
        261.1263732910156,
        0.9460932016372681,
        473.1547546386719,
        257.2930908203125,
        0.9344233274459839,
        469.32147216796875,
        259.2097473144531,
        0.9472971558570862,
        465.4881896972656,
        263.04302978515625,
        0.5921464562416077,
        457.82159423828125,
        263.04302978515625,
        0.8718150854110718,
        467.4048156738281,
        284.12615966796875,
        0.883341372013092,
        444.4050598144531,
        287.9594421386719,
        0.8968486189842224,
        467.4048156738281,
        309.0425720214844,
        0.8885201215744019,
        432.9051818847656,
        316.70916748046875,
        0.9020317196846008,
        482.7380065917969,
        328.20904541015625,
        0.9335449934005737,
        444.4050598144531,
        339.7089538574219,
        0.9139983057975769,
        452.0716552734375,
        339.7089538574219,
        0.8282353281974792,
        436.73846435546875,
        341.6256103515625,
        0.755791187286377,
        450.1549987792969,
        379.95855712890625,
        0.8238272070884705,
        452.0716552734375,
        379.95855712890625,
        0.8640456199645996,
        429.0718688964844,
        410.6249084472656,
        0.8798233866691589,
        455.9049377441406,
        424.04144287109375,
        0.8586368560791016
    ],