{
    "6": [
        1048.1053466796875,
        294.32513427734375,
        0.9519015550613403,
        1045.7664794921875,
        291.98626708984375,
        0.9353697896003723,
        1043.4276123046875,
        291.98626708984375,
        0.993445873260498,
        1036.410888671875,
        294.32513427734375,
        0.6087405681610107,
        1029.394287109375,
        299.0028991699219,
        0.9526813626289368,
        1045.7664794921875,
        317.71392822265625,
        0.8978466987609863,
        1020.0387573242188,
        324.7305603027344,
        0.8993712067604065,
        1048.1053466796875,
        352.7970886230469,
        0.8770253658294678,
        1010.6832885742188,
        359.813720703125,
        0.8944557905197144,
        1059.7996826171875,
        376.1858825683594,
        0.9043304324150085,
        1027.055419921875,
        390.2191467285156,
        0.8634539842605591,
        1045.7664794921875,
        394.89691162109375,
        0.8285298347473145,
        1022.377685546875,
        394.89691162109375,
        0.8043828010559082,
        1050.4442138671875,
        444.0133361816406,
        0.8760549426078796,
        1013.0221557617188,
        441.6744689941406,
        0.8864930868148804,
        1041.088623046875,
        490.7908935546875,
        0.8935511112213135,
        982.6167602539062,
        465.063232421875,
        0.9059602618217468
    ],
    "15": [
        1115.92138671875,
        155.1063995361328,
        0.9528443813323975,
        1115.92138671875,
        153.2085418701172,
        0.8949310183525085,
        1110.227783203125,
        153.2085418701172,
        0.9609520435333252,
        1117.8192138671875,
        155.1063995361328,
        0.6951726675033569,
        1100.738525390625,
        158.90213012695312,
        0.9211564064025879,
        1117.8192138671875,
        175.98292541503906,
        0.8749682307243347,
        1095.044921875,
        177.88079833984375,
        0.8974151611328125,
        1114.0235595703125,
        200.65518188476562,
        0.8180500268936157,
        1081.7598876953125,
        204.45091247558594,
        0.893244743347168,
        1121.614990234375,
        212.04237365722656,
        0.9100530743598938,
        1104.5341796875,
        215.83810424804688,
        0.9311053156852722,
        1114.0235595703125,
        232.9188995361328,
        0.8718346357345581,
        1095.044921875,
        234.8167724609375,
        0.8093476295471191,
        1110.227783203125,
        276.56982421875,
        0.8760212063789368,
        1085.5555419921875,
        270.876220703125,
        0.8756142258644104,
        1102.6363525390625,
        318.3228759765625,
        0.862970232963562,
        1072.2705078125,
        305.0378112792969,
        0.8932478427886963
    ],
    "8": [
        1398.489990234375,
        273.94384765625,
        0.9000040888786316,
        1396.03173828125,
        269.0273132324219,
        0.801636278629303,
        1396.03173828125,
        269.0273132324219,
        0.9152384996414185,
        1371.448974609375,
        273.94384765625,
        0.846137523651123,
        1386.1986083984375,
        273.94384765625,
        0.971189558506012,
        1361.6158447265625,
        305.9013977050781,
        0.9509458541870117,
        1403.406494140625,
        303.443115234375,
        0.9087554216384888,
        1361.6158447265625,
        342.7754821777344,
        0.8926252722740173,
        1408.322998046875,
        340.31719970703125,
        0.9309216737747192,
        1371.448974609375,
        357.5251159667969,
        0.68429034948349,
        1415.6978759765625,
        364.8999328613281,
        0.9534538388252258,
        1371.448974609375,
        372.2747497558594,
        0.8007016181945801,
        1396.03173828125,
        372.2747497558594,
        0.7946934103965759,
        1371.448974609375,
        416.5236511230469,
        0.8946747183799744,
        1408.322998046875,
        426.3567199707031,
        0.8732250332832336,
        1359.1575927734375,
        465.6890869140625,
        0.8579819202423096,
        1415.6978759765625,
        482.8970031738281,
        0.8676208853721619
    ],
    "11": [
        474.2001953125,
        276.80804443359375,
        0.9214614629745483,
        474.2001953125,
        270.94073486328125,
        0.9542407393455505,
        468.3328552246094,
        272.8965148925781,
        0.9426905512809753,
        472.2444152832031,
        276.80804443359375,
        0.5601145625114441,
        454.6424560546875,
        276.80804443359375,
        0.9270133972167969,
        474.2001953125,
        300.27734375,
        0.8802774548530579,
        440.9520263671875,
        302.2331237792969,
        0.8871525526046753,
        480.0675048828125,
        325.7024230957031,
        0.9075006246566772,
        429.2173767089844,
        331.56976318359375,
        0.9131343364715576,
        489.8464050292969,
        347.2159423828125,
        0.9292852282524109,
        433.12890625,
        356.9948425292969,
        0.9276055097579956,
        474.2001953125,
        362.8621520996094,
        0.7784899473190308,
        450.73089599609375,
        366.7737121582031,
        0.7914577722549438,
        483.97906494140625,
        405.8891906738281,
        0.8698182702064514,
        446.8193359375,
        405.8891906738281,
        0.8606757521629333,
        483.97906494140625,
        446.9604797363281,
        0.869382917881012,
        433.12890625,
        435.225830078125,
        0.8492605090141296
    ],
    "2": [
        1796.853271484375,
        232.6796417236328,
        0.964419960975647,
        1800.1719970703125,
        229.36083984375,
        0.9353221654891968,
        1791.875,
        229.36083984375,
        0.9460130333900452,
        1803.4908447265625,
        231.02024841308594,
        0.9078913927078247,
        1783.5780029296875,
        231.02024841308594,
        0.9144005179405212,
        1810.12841796875,
        249.273681640625,
        0.8872939944267273,
        1768.6434326171875,
        249.273681640625,
        0.8679136633872986,
        1816.76611328125,
        272.5053405761719,
        0.8796535730361938,
        1758.68701171875,
        274.16473388671875,
        0.907855212688446,
        1813.447265625,
        295.7369689941406,
        0.9394673705101013,
        1755.3681640625,
        300.7151794433594,
        0.9287538528442383,
        1796.853271484375,
        290.7587585449219,
        0.8485384583473206,
        1771.962158203125,
        292.4181823730469,
        0.8037424087524414,
        1793.534423828125,
        327.2656555175781,
        0.7008808851242065,
        1773.62158203125,
        330.5844421386719,
        0.8730994462966919,
        1790.215576171875,
        322.2874450683594,
        0.5000243186950684,
        1790.215576171875,
        353.81610107421875,
        0.8949030637741089
    ],