{
    "2": [
        1870.9971923828125,
        256.91302490234375,
        0.9440200328826904,
        1874.7906494140625,
        253.11956787109375,
        0.9874908924102783,
        1867.2037353515625,
        253.11956787109375,
        0.9700751900672913,
        1878.583984375,
        255.01629638671875,
        0.8846885561943054,
        1855.8233642578125,
        256.91302490234375,
        0.951981782913208,
        1880.480712890625,
        281.5704345703125,
        0.8962067365646362,
        1838.7528076171875,
        275.8802490234375,
        0.8584592342376709,
        1882.37744140625,
        310.0212707519531,
        0.8998092412948608,
        1817.888916015625,
        302.43438720703125,
        0.9456242322921753,
        1884.274169921875,
        340.3688659667969,
        0.902569591999054,
        1815.9921875,
        328.988525390625,
        0.7953283190727234,
        1859.6168212890625,
        321.401611328125,
        0.8638127446174622,
        1833.0626220703125,
        323.29833984375,
        0.7930643558502197,
        1874.7906494140625,
        357.4393615722656,
        0.9262526035308838,
        1834.9593505859375,
        366.9229736328125,
        0.9035718441009521,
        1867.2037353515625,
        399.1672668457031,
        0.8839508295059204,
        1810.302001953125,
        336.5754089355469,
        0.6907883286476135
    ],
    "6": [
        1087.2926025390625,
        300.6558837890625,
        0.9491483569145203,
        1087.2926025390625,
        296.01373291015625,
        0.9227976202964783,
        1084.9715576171875,
        296.01373291015625,
        0.9194387793540955,
        1080.3294677734375,
        298.3348083496094,
        0.6767690181732178,
        1073.3662109375,
        300.6558837890625,
        0.9354813098907471,
        1087.2926025390625,
        323.8666687011719,
        0.884990930557251,
        1061.7608642578125,
        330.82989501953125,
        0.8856159448623657,
        1091.934814453125,
        354.0406799316406,
        0.9216963648796082,
        1050.1553955078125,
        365.64605712890625,
        0.930092453956604,
        1110.50341796875,
        374.9303894042969,
        0.9475721716880798,
        1052.4764404296875,
        400.4622497558594,
        0.9564738273620605,
        1080.3294677734375,
        395.820068359375,
        0.7824143767356873,
        1066.4029541015625,
        398.14117431640625,
        0.817543089389801,
        1061.7608642578125,
        444.5627136230469,
        0.8316500186920166,
        1087.2926025390625,
        446.8837890625,
        0.8381360769271851,
        1040.87109375,
        490.9842834472656,
        0.8949374556541443,
        1091.934814453125,
        500.2685852050781,
        0.8315532207489014
    ],
    "8": [
        1423.7274169921875,
        279.18096923828125,
        0.9122247099876404,
        1421.2257080078125,
        274.177734375,
        0.7929531931877136,
        1423.7274169921875,
        274.177734375,
        0.9105919599533081,
        1396.2095947265625,
        279.18096923828125,
        0.8863935470581055,
        1413.720947265625,
        279.18096923828125,
        0.9336307644844055,
        1383.70166015625,
        309.2002868652344,
        0.9575138688087463,
        1428.7305908203125,
        309.2002868652344,
        0.8918523192405701,
        1381.199951171875,
        346.72442626953125,
        0.8998410701751709,
        1436.2353515625,
        346.72442626953125,
        0.9330364465713501,
        1393.7080078125,
        364.2356872558594,
        0.6351964473724365,
        1448.743408203125,
        376.7437438964844,
        0.9379476308822632,
        1393.7080078125,
        381.7469482421875,
        0.783444881439209,
        1421.2257080078125,
        384.2485656738281,
        0.7876818776130676,
        1393.7080078125,
        431.7791442871094,
        0.9025577902793884,
        1421.2257080078125,
        436.7823791503906,
        0.8974999785423279,
        1388.704833984375,
        484.3129577636719,
        0.9276404976844788,
        1416.2225341796875,
        489.3161926269531,
        0.8937374949455261
    ],
    "1": [
        1372.1871337890625,
        154.2948455810547,
        0.9384071230888367,
        1375.1156005859375,
        151.36634826660156,
        0.9281948804855347,
        1369.2586669921875,
        151.36634826660156,
        0.9195619821548462,
        1379.5084228515625,
        152.83059692382812,
        0.9357401132583618,
        1363.401611328125,
        152.83059692382812,
        0.9261796474456787,
        1385.365478515625,
        170.40164184570312,
        0.8868257403373718,
        1356.080322265625,
        170.40164184570312,
        0.8866381049156189,
        1389.7581787109375,
        190.9011993408203,
        0.8646690845489502,
        1347.2947998046875,
        189.4369354248047,
        0.8728236556053162,
        1378.044189453125,
        195.29396057128906,
        0.8311208486557007,
        1359.0089111328125,
        195.29396057128906,
        0.8745716214179993,
        1378.044189453125,
        215.7935028076172,
        0.7862896919250488,
        1359.0089111328125,
        214.32925415039062,
        0.763336181640625,
        1372.1871337890625,
        246.54283142089844,
        0.8466694355010986,
        1357.5445556640625,
        245.07858276367188,
        0.8692443370819092,
        1366.330078125,
        274.3636474609375,
        0.7968586683273315,
        1357.5445556640625,
        274.3636474609375,
        0.8435825705528259
    ],
    "14": [
        772.19775390625,
        369.0372009277344,
        0.9409116506576538,
        769.5372314453125,
        363.71612548828125,
        0.8736916184425354,
        766.8766479492188,
        366.37664794921875,
        0.9453860521316528,
        758.8950805664062,
        371.6977233886719,
        0.6973451972007751,
        753.573974609375,
        371.6977233886719,
        0.9544892907142639,
        761.5556030273438,
        395.642578125,
        0.8737766742706299,
        740.2713012695312,
        403.62420654296875,
        0.907313346862793,
        764.2161254882812,
        438.2112121582031,
        0.8097034692764282,
        745.5923461914062,
        448.8533630371094,
        0.9020661115646362,
        788.1610107421875,
        446.19281005859375,
        0.6951021552085876,
        782.8399047851562,
        446.19281005859375,
        0.9786064028739929,
        764.2161254882812,
        478.1192932128906,
        0.8098527789115906,
        745.5923461914062,
        480.7798156738281,
        0.8122453093528748,
        777.5188598632812,
        533.9906005859375,
        0.847876787185669,
        753.573974609375,
        536.651123046875,
        0.848743736743927,
        772.19775390625,
        592.5224609375,
        0.8839673399925232,
        713.6658935546875,
        563.2565307617188,
        0.9442569613456726
    ],