{
    "15": [
        1156.31494140625,
        169.05931091308594,
        0.9532214999198914,
        1158.3131103515625,
        165.06317138671875,
        0.9320240616798401,
        1152.31884765625,
        167.06124877929688,
        0.9730516672134399,
        1158.3131103515625,
        169.05931091308594,
        0.71818608045578,
        1140.3304443359375,
        169.05931091308594,
        0.9496134519577026,
        1164.3072509765625,
        189.04006958007812,
        0.9406026601791382,
        1130.340087890625,
        191.03814697265625,
        0.8622914552688599,
        1172.299560546875,
        213.0169677734375,
        0.8920215368270874,
        1110.3592529296875,
        211.01889038085938,
        0.9388936161994934,
        1166.305419921875,
        223.00733947753906,
        0.8725951910018921,
        1124.3458251953125,
        227.0034942626953,
        0.9808291792869568,
        1154.31689453125,
        244.9861602783203,
        0.829138994216919,
        1134.336181640625,
        242.9880828857422,
        0.8418074250221252,
        1142.3284912109375,
        290.94189453125,
        0.8353419303894043,
        1138.332275390625,
        288.9438171386719,
        0.8997812271118164,
        1120.349609375,
        312.92071533203125,
        0.872769296169281,
        1142.3284912109375,
        334.8995361328125,
        0.8966556787490845
    ],
    "2": [
        1888.3966064453125,
        260.11273193359375,
        0.9538423418998718,
        1892.219970703125,
        256.28936767578125,
        0.9627122282981873,
        1882.66162109375,
        256.28936767578125,
        0.9703255891799927,
        1896.04345703125,
        260.11273193359375,
        0.9111913442611694,
        1875.014892578125,
        258.2010498046875,
        0.9041433334350586,
        1901.7784423828125,
        284.9646301269531,
        0.8855321407318115,
        1855.8980712890625,
        277.3179016113281,
        0.8194113373756409,
        1909.4251708984375,
        315.55157470703125,
        0.9024654626846313,
        1832.957763671875,
        284.9646301269531,
        0.8763993978500366,
        1920.895263671875,
        332.7567443847656,
        0.7454594969749451,
        1825.31103515625,
        311.72821044921875,
        0.9216644167900085,
        1882.66162109375,
        332.7567443847656,
        0.828919529914856,
        1855.8980712890625,
        325.1100158691406,
        0.8144965171813965,
        1886.4849853515625,
        376.7254943847656,
        0.9445180296897888,
        1869.27978515625,
        357.608642578125,
        0.9044792056083679,
        1876.926513671875,
        395.84234619140625,
        0.8103234171867371,
        1859.721435546875,
        399.66571044921875,
        0.7245634198188782
    ],
    "6": [
        1110.113037109375,
        304.58447265625,
        0.9486618638038635,
        1107.7469482421875,
        302.2184143066406,
        0.8877869248390198,
        1105.380859375,
        302.2184143066406,
        0.9457034468650818,
        1098.28271484375,
        304.58447265625,
        0.5848334431648254,
        1093.5506591796875,
        309.3165588378906,
        0.8824902176856995,
        1107.7469482421875,
        328.2449645996094,
        0.8779005408287048,
        1084.08642578125,
        337.7091369628906,
        0.8913866877555847,
        1112.47900390625,
        359.0035705566406,
        0.8851408362388611,
        1074.622314453125,
        373.1998596191406,
        0.9192476272583008,
        1133.7734375,
        382.6640625,
        0.9537851214408875,
        1074.622314453125,
        408.6905822753906,
        0.9158657789230347,
        1103.014892578125,
        403.95849609375,
        0.7679546475410461,
        1088.818603515625,
        406.3245544433594,
        0.8548794984817505,
        1081.720458984375,
        448.9134216308594,
        0.8932383060455322,
        1107.7469482421875,
        453.6455078125,
        0.8205922245979309,
        1046.229736328125,
        486.7701721191406,
        0.8989560604095459,
        1119.5771484375,
        505.6985778808594,
        0.9036526083946228
    ],
    "1": [
        1370.759521484375,
        154.80331420898438,
        0.9334648847579956,
        1373.7083740234375,
        151.8545379638672,
        0.9338037967681885,
        1367.810791015625,
        153.3289337158203,
        0.9329376220703125,
        1378.1314697265625,
        154.80331420898438,
        0.9238649606704712,
        1361.9132080078125,
        154.80331420898438,
        0.9174260497093201,
        1384.029052734375,
        172.49594116210938,
        0.8929480314254761,
        1356.0157470703125,
        172.49594116210938,
        0.9037874341011047,
        1391.4010009765625,
        190.18856811523438,
        0.8696017861366272,
        1347.16943359375,
        191.66294860839844,
        0.9110209941864014,
        1378.1314697265625,
        196.0861053466797,
        0.8682098388671875,
        1358.9644775390625,
        197.5605010986328,
        0.8735937476158142,
        1376.6571044921875,
        218.20188903808594,
        0.7776409387588501,
        1358.9644775390625,
        216.72750854492188,
        0.775065541267395,
        1370.759521484375,
        249.1639862060547,
        0.8214873671531677,
        1357.4901123046875,
        247.68960571289062,
        0.8563868999481201,
        1363.3876953125,
        275.70294189453125,
        0.8157796859741211,
        1357.4901123046875,
        274.2285461425781,
        0.798035204410553
    ],
    "8": [
        1429.588623046875,
        285.0665588378906,
        0.9099997878074646,
        1427.0665283203125,
        280.02239990234375,
        0.7890321612358093,
        1429.588623046875,
        280.02239990234375,
        0.9183654189109802,
        1401.845703125,
        285.0665588378906,
        0.8672547936439514,
        1422.0223388671875,
        285.0665588378906,
        0.9393927454948425,
        1389.2353515625,
        315.3314514160156,
        0.9349218606948853,
        1434.6326904296875,
        315.3314514160156,
        0.8786677718162537,
        1386.7132568359375,
        353.1625671386719,
        0.9574612379074097,
        1439.6768798828125,
        355.68463134765625,
        0.9309127926826477,
        1404.3677978515625,
        363.2508544921875,
        0.5751802325248718,
        1452.2872314453125,
        385.94952392578125,
        0.923137366771698,
        1399.32373046875,
        388.47161865234375,
        0.7783041596412659,
        1424.54443359375,
        388.47161865234375,
        0.7738091349601746,
        1401.845703125,
        443.9572448730469,
        0.9004361033439636,
        1422.0223388671875,
        443.9572448730469,
        0.8995513916015625,
        1404.3677978515625,
        496.9208068847656,
        0.8246591687202454,
        1416.9781494140625,
        489.3545837402344,
        0.87828129529953
    ],