{
    "8": [
        1434.4678955078125,
        288.61041259765625,
        0.9343108534812927,
        1429.299560546875,
        286.0262145996094,
        0.8210658431053162,
        1431.8837890625,
        286.0262145996094,
        0.9550088047981262,
        1406.0419921875,
        291.194580078125,
        0.8404205441474915,
        1424.1312255859375,
        291.194580078125,
        0.9264644980430603,
        1393.12109375,
        319.62054443359375,
        0.9356982707977295,
        1437.0521240234375,
        319.62054443359375,
        0.8814663887023926,
        1387.9527587890625,
        355.79901123046875,
        0.9607346057891846,
        1442.220458984375,
        358.3831787109375,
        0.9205663204193115,
        1406.0419921875,
        363.5515441894531,
        0.639008104801178,
        1452.55712890625,
        391.9775085449219,
        0.9072921276092529,
        1400.8736572265625,
        394.5616760253906,
        0.818827211856842,
        1429.299560546875,
        394.5616760253906,
        0.8014637231826782,
        1406.0419921875,
        451.41357421875,
        0.9189004898071289,
        1426.7154541015625,
        446.2452392578125,
        0.8331517577171326,
        1406.0419921875,
        508.2655029296875,
        0.9261882305145264,
        1421.5469970703125,
        487.5920715332031,
        0.9168096780776978
    ],
    "6": [
        1126.9761962890625,
        306.6421203613281,
        0.9101597666740417,
        1124.600341796875,
        301.8904724121094,
        0.8933326005935669,
        1122.2244873046875,
        301.8904724121094,
        0.9414013624191284,
        1115.0970458984375,
        304.26629638671875,
        0.6667531728744507,
        1112.72119140625,
        309.0179443359375,
        0.9519729018211365,
        1122.2244873046875,
        328.0245056152344,
        0.8681591749191284,
        1100.8421630859375,
        337.52777099609375,
        0.8826975226402283,
        1126.9761962890625,
        361.2859802246094,
        0.884579062461853,
        1093.7147216796875,
        377.916748046875,
        0.9270926713943481,
        1145.9827880859375,
        387.4200134277344,
        0.9130845069885254,
        1098.46630859375,
        411.17822265625,
        0.9397999048233032,
        1119.8487548828125,
        404.0507507324219,
        0.749877393245697,
        1107.9696044921875,
        408.8023986816406,
        0.8158835768699646,
        1112.72119140625,
        453.9429931640625,
        0.8199771046638489,
        1124.600341796875,
        456.3188171386719,
        0.8549814820289612,
        1069.9564208984375,
        475.32537841796875,
        0.868305504322052,
        1119.8487548828125,
        508.5868835449219,
        0.8482335805892944
    ],
    "1": [
        1370.0587158203125,
        157.26876831054688,
        0.9345323443412781,
        1372.9578857421875,
        154.36959838867188,
        0.9312177300453186,
        1367.1595458984375,
        155.81918334960938,
        0.9371142387390137,
        1377.306640625,
        157.26876831054688,
        0.9113286733627319,
        1361.361083984375,
        157.26876831054688,
        0.9052684307098389,
        1384.5545654296875,
        173.2142333984375,
        0.8784297108650208,
        1355.562744140625,
        174.663818359375,
        0.9061619639396667,
        1390.3529052734375,
        192.05886840820312,
        0.8553087115287781,
        1346.865234375,
        193.50845336914062,
        0.9038770794868469,
        1381.6553955078125,
        197.8572235107422,
        0.8341416716575623,
        1359.9114990234375,
        200.7563934326172,
        0.8801383972167969,
        1377.306640625,
        221.05062866210938,
        0.7858914136886597,
        1358.4619140625,
        219.6010284423828,
        0.7692407965660095,
        1371.50830078125,
        251.49195861816406,
        0.8293672800064087,
        1357.0123291015625,
        250.04237365722656,
        0.8284698724746704,
        1362.8106689453125,
        276.13494873046875,
        0.813750147819519,
        1357.0123291015625,
        276.13494873046875,
        0.8256399631500244
    ],
    "11": [
        492.31298828125,
        287.8152160644531,
        0.9016528129577637,
        492.3138427734375,
        283.55499267578125,
        0.8932863473892212,
        485.943603515625,
        285.70623779296875,
        0.8945624828338623,
        493.1083068847656,
        284.80450439453125,
        0.6345992684364319,
        474.32122802734375,
        289.9562072753906,
        0.8765140771865845,
        502.9671630859375,
        311.02227783203125,
        0.8387746214866638,
        465.8058776855469,
        318.6058349609375,
        0.859146773815155,
        514.587158203125,
        340.8689880371094,
        0.8532800078392029,
        458.435791015625,
        350.528076171875,
        0.8568038940429688,
        526.4197998046875,
        365.4818115234375,
        0.7441229820251465,
        455.1608581542969,
        377.05279541015625,
        0.8753039836883545,
        506.3146667480469,
        376.1465148925781,
        0.7351983189582825,
        481.6236572265625,
        382.2233581542969,
        0.7374542951583862,
        513.5852661132812,
        418.41015625,
        0.8420964479446411,
        495.44793701171875,
        426.82861328125,
        0.838630199432373,
        496.2213134765625,
        441.2845458984375,
        0.5132735967636108,
        510.7052001953125,
        469.8134460449219,
        0.8012955188751221
    ],
    "15": [
        1165.7904052734375,
        177.6807861328125,
        0.9665241837501526,
        1165.7904052734375,
        173.81381225585938,
        0.9594054818153381,
        1161.9234619140625,
        173.81381225585938,
        0.9272805452346802,
        1167.723876953125,
        175.74729919433594,
        0.7683735489845276,
        1152.256103515625,
        177.6807861328125,
        0.9332805871963501,
        1173.5242919921875,
        198.94908142089844,
        0.9097901582717896,
        1142.588623046875,
        200.882568359375,
        0.8949826955795288,
        1173.5242919921875,
        220.21737670898438,
        0.844021201133728,
        1123.2537841796875,
        226.017822265625,
        0.8694255948066711,
        1175.4578857421875,
        235.68524169921875,
        0.8582924604415894,
        1134.854736328125,
        239.5522003173828,
        0.8733288645744324,
        1163.85693359375,
        253.08657836914062,
        0.8239110112190247,
        1144.5220947265625,
        253.08657836914062,
        0.7976956963539124,
        1161.9234619140625,
        295.6231689453125,
        0.7916083931922913,
        1150.322509765625,
        297.556640625,
        0.7923007607460022,
        1136.7882080078125,
        316.8914794921875,
        0.7375873327255249,
        1144.5220947265625,
        336.2262878417969,
        0.859356701374054
    ],