{
    "45": [
        499.1677551269531,
        301.1617431640625,
        0.9618918895721436,
        501.33154296875,
        296.8341369628906,
        0.9476256966590881,
        492.67633056640625,
        298.9979553222656,
        0.9420305490493774,
        505.6591491699219,
        296.8341369628906,
        0.8835891485214233,
        484.0211181640625,
        301.1617431640625,
        0.9682132601737976,
        516.4782104492188,
        320.635986328125,
        0.9247021675109863,
        475.36590576171875,
        327.1274108886719,
        0.8821102380752563,
        525.1334228515625,
        350.92926025390625,
        0.843687117099762,
        468.8744812011719,
        357.420654296875,
        0.8994628190994263,
        529.4609985351562,
        379.0587158203125,
        0.8953836560249329,
        475.36590576171875,
        381.2225036621094,
        0.912460207939148,
        516.4782104492188,
        385.55010986328125,
        0.777966320514679,
        490.5125427246094,
        389.8777160644531,
        0.790658712387085,
        525.1334228515625,
        435.317626953125,
        0.8901387453079224,
        497.0039367675781,
        435.317626953125,
        0.8652282953262329,
        529.4609985351562,
        480.75750732421875,
        0.8521822690963745,
        507.8229675292969,
        465.6108703613281,
        0.8762940764427185
    ],
    "3": [
        1057.302001953125,
        244.44564819335938,
        0.9238610863685608,
        1057.302001953125,
        238.052001953125,
        0.9119929671287537,
        1050.9083251953125,
        240.1832275390625,
        0.9505348205566406,
        1055.1707763671875,
        240.1832275390625,
        0.6667904257774353,
        1040.2523193359375,
        242.31443786621094,
        0.9792247414588928,
        1053.03955078125,
        261.495361328125,
        0.8912382125854492,
        1033.858642578125,
        267.8890380859375,
        0.8698970079421997,
        1057.302001953125,
        295.5948181152344,
        0.8352359533309937,
        1025.333740234375,
        301.98846435546875,
        0.8820534944534302,
        1063.6956787109375,
        325.43182373046875,
        0.8168599009513855,
        1040.2523193359375,
        333.9566955566406,
        0.9346708059310913,
        1055.1707763671875,
        327.56304931640625,
        0.8572021722793579,
        1035.9898681640625,
        329.69427490234375,
        0.7338095903396606,
        1065.826904296875,
        368.05615234375,
        0.8908782005310059,
        1038.12109375,
        374.4497985839844,
        0.8802075386047363,
        1057.302001953125,
        408.54925537109375,
        0.900748610496521,
        1038.12109375,
        414.94287109375,
        0.9026519656181335
    ],
    "8": [
        1447.369873046875,
        292.8146057128906,
        0.9159510135650635,
        1442.1112060546875,
        290.1852722167969,
        0.7904319763183594,
        1444.7406005859375,
        290.1852722167969,
        0.9738227128982544,
        1418.4473876953125,
        292.8146057128906,
        0.8733208775520325,
        1439.48193359375,
        292.8146057128906,
        0.9512542486190796,
        1405.3006591796875,
        321.7371826171875,
        0.9057608246803284,
        1452.6285400390625,
        321.7371826171875,
        0.8770732879638672,
        1402.67138671875,
        361.1770935058594,
        0.9356807470321655,
        1457.88720703125,
        361.1770935058594,
        0.9460344910621643,
        1421.07666015625,
        371.69439697265625,
        0.522018313407898,
        1460.5166015625,
        395.3583068847656,
        0.9747735857963562,
        1410.559326171875,
        397.9876403808594,
        0.7962620258331299,
        1442.1112060546875,
        400.6169738769531,
        0.8076845407485962,
        1407.9300537109375,
        455.83282470703125,
        0.8974254727363586,
        1449.999267578125,
        455.83282470703125,
        0.8950695991516113,
        1407.9300537109375,
        511.04864501953125,
        0.8849822878837585,
        1452.6285400390625,
        513.677978515625,
        0.8741801381111145
    ],
    "1": [
        1381.305908203125,
        159.41671752929688,
        0.8686187267303467,
        1382.7735595703125,
        156.48123168945312,
        0.928272545337677,
        1376.902587890625,
        156.48123168945312,
        0.8680604100227356,
        1384.2413330078125,
        159.41671752929688,
        0.9233580231666565,
        1369.56396484375,
        159.41671752929688,
        0.916094183921814,
        1391.580078125,
        174.09414672851562,
        0.9165851473808289,
        1362.2252197265625,
        177.02963256835938,
        0.8759177327156067,
        1395.9832763671875,
        191.70706176757812,
        0.7787346243858337,
        1354.886474609375,
        196.11029052734375,
        0.8849918842315674,
        1385.7091064453125,
        200.51351928710938,
        0.789222002029419,
        1368.09619140625,
        201.98126220703125,
        0.8542430996894836,
        1384.2413330078125,
        219.59417724609375,
        0.7852296829223633,
        1365.16064453125,
        219.59417724609375,
        0.7750920653343201,
        1384.2413330078125,
        251.884521484375,
        0.8622812032699585,
        1362.2252197265625,
        250.41677856445312,
        0.8581998348236084,
        1382.7735595703125,
        282.7071228027344,
        0.8689448833465576,
        1357.822021484375,
        278.30389404296875,
        0.8789589405059814
    ],
    "14": [
        831.7532348632812,
        380.0111389160156,
        0.9386773705482483,
        829.0082397460938,
        374.521240234375,
        0.9247923493385315,
        826.2633056640625,
        377.26617431640625,
        0.9447722434997559,
        815.2835083007812,
        374.521240234375,
        0.6980544924736023,
        812.5385131835938,
        380.0111389160156,
        0.9957700371742249,
        820.7733764648438,
        401.9707946777344,
        0.8505697846412659,
        804.3036499023438,
        415.6955871582031,
        0.9190769791603088,
        829.0082397460938,
        440.40020751953125,
        0.7634186744689941,
        818.0284423828125,
        456.86993408203125,
        0.8962449431419373,
        845.47802734375,
        432.1653137207031,
        0.74453204870224,
        845.47802734375,
        437.6552429199219,
        0.8905220031738281,
        829.0082397460938,
        489.8094177246094,
        0.6447910070419312,
        820.7733764648438,
        492.55438232421875,
        0.8360497951507568,
        831.7532348632812,
        544.7085571289062,
        0.8126818537712097,
        837.2431640625,
        547.4534912109375,
        0.8154978156089783,
        796.0687866210938,
        574.903076171875,
        0.8934128284454346,
        834.4981689453125,
        607.8425903320312,
        0.8509382605552673
    ],