{
    "3": [
        10858.26953125,
        3915.19873046875,
        618.2928466796875
    ],
    "14": [
        16932.59375,
        3773.66943359375,
        317.506591796875
    ],
    "13": [
        21721.3125,
        -265.23760986328125,
        369.3734436035156
    ],
    "12": [
        3399.376953125,
        6787.2294921875,
        664.5623779296875
    ],
    "9": [
        3005.72412109375,
        1648.1982421875,
        768.69677734375
    ],
    "10": [
        2656.423828125,
        3221.46435546875,
        744.199462890625
    ],
    "2": [
        10054.865234375,
        3068.07861328125,
        612.1226806640625
    ],
    "5": [
        10618.482421875,
        4877.9921875,
        628.0645751953125
    ]
}