{
    "3": [
        10815.8173828125,
        3899.19482421875,
        622.7220458984375
    ],
    "14": [
        17001.625,
        3782.126953125,
        318.15789794921875
    ],
    "13": [
        21660.859375,
        -265.33074951171875,
        329.949951171875
    ],
    "9": [
        3058.71728515625,
        1562.665771484375,
        728.5567626953125
    ],
    "12": [
        3408.1689453125,
        6800.92578125,
        664.4932861328125
    ],
    "10": [
        2688.267578125,
        3232.90185546875,
        748.08056640625
    ],
    "4": [
        8429.1611328125,
        5657.162109375,
        648.89404296875
    ],
    "11": [
        6515.62646484375,
        7417.96875,
        680.9912719726562
    ],
    "5": [
        10627.2265625,
        4918.42919921875,
        636.3507080078125
    ],
    "2": [
        10068.9296875,
        3017.898193359375,
        606.5313720703125
    ]
}