{"3": [10805.9169921875, 3898.1064453125, 623.3116455078125], "14": [17005.625, 3784.91748046875, 318.3381042480469], "9": [3068.765625, 1550.307373046875, 726.38623046875], "12": [3399.828369140625, 6812.216796875, 666.65771484375], "10": [2693.8740234375, 3242.6689453125, 734.1842041015625], "11": [4635.271484375, 8223.541015625, 769.7060546875], "2": [10063.486328125, 3003.67822265625, 607.5528564453125]}