{
    "3": [
        10796.970703125,
        3888.43115234375,
        622.8614501953125
    ],
    "14": [
        17016.0546875,
        3789.48095703125,
        328.85888671875
    ],
    "9": [
        3073.43505859375,
        1535.7684326171875,
        733.8148193359375
    ],
    "13": [
        21580.982421875,
        -267.08306884765625,
        341.0592346191406
    ],
    "10": [
        2689.80224609375,
        3239.7080078125,
        741.4711303710938
    ],
    "12": [
        3397.3408203125,
        6821.1455078125,
        673.14111328125
    ],
    "4": [
        8400.859375,
        5700.53125,
        671.7564086914062
    ],
    "5": [
        10642.49609375,
        4944.7216796875,
        628.9186401367188
    ],
    "2": [
        10081.30859375,
        2998.332275390625,
        612.2090454101562
    ]
}