{"3": [10781.755859375, 3885.5625, 625.698486328125], "1": [15344.001953125, 6200.576171875, 432.1153564453125], "9": [3081.15576171875, 1515.421142578125, 739.7175903320312], "14": [17007.90234375, 3804.341552734375, 319.3623962402344], "10": [2702.50048828125, 3253.93603515625, 738.0784912109375], "12": [3396.51171875, 6836.01171875, 686.85107421875], "2": [10041.560546875, 2991.61279296875, 631.702880859375], "11": [4610.5087890625, 8230.513671875, 771.3034057617188], "4": [8267.29296875, 5818.59619140625, 604.59375]}