{"3": [10705.8359375, 3880.68115234375, 642.6868896484375], "9": [3095.607666015625, 1478.140869140625, 765.266357421875], "14": [17016.744140625, 3811.5517578125, 329.46630859375], "10": [2724.34326171875, 3299.83935546875, 739.748291015625], "12": [3395.615478515625, 6867.29052734375, 688.0238037109375], "11": [4589.8466796875, 8240.029296875, 782.4552001953125], "4": [8297.349609375, 5886.5068359375, 597.5227661132812], "2": [10054.986328125, 2962.36669921875, 630.63330078125]}