{
    "3": [
        10693.2216796875,
        3871.09619140625,
        645.4199829101562
    ],
    "9": [
        3110.428466796875,
        1473.698974609375,
        750.7772216796875
    ],
    "14": [
        17018.3125,
        3812.505126953125,
        328.68109130859375
    ],
    "10": [
        2710.067138671875,
        3311.24267578125,
        735.7315673828125
    ],
    "13": [
        21462.09765625,
        -262.0235290527344,
        364.96923828125
    ],
    "12": [
        3386.296142578125,
        6868.46875,
        698.408935546875
    ],
    "11": [
        6511.42041015625,
        7410.13134765625,
        671.274169921875
    ],
    "2": [
        10043.7998046875,
        2959.649169921875,
        629.5010375976562
    ],
    "4": [
        8436.4921875,
        5830.962890625,
        639.84375
    ],
    "5": [
        10705.1982421875,
        5005.080078125,
        649.1973876953125
    ]
}