{
    "3": [
        10664.435546875,
        3868.2451171875,
        634.3212280273438
    ],
    "9": [
        3104.958984375,
        1453.8238525390625,
        752.914306640625
    ],
    "12": [
        3387.86572265625,
        6877.43017578125,
        688.959716796875
    ],
    "13": [
        21406.83984375,
        -258.045654296875,
        344.3070068359375
    ],
    "14": [
        17057.734375,
        3827.63427734375,
        303.328857421875
    ],
    "10": [
        2710.64501953125,
        3320.69921875,
        736.2887573242188
    ],
    "11": [
        6522.9267578125,
        7419.9765625,
        673.7832641601562
    ],
    "4": [
        8467.4677734375,
        5847.4521484375,
        635.9918212890625
    ],
    "2": [
        10042.9599609375,
        2948.272705078125,
        633.7854614257812
    ]
}