{"3": [10647.59375, 3869.003662109375, 641.1597900390625], "1": [15246.3984375, 6223.828125, 458.9923400878906], "9": [3114.26025390625, 1442.89306640625, 758.9439697265625], "2": [10041.83203125, 2942.9931640625, 622.2947998046875], "12": [3387.602783203125, 6886.2216796875, 681.766845703125], "14": [17026.28125, 3817.35107421875, 314.84228515625], "10": [2720.568603515625, 3338.178466796875, 720.8759765625], "4": [8312.466796875, 5932.84912109375, 614.965087890625]}