{
    "3": [
        10628.6005859375,
        3861.90185546875,
        641.480224609375
    ],
    "2": [
        10036.494140625,
        2931.369384765625,
        635.3820190429688
    ],
    "9": [
        3117.39453125,
        1430.087890625,
        757.3321533203125
    ],
    "13": [
        21312.328125,
        -264.2379150390625,
        330.3062438964844
    ],
    "14": [
        17018.3046875,
        3814.5849609375,
        305.70159912109375
    ],
    "12": [
        3385.89404296875,
        6894.5556640625,
        683.883056640625
    ],
    "10": [
        2710.03173828125,
        3352.2041015625,
        708.6953125
    ],
    "4": [
        8502.41015625,
        5870.55322265625,
        636.58154296875
    ],
    "5": [
        10697.25390625,
        5031.4658203125,
        620.0623779296875
    ]
}