{
    "3": [
        10611.65234375,
        3855.852294921875,
        648.0511474609375
    ],
    "9": [
        3155.291259765625,
        1411.658447265625,
        744.7952880859375
    ],
    "13": [
        21201.9921875,
        -267.16180419921875,
        334.48077392578125
    ],
    "14": [
        17011.96875,
        3823.03076171875,
        304.6508483886719
    ],
    "10": [
        2721.073974609375,
        3376.3134765625,
        707.9575805664062
    ],
    "2": [
        10032.169921875,
        2932.36376953125,
        623.0543212890625
    ],
    "12": [
        3380.11279296875,
        6908.1337890625,
        680.5498046875
    ],
    "11": [
        6508.03955078125,
        7415.85302734375,
        662.3619384765625
    ]
}