{
    "3": [
        10577.484375,
        3862.46728515625,
        648.1580810546875
    ],
    "13": [
        21121.76171875,
        -263.5532531738281,
        335.3648986816406
    ],
    "9": [
        3179.349609375,
        1389.64013671875,
        736.9110107421875
    ],
    "14": [
        16999.328125,
        3821.29638671875,
        308.82489013671875
    ],
    "10": [
        2734.81640625,
        3379.86962890625,
        714.590087890625
    ],
    "12": [
        3396.19580078125,
        6935.4794921875,
        683.79443359375
    ],
    "2": [
        10017.869140625,
        2932.561279296875,
        633.7499389648438
    ],
    "11": [
        6514.578125,
        7417.912109375,
        657.1663818359375
    ],
    "5": [
        10681.80859375,
        5051.05029296875,
        629.6409912109375
    ]
}