{
    "2": [
        10020.541015625,
        2935.9521484375,
        632.0902099609375
    ],
    "14": [
        17014.1015625,
        3827.71337890625,
        312.95892333984375
    ],
    "9": [
        3207.283203125,
        1370.77490234375,
        733.4239501953125
    ],
    "13": [
        21067.91796875,
        -285.1017761230469,
        332.4230651855469
    ],
    "10": [
        2737.610107421875,
        3386.033935546875,
        710.1783447265625
    ],
    "12": [
        3404.94921875,
        6971.38671875,
        685.1834716796875
    ],
    "3": [
        10545.74609375,
        3863.2314453125,
        656.8939208984375
    ],
    "11": [
        6502.5126953125,
        7409.30224609375,
        663.098388671875
    ],
    "5": [
        10674.630859375,
        5073.6767578125,
        632.568115234375
    ]
}