{"2": [15173.96875, 6289.6669921875, 492.860595703125], "1": [17149.46875, 3807.74267578125, 335.7763671875], "3": [10034.591796875, 2925.763671875, 640.893310546875], "11": [2568.0283203125, 3662.891845703125, 1323.0146484375], "14": [3377.60009765625, 7004.7919921875, 698.2130737304688], "10": [3174.47412109375, 1316.122802734375, 770.5386352539062], "15": [21331.6015625, -430.162841796875, 333.9136962890625], "6": [8451.091796875, 5966.1240234375, 667.7589111328125]}