{"1": [15071.509765625, 6262.2783203125, 461.4447021484375], "2": [10019.228515625, 2935.67431640625, 624.4747924804688], "14": [17002.44921875, 3830.736328125, 309.67230224609375], "9": [3233.37646484375, 1357.138427734375, 740.2852783203125], "3": [10538.9140625, 3865.2236328125, 649.9342651367188], "12": [3412.739990234375, 6972.8154296875, 678.544677734375], "10": [2733.251220703125, 3379.74169921875, 714.1536865234375], "11": [4545.349609375, 8269.89453125, 797.8602905273438]}