{
    "3": [
        10535.423828125,
        3868.54248046875,
        647.2591552734375
    ],
    "14": [
        17002.30859375,
        3829.10009765625,
        311.5679016113281
    ],
    "9": [
        3272.80615234375,
        1318.07666015625,
        742.71044921875
    ],
    "10": [
        2736.63916015625,
        3360.6328125,
        716.4833984375
    ],
    "2": [
        9998.2041015625,
        2945.28515625,
        635.32763671875
    ],
    "12": [
        3415.341552734375,
        6987.67236328125,
        681.8087158203125
    ],
    "13": [
        20881.78515625,
        -298.65020751953125,
        318.77093505859375
    ],
    "5": [
        10688.2890625,
        5085.45703125,
        650.0841064453125
    ]
}