{
    "3": [
        10542.17578125,
        3871.078125,
        640.0184326171875
    ],
    "14": [
        16997.32421875,
        3831.439453125,
        308.11041259765625
    ],
    "10": [
        2739.75830078125,
        3337.54541015625,
        716.2186279296875
    ],
    "12": [
        3406.16455078125,
        6996.1005859375,
        675.9871826171875
    ],
    "13": [
        20629.943359375,
        -320.69744873046875,
        333.25054931640625
    ],
    "9": [
        3325.67822265625,
        1278.405517578125,
        744.2080078125
    ],
    "2": [
        10016.16796875,
        2943.73828125,
        626.4769287109375
    ],
    "5": [
        10737.7119140625,
        5106.6572265625,
        620.7726440429688
    ]
}