{"1": [14994.79296875, 6247.4970703125, 443.24713134765625], "3": [10550.146484375, 3887.561767578125, 643.5675048828125], "14": [17005.5, 3833.396484375, 305.9856262207031], "12": [3411.6728515625, 6983.35693359375, 654.2008666992188], "10": [2746.67236328125, 3306.26904296875, 712.221923828125], "9": [3352.6064453125, 1276.656494140625, 747.931884765625], "2": [10016.884765625, 2940.39208984375, 625.3141479492188]}