{
    "3": [
        10552.7705078125,
        3892.06640625,
        639.26513671875
    ],
    "14": [
        16999.365234375,
        3828.822509765625,
        311.08148193359375
    ],
    "12": [
        3408.52978515625,
        6979.455078125,
        642.9429321289062
    ],
    "10": [
        2748.99072265625,
        3296.41552734375,
        712.948974609375
    ],
    "9": [
        3364.21728515625,
        1275.0836181640625,
        754.3414916992188
    ],
    "13": [
        20475.52734375,
        -341.24456787109375,
        335.7038879394531
    ],
    "5": [
        10736.123046875,
        5111.07470703125,
        623.1322021484375
    ],
    "2": [
        10016.5380859375,
        2938.59326171875,
        609.9841918945312
    ]
}