{"1": [14966.556640625, 6234.91943359375, 434.3555908203125], "3": [10551.083984375, 3920.0556640625, 637.542236328125], "14": [16983.408203125, 3837.334716796875, 308.68231201171875], "2": [9996.3046875, 2926.66845703125, 616.4691772460938], "11": [4438.28271484375, 8148.619140625, 790.3651123046875], "10": [2761.256103515625, 3267.60693359375, 705.37109375], "9": [3378.1787109375, 1259.2535400390625, 746.0557861328125], "12": [3393.739013671875, 6975.2451171875, 626.6334838867188]}