{"2": [15061.09765625, 6250.30419921875, 457.19158935546875], "1": [17135.98046875, 3810.03466796875, 339.1142272949219], "10": [3322.986328125, 1206.358154296875, 781.5064697265625], "3": [10011.818359375, 2912.3623046875, 619.44775390625], "11": [2531.55029296875, 3616.16943359375, 1300.1917724609375], "14": [3351.6708984375, 6986.4736328125, 628.7238159179688], "15": [20552.859375, -515.1968994140625, 333.8503723144531], "12": [8592.84765625, 6175.341796875, 249.4965362548828]}