{"1": [14950.5390625, 6223.62109375, 435.5755615234375], "14": [16970.951171875, 3833.008544921875, 307.48138427734375], "3": [10548.623046875, 3939.076171875, 640.34228515625], "9": [3395.642578125, 1237.384765625, 754.7339477539062], "10": [2761.0703125, 3258.9033203125, 704.9073486328125], "12": [3381.8271484375, 6950.9755859375, 601.589599609375], "2": [9991.73046875, 2914.61572265625, 606.211669921875]}