{"1": [14895.513671875, 6204.7890625, 450.5491638183594], "3": [10574.6953125, 3964.29443359375, 638.94384765625], "14": [16954.40625, 3831.015869140625, 309.88763427734375], "9": [3412.484619140625, 1206.520263671875, 751.302490234375], "10": [2765.42626953125, 3242.171630859375, 708.781494140625], "12": [3372.03662109375, 6913.771484375, 586.9046020507812], "2": [9976.84375, 2893.54541015625, 614.74169921875], "11": [4425.3798828125, 8096.0078125, 736.1160278320312]}