{"1": [14850.513671875, 6185.29345703125, 451.685546875], "3": [10576.728515625, 4000.207275390625, 625.31005859375], "9": [3407.184326171875, 1179.3582763671875, 742.4183349609375], "2": [9986.63671875, 2846.42626953125, 588.64697265625], "14": [16933.1953125, 3828.857421875, 314.65997314453125], "10": [2775.6552734375, 3222.0234375, 692.3455810546875], "12": [3374.667236328125, 6863.0283203125, 589.0169677734375], "11": [4399.3271484375, 8005.2978515625, 734.3047485351562]}