{"1": [14836.521484375, 6177.9853515625, 456.22283935546875], "3": [10579.5, 4011.24462890625, 613.884765625], "2": [9957.6494140625, 2859.18798828125, 596.6875610351562], "14": [16911.564453125, 3834.927490234375, 315.4697265625], "10": [2778.7734375, 3212.72216796875, 690.2618408203125], "9": [3412.1455078125, 1162.0860595703125, 740.802978515625], "12": [3372.558837890625, 6828.6259765625, 582.3738403320312]}