{"1": [14826.380859375, 6173.625, 454.2320251464844], "3": [10584.802734375, 4044.704345703125, 610.255859375], "2": [9962.951171875, 2838.514892578125, 599.0078125], "14": [16904.84765625, 3831.8271484375, 315.1180725097656], "10": [2782.244140625, 3202.1494140625, 690.6895751953125], "12": [3374.3037109375, 6798.2099609375, 587.9901733398438], "9": [3403.78125, 1156.3134765625, 730.9749145507812], "6": [8916.0205078125, 6730.7314453125, 605.4549560546875]}