{
    "3": [
        10584.802734375,
        4044.704345703125,
        610.255859375
    ],
    "2": [
        9962.951171875,
        2838.514892578125,
        599.0078125
    ],
    "14": [
        16904.84765625,
        3831.8271484375,
        315.1180725097656
    ],
    "10": [
        2782.244140625,
        3202.1494140625,
        690.6895751953125
    ],
    "13": [
        19682.2734375,
        -366.48138427734375,
        459.0953369140625
    ],
    "12": [
        3374.3037109375,
        6798.2099609375,
        587.9901733398438
    ],
    "9": [
        3403.78125,
        1156.3134765625,
        730.9749145507812
    ],
    "5": [
        10883.748046875,
        5054.388671875,
        602.8333740234375
    ]
}