{"1": [14829.244140625, 6169.6611328125, 440.207763671875], "3": [10561.16015625, 4079.888671875, 629.3403930664062], "14": [16901.4140625, 3835.539306640625, 309.2340393066406], "2": [9976.19921875, 2821.227294921875, 602.9527587890625], "9": [3404.94970703125, 1142.686767578125, 720.0902099609375], "10": [2788.9853515625, 3202.120361328125, 688.858642578125], "12": [3369.433837890625, 6748.275390625, 597.2747192382812], "6": [8916.48828125, 6746.8994140625, 603.6419677734375]}