{"2": [14915.126953125, 6186.6904296875, 482.0588073730469], "3": [9985.74609375, 2803.60205078125, 617.2352294921875], "1": [17041.015625, 3815.6630859375, 327.85498046875], "11": [2590.042236328125, 3529.0380859375, 1268.2955322265625], "10": [3339.43994140625, 1113.3504638671875, 741.70361328125], "12": [8277.087890625, 5852.1767578125, 286.9044189453125], "14": [3324.36767578125, 6749.2060546875, 630.23779296875], "8": [8932.125, 6778.91455078125, 612.0695190429688]}