{"1": [14835.9296875, 6166.0087890625, 441.117431640625], "3": [10558.68359375, 4100.2431640625, 613.6268310546875], "14": [16885.228515625, 3835.120849609375, 305.32806396484375], "2": [9974.8818359375, 2814.91259765625, 604.0325927734375], "10": [2799.0654296875, 3198.06103515625, 693.7998046875], "12": [3378.994873046875, 6708.63671875, 603.8002319335938], "9": [3417.65234375, 1136.62353515625, 708.166259765625], "6": [8893.6015625, 6768.98388671875, 604.75927734375]}