{
    "3": [
        10543.4453125,
        4141.232421875,
        619.200927734375
    ],
    "14": [
        16867.4609375,
        3835.8955078125,
        311.6889343261719
    ],
    "2": [
        9989.0390625,
        2799.7607421875,
        602.7237548828125
    ],
    "12": [
        3388.07763671875,
        6662.9638671875,
        614.4002685546875
    ],
    "10": [
        2807.195556640625,
        3193.8896484375,
        686.2205810546875
    ],
    "9": [
        3430.38427734375,
        1129.1102294921875,
        680.5479736328125
    ],
    "5": [
        10972.7802734375,
        5014.3369140625,
        601.51611328125
    ]
}