{"1": [14813.748046875, 6157.7919921875, 443.0231018066406], "3": [10543.0234375, 4195.37646484375, 611.679931640625], "2": [9996.56640625, 2792.971435546875, 602.214599609375], "14": [16836.1484375, 3840.02880859375, 307.214111328125], "12": [3391.61767578125, 6563.32421875, 654.4880981445312], "10": [2831.767578125, 3189.17041015625, 673.1270141601562], "9": [3462.92529296875, 1109.885009765625, 679.8666381835938], "6": [8861.369140625, 6828.48193359375, 609.6470947265625]}