{"1": [14800.5576171875, 6158.76171875, 448.35369873046875], "3": [10535.99609375, 4222.61181640625, 628.4658203125], "2": [9993.16796875, 2792.08251953125, 598.8871459960938], "14": [16808.8046875, 3846.130859375, 308.4023132324219], "12": [3408.033447265625, 6520.3837890625, 674.4925537109375], "9": [3470.16845703125, 1102.3759765625, 693.212890625], "10": [2849.810302734375, 3186.2802734375, 672.5115966796875], "6": [8828.431640625, 6842.0634765625, 611.1690673828125], "11": [4389.9482421875, 7598.84375, 759.8958740234375]}