{"1": [14787.650390625, 6169.1904296875, 444.5527038574219], "3": [10505.724609375, 4258.486328125, 645.9505004882812], "2": [9979.5654296875, 2795.656982421875, 587.3367919921875], "14": [16790.45703125, 3850.1884765625, 304.7589111328125], "12": [3417.40234375, 6476.48291015625, 695.428466796875], "9": [3471.162109375, 1094.1309814453125, 712.3411865234375], "10": [2866.19384765625, 3204.45654296875, 674.2228393554688], "6": [8817.82421875, 6862.296875, 605.6797485351562], "11": [4391.787109375, 7552.08447265625, 757.9105834960938]}