{"1": [14774.0693359375, 6171.123046875, 440.002685546875], "3": [10447.9091796875, 4337.845703125, 631.70361328125], "2": [9982.826171875, 2791.5947265625, 584.9183349609375], "14": [16754.580078125, 3854.25390625, 297.438720703125], "6": [8780.2373046875, 6889.92138671875, 594.3551025390625], "12": [3411.625, 6417.1884765625, 746.719970703125], "9": [3482.2138671875, 1078.822021484375, 754.0392456054688], "10": [2880.5205078125, 3195.550537109375, 685.2933349609375], "11": [4357.859375, 7461.7138671875, 798.8153076171875]}