{
    "2": [
        9979.4208984375,
        2798.337890625,
        587.34521484375
    ],
    "3": [
        10433.1142578125,
        4443.6875,
        635.86376953125
    ],
    "9": [
        3476.69384765625,
        1089.453369140625,
        770.723876953125
    ],
    "14": [
        16671.515625,
        3856.322265625,
        302.9189453125
    ],
    "13": [
        18876.515625,
        -266.7137145996094,
        747.697021484375
    ],
    "10": [
        2924.81982421875,
        3198.978515625,
        678.3263549804688
    ],
    "12": [
        3430.3759765625,
        6336.1318359375,
        738.1826171875
    ],
    "11": [
        6136.04443359375,
        6305.72265625,
        592.33544921875
    ]
}