{"1": [14767.12109375, 6177.8681640625, 438.0346984863281], "2": [9979.4208984375, 2798.337890625, 587.34521484375], "3": [10433.1142578125, 4443.6875, 635.86376953125], "6": [8683.10546875, 6953.8994140625, 587.630859375], "9": [3476.69384765625, 1089.453369140625, 770.723876953125], "14": [16671.515625, 3856.322265625, 302.9189453125], "10": [2924.81982421875, 3198.978515625, 678.3263549804688], "12": [3430.3759765625, 6336.1318359375, 738.1826171875], "11": [4328.03125, 7307.05224609375, 813.538818359375]}