{"1": [14773.7041015625, 6165.8583984375, 443.05267333984375], "2": [9979.7578125, 2809.69482421875, 584.4775390625], "3": [10458.7314453125, 4434.4423828125, 613.09423828125], "6": [8629.658203125, 6980.4677734375, 605.689453125], "14": [16666.9921875, 3863.3916015625, 307.6650390625], "9": [3480.33984375, 1088.36376953125, 763.5833740234375], "10": [2937.2060546875, 3188.26953125, 680.7564697265625], "12": [3443.138671875, 6288.521484375, 711.97998046875], "11": [4335.421875, 7240.416015625, 800.7472534179688]}