{"1": [14767.130859375, 6178.78564453125, 433.851318359375], "2": [9977.103515625, 2809.806884765625, 585.7293701171875], "6": [8569.74609375, 7003.26171875, 610.1441650390625], "9": [3479.513916015625, 1081.1728515625, 738.8837890625], "3": [10506.6337890625, 4443.015625, 618.13427734375], "14": [16649.5546875, 3859.35546875, 308.2242126464844], "12": [3439.802734375, 6264.99658203125, 690.761962890625], "10": [2958.13525390625, 3201.70556640625, 668.510009765625], "11": [4309.162109375, 7183.533203125, 791.59521484375]}