{"2": [9971.49609375, 2821.392333984375, 593.3951416015625], "1": [14797.1689453125, 6160.345703125, 424.109375], "6": [8509.662109375, 7052.2392578125, 610.662109375], "3": [10523.7265625, 4500.8349609375, 611.0440063476562], "9": [3485.3447265625, 1082.684326171875, 663.6549072265625], "14": [16616.3515625, 3854.6494140625, 315.304931640625], "12": [3423.97509765625, 6217.93994140625, 639.1297607421875], "10": [3000.201904296875, 3184.542724609375, 651.7937622070312], "11": [4259.7998046875, 7085.91796875, 759.9759521484375]}