{"2": [9968.224609375, 2833.6083984375, 586.337890625], "6": [8431.447265625, 7124.95703125, 617.5059814453125], "9": [3492.24365234375, 1082.585693359375, 593.6503295898438], "10": [3066.380615234375, 3157.7734375, 612.348388671875], "14": [16584.2265625, 3865.37890625, 323.85186767578125], "12": [3390.67919921875, 6115.525390625, 595.9049682617188], "11": [4226.57568359375, 6964.1376953125, 745.904296875]}