{"3": [9997.328125, 2819.36279296875, 591.641357421875], "2": [14913.7900390625, 6190.71142578125, 450.6475830078125], "15": [18594.98828125, -245.22955322265625, 376.9894714355469], "8": [8427.306640625, 7148.2197265625, 626.444091796875], "10": [3421.730712890625, 1050.0003662109375, 619.5780029296875], "1": [16729.95703125, 3848.704345703125, 351.27459716796875], "11": [3030.4716796875, 3287.482666015625, 1074.4072265625], "14": [3340.27783203125, 6108.22265625, 608.0474853515625], "6": [10574.46484375, 4632.77197265625, 613.8289794921875], "12": [8747.611328125, 5783.8896484375, 553.975341796875]}