{"1": [14808.8916015625, 6179.955078125, 408.9821472167969], "2": [9984.904296875, 2844.24169921875, 557.986572265625], "6": [8303.6376953125, 7232.0517578125, 579.19921875], "10": [3143.1748046875, 3153.11669921875, 565.5137329101562], "14": [16537.64453125, 3864.23779296875, 327.18408203125], "9": [3497.270263671875, 1051.283203125, 589.5931396484375], "12": [3309.31982421875, 5939.158203125, 584.7572021484375], "11": [4184.98193359375, 6824.7978515625, 736.6729736328125]}