{"1": [14823.0107421875, 6185.27734375, 407.1412353515625], "2": [9987.892578125, 2843.7861328125, 561.974609375], "6": [8287.8408203125, 7257.10400390625, 577.626953125], "10": [3164.75244140625, 3151.941650390625, 556.0160522460938], "14": [16540.69921875, 3869.7568359375, 313.9092102050781], "9": [3497.141845703125, 1029.2802734375, 591.0244140625], "12": [3271.125, 5882.1025390625, 600.5955810546875], "11": [4167.39697265625, 6796.255859375, 736.47998046875]}