{
    "2": [
        9973.5732421875,
        2842.208984375,
        570.3475952148438
    ],
    "9": [
        3515.769775390625,
        962.4296875,
        611.6439819335938
    ],
    "13": [
        18093.763671875,
        -0.14265334606170654,
        421.7372131347656
    ],
    "14": [
        16528.9609375,
        3866.283203125,
        313.3004150390625
    ],
    "10": [
        3223.1005859375,
        3171.8720703125,
        530.9124755859375
    ],
    "12": [
        3207.774169921875,
        5769.65185546875,
        627.501953125
    ],
    "3": [
        10111.193359375,
        4644.2451171875,
        792.4747314453125
    ]
}