{
    "2": [
        9951.890625,
        2847.34814453125,
        584.0447998046875
    ],
    "13": [
        17818.08203125,
        140.66168212890625,
        416.0316162109375
    ],
    "9": [
        3590.3291015625,
        727.054931640625,
        639.595458984375
    ],
    "14": [
        16502.34765625,
        3863.134521484375,
        322.9512634277344
    ],
    "12": [
        3061.40380859375,
        5553.4521484375,
        680.102783203125
    ],
    "10": [
        3386.777099609375,
        3215.52001953125,
        468.57763671875
    ]
}