{
    "2": [
        9933.029296875,
        2851.39013671875,
        593.244140625
    ],
    "13": [
        17759.52734375,
        160.211669921875,
        425.1463623046875
    ],
    "9": [
        3588.137939453125,
        676.4615478515625,
        663.6859741210938
    ],
    "14": [
        16483.087890625,
        3863.855712890625,
        329.2782897949219
    ],
    "12": [
        3039.0751953125,
        5523.9970703125,
        659.1964111328125
    ],
    "10": [
        3425.844482421875,
        3233.87451171875,
        468.71710205078125
    ]
}