{"2": [9944.583984375, 2834.64794921875, 595.42333984375], "1": [15026.587890625, 6295.2451171875, 375.5001525878906], "6": [7893.07373046875, 7607.005859375, 593.7964477539062], "9": [3544.75927734375, 542.4871826171875, 727.1143188476562], "11": [4078.7060546875, 6526.2021484375, 753.4312133789062], "12": [2970.847900390625, 5395.783203125, 627.7008666992188], "14": [16463.9140625, 3863.1708984375, 327.82086181640625], "10": [3542.3212890625, 3286.996826171875, 437.66510009765625]}