{
    "2": [
        9944.583984375,
        2834.64794921875,
        595.42333984375
    ],
    "13": [
        17625.26171875,
        226.32403564453125,
        427.09368896484375
    ],
    "9": [
        3544.75927734375,
        542.4871826171875,
        727.1143188476562
    ],
    "12": [
        2970.847900390625,
        5395.783203125,
        627.7008666992188
    ],
    "14": [
        16463.9140625,
        3863.1708984375,
        327.82086181640625
    ],
    "10": [
        3542.3212890625,
        3286.996826171875,
        437.66510009765625
    ]
}