{
    "2": [
        9946.58203125,
        2839.705078125,
        590.5777587890625
    ],
    "13": [
        17530.4453125,
        270.4901123046875,
        452.4892883300781
    ],
    "9": [
        3538.06494140625,
        491.6289367675781,
        738.0455322265625
    ],
    "14": [
        16446.7578125,
        3856.086669921875,
        321.4205017089844
    ],
    "12": [
        2930.70263671875,
        5350.75830078125,
        631.378173828125
    ],
    "10": [
        3586.62890625,
        3309.771240234375,
        426.555419921875
    ]
}