{"2": [9939.294921875, 2830.20068359375, 579.672119140625], "1": [15135.56640625, 6364.8818359375, 349.8083190917969], "6": [7712.1044921875, 7704.1259765625, 563.7791748046875], "9": [3514.527587890625, 334.2794494628906, 690.1998291015625], "11": [3993.962890625, 6420.35498046875, 750.094970703125], "14": [16418.912109375, 3839.93310546875, 294.48895263671875], "12": [2845.6552734375, 5246.994140625, 629.7260131835938], "10": [3712.791259765625, 3325.310546875, 356.0609130859375]}