{
    "2": [
        9944.8798828125,
        2832.92431640625,
        586.1727294921875
    ],
    "13": [
        17435.33203125,
        325.794921875,
        439.55560302734375
    ],
    "9": [
        3507.4013671875,
        279.7742919921875,
        671.1949462890625
    ],
    "11": [
        6046.453125,
        5060.91796875,
        596.1861572265625
    ],
    "12": [
        2823.349609375,
        5200.099609375,
        650.2881469726562
    ],
    "14": [
        16409.0703125,
        3822.60400390625,
        301.7555236816406
    ],
    "10": [
        3749.498291015625,
        3340.33203125,
        336.1734313964844
    ]
}