{
    "2": [
        9940.033203125,
        2831.7783203125,
        579.646728515625
    ],
    "13": [
        17423.59765625,
        336.669677734375,
        425.1376953125
    ],
    "9": [
        3502.513671875,
        232.36322021484375,
        661.48046875
    ],
    "11": [
        6046.232421875,
        5013.921875,
        573.58984375
    ],
    "12": [
        2812.97998046875,
        5180.72216796875,
        655.609619140625
    ],
    "14": [
        16403.001953125,
        3814.927978515625,
        295.0450134277344
    ],
    "10": [
        3793.968994140625,
        3351.88232421875,
        313.0663757324219
    ]
}