{"3": [9936.537109375, 2806.7646484375, 583.1048583984375], "2": [15294.5, 6409.44140625, 404.64898681640625], "15": [17565.74609375, 264.9986877441406, 438.56414794921875], "12": [8622.970703125, 5850.20458984375, 433.84234619140625], "6": [10438.810546875, 5170.8388671875, 606.0521850585938], "8": [7572.19140625, 7804.7880859375, 619.071044921875], "10": [3392.67724609375, 146.67666625976562, 700.6951904296875], "1": [16512.98828125, 3780.596923828125, 319.77801513671875], "13": [5990.5283203125, 4982.2216796875, 586.7999267578125], "14": [2745.006591796875, 5153.439453125, 698.7728271484375], "11": [3846.703369140625, 3367.1796875, 276.7980041503906]}