{"2": [9918.5068359375, 2817.264892578125, 570.850341796875], "1": [15188.72265625, 6384.4345703125, 388.7138366699219], "6": [7519.9794921875, 7804.9228515625, 630.74267578125], "9": [3487.46533203125, 165.9720916748047, 653.502685546875], "14": [16372.056640625, 3797.6328125, 303.39239501953125], "12": [2783.01123046875, 5145.6376953125, 686.2095336914062], "11": [3936.17138671875, 6333.486328125, 764.1658935546875], "10": [3896.6875, 3368.986328125, 271.305419921875]}