{"2": [9942.814453125, 2821.49755859375, 577.5386962890625], "1": [15232.2109375, 6383.9521484375, 394.3917236328125], "6": [7471.7978515625, 7828.943359375, 664.847412109375], "9": [3465.1513671875, 121.46927642822266, 642.34375], "14": [16366.2294921875, 3788.89208984375, 293.68096923828125], "11": [3915.27099609375, 6315.5263671875, 774.7482299804688], "12": [2765.90625, 5128.6982421875, 701.5623168945312], "10": [3959.689453125, 3391.781005859375, 240.71044921875]}