{"1": [15228.21484375, 6389.4501953125, 402.3773193359375], "6": [7399.21044921875, 7867.38623046875, 683.4388427734375], "2": [9929.0, 2818.32568359375, 578.5394287109375], "14": [16338.603515625, 3779.31884765625, 302.53436279296875], "11": [3888.39208984375, 6287.197265625, 781.2269897460938], "9": [3443.798828125, 86.23898315429688, 646.2997436523438], "12": [2762.158203125, 5127.9912109375, 701.525146484375], "10": [3979.35888671875, 3418.10791015625, 240.45005798339844]}