{
    "13": [
        17055.6875,
        503.396240234375,
        450.5563659667969
    ],
    "2": [
        9941.458984375,
        2825.93701171875,
        573.479248046875
    ],
    "11": [
        5849.5,
        4785.5478515625,
        580.012939453125
    ],
    "9": [
        3416.495361328125,
        -71.22949981689453,
        652.5581665039062
    ],
    "14": [
        16283.318359375,
        3745.8916015625,
        306.35858154296875
    ],
    "12": [
        2733.7099609375,
        5098.951171875,
        704.5530395507812
    ]
}