{
    "13": [
        16998.81640625,
        524.67578125,
        457.5312194824219
    ],
    "11": [
        5818.06591796875,
        4742.83349609375,
        564.5894775390625
    ],
    "2": [
        9937.458984375,
        2824.57568359375,
        577.78759765625
    ],
    "9": [
        3417.96728515625,
        -138.26715087890625,
        665.1952514648438
    ],
    "14": [
        16295.08203125,
        3735.17529296875,
        306.2195739746094
    ],
    "12": [
        2748.922119140625,
        5096.0009765625,
        699.0570068359375
    ]
}