{"1": [15299.1181640625, 6362.75537109375, 403.0149230957031], "6": [6713.39453125, 8159.826171875, 596.9740600585938], "2": [9942.333984375, 2817.23681640625, 588.0748901367188], "9": [3335.558837890625, -504.56390380859375, 771.2957763671875], "11": [3656.34033203125, 5947.6220703125, 831.8887939453125], "14": [16209.2578125, 3663.20556640625, 264.52691650390625], "10": [4226.875, 3656.347900390625, 193.41543579101562]}