{
    "2": [
        9956.30078125,
        2817.6904296875,
        591.1353759765625
    ],
    "13": [
        16553.06640625,
        579.7540283203125,
        462.8431396484375
    ],
    "9": [
        3314.61669921875,
        -592.5029296875,
        732.878173828125
    ],
    "11": [
        5588.16357421875,
        4402.43994140625,
        552.2210693359375
    ],
    "14": [
        16191.046875,
        3657.32763671875,
        293.6168518066406
    ],
    "12": [
        2820.71435546875,
        5113.3818359375,
        701.3844604492188
    ],
    "10": [
        4217.404296875,
        3601.6376953125,
        415.537353515625
    ]
}