{"2": [9956.30078125, 2817.6904296875, 591.1353759765625], "6": [6546.6884765625, 8216.5703125, 609.7210693359375], "1": [15302.5859375, 6358.36328125, 409.39947509765625], "9": [3314.61669921875, -592.5029296875, 732.878173828125], "11": [3617.05615234375, 5889.0283203125, 838.5536499023438], "14": [16191.046875, 3657.32763671875, 293.6168518066406], "12": [2820.71435546875, 5113.3818359375, 701.3844604492188], "10": [4217.404296875, 3601.6376953125, 415.537353515625]}