{"6": [6399.578125, 8260.720703125, 675.439697265625], "2": [9971.541015625, 2815.809814453125, 581.9896850585938], "1": [15296.5068359375, 6338.0546875, 414.46173095703125], "11": [3565.794921875, 5831.3271484375, 833.4267578125], "9": [3292.0439453125, -678.5135498046875, 695.9182739257812], "14": [16153.642578125, 3657.226318359375, 321.6025695800781], "12": [2850.90576171875, 5149.2265625, 681.0452880859375], "10": [4114.7998046875, 3620.21044921875, 538.3550415039062]}