{
    "2": [
        9971.541015625,
        2815.809814453125,
        581.9896850585938
    ],
    "11": [
        5526.7705078125,
        4331.283203125,
        554.6290893554688
    ],
    "13": [
        16493.560546875,
        581.42138671875,
        452.73675537109375
    ],
    "9": [
        3292.0439453125,
        -678.5135498046875,
        695.9182739257812
    ],
    "14": [
        16153.642578125,
        3657.226318359375,
        321.6025695800781
    ],
    "12": [
        2850.90576171875,
        5149.2265625,
        681.0452880859375
    ],
    "10": [
        4114.7998046875,
        3620.21044921875,
        538.3550415039062
    ]
}