{"6": [6315.8525390625, 8278.498046875, 711.5961303710938], "2": [10000.546875, 2818.34716796875, 587.478515625], "1": [15296.2587890625, 6335.1171875, 420.76422119140625], "9": [3300.283203125, -711.5692138671875, 676.7939453125], "11": [3552.647216796875, 5803.33203125, 842.212646484375], "14": [16131.05078125, 3655.638427734375, 280.2919616699219], "12": [2877.3828125, 5162.525390625, 689.3773193359375], "10": [4102.6669921875, 3639.225830078125, 549.1070556640625]}