{"1": [15274.173828125, 6301.916015625, 416.9420166015625], "2": [10009.923828125, 2812.7138671875, 584.6243896484375], "6": [6045.0224609375, 8372.33203125, 715.27099609375], "11": [3486.69873046875, 5661.10693359375, 887.01611328125], "9": [3326.51904296875, -941.852783203125, 690.076904296875], "14": [16084.7265625, 3648.99560546875, 278.15130615234375], "10": [3975.7138671875, 3759.430908203125, 602.0744018554688]}