{
    "2": [
        10015.890625,
        2816.064208984375,
        576.713134765625
    ],
    "13": [
        16294.71484375,
        636.8191528320312,
        476.07525634765625
    ],
    "11": [
        5416.5830078125,
        4073.29638671875,
        623.9154663085938
    ],
    "9": [
        3323.18212890625,
        -1013.330078125,
        692.0518798828125
    ],
    "14": [
        16074.189453125,
        3654.462890625,
        289.5460205078125
    ],
    "12": [
        2981.88427734375,
        5220.1669921875,
        690.8486328125
    ],
    "10": [
        3959.20458984375,
        3791.32568359375,
        622.3760986328125
    ]
}