{"2": [10023.17578125, 2818.462890625, 578.3401489257812], "1": [15256.755859375, 6276.34716796875, 388.1470947265625], "9": [3340.513671875, -1080.744384765625, 676.75537109375], "6": [5933.7734375, 8397.9677734375, 655.4090576171875], "11": [3438.72119140625, 5601.32470703125, 924.2952880859375], "14": [16065.80078125, 3647.75732421875, 292.1295166015625], "10": [3930.37158203125, 3812.82470703125, 639.970458984375]}