{
    "2": [
        10023.17578125,
        2818.462890625,
        578.3401489257812
    ],
    "13": [
        16222.560546875,
        649.65576171875,
        491.90472412109375
    ],
    "9": [
        3340.513671875,
        -1080.744384765625,
        676.75537109375
    ],
    "11": [
        5411.03125,
        4009.502685546875,
        625.1796875
    ],
    "14": [
        16065.80078125,
        3647.75732421875,
        292.1295166015625
    ],
    "10": [
        3930.37158203125,
        3812.82470703125,
        639.970458984375
    ]
}