{"15": [16324.837890625, 558.8944702148438, 495.502685546875], "3": [10048.064453125, 2812.2822265625, 590.22021484375], "2": [15314.0224609375, 6255.6357421875, 411.7545166015625], "13": [5393.0244140625, 3942.28564453125, 629.6936645507812], "10": [3245.251220703125, -1187.5860595703125, 711.6393432617188], "8": [5772.39208984375, 8438.259765625, 663.843505859375], "12": [7953.5166015625, 5101.251953125, 444.2555236816406], "1": [16178.7861328125, 3626.806640625, 306.39019775390625], "14": [3006.41650390625, 5280.04248046875, 708.646484375]}