{
    "2": [
        10031.34765625,
        2837.76611328125,
        573.0515747070312
    ],
    "13": [
        16122.296875,
        660.4903564453125,
        474.7616882324219
    ],
    "11": [
        5441.0615234375,
        3871.517578125,
        603.177734375
    ],
    "9": [
        3372.046875,
        -1209.3233642578125,
        656.97900390625
    ],
    "14": [
        16016.697265625,
        3642.996337890625,
        281.2790222167969
    ],
    "10": [
        3845.521728515625,
        3891.88134765625,
        614.2001342773438
    ]
}