{"1": [15202.5048828125, 6147.9814453125, 378.92724609375], "2": [10022.6015625, 2860.32373046875, 587.9302978515625], "6": [5472.2177734375, 8481.052734375, 685.322265625], "9": [3429.325439453125, -1293.787353515625, 684.2010498046875], "12": [3109.66455078125, 5284.3740234375, 718.4990234375], "11": [3405.857421875, 5494.40380859375, 977.8917846679688], "14": [15978.548828125, 3652.134765625, 279.8193664550781], "10": [3781.88232421875, 3939.23291015625, 607.0069580078125]}