{"2": [15282.44140625, 6141.1943359375, 419.70635986328125], "15": [16152.654296875, 619.3204345703125, 475.8065490722656], "10": [3397.990234375, -1415.188720703125, 734.8836669921875], "8": [5328.8916015625, 8525.859375, 672.9985961914062], "12": [7799.294921875, 4756.76806640625, 474.3803405761719], "13": [5421.6181640625, 3729.3291015625, 630.6867065429688], "14": [3127.9169921875, 5319.6669921875, 713.912109375], "3": [10051.6552734375, 2855.103515625, 594.5118408203125], "1": [16077.16015625, 3628.240234375, 306.7820739746094]}