{"1": [15197.43359375, 6113.984375, 386.74017333984375], "6": [5296.5048828125, 8521.599609375, 646.3770141601562], "9": [3557.048828125, -1406.66162109375, 684.43994140625], "11": [3423.70458984375, 5437.306640625, 989.9761962890625], "12": [3184.771484375, 5295.62451171875, 706.6962890625], "2": [10035.294921875, 2858.09423828125, 588.406494140625], "14": [15944.6328125, 3645.8173828125, 261.2021179199219], "10": [3724.52587890625, 3945.109130859375, 623.6689453125]}