{"8": [4989.509765625, 8558.376953125, 664.5799560546875], "2": [15290.322265625, 6101.724609375, 413.072509765625], "11": [4510.8408203125, 2934.31689453125, 561.6165771484375], "15": [15969.771484375, 698.7333984375, 498.01739501953125], "1": [15998.435546875, 3622.45361328125, 269.6522521972656], "10": [3582.95849609375, -1694.8634033203125, 709.4403076171875], "3": [10032.9580078125, 2826.73828125, 603.6296997070312], "6": [8824.837890625, 3802.50634765625, 557.242919921875]}