{"1": [15175.6357421875, 6061.9169921875, 385.5386962890625], "11": [3503.82470703125, 5017.3837890625, 1076.45361328125], "9": [4160.6708984375, -1895.5145263671875, 651.6158447265625], "14": [15795.4453125, 3602.259765625, 262.5570373535156], "6": [4692.67041015625, 8455.81640625, 607.0840454101562], "10": [3512.4482421875, 3696.307373046875, 647.1671142578125], "2": [10026.4404296875, 2763.467529296875, 540.759033203125]}