{
    "2": [
        10062.43359375,
        2720.45654296875,
        550.301025390625
    ],
    "13": [
        15491.720703125,
        818.0089111328125,
        479.52215576171875
    ],
    "11": [
        5550.0927734375,
        3127.43701171875,
        669.6005859375
    ],
    "10": [
        3571.007080078125,
        3536.9501953125,
        660.3753662109375
    ],
    "9": [
        4449.29150390625,
        -1952.8701171875,
        627.8048095703125
    ],
    "14": [
        15780.359375,
        3540.513916015625,
        263.9540100097656
    ]
}