{"2": [10064.978515625, 2716.7314453125, 558.2365112304688], "1": [15139.29296875, 6062.103515625, 370.1463928222656], "11": [3638.091552734375, 4853.01318359375, 1112.4677734375], "14": [15774.2099609375, 3501.3603515625, 262.0020446777344], "9": [4685.1708984375, -1990.3892822265625, 586.69384765625], "10": [3638.5791015625, 3417.2578125, 610.8309326171875], "6": [4654.19921875, 8332.8740234375, 619.2945556640625]}