{"2": [10054.59765625, 2717.927490234375, 546.5158081054688], "1": [15133.9453125, 6061.34765625, 364.424072265625], "10": [3661.39599609375, 3378.54931640625, 625.1858520507812], "9": [4776.4912109375, -1989.819580078125, 602.15673828125], "11": [3662.36181640625, 4827.1767578125, 1116.362060546875], "6": [4682.31640625, 8295.4912109375, 642.6771240234375], "14": [15770.396484375, 3484.853515625, 249.48379516601562]}