{"2": [10059.498046875, 2739.21533203125, 536.7648315429688], "1": [15132.26953125, 6061.71337890625, 365.62066650390625], "9": [5004.115234375, -1992.7978515625, 618.5263671875], "11": [3730.365234375, 4771.38330078125, 1106.441162109375], "14": [15763.517578125, 3463.794921875, 264.7115478515625], "10": [3739.94189453125, 3292.48291015625, 654.7411499023438], "6": [4694.7490234375, 8223.009765625, 668.4503173828125]}