{"2": [15236.0859375, 6102.056640625, 392.1220703125], "3": [10101.888671875, 2761.54736328125, 532.8839721679688], "15": [15437.228515625, 743.3895263671875, 496.5652770996094], "10": [5245.56298828125, -2042.378173828125, 616.658203125], "1": [15922.060546875, 3415.94140625, 279.1920471191406], "6": [8140.8984375, 3456.748291015625, 815.0247802734375], "14": [4352.2021484375, 5372.70556640625, 655.4998168945312], "11": [4636.09765625, 2283.108642578125, 652.4345703125], "8": [4728.4287109375, 8157.251953125, 649.9239501953125]}