{"1": [15105.7890625, 6064.4521484375, 371.3410949707031], "2": [10054.275390625, 2772.80859375, 524.7197875976562], "9": [5213.76123046875, -1986.57958984375, 619.120361328125], "11": [3799.69384765625, 4703.09619140625, 1097.638671875], "10": [3821.416015625, 3175.48681640625, 670.2753295898438], "14": [15773.048828125, 3431.687744140625, 261.0708312988281], "6": [4767.216796875, 8154.0625, 630.675537109375]}