{"3": [10090.84765625, 2824.97265625, 529.2219848632812], "2": [15251.1357421875, 6120.8720703125, 404.61737060546875], "15": [15407.875, 745.041015625, 493.09564208984375], "10": [5469.12646484375, -2041.8966064453125, 555.1563720703125], "1": [15943.5634765625, 3407.54248046875, 311.07550048828125], "6": [8125.7919921875, 3454.835693359375, 856.53857421875], "11": [4695.16064453125, 2227.401611328125, 641.4712524414062], "8": [4787.88134765625, 8117.35107421875, 645.5924682617188], "14": [4456.62109375, 5348.91650390625, 663.2979736328125]}