{
    "2": [
        10039.212890625,
        2871.982421875,
        535.55615234375
    ],
    "13": [
        15252.05078125,
        818.915283203125,
        467.99993896484375
    ],
    "10": [
        3996.468505859375,
        2971.567138671875,
        632.6415405273438
    ],
    "9": [
        5633.00390625,
        -1945.197021484375,
        514.1376953125
    ],
    "11": [
        5871.53662109375,
        2825.244140625,
        650.5304565429688
    ],
    "14": [
        15798.73046875,
        3422.3251953125,
        290.1588439941406
    ]
}