{
    "2": [
        10045.8916015625,
        2897.68896484375,
        536.720703125
    ],
    "13": [
        15252.9296875,
        820.5101928710938,
        464.92620849609375
    ],
    "9": [
        5839.8134765625,
        -1881.651611328125,
        545.6240234375
    ],
    "10": [
        4067.71923828125,
        2878.0322265625,
        617.0882568359375
    ],
    "14": [
        15829.349609375,
        3421.981201171875,
        298.2388000488281
    ],
    "11": [
        5919.5927734375,
        2772.969482421875,
        639.5494384765625
    ]
}