{
    "2": [
        10059.9736328125,
        2906.86181640625,
        531.9386596679688
    ],
    "13": [
        15221.470703125,
        821.3511962890625,
        465.98504638671875
    ],
    "9": [
        5938.439453125,
        -1842.892333984375,
        560.2064208984375
    ],
    "10": [
        4112.291015625,
        2833.83203125,
        625.4437255859375
    ],
    "14": [
        15848.40234375,
        3419.809326171875,
        294.3475341796875
    ]
}