{"15": [15282.7587890625, 661.8790283203125, 453.8380126953125], "2": [15446.6015625, 6380.974609375, 323.0052490234375], "8": [5654.9130859375, 7881.00537109375, 701.0120239257812], "14": [5033.1494140625, 5093.48828125, 601.90283203125], "10": [6558.5859375, -1625.23388671875, 519.7365112304688], "6": [7914.6650390625, 3548.04296875, 780.7550048828125], "1": [16052.15234375, 3495.02490234375, 244.56947326660156], "11": [5023.5673828125, 1989.7548828125, 710.9254150390625]}