{"1": [15244.36328125, 6309.8046875, 313.8732604980469], "6": [5672.66455078125, 7849.3671875, 654.12060546875], "2": [10015.31640625, 2869.88623046875, 370.9501953125], "11": [4248.56689453125, 4300.0556640625, 1080.760009765625], "9": [6568.45654296875, -1566.57568359375, 495.216796875], "10": [4545.748046875, 2482.9638671875, 625.0151977539062], "14": [15886.681640625, 3506.52587890625, 233.06130981445312]}