{"1": [15312.2685546875, 6363.896484375, 313.62310791015625], "6": [5754.8427734375, 7823.95556640625, 681.3048095703125], "11": [4283.53271484375, 4264.4755859375, 1073.810546875], "14": [15877.30859375, 3533.131103515625, 229.19500732421875], "9": [6594.73095703125, -1548.392578125, 478.7675476074219], "10": [4609.6845703125, 2444.89990234375, 605.7109375]}