{
    "13": [
        15158.5234375,
        658.6300659179688,
        386.39886474609375
    ],
    "11": [
        6205.56201171875,
        2503.3564453125,
        627.477294921875
    ],
    "9": [
        6890.23193359375,
        -1375.136962890625,
        495.76495361328125
    ],
    "10": [
        4786.224609375,
        2291.52294921875,
        626.2879028320312
    ],
    "14": [
        15894.6796875,
        3633.15283203125,
        192.71278381347656
    ]
}