{"1": [15449.40625, 6574.5439453125, 354.9781494140625], "6": [6418.822265625, 7661.5615234375, 701.475341796875], "11": [4508.3173828125, 4087.46484375, 1050.5523681640625], "14": [15978.1572265625, 3851.92724609375, 193.75839233398438], "9": [7271.21240234375, -1118.109619140625, 387.39520263671875], "10": [5114.60400390625, 2048.632080078125, 648.64697265625]}