{"1": [15473.212890625, 6582.6435546875, 344.7425842285156], "6": [6500.7724609375, 7647.828125, 676.4954833984375], "11": [4549.9404296875, 4069.573974609375, 1040.056884765625], "10": [5177.18408203125, 2002.665283203125, 646.211181640625], "14": [15989.013671875, 3888.79541015625, 207.01937866210938], "9": [7318.96484375, -1061.2496337890625, 393.3778381347656]}