{
    "13": [
        15246.6484375,
        458.07611083984375,
        416.4587707519531
    ],
    "11": [
        6483.810546875,
        2314.09716796875,
        535.9248046875
    ],
    "2": [
        10058.1015625,
        2150.6904296875,
        200.96923828125
    ],
    "14": [
        15991.51953125,
        3979.02978515625,
        220.6151123046875
    ],
    "9": [
        7860.5341796875,
        -848.69970703125,
        -99.6607666015625
    ]
}