{"6": [6780.57763671875, 7569.5517578125, 572.8023681640625], "1": [15543.8486328125, 6590.9892578125, 353.1947021484375], "11": [4679.111328125, 4000.92822265625, 1014.3275146484375], "14": [16016.482421875, 4008.85986328125, 243.45758056640625], "9": [7715.140625, -881.77392578125, 268.90606689453125]}