{"15": [15400.806640625, 363.17974853515625, 416.279052734375], "2": [15649.171875, 6620.9384765625, 385.30609130859375], "8": [6767.6796875, 7605.7724609375, 601.734130859375], "6": [8087.04150390625, 3642.45703125, 848.0665893554688], "14": [5544.18701171875, 4770.67919921875, 534.1234130859375], "1": [16185.9248046875, 4019.076171875, 256.24810791015625]}