{
    "13": [
        15258.7265625,
        431.690673828125,
        383.0577697753906
    ],
    "11": [
        6491.16796875,
        2322.796630859375,
        395.2511291503906
    ],
    "9": [
        7713.53515625,
        -833.6384887695312,
        268.953857421875
    ]
}