{
    "13": [
        15280.109375,
        409.9676513671875,
        345.8271484375
    ],
    "11": [
        6573.28125,
        2292.84765625,
        401.6143798828125
    ],
    "14": [
        16026.3203125,
        4105.31494140625,
        244.9891815185547
    ],
    "9": [
        7759.42822265625,
        -767.7180786132812,
        281.6151123046875
    ],
    "2": [
        9969.0234375,
        1834.98828125,
        484.5904541015625
    ]
}