{
    "13": [
        15356.681640625,
        326.76171875,
        290.8552551269531
    ],
    "10": [
        5662.9794921875,
        1577.8609619140625,
        596.53955078125
    ],
    "14": [
        16044.009765625,
        4204.38623046875,
        264.3980712890625
    ]
}