{"6": [7499.490234375, 7307.2392578125, 595.4135131835938], "1": [15701.986328125, 6532.37841796875, 343.850341796875], "11": [4920.51171875, 3994.350341796875, 958.14794921875], "10": [5806.5791015625, 1469.6622314453125, 568.9580078125], "14": [16100.099609375, 4285.61376953125, 252.36257934570312]}