{
    "13": [
        15413.7001953125,
        278.5576171875,
        278.2213134765625
    ],
    "11": [
        6829.037109375,
        2375.2158203125,
        573.8167724609375
    ],
    "10": [
        5897.345703125,
        1371.939208984375,
        505.76763916015625
    ],
    "14": [
        16101.34375,
        4341.46533203125,
        234.38177490234375
    ]
}