{
    "11": [
        6887.0166015625,
        2372.302490234375,
        584.9901123046875
    ],
    "13": [
        15414.8076171875,
        268.07305908203125,
        282.028564453125
    ],
    "10": [
        5963.6396484375,
        1297.564697265625,
        506.3462829589844
    ],
    "2": [
        8991.94140625,
        988.11474609375,
        746.26708984375
    ],
    "14": [
        16115.34375,
        4411.30224609375,
        191.7540283203125
    ]
}