{"6": [7892.515625, 7067.9765625, 577.4609375], "1": [15799.1943359375, 6541.41259765625, 338.11163330078125], "11": [5018.76904296875, 3996.20654296875, 950.0079345703125], "10": [5963.6396484375, 1297.564697265625, 506.3462829589844], "2": [8991.94140625, 988.11474609375, 746.26708984375], "14": [16115.34375, 4411.30224609375, 191.7540283203125]}