{"6": [8267.064453125, 6812.72021484375, 562.6682739257812], "1": [15809.271484375, 6512.3515625, 332.228759765625], "11": [5108.39599609375, 3985.630615234375, 929.455078125], "10": [6093.5927734375, 1111.806396484375, 511.24029541015625], "9": [7744.1015625, -324.2717590332031, 1311.287353515625], "14": [16063.767578125, 4482.083984375, 228.11611938476562]}