{
    "13": [
        15440.341796875,
        239.05563354492188,
        320.3914489746094
    ],
    "10": [
        6206.681640625,
        896.5552978515625,
        496.4910888671875
    ],
    "2": [
        8813.283203125,
        921.064208984375,
        664.2660522460938
    ],
    "9": [
        7769.9638671875,
        -270.1004638671875,
        1256.2159423828125
    ]
}