{"6": [8673.08203125, 6558.75244140625, 520.0859375], "1": [15880.248046875, 6469.216796875, 291.0411071777344], "9": [7781.171875, -247.52719116210938, 1229.118408203125], "10": [6223.8544921875, 857.671630859375, 504.8370361328125], "2": [8848.19921875, 922.0095825195312, 677.2788696289062], "14": [16145.94921875, 4577.4267578125, 330.7564392089844]}