{"8": [8817.31640625, 6404.8779296875, 565.6448364257812], "15": [15545.10546875, 172.37135314941406, 351.4640197753906], "2": [16077.203125, 6516.650390625, 214.41421508789062], "6": [8494.818359375, 3591.07958984375, 819.8263549804688], "11": [6276.6689453125, 742.3921508789062, 520.4815673828125], "1": [16489.5625, 4678.51171875, 248.91676330566406]}