{
    "13": [
        15363.357421875,
        272.5232849121094,
        342.9749450683594
    ],
    "9": [
        7827.3408203125,
        -136.2493438720703,
        867.0177612304688
    ],
    "2": [
        9047.83984375,
        937.353759765625,
        646.5724487304688
    ],
    "10": [
        6355.82958984375,
        717.3106689453125,
        482.0980224609375
    ],
    "14": [
        16314.458984375,
        4680.8935546875,
        203.27659606933594
    ]
}