{"1": [15904.083984375, 6606.0615234375, 120.7416000366211], "6": [9109.392578125, 6201.81396484375, 498.6313781738281], "11": [5069.23046875, 3828.216552734375, 583.152099609375], "10": [6345.4345703125, 537.6424560546875, 484.45574951171875], "2": [9220.8193359375, 956.944091796875, 589.9879760742188], "9": [7774.60546875, -31.54270362854004, 501.2237548828125], "14": [16435.15625, 4682.177734375, 163.36953735351562]}