{"15": [15484.166015625, 371.65643310546875, 439.7044677734375], "14": [5019.46533203125, 3786.66552734375, 583.2002563476562], "6": [8441.380859375, 3600.8642578125, 814.6934204101562], "2": [15948.1005859375, 6678.6787109375, 158.8568115234375], "11": [6278.4482421875, 436.15301513671875, 524.189453125], "1": [16614.61328125, 4637.3857421875, 223.99569702148438], "8": [9169.20703125, 6183.2216796875, 522.7277221679688], "3": [9411.0703125, 953.6139526367188, 537.6024169921875]}