{
    "13": [
        15256.744140625,
        506.2635498046875,
        460.85186767578125
    ],
    "9": [
        7726.8935546875,
        -42.22974395751953,
        484.68194580078125
    ],
    "14": [
        16521.111328125,
        4602.0322265625,
        213.95445251464844
    ],
    "10": [
        6318.2275390625,
        434.3756103515625,
        513.9249267578125
    ],
    "2": [
        9441.7666015625,
        995.8604736328125,
        407.2226867675781
    ]
}