{
    "13": [
        15190.39453125,
        548.444091796875,
        470.7118835449219
    ],
    "14": [
        16505.25390625,
        4575.876953125,
        230.17984008789062
    ],
    "9": [
        7729.07470703125,
        -40.477989196777344,
        489.644775390625
    ],
    "2": [
        9521.529296875,
        1007.3541259765625,
        346.33026123046875
    ],
    "10": [
        6330.3037109375,
        421.0206604003906,
        522.2066650390625
    ]
}