{"1": [15838.0947265625, 6776.8896484375, 209.5108642578125], "14": [16505.25390625, 4575.876953125, 230.17984008789062], "9": [7729.07470703125, -40.477989196777344, 489.644775390625], "2": [9521.529296875, 1007.3541259765625, 346.33026123046875], "10": [6330.3037109375, 421.0206604003906, 522.2066650390625], "6": [9191.208984375, 6152.4814453125, 475.72320556640625]}