{"15": [15377.767578125, 491.2430725097656, 468.6939697265625], "2": [15987.2587890625, 6876.33154296875, 252.34254455566406], "14": [4946.48583984375, 3786.725341796875, 578.4197387695312], "1": [16647.953125, 4549.95263671875, 273.000244140625], "11": [6263.541015625, 352.44647216796875, 562.6104125976562], "3": [9638.568359375, 988.5626220703125, 291.54888916015625], "8": [9179.275390625, 6165.93115234375, 488.8446044921875]}