{"1": [15811.427734375, 6920.9541015625, 335.26214599609375], "9": [7664.0224609375, -90.33854675292969, 508.1628112792969], "11": [5563.7255859375, 4282.912109375, 789.0496826171875], "10": [6269.36328125, 361.5408020019531, 536.391357421875], "6": [9231.5, 6177.154296875, 480.5833740234375], "14": [16589.62109375, 4514.291015625, 275.0683288574219]}