{
    "13": [
        15093.125,
        708.6106567382812,
        366.6429748535156
    ],
    "9": [
        7631.4541015625,
        -92.11763000488281,
        522.4197998046875
    ],
    "11": [
        7702.25439453125,
        2665.323974609375,
        580.3334350585938
    ],
    "10": [
        6238.3046875,
        354.7296142578125,
        539.8912963867188
    ],
    "14": [
        16596.2421875,
        4513.41943359375,
        286.30487060546875
    ],
    "2": [
        9822.16796875,
        1053.68603515625,
        476.8206481933594
    ]
}