{"1": [15822.9794921875, 7030.6748046875, 345.24481201171875], "9": [7575.32373046875, -96.86192321777344, 550.285400390625], "10": [6196.1884765625, 359.8111572265625, 537.632080078125], "6": [9254.73828125, 6282.1064453125, 545.1416015625], "14": [16616.09765625, 4501.17822265625, 255.4354248046875], "11": [5558.91650390625, 4413.2587890625, 800.1885986328125], "2": [9811.240234375, 1061.73974609375, 505.27593994140625]}