{"15": [15078.7724609375, 812.0355224609375, 314.5118103027344], "8": [9278.0517578125, 6391.3017578125, 629.3927001953125], "14": [4684.68505859375, 3875.976318359375, 657.6442260742188], "2": [15959.345703125, 7160.201171875, 313.6513977050781], "1": [16818.53515625, 4511.95703125, 294.51873779296875], "11": [6055.4228515625, 320.276123046875, 551.1691284179688], "3": [9881.384765625, 1035.9609375, 558.6583251953125]}