{"6": [9210.513671875, 6395.99609375, 647.4789428710938], "14": [16642.30859375, 4509.36328125, 271.0736083984375], "9": [7451.6884765625, -130.0740966796875, 553.904541015625], "10": [6077.7451171875, 374.044189453125, 527.5037231445312], "1": [15774.140625, 7132.19775390625, 292.7662353515625], "11": [5592.83642578125, 4553.8779296875, 824.5977783203125], "2": [9820.70703125, 1080.3662109375, 578.255126953125]}