{
    "13": [
        14525.83203125,
        1155.85595703125,
        373.3047790527344
    ],
    "2": [
        9817.7353515625,
        1089.388916015625,
        612.857177734375
    ],
    "10": [
        5986.0927734375,
        376.3926086425781,
        563.019775390625
    ],
    "14": [
        16713.8828125,
        4521.71337890625,
        271.5956115722656
    ],
    "9": [
        7365.9189453125,
        -152.16590881347656,
        618.1898193359375
    ],
    "11": [
        8047.6279296875,
        2918.328125,
        550.289306640625
    ]
}