{"3": [10035.1787109375, 2924.435546875, 616.1883544921875], "2": [15261.798828125, 6275.7783203125, 453.65582275390625], "10": [3092.7890625, 1374.01416015625, 770.3076782226562], "15": [21538.41796875, -417.66253662109375, 373.545654296875], "1": [17175.421875, 3804.5908203125, 328.51702880859375], "11": [2560.889892578125, 3660.79638671875, 1318.559814453125], "14": [3366.66650390625, 6945.51708984375, 689.3320922851562], "6": [8498.3896484375, 5916.2578125, 641.6351318359375]}