{"6": [9179.15234375, 6547.6708984375, 655.510009765625], "10": [5921.54296875, 374.529052734375, 613.361572265625], "2": [9797.984375, 1088.859130859375, 591.9542846679688], "11": [5603.0986328125, 4739.52783203125, 776.9136962890625], "14": [16794.609375, 4515.6201171875, 278.95037841796875], "9": [7354.51904296875, -173.06246948242188, 614.59814453125]}