{"2": [15987.888671875, 7567.07958984375, 299.846435546875], "8": [9210.8173828125, 6579.69140625, 647.724609375], "15": [14580.283203125, 1178.9039306640625, 426.8026123046875], "11": [5825.9296875, 319.89703369140625, 634.07373046875], "14": [4488.533203125, 3927.673828125, 611.674560546875], "1": [16953.0546875, 4511.716796875, 290.53564453125], "3": [10428.2841796875, 1263.5972900390625, 181.01644897460938]}