{"6": [9162.1845703125, 6618.873046875, 591.6417236328125], "14": [16804.203125, 4511.9951171875, 302.09381103515625], "10": [5838.40673828125, 346.3480224609375, 612.9837646484375], "2": [9804.3037109375, 1116.984619140625, 598.00927734375], "9": [7292.40966796875, -185.40882873535156, 614.601318359375], "11": [5602.0908203125, 4819.3583984375, 754.9928588867188]}