{"2": [15946.5390625, 7784.0185546875, 367.112060546875], "1": [16972.12890625, 4506.23388671875, 322.45770263671875], "11": [5748.6923828125, 296.13922119140625, 595.872314453125], "8": [9186.701171875, 6685.0595703125, 580.388916015625], "15": [14438.787109375, 1309.2659912109375, 531.434326171875], "14": [4406.0458984375, 3967.79443359375, 590.1668701171875], "3": [10543.580078125, 1343.142333984375, 158.1879425048828]}