{
    "14": [
        16822.490234375,
        4510.44921875,
        304.8973693847656
    ],
    "10": [
        5783.4111328125,
        333.5423583984375,
        564.8843383789062
    ],
    "13": [
        14224.97265625,
        1429.97900390625,
        526.124755859375
    ],
    "9": [
        7235.7021484375,
        -203.5625,
        609.1329345703125
    ],
    "2": [
        9816.9013671875,
        1141.638916015625,
        582.63427734375
    ],
    "11": [
        8211.490234375,
        3069.62158203125,
        559.8406372070312
    ]
}