{"2": [15965.2080078125, 7919.97265625, 402.69134521484375], "8": [9143.9873046875, 6754.6513671875, 558.0641479492188], "15": [14276.02734375, 1444.4482421875, 533.4241943359375], "1": [16985.8203125, 4495.900390625, 329.49822998046875], "11": [5693.64306640625, 295.8380126953125, 553.3021850585938], "3": [10618.599609375, 1393.60888671875, 137.25733947753906], "14": [4256.6845703125, 4004.85693359375, 644.160888671875]}