{
    "9": [
        7232.552734375,
        -196.46417236328125,
        600.8150024414062
    ],
    "10": [
        5714.693359375,
        347.7773742675781,
        529.3336181640625
    ],
    "14": [
        16816.6953125,
        4498.705078125,
        307.68902587890625
    ],
    "13": [
        14066.7333984375,
        1564.06494140625,
        532.4400634765625
    ],
    "2": [
        9814.4609375,
        1175.29296875,
        537.2059936523438
    ],
    "11": [
        8243.9013671875,
        3129.69921875,
        569.78662109375
    ]
}