{
    "13": [
        13859.283203125,
        1776.9228515625,
        484.43060302734375
    ],
    "9": [
        7151.00244140625,
        -242.20291137695312,
        602.3153076171875
    ],
    "14": [
        16852.61328125,
        4476.765625,
        310.7083435058594
    ],
    "10": [
        5625.54638671875,
        430.9825134277344,
        490.2536926269531
    ],
    "11": [
        8325.38671875,
        3256.57861328125,
        545.8641357421875
    ],
    "2": [
        9843.453125,
        1233.117919921875,
        497.82049560546875
    ]
}