{"9": [7114.80126953125, -257.17327880859375, 611.677490234375], "10": [5601.59375, 455.6641845703125, 506.15283203125], "14": [16882.7109375, 4462.20849609375, 305.5107421875], "6": [9079.435546875, 6940.90234375, 503.89739990234375], "11": [5439.10546875, 5251.70947265625, 761.5343017578125], "2": [9867.70703125, 1272.840576171875, 482.25811767578125]}