{"6": [9006.8212890625, 7147.37744140625, 561.4677734375], "9": [7039.1611328125, -280.12213134765625, 616.91064453125], "14": [16878.349609375, 4421.77197265625, 306.1663513183594], "10": [5485.1083984375, 555.8619384765625, 541.4327392578125], "2": [9941.197265625, 1401.8837890625, 551.6790771484375], "11": [5401.35546875, 5395.2138671875, 714.7333984375]}