{"6": [8986.7216796875, 7205.2236328125, 573.7644653320312], "14": [16891.8984375, 4411.79541015625, 278.7252197265625], "9": [7019.8515625, -295.44512939453125, 606.665771484375], "2": [9926.3359375, 1461.8759765625, 548.6356201171875], "10": [5454.4375, 588.1995849609375, 560.361083984375], "11": [5377.9375, 5443.95068359375, 719.2513427734375]}