{"8": [8941.673828125, 7382.63427734375, 688.4886474609375], "11": [5376.6591796875, 653.9335327148438, 615.237060546875], "14": [3974.171630859375, 4494.474609375, 527.712890625], "1": [17022.40625, 4379.642578125, 283.564697265625], "15": [13412.283203125, 2254.18115234375, 611.0057983398438], "3": [10948.310546875, 1909.158935546875, 185.1558074951172], "2": [15832.16015625, 8804.88671875, 205.6796875]}