{"9": [6976.96044921875, -309.677490234375, 619.0455322265625], "6": [8916.818359375, 7333.70166015625, 683.52685546875], "10": [5415.078125, 683.254150390625, 603.9470825195312], "14": [16854.111328125, 4388.505859375, 274.9704284667969], "2": [9933.80078125, 1566.39990234375, 632.556884765625], "11": [5294.525390625, 5609.490234375, 766.2432250976562]}