{
    "9": [
        6958.9345703125,
        -311.47039794921875,
        614.85791015625
    ],
    "10": [
        5396.025390625,
        713.7484130859375,
        601.611328125
    ],
    "13": [
        13253.20703125,
        2347.74951171875,
        595.3501586914062
    ],
    "14": [
        16845.494140625,
        4383.8125,
        255.69287109375
    ],
    "2": [
        9931.5908203125,
        1590.8115234375,
        623.8530883789062
    ],
    "11": [
        8480.361328125,
        3606.60546875,
        621.5345458984375
    ]
}