{
    "9": [
        6928.24072265625,
        -307.65679931640625,
        616.074462890625
    ],
    "10": [
        5391.9423828125,
        770.634033203125,
        611.2822265625
    ],
    "13": [
        13094.736328125,
        2490.3837890625,
        548.218994140625
    ],
    "2": [
        9972.73828125,
        1633.055419921875,
        628.1337280273438
    ],
    "14": [
        16799.49609375,
        4392.7255859375,
        281.034423828125
    ],
    "11": [
        8507.259765625,
        3664.58544921875,
        632.1641845703125
    ]
}