{
    "13": [
        12818.37890625,
        2847.302001953125,
        573.4814453125
    ],
    "10": [
        5325.9267578125,
        1001.0552978515625,
        601.6939697265625
    ],
    "11": [
        8608.9814453125,
        3839.16064453125,
        612.5202026367188
    ]
}