{
    "13": [
        12525.2265625,
        3310.826171875,
        577.7017822265625
    ],
    "14": [
        16606.1875,
        4488.4130859375,
        307.5671081542969
    ],
    "2": [
        9943.947265625,
        2156.203125,
        583.122314453125
    ],
    "10": [
        5287.466796875,
        1302.7587890625,
        617.02099609375
    ],
    "11": [
        8712.3642578125,
        4068.56201171875,
        607.927734375
    ],
    "9": [
        6707.322265625,
        -200.0991973876953,
        581.334716796875
    ]
}