{"6": [8462.876953125, 7987.58984375, 629.497314453125], "14": [16606.1875, 4488.4130859375, 307.5671081542969], "2": [9943.947265625, 2156.203125, 583.122314453125], "10": [5287.466796875, 1302.7587890625, 617.02099609375], "11": [5195.4716796875, 6203.2353515625, 935.9705810546875], "9": [6707.322265625, -200.0991973876953, 581.334716796875]}