{
    "13": [
        12445.080078125,
        3418.8330078125,
        625.2760620117188
    ],
    "14": [
        16592.29296875,
        4493.181640625,
        325.587646484375
    ],
    "11": [
        8704.484375,
        4108.4521484375,
        638.0240478515625
    ],
    "10": [
        5266.36328125,
        1372.2841796875,
        626.2929077148438
    ],
    "9": [
        6680.5673828125,
        -174.63510131835938,
        594.6526489257812
    ]
}