{
    "13": [
        12411.548828125,
        3457.30615234375,
        646.3739013671875
    ],
    "14": [
        16577.6796875,
        4504.3994140625,
        330.9179992675781
    ],
    "10": [
        5231.580078125,
        1409.92431640625,
        618.0294189453125
    ],
    "2": [
        9941.6591796875,
        2198.994873046875,
        584.766357421875
    ],
    "11": [
        8703.73046875,
        4138.60791015625,
        638.5161743164062
    ],
    "9": [
        6666.2548828125,
        -165.3802490234375,
        613.2167358398438
    ]
}