{
    "10": [
        5194.02197265625,
        1500.991943359375,
        609.666748046875
    ],
    "14": [
        16511.052734375,
        4511.5908203125,
        347.64154052734375
    ],
    "11": [
        8762.56640625,
        4214.2412109375,
        629.5656127929688
    ],
    "2": [
        9924.140625,
        2280.786865234375,
        594.1363525390625
    ],
    "9": [
        6600.03564453125,
        -121.87869262695312,
        612.083740234375
    ]
}