{"10": [5141.75, 1600.24658203125, 605.6439208984375], "6": [8229.263671875, 8153.10595703125, 644.3859252929688], "14": [16467.03125, 4536.69140625, 329.0108642578125], "11": [5129.08984375, 6438.6630859375, 953.4073486328125], "9": [6593.7734375, -98.48151397705078, 636.2528076171875]}