{"11": [5036.42578125, 6718.91162109375, 977.3436889648438], "14": [16248.732421875, 4677.666015625, 334.026123046875], "2": [9905.37109375, 2684.10546875, 629.4639892578125], "10": [4818.517578125, 1954.499755859375, 888.9353637695312]}