{
    "11": [
        8685.591796875,
        4664.6015625,
        622.513916015625
    ],
    "14": [
        16240.8095703125,
        4688.9892578125,
        336.390380859375
    ],
    "13": [
        11878.056640625,
        4533.31787109375,
        617.2130126953125
    ],
    "2": [
        9891.07421875,
        2703.8154296875,
        626.2400512695312
    ],
    "10": [
        4806.56005859375,
        1964.694091796875,
        891.2076416015625
    ]
}