{"2": [15151.595703125, 6284.1982421875, 501.77569580078125], "1": [17173.56640625, 3813.2587890625, 343.2496337890625], "3": [10033.69921875, 2925.56982421875, 638.6035766601562], "11": [2566.294677734375, 3661.5439453125, 1323.376953125], "14": [3374.3544921875, 7009.8623046875, 701.4844970703125], "10": [3199.31494140625, 1294.5924072265625, 772.814208984375], "15": [21235.0234375, -434.7911376953125, 344.2291259765625], "6": [8435.55859375, 5973.08056640625, 671.739501953125]}