{"2": [15138.900390625, 6283.783203125, 497.76239013671875], "11": [2563.89453125, 3655.20166015625, 1317.1727294921875], "1": [17185.14453125, 3808.16748046875, 337.8262939453125], "14": [3384.518798828125, 7013.39306640625, 694.0528564453125], "10": [3210.154296875, 1274.505615234375, 773.7518310546875], "15": [21169.15234375, -442.5430908203125, 346.766357421875], "3": [10035.404296875, 2937.119873046875, 641.6715087890625], "6": [8646.720703125, 6101.33203125, 894.7819213867188]}