{"2": [14969.1484375, 6221.92431640625, 466.0731201171875], "3": [9987.412109375, 2862.95166015625, 621.1849975585938], "1": [17114.25390625, 3805.591796875, 339.9958190917969], "10": [3329.421875, 1164.71435546875, 777.402587890625], "14": [3334.11767578125, 6921.5126953125, 605.6962890625], "11": [2544.64404296875, 3581.666015625, 1278.58251953125], "15": [20304.55859375, -510.8828125, 355.8109130859375], "6": [8167.0146484375, 6039.1748046875, 732.8400268554688], "12": [8481.73828125, 6059.2333984375, 236.5602569580078]}