{"2": [14860.625, 6197.6689453125, 450.8380126953125], "3": [10009.705078125, 2782.32958984375, 588.743896484375], "8": [8763.04296875, 6929.83544921875, 588.0330810546875], "15": [19232.6015625, -421.43017578125, 827.7879028320312], "10": [3410.70703125, 1047.789306640625, 796.315185546875], "1": [16862.576171875, 3828.4541015625, 321.1896667480469], "11": [2788.052490234375, 3415.017333984375, 1196.6783447265625], "14": [3369.2783203125, 6404.986328125, 775.715576171875]}