{"3": [9949.4794921875, 2816.55810546875, 587.8179931640625], "2": [15302.3779296875, 6414.298828125, 420.19329833984375], "15": [17511.78515625, 290.67169189453125, 435.59161376953125], "8": [7526.48876953125, 7832.0810546875, 643.0179443359375], "12": [8573.4697265625, 5846.7255859375, 450.9339599609375], "10": [3368.51806640625, 105.47779846191406, 696.8670043945312], "1": [16499.80859375, 3775.884521484375, 319.38092041015625], "13": [5956.82861328125, 4950.41748046875, 584.392333984375], "14": [2736.73193359375, 5137.9345703125, 708.62353515625], "11": [3915.29541015625, 3394.46923828125, 248.88262939453125]}