{"2": [15395.05859375, 6413.2373046875, 400.08697509765625], "15": [17166.65625, 423.515625, 477.71392822265625], "3": [9954.796875, 2796.349609375, 601.728271484375], "8": [7226.01318359375, 8001.8447265625, 621.7808837890625], "10": [3314.7939453125, -192.01171875, 730.3455810546875], "12": [8312.3310546875, 5778.9990234375, 507.43798828125], "1": [16430.388671875, 3708.959716796875, 323.9073486328125], "13": [5796.94677734375, 4723.71484375, 579.09130859375], "14": [2699.414794921875, 5109.421875, 727.3297729492188]}