{"2": [15399.853515625, 6408.87646484375, 396.32135009765625], "15": [17118.27734375, 440.2574462890625, 484.70135498046875], "3": [9958.349609375, 2802.8857421875, 598.378662109375], "13": [5769.4443359375, 4688.04931640625, 576.60205078125], "10": [3301.50048828125, -248.70672607421875, 726.2896728515625], "8": [7172.9306640625, 8032.32470703125, 588.7603149414062], "12": [8296.8203125, 5767.150390625, 528.08154296875], "1": [16424.244140625, 3699.02685546875, 321.9150390625], "14": [2708.2578125, 5097.03662109375, 720.651123046875]}