{
  "2": [
    1473.9454956054688,
    236.98492431640625
  ],
  "4": [
    1090.7975463867188,
    275.54237365722656
  ],
  "1": [
    1323.3580932617188,
    210.44722747802734
  ],
  "8": [
    1236.614990234375,
    339.3202667236328
  ],
  "15": [
    1204.5877075195312,
    141.1682357788086
  ],
  "14": [
    881.709228515625,
    556.38232421875
  ],
  "10": [
    257.4110641479492,
    423.02838134765625
  ],
  "11": [
    366.32249450683594,
    478.0858154296875
  ],
  "13": [
    1217.4918823242188,
    424.90977478027344
  ],
  "5": [
    1121.6399536132812,
    358.1266784667969
  ],
  "7": [
    1166.949951171875,
    287.27232360839844
  ],
  "3": [
    972.6380004882812,
    284.82965087890625
  ]
}