{"15": [1076.139892578125, 185.23011779785156], "3": [954.528076171875, 279.9878845214844], "2": [1471.0700073242188, 238.2787628173828], "7": [841.8511657714844, 266.49664306640625], "13": [735.2028198242188, 402.36065673828125], "27": [1141.3353271484375, 286.380615234375], "10": [76.62617874145508, 371.33123779296875], "8": [1312.8822021484375, 479.7044372558594], "12": [1042.8174438476562, 371.37852478027344], "1": [1284.9619140625, 218.73490142822266], "14": [646.4118347167969, 510.412109375], "11": [581.8719177246094, 453.1710968017578]}