{"2": [1463.2933349609375, 238.42529296875], "27": [1136.6613159179688, 286.5606384277344], "3": [956.6671142578125, 281.8253173828125], "7": [837.7111206054688, 265.7174377441406], "15": [1076.0548095703125, 187.3026885986328], "8": [1301.3097534179688, 493.02685546875], "10": [75.688232421875, 365.1303405761719], "12": [1012.8230895996094, 373.1528625488281], "13": [723.2719116210938, 400.9117126464844], "1": [1282.9956665039062, 220.30443572998047], "14": [659.1726684570312, 505.62257385253906], "11": [577.11865234375, 461.2552490234375]}