{"27": [1123.8772583007812, 291.1255187988281], "15": [1068.0671997070312, 190.15091705322266], "2": [1454.8009033203125, 237.65252685546875], "8": [1259.0657958984375, 523.7038879394531], "11": [531.4498291015625, 474.30201721191406], "7": [828.1822509765625, 262.77435302734375], "1": [1275.8515014648438, 221.02593231201172], "13": [677.2783203125, 385.2977294921875], "14": [723.5461730957031, 493.8982238769531], "10": [101.30219268798828, 354.0101776123047], "6": [943.3335571289062, 353.4046173095703]}