{"2": [1464.58984375, 241.34048461914062], "15": [1048.2833251953125, 197.81348419189453], "3": [964.8894958496094, 297.9320983886719], "7": [796.4097900390625, 265.9258117675781], "14": [817.6730346679688, 446.94561767578125], "1": [1262.4198608398438, 221.35110473632812], "11": [503.0903778076172, 408.13221740722656], "13": [663.4941101074219, 360.43638610839844], "10": [330.51654052734375, 305.8277282714844], "8": [1213.7757568359375, 479.5158996582031], "27": [1173.5716552734375, 308.4705810546875], "6": [885.3553466796875, 328.8244323730469]}