{"8": [1245.434814453125, 369.78184509277344], "2": [1512.0714721679688, 236.53436279296875], "15": [1021.8009033203125, 202.46778106689453], "7": [727.870849609375, 202.96083068847656], "6": [927.049072265625, 346.5154113769531], "14": [757.4332275390625, 414.59645080566406], "33": [812.0681762695312, 215.19642639160156], "27": [1396.9082641601562, 262.73724365234375], "11": [529.4324951171875, 348.92144775390625], "32": [550.3275451660156, 214.861328125], "3": [720.0197448730469, 341.9962921142578], "1": [1360.1148071289062, 220.1304702758789]}