{"8": [1234.202392578125, 353.0182647705078], "15": [1021.06640625, 203.098876953125], "2": [1512.9910278320312, 245.46066284179688], "32": [566.5408630371094, 242.76093292236328], "6": [925.8348083496094, 345.0410461425781], "13": [734.8913879394531, 345.290771484375], "11": [524.7139282226562, 343.0220489501953], "33": [807.552734375, 197.548583984375], "1": [1369.2821044921875, 226.83497619628906]}