{"14": [684.5260009765625, 423.097900390625], "6": [924.5094909667969, 350.31414794921875], "15": [1031.1749572753906, 195.42576599121094], "2": [1530.1677856445312, 251.19000244140625], "32": [574.0649719238281, 302.86199951171875], "30": [1433.5421752929688, 274.66062927246094], "1": [1372.8980102539062, 223.18797302246094], "7": [723.4022216796875, 266.10198974609375], "11": [499.356201171875, 337.22540283203125], "8": [1223.189453125, 344.94578552246094], "3": [770.1071166992188, 332.54783630371094], "33": [793.574951171875, 260.23475646972656]}