{"14": [679.67578125, 422.53173828125], "15": [1037.4501342773438, 205.0335693359375], "2": [1550.1258544921875, 237.16693115234375], "7": [730.5953674316406, 265.04150390625], "6": [924.8032531738281, 343.93829345703125], "30": [1452.0696411132812, 279.06805419921875], "32": [565.4459533691406, 300.333251953125], "13": [791.8309326171875, 326.0334930419922], "11": [487.8597869873047, 333.1986846923828], "1": [1369.6272583007812, 217.88433837890625], "8": [1229.9288330078125, 343.1713562011719], "3": [797.0935974121094, 277.8002166748047]}