{"15": [1044.2907104492188, 214.1670913696289], "8": [1253.6939086914062, 328.9517822265625], "14": [663.7452392578125, 422.83953857421875], "7": [743.9194946289062, 256.86260986328125], "2": [1568.1454467773438, 246.39605712890625], "1": [1372.6090087890625, 215.6021499633789], "6": [931.0545349121094, 357.4741973876953], "32": [544.4315490722656, 297.6480407714844], "11": [472.8893280029297, 340.5552673339844], "13": [822.8505554199219, 322.8901824951172], "30": [1485.2536010742188, 271.31256103515625], "3": [803.529296875, 267.27247619628906]}