{"11": [439.98875427246094, 354.23085021972656], "8": [1355.5759887695312, 350.8663024902344], "32": [491.4142761230469, 301.0831298828125], "15": [1081.8115844726562, 231.5443115234375], "14": [668.4821472167969, 470.18971252441406], "6": [994.5526123046875, 381.0745544433594], "33": [853.6812744140625, 266.74365234375], "2": [1730.53125, 276.00634765625], "1": [1367.3111572265625, 215.59555053710938], "7": [786.34326171875, 229.58448791503906], "3": [938.3563842773438, 314.6296691894531]}