{"2": [1846.3397216796875, 322.3499755859375], "6": [1073.3662109375, 396.9806213378906], "8": [1407.4668579101562, 382.9977569580078], "1": [1368.5265502929688, 215.0613784790039], "14": [754.9042358398438, 479.4495544433594], "15": [1132.965576171875, 240.41931915283203], "11": [480.44439697265625, 370.487060546875], "33": [899.5518188476562, 277.0325012207031], "7": [822.3276672363281, 221.7552490234375], "3": [997.6664428710938, 314.2824401855469], "32": [479.1715545654297, 311.8572998046875]}