{"45": [502.29212951660156, 386.0674743652344], "3": [1041.069580078125, 326.40966796875], "8": [1423.44677734375, 398.3956604003906], "1": [1373.0431518554688, 218.3163299560547], "14": [816.8014831542969, 489.9346466064453], "15": [1190.756103515625, 260.01441955566406], "33": [935.3101501464844, 277.0312042236328], "6": [1161.2327270507812, 412.9047546386719], "11": [488.369140625, 326.1423645019531], "2": [1903.6068725585938, 372.1127471923828], "7": [872.0574951171875, 226.00970458984375]}