{"2": [1469.7330322265625, 238.12448120117188], "1": [1328.9229736328125, 210.95361328125], "3": [962.6217041015625, 281.6802062988281], "4": [1071.815185546875, 277.6394958496094], "11": [390.87779235839844, 478.00733947753906], "14": [910.3853454589844, 558.7212219238281], "10": [260.48889923095703, 412.7153625488281], "15": [1180.636474609375, 152.06774139404297], "13": [1216.9136962890625, 431.4557800292969], "8": [1249.6793212890625, 345.64772033691406], "6": [1162.2865600585938, 353.30540466308594], "7": [1191.8613891601562, 284.0563049316406], "19": [1682.8814086914062, 372.74420166015625]}