{"2": [1466.9393310546875, 239.8063735961914], "3": [962.689697265625, 281.03721618652344], "4": [1073.0399169921875, 277.0546875], "1": [1329.4512329101562, 210.58387756347656], "11": [386.81956481933594, 476.4812927246094], "14": [913.1386413574219, 560.6526184082031], "15": [1167.4768676757812, 152.00619506835938], "12": [1208.4251708984375, 427.0922546386719], "10": [265.5264434814453, 408.05902099609375], "8": [1255.6513061523438, 346.72650146484375], "9": [1158.8259887695312, 352.1171875], "7": [1193.5435180664062, 288.1273193359375]}