{"2": [1457.5485229492188, 242.0944366455078], "4": [1083.986572265625, 278.9980926513672], "3": [955.0152893066406, 281.04119873046875], "1": [1327.9644165039062, 208.79946899414062], "10": [265.7068634033203, 403.3937530517578], "14": [895.0614318847656, 570.7354125976562], "11": [380.1825256347656, 477.25714111328125], "7": [1197.5720825195312, 282.6133728027344], "8": [1267.6905517578125, 352.02349853515625], "15": [1145.9027709960938, 154.45578002929688], "6": [1153.658447265625, 358.41693115234375], "12": [1169.732666015625, 441.6377868652344]}