{"2": [1452.2526245117188, 242.73428344726562], "3": [949.682373046875, 280.59234619140625], "4": [1118.4821166992188, 285.18251037597656], "8": [1287.6564331054688, 363.86048889160156], "10": [265.1409149169922, 392.75909423828125], "15": [1117.1119995117188, 138.22533416748047], "1": [1322.4923095703125, 210.50536346435547], "11": [397.7643585205078, 470.43003845214844], "14": [824.1737060546875, 523.1065063476562], "13": [1056.3948974609375, 429.3099822998047], "6": [1155.5428466796875, 350.51275634765625], "23": [1185.454345703125, 278.9249572753906]}