{"2": [1482.7368774414062, 241.74612426757812], "3": [949.6164245605469, 281.2217102050781], "8": [1329.7025756835938, 406.32373046875], "15": [1102.9592895507812, 173.65380859375], "6": [1181.26708984375, 293.9372863769531], "10": [197.8821258544922, 393.38780212402344], "12": [1162.607666015625, 359.8860168457031], "13": [903.6235961914062, 407.70948791503906], "1": [1310.258056640625, 212.31560516357422], "7": [1019.3155517578125, 265.0694122314453], "14": [608.1243896484375, 531.616943359375], "11": [521.2180023193359, 491.5678253173828], "25": [1684.6829223632812, 385.9072265625]}