{"3": [949.4959716796875, 280.7002258300781], "2": [1485.0761108398438, 236.61082458496094], "15": [1102.3338012695312, 176.4156036376953], "27": [1187.6427001953125, 296.1664123535156], "8": [1331.833740234375, 401.97837829589844], "12": [1157.6860961914062, 360.4397888183594], "10": [186.2482681274414, 393.4339141845703], "1": [1306.8994750976562, 213.02879333496094], "13": [887.5868530273438, 408.3879089355469], "14": [596.7554931640625, 524.529541015625], "7": [994.7254943847656, 257.5701446533203], "11": [543.5226135253906, 496.0760955810547]}